species,lat,lon,cell_lat,cell_lon
1919346.0,-25.3389,31.798599,-27.5,32.5
1938125.0,-25.332439,31.79944,-27.5,32.5
5139201.0,-25.3389,31.798599,-27.5,32.5
7642610.0,-25.332541,31.798157,-27.5,32.5
5128685.0,-25.338699,31.799,-27.5,32.5
2985682.0,28.809883,-17.781607,27.5,-17.5
2767246.0,28.809883,-17.781607,27.5,-17.5
7335649.0,28.809883,-17.781607,27.5,-17.5
3105782.0,28.809883,-17.781607,27.5,-17.5
3757792.0,28.809883,-17.781607,27.5,-17.5
3104491.0,28.841251,-17.789206,27.5,-17.5
5380041.0,28.809883,-17.781607,27.5,-17.5
5385647.0,28.809883,-17.781607,27.5,-17.5
2703041.0,28.841251,-17.789206,27.5,-17.5
8049830.0,28.809883,-17.781607,27.5,-17.5
7340702.0,13.787154,-16.477831,12.5,-17.5
3757792.0,28.841251,-17.789206,27.5,-17.5
5380041.0,28.841251,-17.789206,27.5,-17.5
5828232.0,28.809883,-17.781607,27.5,-17.5
5330776.0,28.809883,-17.781607,27.5,-17.5
8423916.0,28.809883,-17.781607,27.5,-17.5
3066139.0,28.841251,-17.789206,27.5,-17.5
2768929.0,28.809883,-17.781607,27.5,-17.5
3105828.0,28.809883,-17.781607,27.5,-17.5
2891661.0,28.809883,-17.781607,27.5,-17.5
3189481.0,28.809883,-17.781607,27.5,-17.5
3084837.0,28.841251,-17.789206,27.5,-17.5
3147018.0,28.809883,-17.781607,27.5,-17.5
2480726.0,13.393126,-16.649094,12.5,-17.5
5361909.0,28.809883,-17.781607,27.5,-17.5
7307851.0,28.809883,-17.781607,27.5,-17.5
6026739.0,28.809883,-17.781607,27.5,-17.5
4204692.0,28.809883,-17.781607,27.5,-17.5
3034922.0,28.809883,-17.781607,27.5,-17.5
3132570.0,28.809883,-17.781607,27.5,-17.5
3137579.0,28.809883,-17.781607,27.5,-17.5
3791571.0,28.809883,-17.781607,27.5,-17.5
7304460.0,28.809883,-17.781607,27.5,-17.5
2703041.0,28.809883,-17.781607,27.5,-17.5
8228544.0,28.809883,-17.781607,27.5,-17.5
5330012.0,28.809883,-17.781607,27.5,-17.5
3121623.0,28.809883,-17.781607,27.5,-17.5
3140490.0,28.809883,-17.781607,27.5,-17.5
3034046.0,28.809883,-17.781607,27.5,-17.5
6022574.0,28.809883,-17.781607,27.5,-17.5
5391845.0,28.809883,-17.781607,27.5,-17.5
3086240.0,28.809883,-17.781607,27.5,-17.5
5405673.0,28.809883,-17.781607,27.5,-17.5
4088687.0,28.841251,-17.789206,27.5,-17.5
7375132.0,28.841251,-17.789206,27.5,-17.5
2762752.0,28.809883,-17.781607,27.5,-17.5
10786206.0,28.809883,-17.781607,27.5,-17.5
3189935.0,28.809883,-17.781607,27.5,-17.5
2928979.0,28.841251,-17.789206,27.5,-17.5
9297163.0,28.809883,-17.781607,27.5,-17.5
2889934.0,28.809883,-17.781607,27.5,-17.5
5337520.0,28.809883,-17.781607,27.5,-17.5
2927229.0,28.809883,-17.781607,27.5,-17.5
2764087.0,28.809883,-17.781607,27.5,-17.5
8596463.0,28.841251,-17.789206,27.5,-17.5
2777724.0,28.841251,-17.789206,27.5,-17.5
9275304.0,28.809883,-17.781607,27.5,-17.5
5420380.0,28.809883,-17.781607,27.5,-17.5
4032398.0,28.841251,-17.789206,27.5,-17.5
2952882.0,28.809883,-17.781607,27.5,-17.5
2895345.0,28.809883,-17.781607,27.5,-17.5
5391845.0,-24.45966,30.610074,-22.5,32.5
2166114.0,-34.244917,18.466349,-32.5,17.5
1081568.0,-25.833379,28.161983,-27.5,27.5
2441144.0,-2.219017,34.906151,-2.5,32.5
2440455.0,-3.4306,39.964508,-2.5,37.5
1428848.0,-29.428267,31.251697,-27.5,32.5
2480540.0,-1.272472,34.985667,-2.5,32.5
1537188.0,-24.328596,31.071472,-22.5,32.5
1863034.0,-30.496726,30.630236,-32.5,32.5
3107187.0,-24.152172,30.264547,-22.5,32.5
2486684.0,0.276739,6.659851,2.5,7.5
3997464.0,-33.951772,25.488306,-32.5,27.5
2482095.0,-34.209201,24.831012,-32.5,22.5
7334798.0,-33.99645,23.413346,-32.5,22.5
5229411.0,-17.885035,25.817686,-17.5,27.5
1310263.0,-23.859749,31.12853,-22.5,32.5
7334798.0,-33.912449,25.210274,-32.5,27.5
7262034.0,-32.274339,25.427041,-32.5,27.5
8788243.0,-7.354487,37.135861,-7.5,37.5
4261391.0,-25.862446,27.496912,-27.5,27.5
5637380.0,-34.3204,18.965088,-32.5,17.5
2442276.0,-29.057275,30.295672,-27.5,32.5
7628576.0,-20.206212,28.606333,-22.5,27.5
9783070.0,-24.448187,31.169334,-22.5,32.5
5295044.0,34.860846,-1.268656,32.5,-2.5
5221988.0,-21.053297,55.306229,-22.5,57.5
6894774.0,-29.703255,17.999378,-27.5,17.5
1422870.0,-32.724423,25.64205,-32.5,27.5
2925775.0,28.300908,-16.373757,27.5,-17.5
5682447.0,-34.3294,19.005326,-32.5,17.5
2481713.0,-24.756288,31.810708,-22.5,32.5
3089818.0,28.29833,-16.371291,27.5,-17.5
7265777.0,-34.009617,25.68198,-32.5,27.5
7331231.0,28.189611,-16.604617,27.5,-17.5
2495667.0,-1.124248,35.267638,-2.5,37.5
7645252.0,-34.141389,18.327613,-32.5,17.5
5844448.0,-24.193057,30.936446,-22.5,32.5
3084700.0,-26.452332,31.993538,-27.5,32.5
5220285.0,-34.138111,18.355988,-32.5,17.5
2480564.0,34.142174,-5.118376,32.5,-7.5
4099723.0,-24.459603,30.610054,-22.5,32.5
2474381.0,-29.3588,29.955125,-27.5,27.5
3131561.0,-29.770152,30.750877,-27.5,32.5
5225388.0,-28.21996,31.948247,-27.5,32.5
11374171.0,-29.841434,30.928143,-27.5,32.5
2475679.0,-30.858653,24.64065,-32.5,22.5
9751099.0,32.80876,-17.048003,32.5,-17.5
2494015.0,-25.228319,27.105326,-27.5,27.5
1423286.0,-34.0702,18.816646,-32.5,17.5
3166579.0,-34.331061,19.008392,-32.5,17.5
5218652.0,-20.242613,57.655327,-22.5,57.5
5220182.0,-33.66718,24.383575,-32.5,22.5
2473341.0,-20.406011,17.357233,-22.5,17.5
7340881.0,-32.238876,25.45798,-32.5,27.5
2481912.0,-3.158281,35.604554,-2.5,37.5
5225408.0,-34.208438,18.460137,-32.5,17.5
5337499.0,-28.946346,29.194127,-27.5,27.5
5229150.0,-28.219998,31.948204,-27.5,32.5
5415463.0,-24.152369,30.302456,-22.5,32.5
4070390.0,-25.85374,27.496745,-27.5,27.5
2441105.0,-24.819386,31.547502,-22.5,32.5
3140978.0,-34.347633,18.929317,-32.5,17.5
2496468.0,-25.34897,31.780278,-27.5,32.5
2925303.0,32.640056,-16.951866,32.5,-17.5
3105400.0,28.29952,-16.82371,27.5,-17.5
7262034.0,-32.227346,25.470912,-32.5,27.5
2495150.0,-34.342976,18.459572,-32.5,17.5
2478899.0,-22.543829,28.910603,-22.5,27.5
4036585.0,-34.019633,23.856853,-32.5,22.5
9114626.0,-25.782153,28.26085,-27.5,27.5
5226254.0,-34.099576,18.425877,-32.5,17.5
2066903.0,-34.207887,24.831111,-32.5,22.5
9278365.0,-20.517537,47.240814,-22.5,47.5
7494800.0,-24.403801,30.814635,-22.5,32.5
2475399.0,-24.990049,31.505024,-22.5,32.5
2492362.0,-19.579842,23.543635,-17.5,22.5
1422598.0,-24.452412,31.97738,-22.5,32.5
3672466.0,-25.849187,27.496108,-27.5,27.5
3069871.0,28.093031,-16.719961,27.5,-17.5
7573175.0,-32.104871,19.066748,-32.5,17.5
2480735.0,-23.873865,31.152795,-22.5,32.5
7621067.0,-34.493406,19.894711,-32.5,17.5
5834428.0,-25.850246,27.496541,-27.5,27.5
2475443.0,-24.781696,31.544006,-22.5,32.5
9156388.0,-33.890681,25.217849,-32.5,27.5
5408235.0,-34.412578,19.17593,-32.5,17.5
5421116.0,-24.532653,30.640457,-22.5,32.5
2502938.0,-24.52784,31.060365,-22.5,32.5
7334818.0,28.446745,-16.411971,27.5,-17.5
7979745.0,-24.146586,30.199851,-22.5,32.5
2475679.0,-24.756288,31.810708,-22.5,32.5
2910952.0,-24.59508,30.912007,-22.5,32.5
2482095.0,-17.8977,25.828646,-17.5,27.5
3624111.0,-24.403978,30.814378,-22.5,32.5
5544186.0,-25.902037,27.779161,-27.5,27.5
6893427.0,-24.450458,31.987412,-22.5,32.5
5688892.0,-29.270659,29.486698,-27.5,27.5
7321783.0,-34.572472,19.74012,-32.5,17.5
6100996.0,-28.704163,29.511994,-27.5,27.5
5225997.0,-28.220021,31.948285,-27.5,32.5
2986302.0,-25.801296,28.262888,-27.5,27.5
5219436.0,-2.063368,34.523927,-2.5,32.5
7510932.0,-24.566623,31.008501,-22.5,32.5
1428955.0,-29.819222,30.810049,-27.5,32.5
5791800.0,-34.070156,18.816898,-32.5,17.5
3844680.0,-34.424367,19.339587,-32.5,17.5
2489086.0,-19.516975,23.636081,-17.5,22.5
1693517.0,-29.714679,31.093505,-27.5,32.5
3900150.0,-26.156434,27.966011,-27.5,27.5
3899644.0,-24.59618,30.874713,-22.5,32.5
2968664.0,-24.595863,30.887543,-22.5,32.5
2763050.0,5.943964,38.250574,7.5,37.5
2437354.0,-19.911978,23.522936,-17.5,22.5
1116391.0,-22.357505,31.17165,-22.5,32.5
3884477.0,-17.841361,31.097322,-17.5,32.5
5217671.0,-34.06153,23.373705,-32.5,22.5
1862989.0,-33.315925,26.534018,-32.5,27.5
1920395.0,-24.352837,31.952642,-22.5,32.5
7931200.0,11.9894,18.237092,12.5,17.5
1733015.0,-24.452897,31.977488,-22.5,32.5
2491478.0,-28.220045,31.948306,-27.5,32.5
5524760.0,-33.980585,18.409358,-32.5,17.5
2495342.0,-23.871854,31.156354,-22.5,32.5
9530052.0,-20.586857,16.747556,-22.5,17.5
2392566.0,36.741622,5.045097,37.5,7.5
2440506.0,-6.298317,39.553896,-7.5,37.5
6894778.0,-24.110035,15.905772,-22.5,17.5
5220111.0,-3.05235,35.427021,-2.5,37.5
2484626.0,-24.756288,31.810708,-22.5,32.5
2489057.0,-25.334933,31.81137,-27.5,32.5
5715613.0,14.606156,-17.152327,12.5,-17.5
7155887.0,11.989447,18.237322,12.5,17.5
2441141.0,-33.918661,18.706588,-32.5,17.5
2481912.0,-32.716744,25.644913,-32.5,27.5
2493963.0,-19.289005,15.933224,-17.5,17.5
2749734.0,-25.185255,30.97277,-27.5,32.5
5220111.0,-3.076328,35.466514,-2.5,37.5
5052226.0,-26.95378,32.820288,-27.5,32.5
5228199.0,-4.37258,55.844455,-2.5,57.5
7857709.0,-34.155389,18.879513,-32.5,17.5
3149780.0,-34.395074,19.266763,-32.5,17.5
6892680.0,-26.092461,32.953095,-27.5,32.5
5637947.0,-34.262947,18.431478,-32.5,17.5
3152633.0,28.104212,-15.528023,27.5,-17.5
2474045.0,29.064639,-13.758083,27.5,-12.5
5684170.0,-34.101069,18.430138,-32.5,17.5
8228544.0,-23.828215,30.156924,-22.5,32.5
5230747.0,-28.747745,32.082204,-27.5,32.5
1803163.0,-34.034415,18.418314,-32.5,17.5
6893356.0,-26.092347,32.95317,-27.5,32.5
5637215.0,-34.582372,19.7834,-32.5,17.5
6894778.0,-24.106723,15.911645,-22.5,17.5
5795017.0,34.000668,-4.308166,32.5,-2.5
7155887.0,11.989862,18.237093,12.5,17.5
5297626.0,-33.854152,18.546464,-32.5,17.5
3794715.0,-24.406617,30.818033,-22.5,32.5
2264112.0,-29.849587,31.084858,-27.5,32.5
2441105.0,-25.202777,31.877181,-27.5,32.5
7262070.0,-1.01993,29.791264,-2.5,27.5
7593736.0,-24.461271,30.609913,-22.5,32.5
2776820.0,28.508019,-16.189823,27.5,-17.5
2927066.0,-25.805585,28.260681,-27.5,27.5
7791208.0,-33.879134,18.70967,-32.5,17.5
9648932.0,-22.966503,30.466706,-22.5,32.5
2481776.0,36.804999,2.894464,37.5,2.5
2480665.0,-30.275866,30.738178,-32.5,32.5
5229203.0,-25.910898,28.17377,-27.5,27.5
2953703.0,-24.566252,31.009373,-22.5,32.5
9609350.0,28.074108,-16.656947,27.5,-17.5
5229144.0,-17.890266,25.816946,-17.5,27.5
5285243.0,28.335848,-16.75893,27.5,-17.5
5229136.0,-34.060909,18.49493,-32.5,17.5
5130335.0,5.66184,-0.185592,7.5,-2.5
4198162.0,32.75851,-16.787186,32.5,-17.5
2475365.0,-24.976062,31.468775,-22.5,32.5
2475360.0,-24.932662,31.691805,-22.5,32.5
5229126.0,-34.084228,18.517971,-32.5,17.5
8169144.0,-33.503288,26.821055,-32.5,27.5
1428708.0,-34.066627,18.810938,-32.5,17.5
5637380.0,-34.373255,20.537968,-32.5,22.5
5225386.0,-33.48866,22.033357,-32.5,22.5
3039418.0,31.432793,-8.159633,32.5,-7.5
4535827.0,31.200092,29.918739,32.5,27.5
2205118.0,-33.413195,18.238653,-32.5,17.5
5326034.0,-34.399814,19.501562,-32.5,17.5
2971660.0,-16.249353,28.725263,-17.5,27.5
5226254.0,-33.943107,20.276171,-32.5,22.5
2441247.0,-17.915861,25.902361,-17.5,27.5
11378724.0,-24.453317,31.977958,-22.5,32.5
2480923.0,-34.333056,18.450771,-32.5,17.5
3152574.0,-24.406647,30.816011,-22.5,32.5
9609350.0,28.304307,-16.373897,27.5,-17.5
5653459.0,28.530748,-16.280078,27.5,-17.5
7300658.0,-16.479145,28.752372,-17.5,27.5
4937222.0,-24.59605,30.873849,-22.5,32.5
2492815.0,-34.244436,19.245141,-32.5,17.5
4221673.0,-25.406162,28.429278,-27.5,27.5
2776901.0,-29.270574,29.491856,-27.5,27.5
9797180.0,-24.55541,31.20671,-22.5,32.5
2441144.0,-3.808738,36.052958,-2.5,37.5
2474913.0,-19.224597,16.027511,-17.5,17.5
1428955.0,-24.364397,30.947289,-22.5,32.5
2747067.0,-28.219922,31.948381,-27.5,32.5
3084672.0,-24.162025,30.254258,-22.5,32.5
4937111.0,-25.850715,27.496537,-27.5,27.5
2492750.0,-34.369773,18.885774,-32.5,17.5
5229963.0,-34.370925,21.434088,-32.5,22.5
2428904.0,-24.063987,30.55918,-22.5,32.5
8994891.0,28.233612,-16.833625,27.5,-17.5
2498402.0,-34.084807,18.50841,-32.5,17.5
1893562.0,-29.776792,30.83589,-27.5,32.5
2978552.0,-34.590975,19.490269,-32.5,17.5
1938125.0,-34.046476,18.425458,-32.5,17.5
6263093.0,-22.975655,29.952355,-22.5,27.5
7703101.0,-24.45278,31.977745,-22.5,32.5
3875572.0,-24.595832,30.887494,-22.5,32.5
11378618.0,-24.453953,31.979572,-22.5,32.5
5406665.0,-25.340054,31.812647,-27.5,32.5
7262034.0,-25.255745,31.846182,-27.5,32.5
5739315.0,36.747796,2.96825,37.5,2.5
2475239.0,-25.353753,31.808924,-27.5,32.5
2979775.0,-33.93386,18.838336,-32.5,17.5
2440892.0,-28.220069,31.948322,-27.5,32.5
8250742.0,-34.085447,18.507442,-32.5,17.5
6100849.0,-28.955539,29.437902,-27.5,27.5
5311917.0,-24.487087,27.818212,-22.5,27.5
1541982.0,3.149858,12.080408,2.5,12.5
9367409.0,-34.048271,23.379063,-32.5,22.5
2763050.0,5.943406,38.250791,7.5,37.5
1428955.0,-26.153011,32.001169,-27.5,32.5
7262034.0,-2.09152,34.503914,-2.5,32.5
5229126.0,-34.060185,18.497969,-32.5,17.5
7602630.0,28.039378,-16.707881,27.5,-17.5
2482095.0,-24.989437,31.601667,-22.5,32.5
5229971.0,-34.423085,19.205152,-32.5,17.5
9283272.0,-24.792665,31.545232,-22.5,32.5
2853929.0,-3.210497,35.604485,-2.5,37.5
1423286.0,-34.070092,18.816312,-32.5,17.5
2498390.0,31.141367,-4.159758,32.5,-2.5
5357010.0,28.593419,-13.943247,27.5,-12.5
3852858.0,-24.406541,30.81551,-22.5,32.5
5229167.0,6.588432,3.353876,7.5,2.5
3039424.0,12.858122,-13.57471,12.5,-12.5
2157944.0,-29.67067,22.741813,-27.5,22.5
12174892.0,-34.051729,18.452315,-32.5,17.5
2750118.0,-25.411642,30.106322,-27.5,32.5
7330870.0,-24.596434,30.873223,-22.5,32.5
2758700.0,32.747327,-16.825792,32.5,-17.5
7262029.0,-34.284664,18.450626,-32.5,17.5
3974754.0,-33.512871,26.496005,-32.5,27.5
5416779.0,-33.693618,26.669217,-32.5,27.5
2492526.0,-29.656449,29.543904,-27.5,27.5
2103013.0,-24.053817,27.050817,-22.5,27.5
2750516.0,-29.253842,29.421989,-27.5,27.5
5406695.0,-17.912235,25.841317,-17.5,27.5
9487001.0,-2.100957,34.584936,-2.5,32.5
2445033.0,28.496365,-13.862506,27.5,-12.5
3642907.0,-33.693928,26.668564,-32.5,27.5
5226286.0,-19.244762,16.045165,-17.5,17.5
3144854.0,28.508853,-16.186905,27.5,-17.5
2377390.0,-20.139632,57.754127,-22.5,57.5
2650617.0,28.170386,-16.620408,27.5,-17.5
2356993.0,27.25844,33.884899,27.5,32.5
7979745.0,-24.152132,30.264495,-22.5,32.5
2932113.0,28.093028,-15.5945,27.5,-17.5
2489087.0,12.39445,-1.491845,12.5,-2.5
5559456.0,-29.282214,29.440871,-27.5,27.5
3172592.0,28.46871,-16.451345,27.5,-17.5
3064221.0,28.583086,-13.932031,27.5,-12.5
7642610.0,-25.119358,31.915562,-27.5,32.5
2480372.0,-23.574015,29.825871,-22.5,27.5
5190072.0,-34.677398,20.232558,-32.5,22.5
5229411.0,-0.826978,36.374481,-2.5,37.5
5188828.0,-33.695721,26.664796,-32.5,27.5
1724266.0,28.752157,-17.932289,27.5,-17.5
4845823.0,-22.578362,17.227328,-22.5,17.5
2440892.0,-3.134111,35.442006,-2.5,37.5
8901465.0,-34.036563,18.442582,-32.5,17.5
2480263.0,-34.110625,18.467593,-32.5,17.5
1945571.0,-20.521736,16.693348,-22.5,17.5
8901465.0,-34.086937,18.443215,-32.5,17.5
2498259.0,34.357489,-6.6081,32.5,-7.5
2869315.0,-24.952458,47.063847,-22.5,47.5
3578319.0,-24.406581,30.815182,-22.5,32.5
8078031.0,-25.895903,27.773008,-27.5,27.5
2494083.0,-32.180255,25.478351,-32.5,27.5
2433475.0,-34.357307,18.473234,-32.5,17.5
5342239.0,-25.859627,27.497543,-27.5,27.5
5959942.0,-25.818328,28.260939,-27.5,27.5
1925609.0,-24.380325,31.777262,-22.5,32.5
1310712.0,-30.998984,30.260423,-32.5,32.5
2385453.0,-12.307171,44.431467,-12.5,42.5
8371864.0,-1.379105,36.765167,-2.5,37.5
2498252.0,-34.031875,22.988128,-32.5,22.5
5544377.0,-29.270567,29.49216,-27.5,27.5
5707341.0,-3.79778,36.045025,-2.5,37.5
1920381.0,-24.453303,31.977862,-22.5,32.5
2470802.0,-28.22004,31.948295,-27.5,32.5
7173446.0,-25.862479,27.497076,-27.5,27.5
7780789.0,-25.851867,27.496349,-27.5,27.5
1428734.0,-34.069971,18.816071,-32.5,17.5
5544388.0,-33.694485,26.667833,-32.5,27.5
2494071.0,-2.695697,38.162131,-2.5,37.5
2383731.0,-20.140982,57.753075,-22.5,57.5
4360773.0,-20.130581,57.757154,-22.5,57.5
5218781.0,-1.125904,35.279239,-2.5,37.5
2441105.0,-19.036911,16.340961,-17.5,17.5
2385390.0,-20.130273,57.757361,-22.5,57.5
2494035.0,-34.418055,19.153437,-32.5,17.5
5229144.0,-25.116153,31.911426,-27.5,32.5
7326947.0,-23.859749,31.12853,-22.5,32.5
7262029.0,-24.79078,31.543982,-22.5,32.5
2475235.0,7.088814,38.64032,7.5,37.5
2968664.0,-24.161877,30.253931,-22.5,32.5
3880235.0,-25.862497,27.49703,-27.5,27.5
9415710.0,28.652344,-17.759286,27.5,-17.5
9487001.0,-28.22004,31.948285,-27.5,32.5
5830619.0,-25.802332,28.261824,-27.5,27.5
2867525.0,28.459159,-16.406736,27.5,-17.5
11007246.0,28.369071,-16.487811,27.5,-17.5
3778361.0,0.186303,6.613081,2.5,7.5
2953703.0,-25.338917,31.798622,-27.5,32.5
6100844.0,-32.220499,25.429093,-32.5,27.5
7478437.0,28.372879,-16.766092,27.5,-17.5
10775001.0,-22.446031,17.082019,-22.5,17.5
5231817.0,-30.899614,24.628144,-32.5,22.5
5562474.0,-25.908567,28.172525,-27.5,27.5
6893396.0,-32.715474,25.64022,-32.5,27.5
11813971.0,-31.75716,18.223771,-32.5,17.5
8827629.0,-25.902038,27.779157,-27.5,27.5
6894701.0,-33.92083,18.398489,-32.5,17.5
3896074.0,-29.283846,29.505407,-27.5,27.5
2978552.0,-33.959366,25.50062,-32.5,27.5
2744533.0,-29.253807,29.420798,-27.5,27.5
5358748.0,-25.908258,28.172638,-27.5,27.5
2494422.0,35.313077,-2.961018,37.5,-2.5
2715443.0,-28.219998,31.948328,-27.5,32.5
9797180.0,-28.220069,31.948301,-27.5,32.5
2429721.0,-25.444622,31.038734,-27.5,32.5
5220285.0,-34.059709,18.49873,-32.5,17.5
5349425.0,-25.861151,27.497573,-27.5,27.5
2768517.0,-25.853213,27.49655,-27.5,27.5
2978730.0,-34.575039,19.729896,-32.5,17.5
5637884.0,-34.567342,19.743601,-32.5,17.5
2441212.0,-20.447039,17.328577,-22.5,17.5
7473922.0,-25.89505,27.801064,-27.5,27.5
1352072.0,28.043647,-16.705387,27.5,-17.5
3934524.0,-31.250922,23.48459,-32.5,22.5
4937222.0,-24.159833,30.223868,-22.5,32.5
2863529.0,-29.057701,29.39758,-27.5,27.5
4070128.0,-25.859593,27.497386,-27.5,27.5
7915507.0,-33.97509,18.783002,-32.5,17.5
5311616.0,-30.25992,30.588462,-32.5,32.5
7150735.0,28.074047,-16.656978,27.5,-17.5
2928755.0,28.506015,-16.192366,27.5,-17.5
3777349.0,-16.477122,28.753087,-17.5,27.5
2493987.0,-24.996323,31.588137,-22.5,32.5
1772352.0,-20.206278,28.606387,-22.5,27.5
1428829.0,-32.723677,25.641822,-32.5,27.5
1807924.0,-24.452392,31.978017,-22.5,32.5
2441247.0,-1.039999,35.341049,-2.5,37.5
2498452.0,-24.797741,31.867079,-22.5,32.5
5228644.0,-28.747765,32.082174,-27.5,32.5
2459066.0,-24.453037,31.977625,-22.5,32.5
5643057.0,-33.989328,18.412655,-32.5,17.5
1428910.0,-33.944467,22.063272,-32.5,22.5
5130347.0,0.403288,30.384025,2.5,32.5
8669627.0,-24.341256,31.072545,-22.5,32.5
6894367.0,-24.12434,15.926995,-22.5,17.5
2452676.0,-34.011576,18.460059,-32.5,17.5
5217208.0,-24.469768,30.818687,-22.5,32.5
2099959.0,-14.654297,22.639521,-12.5,22.5
2495707.0,-33.858046,22.572288,-32.5,22.5
2488966.0,-33.958712,22.368488,-32.5,22.5
9772663.0,-3.373581,36.841342,-2.5,37.5
8124412.0,31.418528,-8.160256,32.5,-7.5
2480923.0,-3.167113,35.544945,-2.5,37.5
5289665.0,-28.946044,29.206389,-27.5,27.5
5555051.0,-33.849034,18.536419,-32.5,17.5
8959277.0,-20.380476,17.436986,-22.5,17.5
3624010.0,-26.451527,31.996787,-27.5,32.5
1776268.0,-19.035406,16.470642,-17.5,17.5
1776268.0,-24.524063,30.890442,-22.5,32.5
5229467.0,-4.261918,39.59348,-2.5,37.5
2441757.0,-28.219969,31.948344,-27.5,32.5
1422796.0,-23.861202,29.705361,-22.5,27.5
5220181.0,-20.502137,16.664793,-22.5,17.5
5170973.0,30.05935,31.487164,32.5,32.5
2683200.0,-30.318807,30.43674,-32.5,32.5
4374725.0,-33.413662,18.239247,-32.5,17.5
5225433.0,-24.995525,31.588307,-22.5,32.5
5220182.0,-25.344532,31.810802,-27.5,32.5
8157598.0,-26.840066,25.272978,-27.5,27.5
3699769.0,-25.702523,27.231025,-27.5,27.5
2925303.0,35.787531,-5.808429,37.5,-7.5
10685575.0,-34.015925,18.367005,-32.5,17.5
1769739.0,-26.812172,31.918195,-27.5,32.5
2952780.0,-25.333764,31.794926,-27.5,32.5
8077391.0,34.030365,-6.835416,32.5,-7.5
1422870.0,-28.780083,32.09052,-27.5,32.5
7791388.0,-25.854228,27.496855,-27.5,27.5
5229467.0,-32.236896,25.4602,-32.5,27.5
5289987.0,-24.342115,31.073315,-22.5,32.5
2473341.0,-0.582865,29.702785,-2.5,27.5
1428910.0,-34.075334,20.454954,-32.5,22.5
5130448.0,-25.332261,31.799937,-27.5,32.5
6065820.0,-34.060778,18.494507,-32.5,17.5
5137849.0,-28.780658,32.092716,-27.5,32.5
5217625.0,-30.282536,30.753675,-32.5,32.5
3707758.0,-29.27787,16.948696,-27.5,17.5
2701582.0,-34.581356,19.722136,-32.5,17.5
2930578.0,-25.847229,27.496045,-27.5,27.5
7504382.0,-24.404006,30.814536,-22.5,32.5
3844680.0,-33.410412,18.236912,-32.5,17.5
3112801.0,-29.47442,30.055936,-27.5,32.5
2433475.0,-34.154175,22.110421,-32.5,22.5
1727415.0,-34.350167,18.83072,-32.5,17.5
7307851.0,28.093523,-16.718848,27.5,-17.5
2492569.0,-29.776717,30.835888,-27.5,32.5
5834428.0,-24.161855,30.254448,-22.5,32.5
5637925.0,-34.366649,19.141751,-32.5,17.5
1766612.0,-25.426582,31.450371,-27.5,32.5
2498156.0,-34.084228,18.517971,-32.5,17.5
2480263.0,-33.695628,26.666421,-32.5,27.5
8242435.0,-16.24893,28.725563,-17.5,27.5
5231249.0,-33.743172,18.561118,-32.5,17.5
2496333.0,-29.359756,29.956457,-27.5,27.5
2470656.0,-25.146723,31.557741,-27.5,32.5
5684170.0,-34.101067,18.430133,-32.5,17.5
3828518.0,-25.908167,27.857194,-27.5,27.5
1813180.0,-25.769399,28.284287,-27.5,27.5
2480514.0,-23.875135,31.114042,-22.5,32.5
3090862.0,-34.250788,18.46876,-32.5,17.5
3068287.0,-24.176503,29.619903,-22.5,27.5
5789049.0,-28.733768,29.377743,-27.5,27.5
3791443.0,-24.26005,29.619818,-22.5,27.5
4049845.0,-29.255603,29.428119,-27.5,27.5
2441247.0,-17.918326,25.957374,-17.5,27.5
2757691.0,-17.925829,25.852521,-17.5,27.5
3641868.0,-33.998712,18.413397,-32.5,17.5
5225388.0,-24.756288,31.810708,-22.5,32.5
2494106.0,-25.353162,31.759879,-27.5,32.5
5230771.0,-32.159374,25.473208,-32.5,27.5
2495455.0,31.630928,-8.006581,32.5,-7.5
5342375.0,-29.815397,30.810646,-27.5,32.5
7268508.0,-34.030133,18.388295,-32.5,17.5
5226254.0,-34.542743,19.379363,-32.5,17.5
5679270.0,-21.096361,55.549892,-22.5,57.5
7321717.0,-25.853828,27.496811,-27.5,27.5
2480454.0,-2.425828,34.804466,-2.5,32.5
1898290.0,28.400759,-16.505816,27.5,-17.5
4393072.0,-29.479172,30.083077,-27.5,32.5
3851310.0,-33.555928,26.967613,-32.5,27.5
7525044.0,34.861176,-1.271186,32.5,-2.5
9163257.0,-1.01831,35.307456,-2.5,37.5
5844449.0,34.858252,-1.634784,32.5,-2.5
2498452.0,-25.335848,31.806458,-27.5,32.5
2498177.0,-34.084228,18.517971,-32.5,17.5
5845278.0,-32.278197,25.417936,-32.5,27.5
2740024.0,-20.11809,23.14914,-22.5,22.5
1428708.0,-34.06097,18.4961,-32.5,17.5
5229136.0,-25.228319,27.105326,-27.5,27.5
3828518.0,-25.154443,30.547293,-27.5,32.5
2435350.0,-24.921259,31.557271,-22.5,32.5
9053214.0,-33.752531,23.150484,-32.5,22.5
5401673.0,-23.825879,30.156018,-22.5,32.5
5914287.0,-33.938095,18.841258,-32.5,17.5
6273569.0,-29.513248,31.202957,-27.5,32.5
7262034.0,-24.392742,31.777208,-22.5,32.5
4486826.0,36.215216,6.664964,37.5,7.5
3729419.0,-25.81165,27.581978,-27.5,27.5
5311624.0,-14.472224,26.157712,-12.5,27.5
6993524.0,-33.410253,18.237047,-32.5,17.5
2492526.0,-32.281835,25.415148,-32.5,27.5
2492562.0,-25.34897,31.780278,-27.5,32.5
3173453.0,-33.75931,19.039272,-32.5,17.5
5295301.0,-24.152132,30.264495,-22.5,32.5
4070128.0,-25.851363,27.496843,-27.5,27.5
1428738.0,-34.06982,18.8158,-32.5,17.5
1422897.0,-29.110587,31.600417,-27.5,32.5
2493963.0,-34.000048,18.435597,-32.5,17.5
4260752.0,-25.351351,31.761347,-27.5,32.5
1498630.0,-29.924255,24.528555,-27.5,22.5
5220161.0,-0.582865,29.702785,-2.5,27.5
1428829.0,-34.039651,22.132551,-32.5,22.5
3793673.0,-25.865424,27.498308,-27.5,27.5
2892284.0,28.531628,-16.339695,27.5,-17.5
2765942.0,-29.110566,31.600424,-27.5,32.5
5226254.0,-34.411035,19.28131,-32.5,17.5
5227229.0,-33.694688,26.667384,-32.5,27.5
2407698.0,-20.139632,57.754127,-22.5,57.5
3144854.0,29.003689,-13.546625,27.5,-12.5
2773714.0,-24.1882,29.623169,-22.5,27.5
2480685.0,-33.729542,18.564882,-32.5,17.5
3987181.0,28.031358,-16.542932,27.5,-17.5
9515886.0,-34.080251,18.507407,-32.5,17.5
6066519.0,-29.009241,29.471903,-27.5,27.5
2440892.0,-18.951859,14.569006,-17.5,12.5
1081568.0,-34.041619,18.523503,-32.5,17.5
7307194.0,-24.403792,30.814596,-22.5,32.5
1499452.0,-29.449947,29.524928,-27.5,27.5
4382864.0,28.099792,-16.755837,27.5,-17.5
9599381.0,-28.170238,32.323703,-27.5,32.5
1886104.0,5.385002,-4.054227,7.5,-2.5
9413670.0,35.785001,-5.811548,37.5,-7.5
5210964.0,-33.695309,26.664921,-32.5,27.5
5637925.0,-34.368036,19.14194,-32.5,17.5
8959277.0,-24.847747,31.56732,-22.5,32.5
5220285.0,-34.41644,19.156903,-32.5,17.5
3093574.0,-34.32207,19.004814,-32.5,17.5
5230846.0,-33.693687,18.554597,-32.5,17.5
6100800.0,31.6018,-8.027028,32.5,-7.5
6095338.0,-33.728282,26.5796,-32.5,27.5
5231903.0,-24.786969,31.425583,-22.5,32.5
2482095.0,-28.219993,31.948247,-27.5,32.5
2492526.0,-34.129528,19.835185,-32.5,17.5
5296478.0,-34.356512,19.120836,-32.5,17.5
7262034.0,-24.842212,31.551161,-22.5,32.5
2383605.0,27.256157,33.884861,27.5,32.5
5172247.0,-4.658666,39.370454,-2.5,37.5
3069469.0,28.507144,-16.189898,27.5,-17.5
6894794.0,-24.737155,15.329282,-22.5,17.5
3937864.0,-19.878137,24.706841,-17.5,22.5
1310922.0,-21.035351,55.530464,-22.5,57.5
2946427.0,36.771242,5.10057,37.5,7.5
5828528.0,-34.583086,19.784272,-32.5,17.5
7261447.0,-2.142888,34.47522,-2.5,32.5
10891903.0,-0.59388,29.721877,-2.5,27.5
6095271.0,-19.911703,23.523242,-17.5,22.5
2492723.0,-32.260869,25.454303,-32.5,27.5
5217334.0,-32.260633,25.454182,-32.5,27.5
1428738.0,-29.772522,30.739229,-27.5,32.5
5688671.0,-34.031731,18.390217,-32.5,17.5
3067398.0,36.77096,5.100403,37.5,7.5
2441044.0,-34.205719,18.44167,-32.5,17.5
1428708.0,-34.066373,18.81076,-32.5,17.5
1752327.0,-24.516886,30.890172,-22.5,32.5
5231960.0,-34.129236,19.849704,-32.5,17.5
1428848.0,-24.364424,30.947365,-22.5,32.5
7340984.0,-4.261922,39.593477,-2.5,37.5
1732955.0,-33.48866,22.033357,-32.5,22.5
5136113.0,-33.93401,18.445757,-32.5,17.5
1043082.0,-33.751541,18.958342,-32.5,17.5
5959942.0,-4.261889,39.593473,-2.5,37.5
5179468.0,-25.142336,16.476805,-27.5,17.5
5643057.0,-34.368211,20.550032,-32.5,22.5
2763987.0,-28.696255,30.013464,-27.5,32.5
5560356.0,-29.714985,31.051323,-27.5,32.5
2716403.0,-25.154069,30.54782,-27.5,32.5
5220182.0,-25.211803,30.856308,-27.5,32.5
2931104.0,-28.949003,29.204557,-27.5,27.5
1427983.0,-17.924825,25.851538,-17.5,27.5
2441105.0,-28.219955,31.948252,-27.5,32.5
2097462.0,-33.88047,19.177176,-32.5,17.5
2482048.0,-23.574463,29.826109,-22.5,27.5
7321717.0,-25.852306,27.496435,-27.5,27.5
2492843.0,-19.036561,16.469321,-17.5,17.5
3770919.0,-25.336033,31.795935,-27.5,32.5
2929236.0,-25.332968,31.801613,-27.5,32.5
10891903.0,-25.020316,31.398037,-27.5,32.5
1026019.0,-24.340037,30.839125,-22.5,32.5
7983173.0,-29.776821,30.835811,-27.5,32.5
2418720.0,-34.212581,24.832538,-32.5,22.5
7321717.0,-25.862446,27.496912,-27.5,27.5
5546739.0,-25.853878,27.496755,-27.5,27.5
7931200.0,11.990542,18.237177,12.5,17.5
2441042.0,-34.353436,18.4814,-32.5,17.5
5295044.0,34.872521,-1.274196,32.5,-2.5
7340730.0,-33.550204,21.763947,-32.5,22.5
2429964.0,-25.068894,31.548358,-27.5,32.5
7340984.0,-29.776813,30.835883,-27.5,32.5
7510932.0,-29.731194,30.825672,-27.5,32.5
3084911.0,-28.219974,31.948349,-27.5,32.5
2435350.0,-19.14888,27.249077,-17.5,27.5
5228977.0,-34.060087,23.222839,-32.5,22.5
7705031.0,-34.315253,19.008968,-32.5,17.5
9797180.0,12.39445,-1.491845,12.5,-2.5
3790985.0,-25.849268,27.496115,-27.5,27.5
1827775.0,-29.771997,30.740077,-27.5,32.5
2441034.0,-28.220002,31.948242,-27.5,32.5
1862311.0,-34.023651,18.350613,-32.5,17.5
5219404.0,-24.907649,31.462346,-22.5,32.5
7326947.0,-33.958592,22.367755,-32.5,22.5
2928783.0,28.505275,-16.189539,27.5,-17.5
7896234.0,-34.07967,18.398412,-32.5,17.5
3725342.0,-33.999008,18.413029,-32.5,17.5
5523207.0,-27.881168,29.71448,-27.5,27.5
5415040.0,-25.859579,27.497366,-27.5,27.5
6894778.0,-24.10196,15.914863,-22.5,17.5
2134305.0,-29.089722,26.156389,-27.5,27.5
2758700.0,32.848968,-17.184708,32.5,-17.5
2272178.0,-34.212853,24.837744,-32.5,22.5
2494027.0,-19.911978,23.522936,-17.5,22.5
2928673.0,-24.405858,30.81941,-22.5,32.5
2481890.0,36.747657,2.969925,37.5,2.5
5358748.0,-34.361672,18.89922,-32.5,17.5
7494800.0,-24.52504,30.796126,-22.5,32.5
2891661.0,28.524088,-16.288232,27.5,-17.5
5544377.0,-29.279751,29.51533,-27.5,27.5
11366957.0,-3.80868,36.052989,-2.5,37.5
2142456.0,-29.089722,26.156389,-27.5,27.5
2944083.0,-34.147267,18.319803,-32.5,17.5
2435350.0,-25.225623,27.050036,-27.5,27.5
5220182.0,-33.630039,24.289552,-32.5,22.5
2475679.0,-34.06097,18.4961,-32.5,17.5
2474381.0,-34.059856,18.498584,-32.5,17.5
8941010.0,-34.039821,25.537179,-32.5,27.5
12174892.0,-25.825141,28.267604,-27.5,27.5
2489057.0,-28.220012,31.948322,-27.5,32.5
7273475.0,-24.260138,29.620212,-22.5,27.5
2722199.0,-24.162283,30.254462,-22.5,32.5
3131306.0,-30.25992,30.588462,-32.5,32.5
3069871.0,28.076211,-16.64727,27.5,-17.5
2717825.0,-31.254327,23.48776,-32.5,22.5
2879209.0,36.804109,3.585768,37.5,2.5
3084672.0,-24.161149,30.254862,-22.5,32.5
4522049.0,28.506324,-13.86613,27.5,-12.5
10774484.0,28.524032,-16.28796,27.5,-17.5
4299368.0,-29.815994,30.811601,-27.5,32.5
2863377.0,-29.254494,29.430547,-27.5,27.5
2441144.0,-3.788447,36.025211,-2.5,37.5
2763050.0,5.942073,38.252368,7.5,37.5
3933466.0,-25.332016,31.800991,-27.5,32.5
2480876.0,-34.06097,18.4961,-32.5,17.5
2480773.0,-34.060224,18.497887,-32.5,17.5
3578319.0,-24.405774,30.819731,-22.5,32.5
2429923.0,-24.163057,31.382388,-22.5,32.5
5229971.0,-34.423085,19.205171,-32.5,17.5
3741034.0,-29.249765,29.449235,-27.5,27.5
2783736.0,-34.10071,18.431754,-32.5,17.5
4486330.0,28.656986,-17.884039,27.5,-17.5
2385390.0,-20.129081,57.756768,-22.5,57.5
5220160.0,-25.134955,31.907104,-27.5,32.5
5228229.0,-3.160889,35.575572,-2.5,37.5
1428738.0,-34.100824,18.432899,-32.5,17.5
1428961.0,-29.111017,31.600152,-27.5,32.5
5210964.0,-33.695733,26.666252,-32.5,27.5
2498252.0,-19.21345,16.059082,-17.5,17.5
2492750.0,-33.148364,18.001872,-32.5,17.5
5724966.0,-20.129121,57.756575,-22.5,57.5
2492863.0,-33.523011,23.72604,-32.5,22.5
2498156.0,-32.236708,25.460068,-32.5,27.5
3190474.0,13.783013,-16.454958,12.5,-17.5
2927066.0,-25.858628,28.116946,-27.5,27.5
2494015.0,-25.358769,31.892695,-27.5,32.5
5296278.0,-29.738792,29.2709,-27.5,27.5
6892714.0,-34.364455,21.407937,-32.5,22.5
2490719.0,35.313128,-2.960779,37.5,-2.5
2874484.0,0.279832,6.646782,2.5,7.5
5533588.0,-25.853157,27.49656,-27.5,27.5
2205118.0,-33.414067,18.239987,-32.5,17.5
2393905.0,28.416715,-16.28754,27.5,-17.5
4486826.0,31.615933,-8.010228,32.5,-7.5
3826292.0,-29.250021,29.443405,-27.5,27.5
2925790.0,-25.81843,28.278953,-27.5,27.5
1967209.0,-25.794114,28.268634,-27.5,27.5
2703308.0,12.675378,-13.051717,12.5,-12.5
10685575.0,-34.070333,23.353186,-32.5,22.5
2925895.0,-34.047937,18.454311,-32.5,17.5
7321764.0,-34.761987,19.930785,-32.5,17.5
1813180.0,-26.139661,27.994664,-27.5,27.5
6894778.0,-24.112857,15.906313,-22.5,17.5
2498001.0,-24.026689,27.074125,-22.5,27.5
4102001.0,28.29906,-16.823549,27.5,-17.5
9193953.0,-28.703584,30.01677,-27.5,32.5
1994735.0,-33.844001,25.164666,-32.5,27.5
8184903.0,-34.412563,19.176072,-32.5,17.5
5220181.0,-28.205277,32.403717,-27.5,32.5
4022590.0,-24.439756,30.622311,-22.5,32.5
7456512.0,-24.328277,31.071416,-22.5,32.5
9063937.0,-26.754953,18.514333,-27.5,17.5
7871778.0,-25.806441,28.262016,-27.5,27.5
8151548.0,36.804865,2.893841,37.5,2.5
2906198.0,-25.859702,27.497561,-27.5,27.5
6894778.0,-24.104393,15.908652,-22.5,17.5
3997335.0,-34.579469,19.7754,-32.5,17.5
2489073.0,-30.295475,30.738267,-32.5,32.5
2482519.0,-23.594987,29.782449,-22.5,27.5
2496468.0,-25.35405,31.760575,-27.5,32.5
4990191.0,28.743584,-17.742192,27.5,-17.5
2953710.0,11.990585,18.237305,12.5,17.5
6955449.0,-25.156642,30.546843,-27.5,32.5
2491491.0,-32.260871,25.454253,-32.5,27.5
2498156.0,-33.728282,26.5796,-32.5,27.5
4086664.0,-24.532226,30.640666,-22.5,32.5
7341849.0,35.314819,-2.954776,37.5,-2.5
5228322.0,-25.354628,31.761345,-27.5,32.5
2747067.0,-29.110596,31.600436,-27.5,32.5
1795074.0,-33.315916,26.533948,-32.5,27.5
2441757.0,-29.654458,25.38397,-27.5,27.5
1864576.0,-33.315916,26.533948,-32.5,27.5
2978552.0,-33.959473,25.500232,-32.5,27.5
2480730.0,-19.333134,15.939885,-17.5,17.5
5213766.0,-20.12905,57.756553,-22.5,57.5
11464362.0,-27.27343,30.591647,-27.5,32.5
2768780.0,-29.7816,30.846753,-27.5,32.5
1910628.0,-19.187618,15.969646,-17.5,17.5
7341849.0,36.353578,6.70226,37.5,7.5
5231190.0,-28.220097,31.948295,-27.5,32.5
3934524.0,-31.254717,23.488043,-32.5,22.5
2475971.0,-2.07725,34.497694,-2.5,32.5
6955449.0,-33.951973,25.488919,-32.5,27.5
2441105.0,-24.819212,31.546894,-22.5,32.5
5220285.0,-33.408787,18.259445,-32.5,17.5
3923641.0,-25.852248,27.496509,-27.5,27.5
3685648.0,5.424928,-3.920363,7.5,-2.5
5341784.0,-26.058351,28.041163,-27.5,27.5
6894730.0,-24.11121,15.90585,-22.5,17.5
3844680.0,-34.146886,18.319487,-32.5,17.5
8076451.0,-24.596445,30.873343,-22.5,32.5
5239483.0,-33.95707,23.167862,-32.5,22.5
5637948.0,-34.574014,19.735707,-32.5,17.5
2716226.0,-26.678285,28.418013,-27.5,27.5
3112801.0,-32.16151,25.611881,-32.5,27.5
2480372.0,-20.5776,16.741502,-22.5,17.5
3875567.0,-24.405514,30.820293,-22.5,32.5
7687849.0,-25.770844,28.293787,-27.5,27.5
7475883.0,-34.389821,20.867709,-32.5,22.5
9711656.0,-33.411945,18.243505,-32.5,17.5
2492750.0,-34.212417,24.836004,-32.5,22.5
4299368.0,28.137289,-16.78677,27.5,-17.5
2495414.0,35.484988,6.467078,37.5,7.5
2446718.0,-33.730138,22.711082,-32.5,22.5
7417064.0,-28.881462,30.024489,-27.5,32.5
4071204.0,-24.404997,30.813982,-22.5,32.5
9221784.0,32.783739,-16.906141,32.5,-17.5
2441685.0,-23.858238,31.124086,-22.5,32.5
3152574.0,-28.219932,31.948258,-27.5,32.5
7400682.0,-25.161028,31.55895,-27.5,32.5
2931469.0,-24.159906,30.223936,-22.5,32.5
2428909.0,-25.820862,31.794687,-27.5,32.5
6954615.0,-34.066356,18.810479,-32.5,17.5
7658661.0,-24.570996,27.835381,-22.5,27.5
2493726.0,0.337553,6.729869,2.5,7.5
2494015.0,-33.522994,23.726027,-32.5,22.5
5231195.0,-25.867072,27.849052,-27.5,27.5
5636761.0,-34.261339,18.457365,-32.5,17.5
2498064.0,-34.059509,18.500273,-32.5,17.5
2716662.0,-24.406456,30.818284,-22.5,32.5
5307477.0,-29.418955,29.495817,-27.5,27.5
3082727.0,-28.780773,32.094849,-27.5,32.5
2978552.0,-33.960005,25.496618,-32.5,27.5
2480377.0,-24.867109,31.556604,-22.5,32.5
11116933.0,-34.305168,18.461973,-32.5,17.5
5689204.0,-33.998745,18.413338,-32.5,17.5
2749511.0,-34.326181,19.005232,-32.5,17.5
2374445.0,13.168734,-16.76288,12.5,-17.5
2498252.0,-25.228319,27.105326,-27.5,27.5
2473804.0,-25.228319,27.105326,-27.5,27.5
1427855.0,-28.780347,32.089742,-27.5,32.5
8197094.0,-25.356018,31.809872,-27.5,32.5
7160810.0,-24.571891,30.997896,-22.5,32.5
11374171.0,-29.797079,30.822307,-27.5,32.5
10907637.0,-25.339394,31.794958,-27.5,32.5
2756837.0,0.186303,6.613081,2.5,7.5
2480731.0,-2.696727,38.161404,-2.5,37.5
2481173.0,-33.148303,18.001564,-32.5,17.5
8959277.0,-25.118316,31.910552,-27.5,32.5
5311790.0,-17.925647,25.853538,-17.5,27.5
1789957.0,-29.089722,26.156389,-27.5,27.5
2489057.0,-25.334359,31.798126,-27.5,32.5
2481809.0,-34.06097,18.4961,-32.5,17.5
5164437.0,-23.946633,29.939812,-22.5,27.5
5562474.0,-24.827489,28.198096,-22.5,27.5
2473341.0,-33.928753,18.709492,-32.5,17.5
5229167.0,-24.99612,31.590558,-22.5,32.5
5226254.0,-33.945694,24.28855,-32.5,22.5
2452959.0,-34.082535,18.433227,-32.5,17.5
5373341.0,28.09207,-14.379998,27.5,-12.5
1428910.0,-34.039554,22.132249,-32.5,22.5
1428924.0,13.500992,-16.426035,12.5,-17.5
2441144.0,-24.829979,31.560454,-22.5,32.5
2480964.0,36.805821,2.893458,37.5,2.5
2492576.0,-25.244262,31.54351,-27.5,32.5
6365601.0,-24.596346,30.873577,-22.5,32.5
1927663.0,-24.451983,31.996037,-22.5,32.5
7506891.0,-29.267436,17.095722,-27.5,17.5
5231793.0,-2.702572,38.160426,-2.5,37.5
1082114.0,-29.776983,30.835904,-27.5,32.5
5707341.0,-0.593166,29.722294,-2.5,27.5
3087093.0,-29.251207,29.440958,-27.5,27.5
5569827.0,-24.595862,30.887726,-22.5,32.5
5560390.0,-29.267264,29.472394,-27.5,27.5
7262029.0,-34.303617,18.43828,-32.5,17.5
2484596.0,35.314799,-2.954897,37.5,-2.5
2750516.0,-29.267582,29.429149,-27.5,27.5
1134574.0,-20.766308,16.791254,-22.5,17.5
2783934.0,-34.096783,18.448004,-32.5,17.5
5361900.0,-25.846371,27.496517,-27.5,27.5
5285565.0,-34.573876,19.73445,-32.5,17.5
5229203.0,-32.255437,25.447524,-32.5,27.5
7658661.0,-24.578439,30.616091,-22.5,32.5
1947112.0,-26.678298,28.417985,-27.5,27.5
1310567.0,-33.934152,18.838071,-32.5,17.5
2852914.0,-25.904718,27.782817,-27.5,27.5
2887200.0,-25.358403,31.810184,-27.5,32.5
5326062.0,-33.952094,25.488472,-32.5,27.5
2480764.0,-34.16166,24.81854,-32.5,22.5
8088819.0,-34.092352,18.422665,-32.5,17.5
2986302.0,-25.848807,27.495867,-27.5,27.5
1427717.0,-34.3166,19.008695,-32.5,17.5
4389254.0,-33.966062,18.479889,-32.5,17.5
9477975.0,-18.725317,14.323068,-17.5,12.5
6894730.0,-24.10148,15.909803,-22.5,17.5
2446718.0,-25.827203,28.323188,-27.5,27.5
2449203.0,-33.411145,18.246205,-32.5,17.5
2783934.0,-34.092345,18.422645,-32.5,17.5
1925609.0,-24.38028,31.77727,-22.5,32.5
5682778.0,-34.318007,19.008495,-32.5,17.5
2441341.0,-17.894718,25.820983,-17.5,27.5
2441757.0,-31.796529,23.365305,-32.5,22.5
5326062.0,-33.951954,25.488119,-32.5,27.5
3112801.0,-34.592418,19.490943,-32.5,17.5
2470656.0,-17.90228,25.826088,-17.5,27.5
5688534.0,-34.09237,18.422605,-32.5,17.5
1577153.0,-33.980533,18.413318,-32.5,17.5
5290177.0,-34.001475,18.411845,-32.5,17.5
5296584.0,-34.318395,19.009695,-32.5,17.5
7931200.0,11.990202,18.237657,12.5,17.5
4370043.0,-34.213197,24.835733,-32.5,22.5
6894692.0,-24.134815,15.901097,-22.5,17.5
3877649.0,-25.90473,27.782812,-27.5,27.5
8941010.0,-25.90775,27.797292,-27.5,27.5
3084719.0,27.763397,-15.559586,27.5,-17.5
10987750.0,-32.710831,25.643472,-32.5,27.5
5220285.0,-34.418078,19.153441,-32.5,17.5
3054181.0,-1.095115,37.251106,-2.5,37.5
2491491.0,-32.225318,25.470649,-32.5,27.5
3707770.0,-32.258241,25.452329,-32.5,27.5
2475679.0,-24.989648,31.601706,-22.5,32.5
3641868.0,-34.089715,18.429438,-32.5,17.5
8252309.0,-34.10888,22.112797,-32.5,22.5
2441041.0,-28.274392,32.2971,-27.5,32.5
2482080.0,-34.060778,18.494507,-32.5,17.5
1421737.0,-28.780949,32.09443,-27.5,32.5
1079575.0,-26.058582,27.975388,-27.5,27.5
1428512.0,-19.579842,23.543635,-17.5,22.5
2493726.0,-26.058068,32.616342,-27.5,32.5
5190072.0,-34.677005,20.232033,-32.5,22.5
2491491.0,-23.591862,29.783183,-22.5,27.5
1786985.0,-34.069424,18.816079,-32.5,17.5
7340881.0,-29.359905,29.956499,-27.5,27.5
3899644.0,-30.25992,30.588462,-32.5,32.5
2442276.0,-29.057075,30.294963,-27.5,32.5
2986239.0,32.702428,-17.086941,32.5,-17.5
2783718.0,-34.313235,19.008109,-32.5,17.5
2443773.0,0.088867,32.354292,2.5,32.5
2486147.0,-25.354263,31.761233,-27.5,32.5
10450683.0,-24.452375,31.977588,-22.5,32.5
3997464.0,-33.952232,25.489111,-32.5,27.5
5219534.0,0.47947,30.502683,2.5,32.5
2473341.0,-24.849805,31.564365,-22.5,32.5
7780789.0,-25.848348,27.495886,-27.5,27.5
7866129.0,-34.313938,19.008177,-32.5,17.5
1577888.0,-29.777032,30.835631,-27.5,32.5
2493091.0,31.506581,-2.776725,32.5,-2.5
3997146.0,-33.859646,18.552153,-32.5,17.5
2178345.0,-34.028665,22.185406,-32.5,22.5
2441034.0,-24.811007,31.549657,-22.5,32.5
3137579.0,36.32077,5.737703,37.5,7.5
9419072.0,-33.873032,19.196506,-32.5,17.5
2481904.0,-24.824431,31.550128,-22.5,32.5
5296478.0,-33.95192,25.488135,-32.5,27.5
2498415.0,28.079983,-16.72907,27.5,-17.5
7969761.0,-24.52414,30.890544,-22.5,32.5
7936512.0,-34.29844,18.465811,-32.5,17.5
5219098.0,-29.423692,31.259668,-27.5,32.5
2441064.0,-20.825303,16.661713,-22.5,17.5
5303637.0,-34.579239,19.773986,-32.5,17.5
3173353.0,-33.933172,18.86437,-32.5,17.5
8028745.0,-29.254183,29.43133,-27.5,27.5
5227207.0,-25.703803,28.947563,-27.5,27.5
2446519.0,-33.603718,21.292983,-32.5,22.5
9299909.0,-4.284205,39.592075,-2.5,37.5
5220160.0,-3.548987,38.216733,-2.5,37.5
5689204.0,-34.00335,18.384601,-32.5,17.5
3974754.0,-33.354944,26.494135,-32.5,27.5
5643062.0,-33.978257,20.811799,-32.5,22.5
2891932.0,34.057983,-4.986496,32.5,-2.5
1792210.0,-24.452483,31.97778,-22.5,32.5
5225388.0,-25.44473,30.966392,-27.5,32.5
2932113.0,28.093025,-15.594508,27.5,-17.5
2486688.0,-33.972482,18.78737,-32.5,17.5
1892555.0,-23.108904,31.435554,-22.5,32.5
3874536.0,-24.405446,30.820374,-22.5,32.5
3086282.0,-24.403782,30.814587,-22.5,32.5
1933649.0,-29.816021,30.811639,-27.5,32.5
2482095.0,-25.270628,31.534946,-27.5,32.5
1428570.0,-19.516975,23.636081,-17.5,22.5
5217671.0,-34.428805,19.465467,-32.5,17.5
1428738.0,-29.776863,30.835914,-27.5,32.5
2489005.0,-29.105775,27.960128,-27.5,27.5
2482555.0,4.895222,38.056331,2.5,37.5
3034922.0,-33.951277,25.487352,-32.5,27.5
2020991.0,-25.825141,28.267604,-27.5,27.5
2757671.0,-16.249912,28.724728,-17.5,27.5
2904111.0,28.50549,-16.191179,27.5,-17.5
1428708.0,-34.066515,18.810512,-32.5,17.5
2742428.0,-24.162181,30.254268,-22.5,32.5
7383574.0,-24.235527,30.880002,-22.5,32.5
5303496.0,0.434997,30.41077,2.5,32.5
3088481.0,-29.7272,30.828828,-27.5,32.5
2498252.0,-13.140341,27.854191,-12.5,27.5
7481200.0,-21.835148,15.170984,-22.5,17.5
2744864.0,-33.85357,18.546175,-32.5,17.5
5229137.0,-32.198924,25.418436,-32.5,27.5
4054608.0,-25.89771,27.799195,-27.5,27.5
5220111.0,-3.395495,35.509657,-2.5,37.5
5228229.0,-29.555447,30.05956,-27.5,32.5
9114626.0,-33.977772,23.492208,-32.5,22.5
2202347.0,36.747655,2.969887,37.5,2.5
7827743.0,28.099633,-16.75592,27.5,-17.5
5218781.0,-24.566183,31.777064,-22.5,32.5
5229467.0,-23.590809,29.784361,-22.5,27.5
5051803.0,-28.220102,31.948252,-27.5,32.5
2968593.0,13.438363,-16.581548,12.5,-17.5
5721579.0,-20.141191,57.753128,-22.5,57.5
11787668.0,34.125064,-6.61159,32.5,-7.5
1794507.0,-24.364403,31.959503,-22.5,32.5
6101223.0,-26.308225,28.099423,-27.5,27.5
2484626.0,-28.220054,31.948338,-27.5,32.5
9728226.0,-29.00179,29.476257,-27.5,27.5
5051775.0,-33.945497,22.46371,-32.5,22.5
2480733.0,-2.093056,34.493333,-2.5,32.5
7309730.0,-3.167058,37.359745,-2.5,37.5
5636761.0,-34.366522,19.14146,-32.5,17.5
1903009.0,-34.59101,19.491587,-32.5,17.5
2441144.0,-24.819217,31.546895,-22.5,32.5
2441044.0,-2.214388,34.928143,-2.5,32.5
2169069.0,28.471218,-16.260703,27.5,-17.5
2750250.0,-25.323355,30.489021,-27.5,32.5
1919213.0,-25.332678,31.797359,-27.5,32.5
7931200.0,11.98917,18.23721,12.5,17.5
4368223.0,-34.072289,23.003767,-32.5,22.5
3986971.0,-22.716738,14.729438,-22.5,12.5
3796884.0,28.089914,-14.381041,27.5,-12.5
1320481.0,-24.524147,30.890703,-22.5,32.5
3142398.0,-26.692304,27.124889,-27.5,27.5
8953433.0,-34.094934,18.430837,-32.5,17.5
2481173.0,-33.693508,26.669681,-32.5,27.5
4066841.0,-24.407123,30.813529,-22.5,32.5
1896052.0,-32.283841,25.413789,-32.5,27.5
5400613.0,-25.895451,27.772571,-27.5,27.5
1920395.0,-28.699462,30.014681,-27.5,32.5
1428708.0,-34.066391,18.810353,-32.5,17.5
2736625.0,36.763417,5.102827,37.5,7.5
4937222.0,-24.161871,30.254471,-22.5,32.5
2441144.0,-2.311545,34.834873,-2.5,32.5
2264510.0,-33.196361,27.6334,-32.5,27.5
3791985.0,-34.369598,18.885521,-32.5,17.5
1910628.0,-25.332239,31.801873,-27.5,32.5
9256235.0,-34.581473,19.722341,-32.5,17.5
2441247.0,-17.986857,25.984465,-17.5,27.5
1423286.0,-34.06097,18.4961,-32.5,17.5
2160053.0,-22.744839,31.183545,-22.5,32.5
9360401.0,-34.060789,18.496806,-32.5,17.5
2264510.0,-32.832935,28.114545,-32.5,27.5
5355756.0,-29.762835,30.801457,-27.5,32.5
2775117.0,-29.270404,29.485706,-27.5,27.5
2978552.0,-33.961162,25.497404,-32.5,27.5
3146717.0,-23.827919,30.157359,-22.5,32.5
2829453.0,28.46871,-16.451345,27.5,-17.5
8149099.0,28.593503,-13.943017,27.5,-12.5
2232236.0,-24.531947,31.079953,-22.5,32.5
2493624.0,0.063849,32.477955,2.5,32.5
1406671.0,-28.945131,29.228633,-27.5,27.5
2480475.0,-1.325354,34.989014,-2.5,32.5
2435350.0,-24.408846,31.357931,-22.5,32.5
7811193.0,-34.536955,19.475637,-32.5,17.5
2474937.0,-34.19184,19.36239,-32.5,17.5
2441705.0,-25.824608,28.377942,-27.5,27.5
2482080.0,-34.062009,18.493875,-32.5,17.5
2855110.0,-33.947212,22.463925,-32.5,22.5
5544186.0,-24.189456,29.619794,-22.5,27.5
5380041.0,28.507483,-16.191473,27.5,-17.5
2475434.0,-22.66835,14.817062,-22.5,12.5
2928666.0,-25.865321,27.498396,-27.5,27.5
5229144.0,-24.756288,31.810708,-22.5,32.5
5578501.0,28.077272,-16.64663,27.5,-17.5
2493707.0,-2.786427,38.064071,-2.5,37.5
5139040.0,-24.453637,31.97927,-22.5,32.5
6894730.0,-24.10009,15.910373,-22.5,17.5
2887200.0,-34.194495,22.138191,-32.5,22.5
2441757.0,-25.354347,31.761135,-27.5,32.5
8042537.0,-24.405166,30.818659,-22.5,32.5
5228199.0,-33.727285,26.577068,-32.5,27.5
1428829.0,-29.00283,29.477044,-27.5,27.5
3828518.0,-24.48768,27.815872,-22.5,27.5
5225392.0,-18.814292,17.129506,-17.5,17.5
4054608.0,-25.859585,27.497368,-27.5,27.5
6894730.0,-24.10361,15.909075,-22.5,17.5
3705461.0,-33.951853,25.488998,-32.5,27.5
7405711.0,0.403022,30.383413,2.5,32.5
5217671.0,-34.188285,24.831091,-32.5,22.5
7760035.0,0.186303,6.613081,2.5,7.5
5330012.0,28.091389,-15.594838,27.5,-17.5
2932184.0,-25.8824,28.725113,-27.5,27.5
4299368.0,-28.513024,28.653994,-27.5,27.5
5170988.0,-24.352828,31.952595,-22.5,32.5
6894339.0,-31.83202,23.445847,-32.5,22.5
1899071.0,-14.653888,22.65997,-12.5,22.5
5189558.0,28.683672,-14.011417,27.5,-12.5
2441031.0,-20.840622,16.64402,-22.5,17.5
2746005.0,-24.80548,30.882377,-22.5,32.5
5325609.0,-30.222965,17.350541,-32.5,17.5
2490296.0,-34.003394,23.461305,-32.5,22.5
2486147.0,-25.343601,31.811917,-27.5,32.5
1425952.0,-25.426942,31.450112,-27.5,32.5
3064495.0,-24.162048,30.254255,-22.5,32.5
3168026.0,-34.591403,19.490023,-32.5,17.5
3793673.0,-25.852859,27.496474,-27.5,27.5
1933649.0,-34.070137,18.816367,-32.5,17.5
4197624.0,28.171133,-16.619728,27.5,-17.5
2497288.0,34.875622,-6.296094,32.5,-7.5
7964291.0,-29.30033,17.758038,-27.5,17.5
5229167.0,-33.539735,26.537062,-32.5,27.5
1427855.0,-34.03957,22.132567,-32.5,22.5
5219173.0,29.967833,31.269005,27.5,32.5
6101223.0,29.967133,31.267867,27.5,32.5
4089992.0,-33.69557,26.666353,-32.5,27.5
2853785.0,-25.844547,27.396805,-27.5,27.5
2441105.0,-25.014091,31.416927,-27.5,32.5
1678763.0,-19.911939,23.523122,-17.5,22.5
2887200.0,-34.416192,19.297458,-32.5,17.5
2860719.0,-25.897666,27.7992,-27.5,27.5
1893562.0,-33.964838,23.899222,-32.5,22.5
5549147.0,-28.780592,32.094835,-27.5,32.5
6095271.0,-25.148494,31.899398,-27.5,32.5
5406695.0,-17.045574,28.014208,-17.5,27.5
2775117.0,-29.267728,29.47934,-27.5,27.5
2481047.0,-33.851728,18.665829,-32.5,17.5
7340862.0,-2.861867,38.068223,-2.5,37.5
4341617.0,-20.139632,57.754127,-22.5,57.5
5858758.0,28.828953,-17.946759,27.5,-17.5
4368223.0,-34.344395,18.828472,-32.5,17.5
7773082.0,0.309788,6.716926,2.5,7.5
1857508.0,-24.45235,31.977672,-22.5,32.5
3705116.0,-34.09029,23.36831,-32.5,22.5
5219578.0,-1.379197,36.765205,-2.5,37.5
2959242.0,-24.407695,30.814174,-22.5,32.5
7261427.0,-3.175553,35.502758,-2.5,37.5
5225340.0,-29.781708,30.845614,-27.5,32.5
1926530.0,-32.937627,27.997859,-32.5,27.5
3161926.0,28.146984,-16.696488,27.5,-17.5
2441144.0,-28.220002,31.948279,-27.5,32.5
4070390.0,-25.799688,28.263749,-27.5,27.5
6894794.0,-24.736593,15.328785,-22.5,17.5
5311790.0,-17.925142,25.852416,-17.5,27.5
5220285.0,-34.006053,18.406507,-32.5,17.5
7321783.0,-33.406062,18.258095,-32.5,17.5
2495783.0,-25.34897,31.780278,-27.5,32.5
9474330.0,-24.406728,30.81609,-22.5,32.5
8959277.0,-25.916753,27.847166,-27.5,27.5
1426780.0,-29.458308,29.535412,-27.5,27.5
2975891.0,-21.84551,15.183301,-22.5,17.5
7494800.0,-25.408468,31.67619,-27.5,32.5
5688892.0,-30.987249,28.180092,-32.5,27.5
1423286.0,-32.710218,25.640757,-32.5,27.5
12217905.0,35.313501,-2.960869,37.5,-2.5
4559734.0,36.768646,5.104852,37.5,7.5
2158863.0,-27.717323,29.930345,-27.5,27.5
5229971.0,-34.418016,19.153423,-32.5,17.5
3053061.0,28.580975,-13.956967,27.5,-12.5
3131147.0,-28.954593,29.20384,-27.5,27.5
3086861.0,-24.463119,30.609083,-22.5,32.5
1920378.0,-24.454025,31.979645,-22.5,32.5
4201784.0,36.768646,5.104852,37.5,7.5
1897904.0,-25.156505,30.543197,-27.5,32.5
2492526.0,-28.957009,29.203936,-27.5,27.5
2480685.0,-25.34897,31.780278,-27.5,32.5
6100800.0,31.587086,-7.92941,32.5,-7.5
5220183.0,-25.228319,27.105326,-27.5,27.5
3934131.0,-24.503394,30.83853,-22.5,32.5
5524335.0,-29.250383,29.44825,-27.5,27.5
1422973.0,-34.039671,22.132588,-32.5,22.5
3799026.0,35.78533,-5.809189,37.5,-7.5
1428910.0,-32.93785,27.997886,-32.5,27.5
3152574.0,-24.407681,30.813985,-22.5,32.5
7265604.0,-24.404865,30.813817,-22.5,32.5
3060998.0,5.661097,-0.117008,7.5,-2.5
8821604.0,-24.469828,30.818672,-22.5,32.5
7262027.0,-2.931239,38.057923,-2.5,37.5
2494015.0,-34.155389,18.879513,-32.5,17.5
1428955.0,-26.153045,32.001426,-27.5,32.5
4389993.0,-23.879028,28.341278,-22.5,27.5
2783627.0,-33.983745,20.44872,-32.5,22.5
3055663.0,-24.524123,30.890762,-22.5,32.5
2928755.0,28.138336,-16.786755,27.5,-17.5
2441341.0,-17.88364,25.815787,-17.5,27.5
5228198.0,-23.859749,31.12853,-22.5,32.5
5231195.0,-22.680124,14.522307,-22.5,12.5
2441042.0,-34.317694,18.460566,-32.5,17.5
7295351.0,-24.40551,30.820314,-22.5,32.5
2441042.0,-25.921381,27.806128,-27.5,27.5
5834428.0,-25.859592,27.497386,-27.5,27.5
5275012.0,-34.323403,18.964413,-32.5,17.5
6894730.0,-24.100482,15.915782,-22.5,17.5
5296462.0,-34.312801,19.00161,-32.5,17.5
2498148.0,-33.97421,18.783953,-32.5,17.5
6100800.0,31.627599,-7.985499,32.5,-7.5
2486147.0,30.843442,-9.817975,32.5,-7.5
2481748.0,-20.141736,57.750987,-22.5,57.5
7262029.0,-20.267996,30.932036,-22.5,32.5
8076798.0,-34.31937,21.004831,-32.5,22.5
5171111.0,-30.998984,30.260423,-32.5,32.5
2854664.0,-22.398588,26.663821,-22.5,27.5
1701463.0,-32.707148,25.616095,-32.5,27.5
2498156.0,-34.05995,18.498438,-32.5,17.5
3976037.0,-24.405017,30.813944,-22.5,32.5
6894750.0,-24.09627,15.91819,-22.5,17.5
2480263.0,-34.086319,22.969672,-32.5,22.5
5229126.0,-1.136127,35.282672,-2.5,37.5
5217671.0,-33.945976,22.46335,-32.5,22.5
5229167.0,-34.151237,18.887245,-32.5,17.5
5229203.0,-4.261897,39.593474,-2.5,37.5
3974754.0,-33.428114,26.480406,-32.5,27.5
8350395.0,-29.3345,27.299332,-27.5,27.5
1866262.0,-20.253753,25.293103,-22.5,27.5
3845281.0,-28.964016,31.758257,-27.5,32.5
5185632.0,-34.678017,20.232078,-32.5,22.5
2930137.0,28.301437,-16.374303,27.5,-17.5
2481853.0,-1.368486,34.989792,-2.5,32.5
2484613.0,-24.996384,31.588688,-22.5,32.5
2166254.0,-30.998984,30.260423,-32.5,32.5
9809229.0,36.725186,2.991898,37.5,2.5
9163257.0,-2.807325,38.088301,-2.5,37.5
1803163.0,36.725108,2.992323,37.5,2.5
5220167.0,-34.35292,18.483487,-32.5,17.5
2492863.0,-33.523017,23.726041,-32.5,22.5
5380041.0,-4.029642,33.135905,-2.5,32.5
10702658.0,-32.219769,25.483361,-32.5,27.5
6095032.0,-25.813,27.611,-27.5,27.5
2889811.0,-24.407055,30.814834,-22.5,32.5
2480773.0,35.269153,-2.937703,37.5,-2.5
11846193.0,-24.364206,30.947049,-22.5,32.5
2440892.0,-33.438898,25.788381,-32.5,27.5
2492444.0,-34.127055,18.918087,-32.5,17.5
5739315.0,35.313748,-2.956869,37.5,-2.5
1423286.0,-27.969741,32.377192,-27.5,32.5
1428708.0,-34.070429,18.81688,-32.5,17.5
3117229.0,-34.399989,19.497427,-32.5,17.5
2435350.0,-24.614348,31.410418,-22.5,32.5
1892555.0,-25.37311,31.759823,-27.5,32.5
2449077.0,-25.074969,31.852437,-27.5,32.5
5845582.0,35.313413,-2.961068,37.5,-2.5
2440880.0,-28.308092,31.827602,-27.5,32.5
10047929.0,-24.407929,30.926988,-22.5,32.5
5791800.0,-25.875768,28.142966,-27.5,27.5
6095271.0,-24.824936,31.554635,-22.5,32.5
5544425.0,-33.956038,18.873695,-32.5,17.5
3987181.0,28.646986,-14.020997,27.5,-12.5
2440880.0,-24.827009,31.546797,-22.5,32.5
5217671.0,-29.284425,30.357203,-27.5,32.5
11057640.0,-25.42701,31.450004,-27.5,32.5
5307339.0,-34.029903,25.395644,-32.5,27.5
9311531.0,-29.540167,30.308053,-27.5,32.5
9498886.0,-7.354697,37.135936,-7.5,37.5
9555790.0,-19.990964,23.443905,-17.5,22.5
5914287.0,-33.938826,18.841646,-32.5,17.5
7400682.0,-30.865736,24.634608,-32.5,22.5
11134094.0,-20.578288,16.743258,-22.5,17.5
5229144.0,-17.884736,25.814188,-17.5,27.5
6100996.0,-26.09175,32.950997,-27.5,32.5
2489071.0,-25.067312,31.552137,-27.5,32.5
2449252.0,-34.065132,23.05608,-32.5,22.5
2492725.0,-25.332455,31.798968,-27.5,32.5
7481200.0,-21.835167,15.17113,-22.5,17.5
3852858.0,-24.406514,30.8155,-22.5,32.5
5231190.0,-25.358646,31.892654,-27.5,32.5
5341085.0,-33.97773,23.492397,-32.5,22.5
1863034.0,-25.844653,27.39688,-27.5,27.5
3832553.0,-25.906213,28.445747,-27.5,27.5
3974754.0,-33.56544,26.564451,-32.5,27.5
5272096.0,-33.69275,26.671875,-32.5,27.5
2495414.0,35.785102,-5.811733,37.5,-7.5
5275012.0,-25.861693,27.497102,-27.5,27.5
2883759.0,-25.853406,27.496682,-27.5,27.5
2492526.0,-33.200907,18.129386,-32.5,17.5
3117468.0,-25.42612,27.2243,-27.5,27.5
7341849.0,35.313222,-2.960858,37.5,-2.5
2480259.0,-34.084228,18.517971,-32.5,17.5
3087106.0,-29.253262,29.420074,-27.5,27.5
2435270.0,-24.397314,31.608155,-22.5,32.5
2279167.0,-20.139632,57.754127,-22.5,57.5
5170463.0,-34.080422,20.451638,-32.5,22.5
2475365.0,-33.760314,18.458405,-32.5,17.5
2773704.0,-33.317266,26.517316,-32.5,27.5
4535827.0,31.190503,29.918695,32.5,27.5
6894730.0,-24.111102,15.905807,-22.5,17.5
5546739.0,-24.459493,30.610293,-22.5,32.5
6095032.0,-33.728282,26.5796,-32.5,27.5
4141920.0,-25.807992,28.261693,-27.5,27.5
1428848.0,-32.718719,25.646781,-32.5,27.5
7335464.0,-25.865646,27.498401,-27.5,27.5
2068405.0,-29.494627,31.244791,-27.5,32.5
7657369.0,-33.98933,18.41267,-32.5,17.5
2979000.0,-34.032985,18.394261,-32.5,17.5
5809495.0,-34.010675,20.434481,-32.5,22.5
7999386.0,-32.887478,28.098242,-32.5,27.5
2398510.0,27.259292,33.888019,27.5,32.5
7658661.0,-24.348029,31.075576,-22.5,32.5
2928755.0,28.506051,-16.192301,27.5,-17.5
2928783.0,28.507924,-16.189647,27.5,-17.5
5171231.0,28.479439,-16.43654,27.5,-17.5
2435350.0,-28.390643,31.890249,-27.5,32.5
5406748.0,13.491968,-16.42232,12.5,-17.5
5684170.0,-34.004373,18.407781,-32.5,17.5
2768367.0,-25.859559,27.497415,-27.5,27.5
4099723.0,-25.853286,27.49664,-27.5,27.5
5361969.0,-33.411887,18.243342,-32.5,17.5
3880235.0,-25.850013,27.496289,-27.5,27.5
9645655.0,-34.613475,19.355253,-32.5,17.5
2482095.0,-34.059201,18.499943,-32.5,17.5
7303712.0,-25.337191,31.797792,-27.5,32.5
3069871.0,28.092955,-16.720037,27.5,-17.5
2953703.0,-24.595323,30.911215,-22.5,32.5
2489053.0,-1.110909,35.276798,-2.5,37.5
5220183.0,-24.897909,31.755747,-22.5,32.5
5229963.0,-33.94698,22.445349,-32.5,22.5
5914287.0,-27.909236,22.884314,-27.5,22.5
4049845.0,-29.254729,29.425622,-27.5,27.5
5304640.0,-32.859972,28.110859,-32.5,27.5
5220167.0,-25.155974,30.545866,-27.5,32.5
5544374.0,-32.10691,19.067617,-32.5,17.5
5228322.0,-30.282218,30.753675,-32.5,32.5
2480454.0,-24.964762,31.694809,-22.5,32.5
5258337.0,-25.801637,28.26474,-27.5,27.5
2162050.0,-24.469547,31.02402,-22.5,32.5
2925303.0,-24.596553,30.873226,-22.5,32.5
2494035.0,-34.059952,18.497462,-32.5,17.5
10858334.0,-24.405178,30.820387,-22.5,32.5
2929236.0,-23.859749,31.12853,-22.5,32.5
2461642.0,-29.263503,16.908063,-27.5,17.5
2492526.0,-33.912314,18.711227,-32.5,17.5
2777537.0,32.634045,-16.946293,32.5,-17.5
6100800.0,31.627477,-7.98594,32.5,-7.5
6112547.0,-24.452572,31.977822,-22.5,32.5
5229136.0,-25.116355,31.911441,-27.5,32.5
3152268.0,-24.463107,30.60895,-22.5,32.5
3106967.0,-24.532537,30.640378,-22.5,32.5
3149462.0,-24.459499,30.610147,-22.5,32.5
2957529.0,-25.806869,28.261013,-27.5,27.5
5230739.0,-34.354428,18.492174,-32.5,17.5
8873604.0,28.652581,-17.75908,27.5,-17.5
5415375.0,-24.403942,30.814581,-22.5,32.5
3996997.0,-24.740728,30.869398,-22.5,32.5
2750274.0,-25.772274,28.291121,-27.5,27.5
3974754.0,-33.516855,26.502519,-32.5,27.5
2486688.0,-29.776781,30.835884,-27.5,32.5
5226752.0,31.281726,-3.976911,32.5,-2.5
4089992.0,-33.693831,26.668673,-32.5,27.5
3705461.0,-33.95141,25.48762,-32.5,27.5
7701037.0,31.585318,-5.590202,32.5,-7.5
6101223.0,30.050702,31.231695,32.5,32.5
2482080.0,-34.06097,18.4961,-32.5,17.5
2475365.0,-32.182671,25.4784,-32.5,27.5
2486146.0,-20.578271,16.743286,-22.5,17.5
2493660.0,-34.059744,18.498238,-32.5,17.5
5225997.0,-27.452972,31.573495,-27.5,32.5
5637884.0,-34.585019,19.776639,-32.5,17.5
3974754.0,-33.893201,19.882885,-32.5,17.5
2435350.0,-24.852238,31.420059,-22.5,32.5
2441044.0,-23.829654,31.642284,-22.5,32.5
8101752.0,-26.0274,28.075071,-27.5,27.5
5229411.0,-17.890266,25.816946,-17.5,27.5
2480350.0,-34.062074,18.493867,-32.5,17.5
3172270.0,-24.405533,30.820265,-22.5,32.5
2783928.0,-24.639324,30.960073,-22.5,32.5
1541217.0,-34.025268,18.460383,-32.5,17.5
8427624.0,-25.807882,28.260931,-27.5,27.5
1938125.0,-2.086639,34.493194,-2.5,32.5
7687849.0,-25.859479,27.49753,-27.5,27.5
1938125.0,-30.985829,30.274051,-32.5,32.5
2479007.0,-33.622495,24.269275,-32.5,22.5
2490296.0,-34.059849,18.498541,-32.5,17.5
4051511.0,-24.406416,30.818456,-22.5,32.5
7417064.0,-28.846997,29.998036,-27.5,27.5
2441247.0,-25.228319,27.105326,-27.5,27.5
4357751.0,-34.237481,24.845601,-32.5,22.5
2437346.0,-7.700289,38.19903,-7.5,37.5
2489075.0,-1.093603,35.269486,-2.5,37.5
2441187.0,-25.348209,31.810168,-27.5,32.5
1428738.0,-29.111031,31.600128,-27.5,32.5
9444556.0,28.149559,-16.444018,27.5,-17.5
1868060.0,-3.209822,35.479112,-2.5,37.5
2441031.0,-25.921512,27.984977,-27.5,27.5
4252828.0,-34.416022,19.29742,-32.5,17.5
3876223.0,-33.921995,18.705721,-32.5,17.5
2927094.0,-25.135925,29.483426,-27.5,27.5
6894730.0,-24.101128,15.909855,-22.5,17.5
2887200.0,-34.010719,25.491703,-32.5,27.5
3897145.0,-24.218885,29.598727,-22.5,27.5
3742341.0,-29.287155,30.327613,-27.5,32.5
2480537.0,-34.235926,19.256671,-32.5,17.5
7931200.0,11.99073,18.237698,12.5,17.5
5229167.0,-34.060119,18.495416,-32.5,17.5
2482515.0,29.977305,31.129114,27.5,32.5
8149099.0,28.395286,-16.597445,27.5,-17.5
5231178.0,-34.001942,18.436669,-32.5,17.5
1083024.0,-25.400969,28.307056,-27.5,27.5
9456514.0,-29.715118,31.091802,-27.5,32.5
7504382.0,-34.002891,23.404398,-32.5,22.5
2478174.0,-23.592666,29.783636,-22.5,27.5
2855110.0,-33.947254,22.464256,-32.5,22.5
5289665.0,-25.800745,28.263521,-27.5,27.5
2480537.0,-25.099064,31.475777,-27.5,32.5
7321717.0,-25.859644,27.497411,-27.5,27.5
2482515.0,25.21672,34.799767,27.5,32.5
2978552.0,-34.367263,19.142011,-32.5,17.5
9053846.0,-34.370322,21.411978,-32.5,22.5
2930550.0,-25.853502,27.496711,-27.5,27.5
6100849.0,-24.573358,30.79777,-22.5,32.5
5312088.0,-25.394142,28.438228,-27.5,27.5
2492951.0,31.139738,-4.020218,32.5,-2.5
2446718.0,-33.977943,18.465195,-32.5,17.5
2480195.0,-24.781658,31.533457,-22.5,32.5
2930216.0,32.852546,-17.171589,32.5,-17.5
2490310.0,31.508509,-2.772895,32.5,-2.5
5229963.0,-34.674023,20.231731,-32.5,22.5
1422897.0,-28.786946,32.102994,-27.5,32.5
7961582.0,-25.157663,30.546384,-27.5,32.5
1423913.0,-29.480437,30.212678,-27.5,32.5
5225435.0,-27.547937,32.6748,-27.5,32.5
2473341.0,-34.155389,18.879513,-32.5,17.5
1428708.0,-34.066353,18.810321,-32.5,17.5
2449077.0,-24.841454,31.548649,-22.5,32.5
2883759.0,-25.846731,27.497398,-27.5,27.5
2494035.0,-33.972508,18.784492,-32.5,17.5
8317304.0,-24.32846,31.071594,-22.5,32.5
1947113.0,-24.452312,31.977592,-22.5,32.5
1728329.0,-23.860067,28.28195,-22.5,27.5
5118059.0,-28.999804,29.470339,-27.5,27.5
2492362.0,-20.578117,16.743467,-22.5,17.5
2441034.0,-24.989195,31.601506,-22.5,32.5
4372625.0,-20.130581,57.757154,-22.5,57.5
1867406.0,-20.20977,28.621583,-22.5,27.5
7173446.0,-25.851723,27.496303,-27.5,27.5
5380041.0,-28.518105,32.14411,-27.5,32.5
2979091.0,-25.034983,46.955446,-27.5,47.5
9114626.0,-34.425078,19.227859,-32.5,17.5
1423913.0,-28.780949,32.09443,-27.5,32.5
7473922.0,-25.89508,27.801089,-27.5,27.5
4341617.0,-20.141745,57.752125,-22.5,57.5
1429454.0,-28.780083,32.09052,-27.5,32.5
5229136.0,-3.210464,35.600808,-2.5,37.5
7617006.0,-29.816276,30.811297,-27.5,32.5
8959277.0,-24.242628,30.830341,-22.5,32.5
1428738.0,-34.069658,18.81618,-32.5,17.5
4019317.0,-24.595785,30.87572,-22.5,32.5
2167008.0,-26.058582,27.975388,-27.5,27.5
1082351.0,-2.850894,38.097748,-2.5,37.5
2440892.0,-19.22703,15.892997,-17.5,17.5
2407175.0,-20.139632,57.754127,-22.5,57.5
5229150.0,-25.101862,31.54615,-27.5,32.5
3093702.0,-25.908537,28.17253,-27.5,27.5
4341363.0,-20.141694,57.752323,-22.5,57.5
7857709.0,-33.9777,23.49247,-32.5,22.5
1910628.0,-25.344454,31.81136,-27.5,32.5
5138921.0,-25.990054,28.068351,-27.5,27.5
3061681.0,-24.342061,31.07325,-22.5,32.5
5789082.0,29.967828,31.267242,27.5,32.5
3088481.0,-24.463188,30.608958,-22.5,32.5
2398340.0,27.254991,33.88766,27.5,32.5
5959111.0,-28.733768,29.377743,-27.5,27.5
1428570.0,-32.938064,27.998065,-32.5,27.5
5228648.0,-34.080029,18.507664,-32.5,17.5
5544425.0,-34.05168,18.428945,-32.5,17.5
4937222.0,-24.159851,30.223819,-22.5,32.5
3757792.0,28.298318,-16.371238,27.5,-17.5
4408759.0,35.31354,-2.960698,37.5,-2.5
3034128.0,-21.098856,55.546981,-22.5,57.5
3082282.0,-24.43983,30.6221,-22.5,32.5
2480537.0,-34.083004,18.506237,-32.5,17.5
2480475.0,-29.78316,30.845629,-27.5,32.5
1497462.0,-28.942182,31.762478,-27.5,32.5
2929236.0,-24.146652,30.19983,-22.5,32.5
2715443.0,-24.162289,30.254441,-22.5,32.5
2484628.0,-29.667837,29.590307,-27.5,27.5
2441105.0,-25.90904,27.819388,-27.5,27.5
5788858.0,-28.219974,31.948344,-27.5,32.5
2440839.0,32.803615,-4.949872,32.5,-2.5
1707320.0,28.13662,-16.786142,27.5,-17.5
2441144.0,-24.853763,31.561838,-22.5,32.5
1428512.0,-18.814213,17.129022,-17.5,17.5
2475360.0,-18.814669,17.224844,-17.5,17.5
1428848.0,-34.42901,19.46574,-32.5,17.5
5645507.0,-24.404909,30.81836,-22.5,32.5
3794114.0,-34.009574,25.681988,-32.5,27.5
2446718.0,-29.77676,30.835894,-27.5,32.5
1727415.0,-26.103259,27.817659,-27.5,27.5
2735117.0,-6.917022,39.484345,-7.5,37.5
6954615.0,-33.923328,18.705609,-32.5,17.5
2480923.0,-28.22005,31.948226,-27.5,32.5
7774915.0,36.761551,5.10212,37.5,7.5
10731462.0,-25.426737,31.450242,-27.5,32.5
2486147.0,31.592264,-7.942666,32.5,-7.5
5384064.0,31.165808,-8.045571,32.5,-7.5
2949769.0,-24.352887,31.952705,-22.5,32.5
4299368.0,-29.046525,30.298689,-27.5,32.5
2475375.0,-20.388249,17.3835,-22.5,17.5
3877649.0,-25.904718,27.782817,-27.5,27.5
2498415.0,-24.0741,27.045992,-22.5,27.5
7642610.0,-25.356018,31.809953,-27.5,32.5
2474909.0,-24.796932,31.881609,-22.5,32.5
1429454.0,-29.110568,31.600421,-27.5,32.5
8297474.0,-29.26328,29.455875,-27.5,27.5
2492833.0,-29.818449,30.80896,-27.5,32.5
5231002.0,-34.32893,18.921654,-32.5,17.5
8901465.0,-34.023071,18.375706,-32.5,17.5
7870867.0,-24.532094,31.347763,-22.5,32.5
1428910.0,-28.780083,32.09052,-27.5,32.5
3084027.0,-25.355932,31.809926,-27.5,32.5
2492444.0,-34.418027,19.153366,-32.5,17.5
2475360.0,-2.784936,38.064123,-2.5,37.5
3172623.0,-24.407135,30.813221,-22.5,32.5
6894329.0,-29.26345,16.909822,-27.5,17.5
3880382.0,-33.937922,18.841888,-32.5,17.5
2498415.0,-2.957297,38.059296,-2.5,37.5
1930923.0,-33.981496,23.569656,-32.5,22.5
3996907.0,-34.386428,20.506813,-32.5,22.5
2481236.0,27.046233,33.906178,27.5,32.5
2421594.0,-22.180098,15.737028,-22.5,17.5
2166129.0,-25.267295,29.981557,-27.5,27.5
5581538.0,30.388653,-9.483597,32.5,-7.5
3159178.0,-33.951481,25.487589,-32.5,27.5
2980425.0,-34.367638,19.141844,-32.5,17.5
1134574.0,-24.452417,31.977617,-22.5,32.5
5232465.0,-34.066471,18.517485,-32.5,17.5
2478399.0,-22.678283,29.01726,-22.5,27.5
4352332.0,-22.976913,14.481704,-22.5,12.5
3098637.0,28.301811,-16.374107,27.5,-17.5
5231960.0,-24.756288,31.810708,-22.5,32.5
2482315.0,-25.34897,31.780278,-27.5,32.5
2496865.0,-24.680372,27.164727,-22.5,27.5
2492697.0,-32.179902,25.478477,-32.5,27.5
2492807.0,-34.060385,18.496335,-32.5,17.5
9095544.0,36.747912,2.972203,37.5,2.5
1427855.0,-29.924405,24.528738,-27.5,22.5
1341976.0,29.967522,31.268587,27.5,32.5
1678763.0,-28.22004,31.948322,-27.5,32.5
3997127.0,-34.590147,19.475884,-32.5,17.5
5220182.0,-3.49673,35.783474,-2.5,37.5
5788858.0,-24.680372,27.164727,-22.5,27.5
3030262.0,-32.286242,25.412492,-32.5,27.5
2381886.0,-34.377005,21.419012,-32.5,22.5
5231960.0,-30.282004,30.753726,-32.5,32.5
3699490.0,-16.363942,28.724688,-17.5,27.5
1422897.0,-29.428219,31.251533,-27.5,32.5
5392252.0,-34.130381,19.849339,-32.5,17.5
2480876.0,-25.440824,31.514354,-27.5,32.5
2735117.0,-6.915905,39.483069,-7.5,37.5
1994735.0,-34.049551,22.998607,-32.5,22.5
2441042.0,-23.595013,29.814816,-22.5,27.5
7331120.0,-25.800693,28.263549,-27.5,27.5
2882803.0,36.77209,5.100272,37.5,7.5
5231178.0,-33.975433,18.782455,-32.5,17.5
8959277.0,-25.916762,27.847168,-27.5,27.5
5213909.0,36.741636,5.044947,37.5,7.5
2475375.0,-20.398524,17.379291,-22.5,17.5
1967209.0,-29.816898,30.811093,-27.5,32.5
2473897.0,13.411236,-16.528833,12.5,-17.5
9182765.0,28.431162,-14.011967,27.5,-12.5
7295503.0,28.17115,-16.611372,27.5,-17.5
2956174.0,-2.866667,38.073716,-2.5,37.5
1926530.0,-32.937625,27.997868,-32.5,27.5
2927097.0,-22.413993,31.271064,-22.5,32.5
1422897.0,-34.039609,22.132325,-32.5,22.5
7262034.0,-33.9777,23.492463,-32.5,22.5
2278893.0,-20.139632,57.754127,-22.5,57.5
7155887.0,11.989862,18.23709,12.5,17.5
2855132.0,-25.812469,27.596913,-27.5,27.5
3570733.0,-34.407467,19.301982,-32.5,17.5
8827629.0,-25.902106,27.77914,-27.5,27.5
2474909.0,-3.163705,35.400164,-2.5,37.5
2474345.0,-0.654807,30.948462,-2.5,32.5
4073451.0,12.901412,-13.660093,12.5,-12.5
1427755.0,-29.11058,31.600423,-27.5,32.5
7261430.0,-0.582865,29.702785,-2.5,27.5
2480715.0,-24.218465,30.977448,-22.5,32.5
7375132.0,28.506448,-16.192151,27.5,-17.5
2475250.0,-34.003757,23.257416,-32.5,22.5
7735379.0,-28.22004,31.948301,-27.5,32.5
2482048.0,-33.946433,22.46382,-32.5,22.5
10197058.0,-33.986002,18.472117,-32.5,17.5
2438736.0,-34.354446,18.490354,-32.5,17.5
3997490.0,-33.990642,18.414375,-32.5,17.5
2441042.0,-33.209709,18.125072,-32.5,17.5
3066139.0,28.092512,-16.720217,27.5,-17.5
2492759.0,0.290236,6.62674,2.5,7.5
2165442.0,-33.941082,18.424101,-32.5,17.5
2480263.0,-34.125482,18.450911,-32.5,17.5
1919181.0,-24.380112,31.776772,-22.5,32.5
2435350.0,-24.585607,31.239309,-22.5,32.5
5220183.0,-32.259741,25.445363,-32.5,27.5
2417425.0,-34.072461,23.005322,-32.5,22.5
2481809.0,-34.060102,18.498402,-32.5,17.5
2480876.0,-24.967442,31.625632,-22.5,32.5
2481853.0,-1.124799,35.319661,-2.5,37.5
4299368.0,28.758288,-18.004743,27.5,-17.5
7706740.0,28.099725,-16.755817,27.5,-17.5
5334190.0,37.114221,7.24585,37.5,7.5
3132570.0,28.506599,-16.190901,27.5,-17.5
2492863.0,-33.958655,22.36855,-32.5,22.5
3089154.0,-28.219993,31.948242,-27.5,32.5
5219243.0,31.080188,-4.041868,32.5,-2.5
2480491.0,-23.931887,31.50409,-22.5,32.5
9515886.0,36.804344,2.894328,37.5,2.5
6056988.0,-25.859464,27.497547,-27.5,27.5
3190493.0,-19.911939,23.523122,-17.5,22.5
5220183.0,-28.87534,30.018877,-27.5,32.5
7340984.0,-33.658301,24.366268,-32.5,22.5
2474416.0,-34.06097,18.4961,-32.5,17.5
1807634.0,-30.998984,30.260423,-32.5,32.5
2441341.0,-24.756288,31.810708,-22.5,32.5
2429955.0,-33.911287,18.70713,-32.5,17.5
2928576.0,-26.241494,28.012168,-27.5,27.5
6100849.0,-33.694211,26.668265,-32.5,27.5
5963045.0,-0.595193,29.726031,-2.5,27.5
12217905.0,35.31297,-2.96088,37.5,-2.5
2956176.0,-6.809718,37.694965,-7.5,37.5
2494088.0,-28.955211,29.203543,-27.5,27.5
5707341.0,-3.371227,35.842635,-2.5,37.5
5637215.0,-34.405238,19.293444,-32.5,17.5
2493624.0,-29.781724,30.845605,-27.5,32.5
6892714.0,-33.9777,23.49247,-32.5,22.5
2767298.0,28.14019,-16.525728,27.5,-17.5
2446392.0,-34.288703,21.910757,-32.5,22.5
2482521.0,-19.231409,16.033162,-17.5,17.5
9311531.0,-25.902542,28.339474,-27.5,27.5
9244277.0,32.765088,-16.932348,32.5,-17.5
2929236.0,-24.546921,31.336827,-22.5,32.5
5590526.0,-29.253786,29.433118,-27.5,27.5
2495696.0,28.416012,-16.549438,27.5,-17.5
6026739.0,28.506791,-16.190451,27.5,-17.5
1428708.0,-34.066373,18.810411,-32.5,17.5
7505812.0,-33.356738,26.208522,-32.5,27.5
7303185.0,-28.683344,28.930935,-27.5,27.5
5707341.0,0.473825,30.366147,2.5,32.5
9163257.0,-2.306474,34.97204,-2.5,32.5
5689204.0,-34.312933,18.992507,-32.5,17.5
7309716.0,-24.596545,30.873237,-22.5,32.5
2783979.0,-30.988964,28.182324,-32.5,27.5
8352161.0,28.141311,-15.431862,27.5,-17.5
2487393.0,-32.195386,25.477071,-32.5,27.5
2480764.0,-34.059895,18.498539,-32.5,17.5
7309558.0,-29.265902,29.517681,-27.5,27.5
1925609.0,-24.380617,31.777253,-22.5,32.5
5322786.0,-33.987044,23.53592,-32.5,22.5
2475259.0,-25.332205,31.801487,-27.5,32.5
5384075.0,28.29906,-16.823549,27.5,-17.5
3732185.0,-29.276447,29.520993,-27.5,27.5
7340730.0,-34.200639,22.042129,-32.5,22.5
2954028.0,-24.364106,30.947495,-22.5,32.5
2440892.0,-3.72597,36.058096,-2.5,37.5
8333642.0,-20.139632,57.754127,-22.5,57.5
2494073.0,-25.116539,31.911671,-27.5,32.5
2441341.0,-17.894744,25.821044,-17.5,27.5
5619236.0,-24.402696,30.938342,-22.5,32.5
12225089.0,28.530444,-16.279939,27.5,-17.5
3974754.0,-33.522025,26.523474,-32.5,27.5
1043717.0,-33.98077,25.509369,-32.5,27.5
2435350.0,-24.818634,31.528358,-22.5,32.5
2706913.0,-34.470993,19.580137,-32.5,17.5
2773489.0,-29.255632,29.428178,-27.5,27.5
2475403.0,-2.862552,38.102555,-2.5,37.5
5348890.0,-25.896037,27.772593,-27.5,27.5
3783481.0,-24.352881,31.071081,-22.5,32.5
5681917.0,-33.921027,22.038198,-32.5,22.5
3082283.0,35.787288,-5.811448,37.5,-7.5
2744987.0,-34.0952,18.428986,-32.5,17.5
1893562.0,-29.48831,30.261123,-27.5,32.5
7340566.0,31.080088,-4.042295,32.5,-2.5
1082819.0,-28.895712,26.391462,-27.5,27.5
10978473.0,-34.471127,19.580443,-32.5,17.5
2928576.0,-25.807882,28.260931,-27.5,27.5
3140959.0,-25.865016,27.49817,-27.5,27.5
3706134.0,-34.147444,18.319825,-32.5,17.5
2763987.0,-24.596625,30.873215,-22.5,32.5
5544393.0,-24.596427,30.873405,-22.5,32.5
2763050.0,5.930547,38.233898,7.5,37.5
7262029.0,-32.701033,25.617962,-32.5,27.5
5406695.0,-20.324247,25.312617,-22.5,27.5
2457453.0,-23.108904,31.435554,-22.5,32.5
6093047.0,-33.94289,22.450092,-32.5,22.5
2863377.0,-29.248149,29.447837,-27.5,27.5
8083538.0,-33.980919,25.509378,-32.5,27.5
2079176.0,28.537522,-16.395622,27.5,-17.5
5414566.0,5.661103,-0.1171,7.5,-2.5
2492810.0,-29.817756,30.812092,-27.5,32.5
2495696.0,31.623076,-7.995941,32.5,-7.5
3170442.0,-26.241494,28.012169,-27.5,27.5
2749511.0,-34.089908,18.429122,-32.5,17.5
5217671.0,-33.905508,25.392291,-32.5,27.5
2928783.0,28.50622,-16.192679,27.5,-17.5
7831469.0,-24.405847,30.820022,-22.5,32.5
9751099.0,32.749826,-16.773386,32.5,-17.5
5221973.0,-18.867032,47.572019,-17.5,47.5
1919181.0,-23.859749,31.12853,-22.5,32.5
2494083.0,-22.578362,17.227328,-22.5,17.5
2854740.0,-34.100664,18.431009,-32.5,17.5
5208693.0,-33.695617,26.66613,-32.5,27.5
2496468.0,-23.592665,29.78351,-22.5,27.5
3902859.0,-33.998576,18.413613,-32.5,17.5
1234307.0,-29.776762,30.83592,-27.5,32.5
2763050.0,5.926258,38.231941,7.5,37.5
3974744.0,11.989865,18.236075,12.5,17.5
9687165.0,29.982557,31.140609,27.5,32.5
3672052.0,-24.405928,30.819109,-22.5,32.5
8502641.0,-34.075655,22.98228,-32.5,22.5
2492462.0,35.305425,-2.961733,37.5,-2.5
2928576.0,-25.778719,28.298152,-27.5,27.5
7342250.0,-1.108582,35.269053,-2.5,37.5
2750516.0,-29.254917,29.422481,-27.5,27.5
2440888.0,-34.455153,20.402697,-32.5,22.5
3783338.0,-24.446342,31.975687,-22.5,32.5
2435350.0,-24.644155,31.527908,-22.5,32.5
1994767.0,33.587897,-7.62426,32.5,-7.5
2498252.0,-1.446262,34.961926,-2.5,32.5
2441685.0,-24.61377,26.031518,-22.5,27.5
2493680.0,0.06363,32.478069,2.5,32.5
4564725.0,36.72516,2.992262,37.5,2.5
5217671.0,-33.779328,25.7536,-32.5,27.5
2162050.0,-26.058078,32.616363,-27.5,32.5
3084911.0,-24.546944,31.336861,-22.5,32.5
2434255.0,-3.22823,35.55096,-2.5,37.5
2863377.0,-29.254888,29.427084,-27.5,27.5
5230846.0,-28.928013,26.382422,-27.5,27.5
2478181.0,-19.516975,23.636081,-17.5,22.5
3131865.0,-29.268723,29.429333,-27.5,27.5
2441042.0,-32.184764,25.430677,-32.5,27.5
9616058.0,31.443671,-2.72013,32.5,-2.5
1938125.0,-26.686733,25.460158,-27.5,27.5
2379621.0,27.262184,33.892567,27.5,32.5
5544358.0,-29.322618,27.299148,-27.5,27.5
5684902.0,-34.341144,18.868557,-32.5,17.5
2750516.0,-29.269407,29.429533,-27.5,27.5
5405673.0,28.656988,-17.884055,27.5,-17.5
5130392.0,-20.505892,47.240083,-22.5,47.5
9772663.0,-2.787072,38.064968,-2.5,37.5
2482321.0,-2.946325,38.093628,-2.5,37.5
2474381.0,34.252294,-6.665852,32.5,-7.5
2498252.0,-25.116163,31.911462,-27.5,32.5
5638134.0,-34.37325,20.538326,-32.5,22.5
3106967.0,-24.188538,29.621437,-22.5,27.5
2763987.0,-24.303986,30.99243,-22.5,32.5
7456512.0,-24.32827,31.071371,-22.5,32.5
7150619.0,-25.80825,28.261274,-27.5,27.5
7340730.0,-34.129307,19.849725,-32.5,17.5
2486688.0,-17.925578,25.849878,-17.5,27.5
5228322.0,-24.971944,31.665851,-22.5,32.5
7155887.0,11.989667,18.23723,12.5,17.5
6065817.0,-34.061638,18.493551,-32.5,17.5
5220184.0,-32.285146,25.415588,-32.5,27.5
1346697.0,-23.734463,18.351444,-22.5,17.5
5421368.0,-6.916723,39.484595,-7.5,37.5
2776718.0,-34.395829,19.265232,-32.5,17.5
7303185.0,-29.055811,29.398245,-27.5,27.5
3115151.0,-25.856998,27.497011,-27.5,27.5
5229167.0,-24.807769,31.538732,-22.5,32.5
2432851.0,6.48319,3.283666,7.5,2.5
1422973.0,-29.776851,30.835786,-27.5,32.5
9632100.0,-23.108904,31.435554,-22.5,32.5
3085168.0,-25.155458,30.545929,-27.5,32.5
2713751.0,-24.34287,31.073915,-22.5,32.5
5414400.0,12.675378,-13.051717,12.5,-12.5
5170978.0,-34.05401,18.43061,-32.5,17.5
10671440.0,-34.346658,18.927366,-32.5,17.5
2979014.0,-26.060637,28.044131,-27.5,27.5
2496333.0,-34.129316,19.849575,-32.5,17.5
7262029.0,-34.260858,18.456205,-32.5,17.5
3791443.0,-24.126638,31.036044,-22.5,32.5
2744864.0,-33.853927,18.546531,-32.5,17.5
1081159.0,-25.157658,30.546402,-27.5,32.5
3707165.0,-32.260426,25.454284,-32.5,27.5
4388917.0,-15.36137,28.306628,-17.5,27.5
1727809.0,-25.331964,31.803814,-27.5,32.5
5227194.0,-34.352926,18.488625,-32.5,17.5
2481173.0,-34.354561,18.489149,-32.5,17.5
1938125.0,-34.025056,22.2391,-32.5,22.5
5124088.0,-10.769339,25.25577,-12.5,27.5
2489052.0,-1.118938,35.277723,-2.5,37.5
5217671.0,-25.82072,31.794983,-27.5,32.5
3084911.0,-24.463103,30.608912,-22.5,32.5
1428734.0,-23.861025,29.705411,-22.5,27.5
5229167.0,-28.75751,32.063231,-27.5,32.5
6100800.0,35.299085,-2.962956,37.5,-2.5
3597463.0,-25.852784,27.496271,-27.5,27.5
7788295.0,-33.126464,18.058625,-32.5,17.5
11107889.0,-20.209372,25.258097,-22.5,27.5
3741034.0,-29.247897,29.448145,-27.5,27.5
2480513.0,-2.816196,38.054655,-2.5,37.5
6101223.0,-25.354581,31.761393,-27.5,32.5
3741034.0,-29.24753,29.450223,-27.5,27.5
2735117.0,-6.916463,39.483565,-7.5,37.5
9574792.0,-34.031298,18.38931,-32.5,17.5
9797180.0,-1.327232,34.988876,-2.5,32.5
5229466.0,-22.668345,14.817212,-22.5,12.5
5343022.0,31.199705,-3.951758,32.5,-2.5
2157203.0,28.668543,-17.789593,27.5,-17.5
2486688.0,-29.688545,29.595803,-27.5,27.5
1727809.0,-34.035544,22.468037,-32.5,22.5
2496316.0,-29.819004,30.808786,-27.5,32.5
2492725.0,-17.834628,25.628742,-17.5,27.5
7261427.0,-3.163558,35.55178,-2.5,37.5
4252828.0,-33.693515,26.669749,-32.5,27.5
2493966.0,-12.177122,44.39787,-12.5,42.5
4089992.0,-33.693483,26.669524,-32.5,27.5
5788862.0,-24.995312,31.599961,-22.5,32.5
10816858.0,36.803949,3.586192,37.5,2.5
1919181.0,-25.267255,29.982797,-27.5,27.5
7331120.0,-25.859479,27.49753,-27.5,27.5
5168935.0,-29.089722,26.156389,-27.5,27.5
5221196.0,-33.769839,21.530853,-32.5,22.5
3570325.0,-24.59625,30.874425,-22.5,32.5
3727574.0,-23.714817,31.26587,-22.5,32.5
4064880.0,28.29906,-16.823549,27.5,-17.5
2491596.0,-32.232322,25.431722,-32.5,27.5
2928783.0,28.593419,-13.943247,27.5,-12.5
11366957.0,-23.578168,29.813901,-22.5,27.5
5229167.0,-28.747742,32.082186,-27.5,32.5
1428738.0,-34.034415,18.418314,-32.5,17.5
1320481.0,-29.776791,30.835905,-27.5,32.5
3100375.0,14.609908,-17.152411,12.5,-17.5
5217753.0,-23.587169,29.784605,-22.5,27.5
2482634.0,-33.882101,19.169854,-32.5,17.5
2441247.0,-23.874513,31.125992,-22.5,32.5
2482099.0,16.519134,-14.780583,17.5,-12.5
6894340.0,-25.524182,26.897966,-27.5,27.5
6894778.0,-24.111483,15.908703,-22.5,17.5
5217753.0,-25.675567,30.958499,-27.5,32.5
5239483.0,-33.961405,23.900253,-32.5,22.5
5286296.0,28.172256,-16.625647,27.5,-17.5
7938213.0,-32.680053,18.244738,-32.5,17.5
3745006.0,-25.158904,30.546927,-27.5,32.5
2264112.0,-29.849862,31.084858,-27.5,32.5
2478916.0,-30.083485,30.866268,-32.5,32.5
3974754.0,-33.362041,26.482468,-32.5,27.5
2441757.0,-28.219998,31.948204,-27.5,32.5
1693517.0,-33.949899,18.861202,-32.5,17.5
5231873.0,-24.853998,30.889198,-22.5,32.5
2481173.0,-34.195022,22.13892,-32.5,22.5
2496625.0,-29.776847,30.835738,-27.5,32.5
3131306.0,-29.489275,30.219458,-27.5,32.5
2853117.0,-21.096428,55.5498,-22.5,57.5
2703467.0,-25.807965,28.261708,-27.5,27.5
11097021.0,-33.986883,25.472829,-32.5,27.5
3974754.0,-33.570118,26.592878,-32.5,27.5
2783718.0,-34.095488,18.42978,-32.5,17.5
2092051.0,-30.650787,30.524958,-32.5,32.5
2480923.0,-3.228797,35.552037,-2.5,37.5
3791443.0,-24.439863,30.622353,-22.5,32.5
2475365.0,-28.220026,31.948263,-27.5,32.5
5619236.0,-25.805249,28.264151,-27.5,27.5
5334788.0,-24.162153,30.253893,-22.5,32.5
11546465.0,-15.416309,28.364855,-17.5,27.5
6894778.0,-24.094802,15.914172,-22.5,17.5
9193953.0,-28.881776,30.024519,-27.5,32.5
9485745.0,-29.671728,17.966524,-27.5,17.5
2495150.0,-34.351045,18.483806,-32.5,17.5
3076142.0,-24.404802,30.813834,-22.5,32.5
3624111.0,-24.407703,30.814082,-22.5,32.5
5212973.0,35.01729,-1.821149,37.5,-2.5
2834242.0,32.758112,-16.786698,32.5,-17.5
2480537.0,-23.592386,29.814705,-22.5,27.5
2498402.0,-25.116174,31.911113,-27.5,32.5
3997490.0,-34.579431,19.77435,-32.5,17.5
2783860.0,-34.410894,19.51453,-32.5,17.5
9456514.0,-20.983724,55.392942,-22.5,57.5
2775154.0,-29.254357,29.43106,-27.5,27.5
2475259.0,-24.569534,27.835279,-22.5,27.5
4368218.0,-33.412605,18.237537,-32.5,17.5
6101223.0,-30.083485,30.866268,-32.5,32.5
2441341.0,-2.98417,38.019814,-2.5,37.5
8054654.0,-24.064678,30.558814,-22.5,32.5
2977771.0,-29.819842,30.809605,-27.5,32.5
10786206.0,28.405289,-16.539646,27.5,-17.5
5682447.0,-34.31089,19.002428,-32.5,17.5
2480454.0,-17.894675,25.821012,-17.5,27.5
2482029.0,-34.059856,18.498404,-32.5,17.5
5229154.0,-24.968028,31.625694,-22.5,32.5
5219436.0,-20.998752,16.762952,-22.5,17.5
1930931.0,-25.156543,30.543328,-27.5,32.5
5225357.0,-23.593014,29.784076,-22.5,27.5
2740024.0,-32.708798,28.362636,-32.5,27.5
2207603.0,-34.140623,18.320884,-32.5,17.5
5171516.0,28.5375,-16.395558,27.5,-17.5
2417781.0,28.372031,-16.279821,27.5,-17.5
3088481.0,-24.461144,30.60983,-22.5,32.5
3703654.0,-21.758732,13.966097,-22.5,12.5
9360401.0,-34.060778,18.494507,-32.5,17.5
2489005.0,-29.129606,31.386314,-27.5,32.5
2975891.0,-28.220026,31.948274,-27.5,32.5
2398634.0,-29.726108,31.088561,-27.5,32.5
2480715.0,12.323366,-1.461073,12.5,-2.5
5231960.0,-2.103416,34.483791,-2.5,32.5
8054654.0,-24.050996,30.558693,-22.5,32.5
2429923.0,-24.933644,30.83879,-22.5,32.5
1903009.0,-33.982016,22.607134,-32.5,22.5
2878688.0,-33.835913,18.877038,-32.5,17.5
7262034.0,0.079268,32.472364,2.5,32.5
2975585.0,-24.578378,30.616131,-22.5,32.5
5311790.0,-17.925662,25.853545,-17.5,27.5
8182110.0,-30.259903,30.588453,-32.5,32.5
2498452.0,-33.942475,22.450044,-32.5,22.5
5219404.0,-32.35723,25.563539,-32.5,27.5
3874536.0,-24.404744,30.817734,-22.5,32.5
4360068.0,-34.389629,20.867916,-32.5,22.5
7983173.0,-28.048736,32.308329,-27.5,32.5
2489052.0,-28.220054,31.948387,-27.5,32.5
5296478.0,-34.579594,19.774072,-32.5,17.5
3085168.0,-24.162174,30.254271,-22.5,32.5
8164714.0,28.452017,-14.035128,27.5,-12.5
2735117.0,-6.91636,39.482144,-7.5,37.5
3578319.0,-24.405436,30.820407,-22.5,32.5
2036462.0,-29.781895,30.845541,-27.5,32.5
3974754.0,-33.632407,26.61528,-32.5,27.5
9125207.0,-20.442442,57.403637,-22.5,57.5
3190474.0,5.66103,-0.117192,7.5,-2.5
4093688.0,-21.264979,15.160991,-22.5,17.5
7340518.0,-29.677388,31.110254,-27.5,32.5
1932752.0,-29.776747,30.835891,-27.5,32.5
8704606.0,-24.532559,30.640361,-22.5,32.5
8310300.0,-24.452547,31.977672,-22.5,32.5
1727415.0,-29.296575,29.629238,-27.5,27.5
1772352.0,-2.086431,34.493168,-2.5,32.5
2684451.0,31.165798,-8.045659,32.5,-7.5
2441757.0,-30.850016,24.900872,-32.5,22.5
2475259.0,-20.405391,17.358773,-22.5,17.5
3997395.0,-26.18287,31.170452,-27.5,32.5
1919214.0,-33.982016,22.607134,-32.5,22.5
9487001.0,-25.199676,31.876418,-27.5,32.5
2891661.0,28.395929,-16.594119,27.5,-17.5
5361969.0,-21.759689,13.968066,-22.5,12.5
5229136.0,-34.060778,18.494507,-32.5,17.5
2493963.0,-28.219998,31.948322,-27.5,32.5
5231319.0,-34.070325,18.521362,-32.5,17.5
5297174.0,-34.075757,18.399947,-32.5,17.5
2481784.0,-34.807689,20.05928,-32.5,22.5
3076520.0,-28.942029,31.769117,-27.5,32.5
5373341.0,28.757238,-17.735747,27.5,-17.5
9700256.0,-25.067303,31.551317,-27.5,32.5
5232086.0,12.39445,-1.491845,12.5,-2.5
5231530.0,-33.973352,18.786225,-32.5,17.5
2452959.0,-24.027012,27.073101,-22.5,27.5
5220111.0,-19.013142,16.395149,-17.5,17.5
2441757.0,-33.550558,24.009051,-32.5,22.5
1310712.0,-25.377516,31.85843,-27.5,32.5
7931200.0,11.989533,18.23669,12.5,17.5
6095338.0,-34.06097,18.4961,-32.5,17.5
2975891.0,-24.406536,30.818266,-22.5,32.5
5573538.0,-24.406381,30.818513,-22.5,32.5
7340881.0,-29.781797,30.845656,-27.5,32.5
1932752.0,-29.781832,30.845736,-27.5,32.5
2473845.0,-20.578045,16.743012,-22.5,17.5
2480876.0,28.133189,-16.785958,27.5,-17.5
2892284.0,28.395821,-16.594259,27.5,-17.5
3678071.0,-23.859749,31.12853,-22.5,32.5
5229199.0,-7.361711,39.531418,-7.5,37.5
3852858.0,-24.394253,31.9689,-22.5,32.5
2498396.0,-1.447807,34.96204,-2.5,32.5
3104491.0,28.506706,-16.192082,27.5,-17.5
2773678.0,-28.959654,29.204483,-27.5,27.5
2486146.0,-32.260837,25.454342,-32.5,27.5
2441757.0,-32.704054,25.651037,-32.5,27.5
10671440.0,-33.538734,23.725684,-32.5,22.5
2494015.0,-20.578268,16.743267,-22.5,17.5
2492444.0,-32.260291,25.454312,-32.5,27.5
5137828.0,-29.816213,30.811649,-27.5,32.5
2379874.0,-20.130581,57.757154,-22.5,57.5
5637947.0,-34.370694,20.558286,-32.5,22.5
2470423.0,-34.127055,18.918087,-32.5,17.5
5289670.0,28.506818,-16.19226,27.5,-17.5
1733230.0,-24.405048,30.813402,-22.5,32.5
5739315.0,36.72529,2.991462,37.5,2.5
2481915.0,-19.036771,16.341054,-17.5,17.5
2928381.0,-27.048108,32.422546,-27.5,32.5
5845381.0,-2.872018,38.075297,-2.5,37.5
2481236.0,-34.288123,21.915786,-32.5,22.5
3974754.0,-33.462539,26.484348,-32.5,27.5
1922468.0,-24.40517,30.82038,-22.5,32.5
2306610.0,-34.213261,24.837713,-32.5,22.5
6100943.0,-29.680451,29.530229,-27.5,27.5
3852858.0,-24.448867,31.974972,-22.5,32.5
2453195.0,-29.77679,30.835873,-27.5,32.5
4382864.0,28.41722,-16.547737,27.5,-17.5
6111581.0,-24.524042,30.890685,-22.5,32.5
3144854.0,28.076157,-14.377375,27.5,-12.5
5136113.0,-25.81308,28.286428,-27.5,27.5
1727415.0,-34.369507,18.885193,-32.5,17.5
8959277.0,-24.847665,31.567622,-22.5,32.5
1924713.0,-24.3805,31.777425,-22.5,32.5
3082283.0,-25.97678,32.585562,-27.5,32.5
2158863.0,-33.873834,18.677773,-32.5,17.5
5217208.0,-23.859749,31.12853,-22.5,32.5
3086527.0,-4.65778,55.410199,-2.5,57.5
2495414.0,31.625884,-7.988373,32.5,-7.5
1938125.0,-31.960817,25.477195,-32.5,27.5
2480391.0,-30.274856,30.739827,-32.5,32.5
7941647.0,-34.59364,19.486809,-32.5,17.5
9193953.0,-24.463174,30.60898,-22.5,32.5
5830619.0,-25.801759,28.262301,-27.5,27.5
9221784.0,32.707587,-16.891192,32.5,-17.5
7692345.0,-34.330719,19.007624,-32.5,17.5
9125207.0,-20.255024,57.75656,-22.5,57.5
5828232.0,-25.42612,27.2243,-27.5,27.5
2763050.0,5.943701,38.250881,7.5,37.5
5405673.0,28.29906,-16.823549,27.5,-17.5
2965093.0,36.603135,4.724291,37.5,2.5
4109540.0,-19.240158,16.129526,-17.5,17.5
1932976.0,28.859749,-13.866186,27.5,-12.5
3727574.0,-25.339095,31.781411,-27.5,32.5
7340984.0,-24.524168,30.89073,-22.5,32.5
5637070.0,-34.367852,20.545484,-32.5,22.5
3104261.0,-34.373365,20.538011,-32.5,22.5
5795061.0,-4.312511,39.581112,-2.5,37.5
2651520.0,-28.963354,31.757785,-27.5,32.5
2384552.0,27.260423,33.874079,27.5,32.5
5230801.0,-28.220002,31.948285,-27.5,32.5
2742454.0,-22.675684,14.521751,-22.5,12.5
4261391.0,-25.859627,27.497388,-27.5,27.5
2417781.0,28.448816,-16.217229,27.5,-17.5
11813971.0,-31.77054,25.637192,-32.5,27.5
2456956.0,-32.715114,25.645213,-32.5,27.5
3105821.0,28.074086,-16.657113,27.5,-17.5
2441757.0,-33.551449,23.989535,-32.5,22.5
5637948.0,-34.575291,19.735583,-32.5,17.5
7334434.0,28.299045,-16.823692,27.5,-17.5
6894339.0,-31.747435,23.313949,-32.5,22.5
2475955.0,-20.359733,17.484564,-22.5,17.5
2482315.0,-25.34188,31.812026,-27.5,32.5
4382864.0,28.417212,-16.547558,27.5,-17.5
5963045.0,0.064578,32.477539,2.5,32.5
7494800.0,-28.219993,31.948236,-27.5,32.5
5220285.0,-33.946697,22.463617,-32.5,22.5
1861584.0,-24.45258,31.977895,-22.5,32.5
2441044.0,-2.225653,34.923187,-2.5,32.5
5229971.0,-33.974282,18.785723,-32.5,17.5
3699271.0,-24.596493,30.873629,-22.5,32.5
5602023.0,-24.403843,30.814616,-22.5,32.5
1727809.0,-23.859749,31.12853,-22.5,32.5
10106327.0,-29.268221,29.506029,-27.5,27.5
2441757.0,-20.209436,25.258106,-22.5,27.5
1427721.0,-34.066701,18.810943,-32.5,17.5
2484853.0,-29.439718,29.518232,-27.5,27.5
4486826.0,31.615942,-8.010236,32.5,-7.5
5296554.0,-29.270457,29.485911,-27.5,27.5
5959111.0,-29.299428,17.189622,-27.5,17.5
1937849.0,-1.378742,36.764728,-2.5,37.5
8959277.0,-24.795404,31.545003,-22.5,32.5
8994891.0,28.643555,-17.934518,27.5,-17.5
4299368.0,-29.001686,29.475751,-27.5,27.5
10851350.0,-34.033069,18.408115,-32.5,17.5
5638134.0,-34.581031,19.780008,-32.5,17.5
3020890.0,28.474449,-16.310874,27.5,-17.5
7334223.0,-31.932622,24.554808,-32.5,22.5
9728226.0,-24.046117,27.064147,-22.5,27.5
5297264.0,-29.781753,30.775078,-27.5,32.5
3065787.0,-32.722243,28.309884,-32.5,27.5
2492822.0,36.747656,2.969933,37.5,2.5
2777724.0,28.148036,-16.735993,27.5,-17.5
1425952.0,-28.786946,32.102994,-27.5,32.5
2494088.0,-29.659717,29.538953,-27.5,27.5
2440880.0,-24.89607,31.596747,-22.5,32.5
2274219.0,-33.900409,18.403125,-32.5,17.5
5217671.0,-30.275144,30.739401,-32.5,32.5
8419262.0,-24.532,31.347751,-22.5,32.5
2763050.0,5.938259,38.251014,7.5,37.5
2429714.0,-29.582067,30.294392,-27.5,32.5
8901465.0,-33.490825,26.176745,-32.5,27.5
2956176.0,-4.261897,39.593474,-2.5,37.5
2469656.0,-29.289687,16.883297,-27.5,17.5
7658661.0,-26.450751,31.998528,-27.5,32.5
8683892.0,-34.054926,18.439776,-32.5,17.5
3642907.0,-33.730975,26.580958,-32.5,27.5
5229144.0,-24.96193,31.734705,-22.5,32.5
2480800.0,-24.054417,27.097017,-22.5,27.5
5229409.0,-20.754683,16.744261,-22.5,17.5
5361969.0,-25.565836,26.41741,-27.5,27.5
7331120.0,-25.800444,28.263631,-27.5,27.5
2449077.0,-25.321253,31.520063,-27.5,32.5
3034128.0,-24.161843,30.25394,-22.5,32.5
6056988.0,-25.853878,27.49675,-27.5,27.5
5231999.0,12.39445,-1.491845,12.5,-2.5
5225013.0,-24.756288,31.810708,-22.5,32.5
4054608.0,-25.898264,27.797897,-27.5,27.5
4070410.0,-32.834485,27.737151,-32.5,27.5
2650128.0,36.919783,7.654183,37.5,7.5
8252309.0,-34.352692,18.484458,-32.5,17.5
2441247.0,-17.908594,25.989745,-17.5,27.5
2480350.0,-34.06097,18.4961,-32.5,17.5
9711656.0,-33.420517,18.250692,-32.5,17.5
12217905.0,35.305488,-2.961734,37.5,-2.5
2209874.0,36.747244,2.967097,37.5,2.5
1428965.0,-20.505822,47.239878,-22.5,47.5
2498302.0,34.38744,-6.610031,32.5,-7.5
5707341.0,-1.097191,35.294673,-2.5,37.5
4372625.0,-20.139632,57.754127,-22.5,57.5
2651816.0,28.582936,-13.932006,27.5,-12.5
2481800.0,-25.116036,31.911562,-27.5,32.5
7262034.0,-23.59089,29.784196,-22.5,27.5
1861584.0,-24.452847,31.977255,-22.5,32.5
2651816.0,28.416809,-16.549983,27.5,-17.5
3105698.0,28.507081,-16.192247,27.5,-17.5
7340285.0,-20.501944,16.664448,-22.5,17.5
5229203.0,0.06812,32.460848,2.5,32.5
5210646.0,-29.715078,31.093881,-27.5,32.5
3844680.0,-34.342292,18.99764,-32.5,17.5
2874173.0,-30.259903,30.588453,-32.5,32.5
5230851.0,-29.816832,30.810855,-27.5,32.5
2481899.0,-33.695148,26.667966,-32.5,27.5
2490689.0,-19.226646,15.978423,-17.5,17.5
2953137.0,13.510803,-16.463813,12.5,-17.5
2264510.0,-32.769457,28.235246,-32.5,27.5
10352494.0,-3.513544,36.028325,-2.5,37.5
6066199.0,-2.847465,38.074402,-2.5,37.5
5138841.0,-25.156429,30.541045,-27.5,32.5
2473849.0,-2.863238,38.074402,-2.5,37.5
7978064.0,-24.453167,32.008111,-22.5,32.5
9456514.0,-26.812086,31.917916,-27.5,32.5
5051832.0,-34.039721,22.13244,-32.5,22.5
6065817.0,-33.148255,18.001919,-32.5,17.5
2874852.0,-4.793772,55.536106,-2.5,57.5
2473944.0,-24.257103,30.982077,-22.5,32.5
3974754.0,-33.629976,26.61161,-32.5,27.5
2264510.0,-32.72677,28.308307,-32.5,27.5
6894750.0,-24.096008,15.91825,-22.5,17.5
5358748.0,-34.047937,18.454311,-32.5,17.5
1428848.0,-34.03959,22.132485,-32.5,22.5
2475954.0,-20.836492,16.649904,-22.5,17.5
7287224.0,-24.149849,30.316856,-22.5,32.5
3189680.0,-33.971223,18.450166,-32.5,17.5
2925303.0,-25.42612,27.2243,-27.5,27.5
1341976.0,-25.88771,28.233876,-27.5,27.5
2437454.0,-32.160357,25.470579,-32.5,27.5
2441105.0,-33.294108,25.734253,-32.5,27.5
3875856.0,-28.94626,29.208325,-27.5,27.5
1427721.0,-34.066458,18.810455,-32.5,17.5
2177741.0,-4.658701,39.370951,-2.5,37.5
5218781.0,-24.868125,31.56095,-22.5,32.5
2441105.0,-24.822036,31.54845,-22.5,32.5
2784068.0,-34.097528,18.449451,-32.5,17.5
5682142.0,-34.312949,18.992555,-32.5,17.5
2480685.0,-33.974952,18.784587,-32.5,17.5
5135944.0,-33.370797,26.432415,-32.5,27.5
2482080.0,-17.897093,25.826337,-17.5,27.5
2766030.0,-33.881605,19.07233,-32.5,17.5
9700256.0,-24.350017,31.074891,-22.5,32.5
2480372.0,-34.077397,18.50992,-32.5,17.5
10754273.0,-24.404936,30.819961,-22.5,32.5
1024987.0,-24.405133,30.813936,-22.5,32.5
5211134.0,27.258158,33.884672,27.5,32.5
3117469.0,-28.219946,31.948274,-27.5,32.5
4352332.0,28.367345,-13.869195,27.5,-12.5
3114968.0,-33.750785,18.442074,-32.5,17.5
5225997.0,-29.781749,30.775711,-27.5,32.5
3793673.0,-25.8596,27.497474,-27.5,27.5
7262029.0,-34.010499,18.412189,-32.5,17.5
5403742.0,36.588531,4.693459,37.5,2.5
4261391.0,-25.852931,27.496499,-27.5,27.5
2175947.0,-30.985901,30.274206,-32.5,32.5
2842127.0,-33.98715,23.5371,-32.5,22.5
1651891.0,-29.089722,26.156389,-27.5,27.5
2480923.0,-34.277008,19.20628,-32.5,17.5
1423286.0,-34.060677,18.495649,-32.5,17.5
1925609.0,5.658664,-0.18438,7.5,-2.5
2441144.0,-1.135265,35.303743,-2.5,37.5
2480665.0,-24.944268,31.672985,-22.5,32.5
2480830.0,-1.121079,35.28026,-2.5,37.5
5219598.0,-32.221151,25.483069,-32.5,27.5
1950156.0,-33.982016,22.607134,-32.5,22.5
2887200.0,-34.009273,25.682388,-32.5,27.5
2486138.0,-34.418104,19.153361,-32.5,17.5
4070390.0,-25.86517,27.498254,-27.5,27.5
8349333.0,-34.590611,19.473801,-32.5,17.5
5362008.0,34.861019,-1.268349,32.5,-2.5
1319624.0,31.080088,-4.042295,32.5,-2.5
9114626.0,-33.975066,18.462037,-32.5,17.5
5229167.0,-19.523022,23.636914,-17.5,22.5
5791800.0,-29.660755,25.378758,-27.5,27.5
2429886.0,-34.809054,19.95592,-32.5,17.5
7386178.0,-25.979553,27.79801,-27.5,27.5
5229167.0,-28.946044,29.205449,-27.5,27.5
2481776.0,-20.141755,57.750971,-22.5,57.5
4341363.0,-4.312891,39.582807,-2.5,37.5
7321777.0,-25.859592,27.497386,-27.5,27.5
2480426.0,-24.756288,31.810708,-22.5,32.5
5684902.0,-34.342954,18.868725,-32.5,17.5
2978730.0,-34.58918,19.472903,-32.5,17.5
3034922.0,-33.862897,18.629463,-32.5,17.5
3664589.0,-34.012683,18.338725,-32.5,17.5
2482521.0,-34.12764,21.936436,-32.5,22.5
2963670.0,-34.325598,19.005084,-32.5,17.5
5638072.0,-34.347978,18.927228,-32.5,17.5
5297754.0,-33.989728,18.413795,-32.5,17.5
7340870.0,-28.74776,32.082217,-27.5,32.5
5871389.0,-33.966062,18.479889,-32.5,17.5
2883759.0,-25.849214,27.496127,-27.5,27.5
2440892.0,-3.083915,35.48157,-2.5,37.5
2443894.0,-30.170196,30.71678,-32.5,32.5
3166100.0,-34.321259,19.007056,-32.5,17.5
7456512.0,-24.328325,31.071414,-22.5,32.5
2521236.0,-25.816083,28.281449,-27.5,27.5
5546739.0,-24.149855,30.316848,-22.5,32.5
7931200.0,11.989488,18.236673,12.5,17.5
10875768.0,-32.219306,25.483645,-32.5,27.5
5225997.0,-28.22004,31.948311,-27.5,32.5
3064495.0,-24.152451,30.302603,-22.5,32.5
5414420.0,-29.718392,31.09172,-27.5,32.5
5544186.0,-25.895022,27.800981,-27.5,27.5
7341262.0,-20.41265,17.352444,-22.5,17.5
5952269.0,-24.45802,30.77798,-22.5,32.5
5721239.0,-12.292412,44.425617,-12.5,42.5
6089176.0,-34.365428,18.89218,-32.5,17.5
3930223.0,-29.261302,29.455013,-27.5,27.5
2854740.0,-34.095462,18.428784,-32.5,17.5
2978552.0,-34.367208,19.142054,-32.5,17.5
2480730.0,-34.30306,19.764997,-32.5,17.5
5637215.0,-34.404212,19.286267,-32.5,17.5
5380041.0,-24.46309,30.60905,-22.5,32.5
9125207.0,-20.047053,57.528288,-22.5,57.5
5226254.0,-34.351876,18.927797,-32.5,17.5
1928746.0,-24.452483,31.977372,-22.5,32.5
2440892.0,-18.994189,15.581232,-17.5,17.5
5225388.0,-25.067166,31.55222,-27.5,32.5
4102001.0,28.300729,-16.373749,27.5,-17.5
2773431.0,-33.980587,18.409951,-32.5,17.5
5968755.0,28.203828,-16.833147,27.5,-17.5
10777550.0,-32.260786,25.454309,-32.5,27.5
3621302.0,-29.557799,31.196762,-27.5,32.5
2482478.0,-28.948774,29.204548,-27.5,27.5
2474937.0,-29.358605,29.956492,-27.5,27.5
2429923.0,-25.91077,27.788899,-27.5,27.5
5218741.0,-22.822408,28.517712,-22.5,27.5
2441757.0,-31.249748,23.480257,-32.5,22.5
2984565.0,0.277313,6.649042,2.5,7.5
7307851.0,28.517095,-16.193847,27.5,-17.5
5311790.0,-17.925653,25.853547,-17.5,27.5
2494099.0,-33.973845,18.785935,-32.5,17.5
3579429.0,-25.859585,27.497368,-27.5,27.5
5384064.0,-24.577067,30.625179,-22.5,32.5
5523203.0,-34.585667,19.780675,-32.5,17.5
5229154.0,-1.131141,35.266908,-2.5,37.5
5225423.0,-29.29075,17.043857,-27.5,17.5
8427624.0,-23.828184,30.157009,-22.5,32.5
5210964.0,-33.695622,26.666144,-32.5,27.5
11135852.0,-30.985727,30.274255,-32.5,32.5
1933649.0,-29.12938,31.385878,-27.5,32.5
11366097.0,-29.776824,30.835928,-27.5,32.5
2456029.0,-24.071997,31.0229,-22.5,32.5
5384075.0,28.398834,-14.155781,27.5,-12.5
2440892.0,-1.141666,35.388836,-2.5,37.5
2494098.0,-29.701464,29.598348,-27.5,27.5
6066519.0,-34.06015,18.497922,-32.5,17.5
3170326.0,-27.038496,32.448445,-27.5,32.5
3067114.0,28.024285,-14.269495,27.5,-12.5
10671440.0,-32.318122,18.329425,-32.5,17.5
1310567.0,-33.937472,18.510447,-32.5,17.5
5229467.0,-25.674,28.189,-27.5,27.5
3997666.0,-33.921904,18.704831,-32.5,17.5
1134574.0,-14.002124,34.520638,-12.5,32.5
3069353.0,-28.220021,31.94822,-27.5,32.5
1945587.0,-25.156212,30.542165,-27.5,32.5
1734990.0,-24.452962,31.977433,-22.5,32.5
1892555.0,-24.503394,30.83853,-22.5,32.5
3995774.0,-33.986436,20.447606,-32.5,22.5
4486826.0,33.544996,-7.644299,32.5,-7.5
4055797.0,-25.853926,27.496799,-27.5,27.5
5217671.0,-30.281094,30.754179,-32.5,32.5
5426027.0,-25.842232,28.234117,-27.5,27.5
5959111.0,-29.046525,30.298689,-27.5,32.5
5373341.0,28.299478,-16.823762,27.5,-17.5
5728452.0,-34.212789,24.837701,-32.5,22.5
5398279.0,34.861019,-1.268349,32.5,-2.5
5219404.0,-3.196291,35.612309,-2.5,37.5
1862311.0,-34.611392,19.329237,-32.5,17.5
7310665.0,28.45871,-16.405543,27.5,-17.5
2475443.0,-28.220031,31.948301,-27.5,32.5
2160053.0,-29.776837,30.835878,-27.5,32.5
3997169.0,-34.332292,18.987963,-32.5,17.5
4070334.0,-29.067251,26.215945,-27.5,27.5
3997575.0,-34.068543,20.458575,-32.5,22.5
8534798.0,-25.845514,27.49656,-27.5,27.5
2482097.0,-26.11699,27.851656,-27.5,27.5
5132529.0,-28.513504,28.652991,-27.5,27.5
2479007.0,-25.332707,31.798045,-27.5,32.5
2650829.0,-34.412362,19.174845,-32.5,17.5
1863640.0,-10.769531,25.256304,-12.5,27.5
2428904.0,-24.067232,30.561608,-22.5,32.5
6409706.0,-31.249946,23.482368,-32.5,22.5
2480840.0,-25.498037,31.480513,-27.5,32.5
2480730.0,-32.223371,25.431369,-32.5,27.5
1423913.0,-29.776771,30.835856,-27.5,32.5
6894730.0,-24.10116,15.91531,-22.5,17.5
5219404.0,-24.981695,31.437652,-22.5,32.5
7323604.0,-25.332968,31.801613,-27.5,32.5
3149462.0,6.598542,3.357272,7.5,2.5
5220184.0,-34.140201,19.497521,-32.5,17.5
2498010.0,-34.084228,18.517971,-32.5,17.5
5220184.0,-32.260323,25.427001,-32.5,27.5
7341262.0,-32.224784,25.478056,-32.5,27.5
2481890.0,-34.062004,18.493813,-32.5,17.5
3976037.0,-24.406019,30.819039,-22.5,32.5
1728523.0,-25.897666,27.7992,-27.5,27.5
5229167.0,-3.2105,35.60081,-2.5,37.5
1423913.0,-28.780653,32.094559,-27.5,32.5
3880382.0,-33.998569,18.413233,-32.5,17.5
7307851.0,28.758297,-18.004843,27.5,-17.5
2494088.0,-25.117834,31.916276,-27.5,32.5
7335563.0,-24.576995,30.624671,-22.5,32.5
2984508.0,-24.460677,30.609633,-22.5,32.5
2735117.0,-6.916723,39.484595,-7.5,37.5
5606855.0,-24.260999,29.620737,-22.5,27.5
2763112.0,-32.723815,28.313529,-32.5,27.5
2480537.0,-28.220045,31.948317,-27.5,32.5
2716226.0,-25.807882,28.260931,-27.5,27.5
2970728.0,-33.980667,20.813983,-32.5,22.5
3887443.0,-25.771039,28.297104,-27.5,27.5
1933649.0,-33.966062,18.479884,-32.5,17.5
3974754.0,-33.54251,26.54105,-32.5,27.5
9150405.0,29.96783,31.267236,27.5,32.5
2744398.0,-34.093233,18.43059,-32.5,17.5
3884533.0,-33.69352,26.669427,-32.5,27.5
7340401.0,-34.080503,18.399642,-32.5,17.5
5130487.0,-20.507348,47.239595,-22.5,47.5
2874190.0,-15.377712,28.39258,-17.5,27.5
2475365.0,-25.223155,31.871477,-27.5,32.5
3974754.0,-33.469594,26.480593,-32.5,27.5
5170988.0,-25.108219,31.512364,-27.5,32.5
2441034.0,-3.113608,35.439285,-2.5,37.5
7261427.0,-1.113966,35.274309,-2.5,37.5
8427624.0,28.395871,-16.593955,27.5,-17.5
1942762.0,-24.569703,27.835521,-22.5,27.5
2490296.0,-32.237317,25.460016,-32.5,27.5
2434188.0,-34.100753,18.433003,-32.5,17.5
2928598.0,-33.933074,22.421657,-32.5,22.5
3875567.0,-24.595115,30.912047,-22.5,32.5
2473341.0,-1.146232,35.350566,-2.5,37.5
2470656.0,-24.902899,31.751395,-22.5,32.5
5637070.0,-34.370629,20.557642,-32.5,22.5
3085188.0,-24.460794,30.609654,-22.5,32.5
2494058.0,0.062081,32.479351,2.5,32.5
3188875.0,-28.946891,29.230116,-27.5,27.5
8054654.0,-30.213283,30.782801,-32.5,32.5
7576376.0,28.531628,-16.340259,27.5,-17.5
1428835.0,-29.110555,31.600413,-27.5,32.5
3035211.0,-29.278606,29.518143,-27.5,27.5
3104261.0,-34.471153,19.579857,-32.5,17.5
2470656.0,-3.42653,35.813015,-2.5,37.5
6276546.0,-30.987657,30.276576,-32.5,32.5
5544282.0,-29.265453,29.461603,-27.5,27.5
2484861.0,-2.85638,38.073029,-2.5,37.5
2750516.0,-29.263451,29.435482,-27.5,27.5
4256278.0,-25.865837,27.498318,-27.5,27.5
5591182.0,-28.683184,28.930696,-27.5,27.5
5570086.0,-25.848183,27.496094,-27.5,27.5
2490668.0,-33.202758,18.129262,-32.5,17.5
5407844.0,-34.31309,19.008504,-32.5,17.5
2747060.0,-25.887324,28.232932,-27.5,27.5
5229203.0,-30.202371,30.099428,-32.5,32.5
2493963.0,-29.781729,30.845637,-27.5,32.5
2498415.0,27.045106,33.901303,27.5,32.5
2999927.0,-21.096031,55.550456,-22.5,57.5
7273321.0,-24.260834,29.620612,-22.5,27.5
4261911.0,-25.403137,28.427587,-27.5,27.5
2440506.0,-6.273333,39.490866,-7.5,37.5
6122542.0,-24.452508,31.9777,-22.5,32.5
1933649.0,-25.157176,30.542268,-27.5,32.5
5229137.0,-2.132616,34.481697,-2.5,32.5
9114626.0,-34.424987,19.227943,-32.5,17.5
3131359.0,-29.254227,29.423888,-27.5,27.5
4070128.0,-28.89545,26.391753,-27.5,27.5
3698514.0,-18.434153,21.905536,-17.5,22.5
5220160.0,-3.258079,35.401302,-2.5,37.5
5959111.0,-24.08593,31.025581,-22.5,32.5
1670707.0,-33.94449,22.063869,-32.5,22.5
5296462.0,-34.090333,18.421475,-32.5,17.5
5408678.0,-33.921992,18.70572,-32.5,17.5
2440892.0,-19.116972,16.340224,-17.5,17.5
5051803.0,-25.28614,31.531606,-27.5,32.5
5220285.0,-33.921222,18.706947,-32.5,17.5
2480377.0,-2.872839,38.068909,-2.5,37.5
5361841.0,-23.829142,30.155816,-22.5,32.5
9515886.0,-34.131428,18.430455,-32.5,17.5
6893427.0,-24.420778,31.983842,-22.5,32.5
2474381.0,-34.060786,18.494513,-32.5,17.5
3995774.0,-33.979585,20.824125,-32.5,22.5
2331812.0,-33.695684,26.664607,-32.5,27.5
1906006.0,-26.057942,32.616301,-27.5,32.5
2078842.0,27.765206,-15.556248,27.5,-17.5
2441044.0,-2.915523,38.002752,-2.5,37.5
5218781.0,-3.168363,35.543103,-2.5,37.5
2490719.0,27.765227,-15.556295,27.5,-17.5
4070813.0,-33.922667,18.70362,-32.5,17.5
8295156.0,-24.341725,31.072957,-22.5,32.5
3070041.0,-3.790175,36.01737,-2.5,37.5
2494303.0,32.867841,-17.168515,32.5,-17.5
5209766.0,-20.130581,57.757154,-22.5,57.5
3886928.0,-29.249353,29.443516,-27.5,27.5
2740395.0,-29.217539,29.548942,-27.5,27.5
5170461.0,-33.910809,18.707402,-32.5,17.5
6065652.0,-34.131397,18.430372,-32.5,17.5
2429906.0,-23.586931,29.784564,-22.5,27.5
5679270.0,-21.066219,55.541531,-22.5,57.5
3086861.0,-24.459438,30.610235,-22.5,32.5
5684170.0,-34.116905,18.449449,-32.5,17.5
2492576.0,-28.220012,31.948252,-27.5,32.5
3035211.0,-25.865514,27.49819,-27.5,27.5
2888092.0,-25.85374,27.496745,-27.5,27.5
3875567.0,-25.862442,27.497055,-27.5,27.5
2475955.0,-24.817707,31.545525,-22.5,32.5
6892691.0,-28.855096,30.010104,-27.5,32.5
1083024.0,-34.099377,18.836033,-32.5,17.5
2482097.0,-34.369665,18.885623,-32.5,17.5
5384064.0,-31.771059,25.638151,-32.5,27.5
2489073.0,-23.590656,29.784578,-22.5,27.5
7335563.0,-28.7013,30.015761,-27.5,32.5
7321783.0,-34.027379,18.385396,-32.5,17.5
5231244.0,31.09636,-4.042671,32.5,-2.5
1947113.0,-24.452317,31.977597,-22.5,32.5
4054608.0,-25.85297,27.496576,-27.5,27.5
7687849.0,-25.851293,27.496752,-27.5,27.5
5544347.0,-34.009573,25.681999,-32.5,27.5
5305137.0,-29.275332,29.433351,-27.5,27.5
2852606.0,-29.248094,29.447811,-27.5,27.5
7692345.0,-34.091049,18.428336,-32.5,17.5
2928366.0,28.46871,-16.451345,27.5,-17.5
2952780.0,-24.577044,30.625124,-22.5,32.5
2482315.0,-34.151237,18.887245,-32.5,17.5
2480537.0,-25.208209,31.572495,-27.5,32.5
6109699.0,30.693472,-6.441052,32.5,-7.5
1428848.0,-32.260621,25.454035,-32.5,27.5
7340488.0,-32.238792,25.431765,-32.5,27.5
8270791.0,-24.406448,30.818378,-22.5,32.5
5127094.0,-33.315916,26.533948,-32.5,27.5
5420509.0,-24.929221,47.044803,-22.5,47.5
2891661.0,32.698567,-17.085514,32.5,-17.5
2494083.0,-32.260853,25.454329,-32.5,27.5
4099723.0,-25.825597,28.378353,-27.5,27.5
1096853.0,-34.418006,19.153485,-32.5,17.5
5229360.0,35.137563,-1.825337,37.5,-2.5
7941364.0,-22.73372,16.060889,-22.5,17.5
2429955.0,-34.349928,18.927346,-32.5,17.5
5041423.0,-24.364404,30.947279,-22.5,32.5
6892714.0,-33.973756,23.555034,-32.5,22.5
5559284.0,28.448202,-16.409973,27.5,-17.5
2385564.0,-20.130581,57.757154,-22.5,57.5
10851350.0,-34.088863,18.475072,-32.5,17.5
2492822.0,36.747749,2.970506,37.5,2.5
10896946.0,-29.110548,31.600431,-27.5,32.5
1867934.0,-1.110555,29.716562,-2.5,27.5
1893562.0,-29.816748,30.810062,-27.5,32.5
5219404.0,-3.821211,36.081052,-2.5,37.5
9487001.0,-24.259536,30.954341,-22.5,32.5
2493624.0,-22.961719,30.476081,-22.5,32.5
7931200.0,11.989533,18.236688,12.5,17.5
1428910.0,-28.786946,32.102994,-27.5,32.5
9891629.0,-25.158653,30.547502,-27.5,32.5
3789065.0,-24.407505,30.814447,-22.5,32.5
8295156.0,-33.465863,26.806225,-32.5,27.5
4070390.0,-25.849231,27.496105,-27.5,27.5
6271829.0,-30.259903,30.588453,-32.5,32.5
5232465.0,-25.34897,31.780278,-27.5,32.5
2842140.0,-24.365342,30.729061,-22.5,32.5
3997464.0,-34.058721,20.461375,-32.5,22.5
2492444.0,-34.155389,18.879513,-32.5,17.5
2927097.0,-24.578394,30.616118,-22.5,32.5
8682680.0,28.367333,-16.722023,27.5,-17.5
2763050.0,5.930865,38.233719,7.5,37.5
5421114.0,-24.408765,30.86714,-22.5,32.5
5408704.0,-29.740525,29.270255,-27.5,27.5
7262034.0,-23.57301,29.826644,-22.5,27.5
5637215.0,-34.470938,19.579715,-32.5,17.5
8652576.0,-28.35759,32.323278,-27.5,32.5
5171231.0,28.095449,-15.539104,27.5,-17.5
2493963.0,-24.996427,31.588727,-22.5,32.5
2494200.0,35.308216,-2.960225,37.5,-2.5
2447506.0,-20.950049,55.652784,-22.5,57.5
2498156.0,-34.060778,18.494507,-32.5,17.5
6100973.0,-32.223279,25.479817,-32.5,27.5
2475360.0,-24.82398,31.548905,-22.5,32.5
4073451.0,12.876007,-13.583398,12.5,-12.5
5414400.0,12.87676,-13.585348,12.5,-12.5
9629160.0,35.308912,-2.956307,37.5,-2.5
8349333.0,-34.370836,20.559531,-32.5,22.5
8346536.0,-24.45945,30.610227,-22.5,32.5
1423286.0,-23.861025,29.705412,-22.5,27.5
2754819.0,-24.16135,30.254786,-22.5,32.5
2420694.0,-32.777707,28.305201,-32.5,27.5
3095197.0,-34.33092,19.007897,-32.5,17.5
3727216.0,-29.542338,29.952975,-27.5,27.5
2474628.0,-34.05978,18.498493,-32.5,17.5
6893396.0,-32.720745,25.634328,-32.5,27.5
2440892.0,-24.4032,31.768742,-22.5,32.5
3826421.0,-34.5795,19.779474,-32.5,17.5
2492656.0,-29.818224,30.81116,-27.5,32.5
10712575.0,-33.944467,22.063272,-32.5,22.5
2475212.0,-2.142804,34.579842,-2.5,32.5
5218416.0,-26.942116,21.802451,-27.5,22.5
2481784.0,28.133189,-16.785963,27.5,-17.5
3886928.0,-29.25113,29.440169,-27.5,27.5
3068937.0,-23.829148,30.155823,-22.5,32.5
2744657.0,-14.611339,26.165844,-12.5,27.5
3069469.0,28.093486,-16.718925,27.5,-17.5
5099461.0,-25.151266,31.939741,-27.5,32.5
2480923.0,-1.94758,30.071198,-2.5,32.5
5638072.0,-34.348282,18.873733,-32.5,17.5
2441757.0,-31.25399,23.490268,-32.5,22.5
5051656.0,-26.153008,32.001393,-27.5,32.5
2480715.0,-25.228029,31.468864,-27.5,32.5
5682075.0,-34.328825,19.005284,-32.5,17.5
3844680.0,-34.287037,18.437553,-32.5,17.5
8702600.0,-3.159349,35.558845,-2.5,37.5
2860719.0,-25.895015,27.800965,-27.5,27.5
2495414.0,28.505525,-16.19135,27.5,-17.5
7334818.0,28.44673,-16.411945,27.5,-17.5
4404833.0,28.388501,-16.571757,27.5,-17.5
7262034.0,-28.220021,31.948279,-27.5,32.5
2494099.0,-34.07041,18.52112,-32.5,17.5
5296467.0,-34.395723,19.265289,-32.5,17.5
2750118.0,-25.411653,30.106369,-27.5,32.5
11134094.0,-18.814353,17.129192,-17.5,17.5
2978552.0,-33.951802,25.487778,-32.5,27.5
3069469.0,28.232289,-16.758917,27.5,-17.5
2441247.0,-23.854903,31.575709,-22.5,32.5
2486147.0,-28.747735,32.08229,-27.5,32.5
5229144.0,-25.116042,31.911511,-27.5,32.5
1310567.0,-34.082459,18.427632,-32.5,17.5
3068937.0,-24.144851,30.301103,-22.5,32.5
2480964.0,36.805081,2.893922,37.5,2.5
2441105.0,-2.137733,34.493694,-2.5,32.5
6027321.0,-25.859587,27.497384,-27.5,27.5
2482492.0,28.078506,-16.649558,27.5,-17.5
7265777.0,-24.406666,30.815045,-22.5,32.5
5688703.0,-34.371386,20.540963,-32.5,22.5
2493091.0,36.804705,2.894642,37.5,2.5
5219404.0,-3.087878,35.764644,-2.5,37.5
2434634.0,13.519207,-16.475973,12.5,-17.5
2103013.0,-27.552662,32.667478,-27.5,32.5
2498396.0,-33.958633,22.368503,-32.5,22.5
8228544.0,-25.824507,28.378483,-27.5,27.5
2497870.0,-18.360555,21.84723,-17.5,22.5
5307416.0,-28.946486,29.194568,-27.5,27.5
5217671.0,-24.527902,31.060558,-22.5,32.5
1919346.0,-25.426795,31.450177,-27.5,32.5
2422461.0,-23.859749,31.12853,-22.5,32.5
6100943.0,-32.224756,25.478313,-32.5,27.5
2486147.0,-28.220036,31.948274,-27.5,32.5
2705621.0,-29.538213,30.254455,-27.5,32.5
2480733.0,-25.262132,31.502214,-27.5,32.5
1311267.0,-34.01168,25.526311,-32.5,27.5
2489005.0,-26.308175,28.099362,-27.5,27.5
5052230.0,-28.780516,32.088982,-27.5,32.5
5637904.0,-34.371103,20.541294,-32.5,22.5
6113870.0,-34.011696,25.526268,-32.5,27.5
2481121.0,-34.06099,18.496297,-32.5,17.5
1428835.0,-28.780624,32.088472,-27.5,32.5
1928076.0,-28.77967,32.087176,-27.5,32.5
5220261.0,-32.702648,25.617586,-32.5,27.5
5232311.0,-32.712251,25.64713,-32.5,27.5
2481047.0,-33.775042,18.678682,-32.5,17.5
5858758.0,35.785328,-5.808179,37.5,-7.5
1423286.0,-23.861022,29.705414,-22.5,27.5
7510173.0,-25.156379,30.543362,-27.5,32.5
2487931.0,-32.220731,25.483189,-32.5,27.5
3974700.0,31.227921,-4.765091,32.5,-2.5
2554333.0,-24.829591,28.199891,-22.5,27.5
5131347.0,-25.814535,27.605009,-27.5,27.5
3189680.0,-33.970696,18.445619,-32.5,17.5
5229136.0,-24.989521,31.601769,-22.5,32.5
10712575.0,-34.039602,22.132261,-32.5,22.5
5219404.0,-24.802694,31.581901,-22.5,32.5
5217208.0,-28.219998,31.948349,-27.5,32.5
4204692.0,28.447144,-16.411553,27.5,-17.5
12188719.0,-24.309386,29.47531,-22.5,27.5
5408482.0,-33.983682,20.448776,-32.5,22.5
2480537.0,-28.220069,31.948295,-27.5,32.5
1428112.0,-26.165899,31.998341,-27.5,32.5
4261391.0,-34.007342,25.678587,-32.5,27.5
10891903.0,-1.148953,35.274683,-2.5,37.5
2484863.0,-19.621431,14.850376,-17.5,12.5
4259732.0,-25.119325,31.915713,-27.5,32.5
2452959.0,-34.121678,18.39536,-32.5,17.5
9193953.0,-25.327755,25.689641,-27.5,27.5
7321764.0,-34.352943,18.818312,-32.5,17.5
2502938.0,-25.283523,30.989514,-27.5,32.5
1822661.0,-25.346933,31.806172,-27.5,32.5
7172747.0,-33.31735,26.517306,-32.5,27.5
9705453.0,35.313291,-2.960825,37.5,-2.5
5225433.0,-28.220012,31.948365,-27.5,32.5
1942762.0,-24.452172,31.977955,-22.5,32.5
5636761.0,-34.356483,19.121839,-32.5,17.5
2481912.0,36.079978,6.589392,37.5,7.5
9055455.0,24.34754,-15.259955,22.5,-17.5
5643101.0,-34.373754,20.537656,-32.5,22.5
4486330.0,28.138208,-16.787497,27.5,-17.5
2429955.0,-33.936214,18.864417,-32.5,17.5
7799073.0,-20.962425,16.791137,-22.5,17.5
5231190.0,-34.151237,18.887245,-32.5,17.5
2487932.0,-23.591031,29.784553,-22.5,27.5
5217208.0,-22.82247,28.517655,-22.5,27.5
5303637.0,-33.916847,22.074103,-32.5,22.5
5231817.0,-34.151237,18.887245,-32.5,17.5
2978552.0,-33.951403,25.487566,-32.5,27.5
8131527.0,-25.427005,31.450074,-27.5,32.5
1866249.0,-24.405048,30.813402,-22.5,32.5
3852858.0,-24.403003,31.971278,-22.5,32.5
2478399.0,-28.220021,31.948322,-27.5,32.5
3698798.0,-24.239502,29.606313,-22.5,27.5
3996925.0,-34.584192,19.784917,-32.5,17.5
10775001.0,-19.179201,15.918316,-17.5,17.5
6894778.0,-24.11114,15.905838,-22.5,17.5
2805850.0,-29.727178,30.828468,-27.5,32.5
3131345.0,-30.25992,30.588462,-32.5,32.5
2492863.0,-32.238246,25.431646,-32.5,27.5
2744610.0,-33.412342,18.247713,-32.5,17.5
1083024.0,-33.934164,18.838071,-32.5,17.5
2480800.0,-3.168137,35.543378,-2.5,37.5
7262029.0,-34.350995,18.48788,-32.5,17.5
11375508.0,-26.809627,31.920671,-27.5,32.5
2651816.0,-24.161929,30.253741,-22.5,32.5
8208358.0,-24.595991,30.873787,-22.5,32.5
2441042.0,-34.325344,18.436775,-32.5,17.5
7894214.0,-29.110571,31.600413,-27.5,32.5
5225386.0,-34.195486,18.415818,-32.5,17.5
2441105.0,-3.221645,35.568508,-2.5,37.5
1930931.0,-25.925809,27.552968,-27.5,27.5
3895984.0,-30.259903,30.588453,-32.5,32.5
5305028.0,-32.723678,28.317106,-32.5,27.5
9847310.0,-33.719008,23.369688,-32.5,22.5
2854664.0,-24.189184,29.620601,-22.5,27.5
2488966.0,-24.83095,31.556406,-22.5,32.5
1427755.0,-26.153017,32.001236,-27.5,32.5
1938125.0,-34.346453,18.830063,-32.5,17.5
2099959.0,-24.355608,30.947097,-22.5,32.5
7866129.0,-34.317054,19.008218,-32.5,17.5
3844680.0,-34.35542,18.478145,-32.5,17.5
1927943.0,-32.709382,25.62686,-32.5,27.5
2482080.0,-17.896715,25.82554,-17.5,27.5
2474345.0,-17.883413,25.81242,-17.5,27.5
5228304.0,-23.859749,31.12853,-22.5,32.5
2891707.0,29.967821,31.267243,27.5,32.5
3707770.0,-31.80002,24.713555,-32.5,22.5
1910628.0,-19.180336,15.917675,-17.5,17.5
2441141.0,-20.766302,16.791271,-22.5,17.5
1732876.0,-27.222022,32.793283,-27.5,32.5
9487001.0,-28.220036,31.948354,-27.5,32.5
1427721.0,-23.86103,29.705409,-22.5,27.5
7326947.0,-19.899648,23.524528,-17.5,22.5
3112801.0,-25.267002,29.981989,-27.5,27.5
2688613.0,-25.845675,27.4964,-27.5,27.5
2422519.0,-28.881291,30.024704,-27.5,32.5
2429767.0,-26.694561,32.896391,-27.5,32.5
5421115.0,11.990587,18.237305,12.5,17.5
5230747.0,-29.658576,29.558904,-27.5,27.5
8371864.0,-1.379078,36.765255,-2.5,37.5
5229136.0,-24.990547,31.601714,-22.5,32.5
2468700.0,32.689294,-17.092114,32.5,-17.5
1424918.0,-28.780398,32.091699,-27.5,32.5
5231530.0,-29.67741,29.535544,-27.5,27.5
2776491.0,-24.404059,30.814123,-22.5,32.5
1923465.0,-28.780201,32.09025,-27.5,32.5
2889981.0,-28.959527,29.204209,-27.5,27.5
3695231.0,-28.22004,31.948295,-27.5,32.5
2457453.0,-24.114821,30.876832,-22.5,32.5
3142398.0,-25.802406,28.261794,-27.5,27.5
2493660.0,-34.129413,19.849704,-32.5,17.5
3088481.0,-24.152422,30.302559,-22.5,32.5
2495414.0,-34.151237,18.887245,-32.5,17.5
7453254.0,-33.982455,20.81165,-32.5,22.5
2474937.0,-32.219089,25.427619,-32.5,27.5
8049830.0,28.827296,-17.814429,27.5,-17.5
5216012.0,-34.211188,24.9014,-32.5,22.5
2494012.0,-28.22005,31.948236,-27.5,32.5
7321755.0,-25.859492,27.497484,-27.5,27.5
5297846.0,-33.987016,25.472188,-32.5,27.5
2435350.0,-3.574321,35.98775,-2.5,37.5
2482095.0,-34.06097,18.4961,-32.5,17.5
11135852.0,-30.998984,30.260423,-32.5,32.5
2441064.0,-32.161984,25.48088,-32.5,27.5
2953703.0,-28.946901,29.206562,-27.5,27.5
2486138.0,-33.925829,19.885002,-32.5,17.5
3084911.0,-24.459456,30.610233,-22.5,32.5
2481240.0,-34.042685,23.382953,-32.5,22.5
2436618.0,36.796804,5.136151,37.5,7.5
5544282.0,-29.283835,29.443132,-27.5,27.5
2384460.0,-20.130581,57.757154,-22.5,57.5
5051775.0,-24.452422,31.977895,-22.5,32.5
1734990.0,-24.452558,31.977828,-22.5,32.5
2473845.0,-20.834597,16.649956,-22.5,17.5
2142456.0,-26.025162,28.031515,-27.5,27.5
5341297.0,-29.801434,29.480453,-27.5,27.5
8349333.0,-34.470972,19.579695,-32.5,17.5
3579429.0,-33.730805,26.581258,-32.5,27.5
2496468.0,-24.990079,31.614322,-22.5,32.5
1938125.0,-20.505948,47.240032,-22.5,47.5
1701064.0,36.725098,2.99234,37.5,2.5
5296462.0,-34.067392,18.393928,-32.5,17.5
1428734.0,-34.069734,18.815633,-32.5,17.5
3149780.0,-34.31902,19.009534,-32.5,17.5
2469333.0,-28.853744,29.989861,-27.5,27.5
5228304.0,-2.149089,34.571598,-2.5,32.5
5643126.0,-34.342995,18.868611,-32.5,17.5
7307851.0,28.507361,-16.190043,27.5,-17.5
1995337.0,-23.859749,31.12853,-22.5,32.5
2953710.0,11.990495,18.237997,12.5,17.5
5220285.0,-34.593371,19.484559,-32.5,17.5
5225400.0,-22.526462,17.016056,-22.5,17.5
5220160.0,-1.169703,35.232025,-2.5,37.5
2494092.0,-29.817852,30.812505,-27.5,32.5
10685114.0,12.39445,-1.491845,12.5,-2.5
10796165.0,-34.044148,18.44819,-32.5,17.5
5595642.0,-25.85737,27.496877,-27.5,27.5
6095338.0,-33.973442,18.785133,-32.5,17.5
5220163.0,-15.382855,25.80745,-17.5,27.5
2481890.0,36.804751,2.894242,37.5,2.5
1474640.0,-32.724043,25.641632,-32.5,27.5
2480372.0,-24.756288,31.810708,-22.5,32.5
2480830.0,28.055253,-14.324592,27.5,-12.5
2449252.0,-34.065175,23.056232,-32.5,22.5
6100849.0,-32.22479,25.478072,-32.5,27.5
5136113.0,-32.700361,25.618765,-32.5,27.5
2782006.0,-33.880446,22.400151,-32.5,22.5
5535290.0,-34.009819,20.842446,-32.5,22.5
3035250.0,-34.009549,25.682043,-32.5,27.5
5218781.0,-1.469643,35.014633,-2.5,37.5
2492863.0,-34.155389,18.879513,-32.5,17.5
1670707.0,-29.007432,29.476562,-27.5,27.5
7705930.0,35.789903,-5.924475,37.5,-7.5
1428112.0,-19.516975,23.636081,-17.5,22.5
2471048.0,-29.303442,29.615778,-27.5,27.5
2481890.0,-32.708968,28.343008,-32.5,27.5
3704746.0,-34.147328,18.319763,-32.5,17.5
2492762.0,-25.333192,31.796513,-27.5,32.5
5219578.0,-3.307292,40.018336,-2.5,42.5
5303637.0,-34.326648,19.005487,-32.5,17.5
7160810.0,-30.259903,30.588453,-32.5,32.5
6065817.0,-34.060778,18.494507,-32.5,17.5
2484832.0,-25.354905,31.76178,-27.5,32.5
2020580.0,-33.309375,26.528433,-32.5,27.5
2493660.0,-22.668353,14.816992,-22.5,12.5
3995774.0,-33.984828,20.448367,-32.5,22.5
1967209.0,-29.776837,30.835879,-27.5,32.5
5217208.0,-24.064395,30.559034,-22.5,32.5
7896234.0,-34.32649,19.005422,-32.5,17.5
5544334.0,-30.259903,30.588453,-32.5,32.5
3627864.0,-26.156406,27.965894,-27.5,27.5
2481173.0,-34.060778,18.494507,-32.5,17.5
1863034.0,-27.722579,29.955921,-27.5,27.5
5684170.0,-33.921995,18.705721,-32.5,17.5
7565448.0,-29.924642,24.526522,-27.5,22.5
2392186.0,-33.695617,26.666131,-32.5,27.5
2489005.0,-23.823125,30.157015,-22.5,32.5
2471048.0,-29.253072,29.419835,-27.5,27.5
5226254.0,-34.048902,22.26719,-32.5,22.5
5225388.0,-23.929037,31.130636,-22.5,32.5
5229150.0,-15.353988,25.838877,-17.5,27.5
2900892.0,-25.853702,27.496835,-27.5,27.5
3997169.0,-34.331755,19.01517,-32.5,17.5
2441757.0,-33.520288,23.746445,-32.5,22.5
3085188.0,-24.463075,30.608925,-22.5,32.5
8164714.0,28.507189,-16.190338,27.5,-17.5
7268508.0,-33.995155,18.412788,-32.5,17.5
2494077.0,-21.262072,55.363425,-22.5,57.5
4170826.0,28.253466,-16.419905,27.5,-17.5
5400613.0,-24.159796,30.223751,-22.5,32.5
2480454.0,-23.853493,31.576065,-22.5,32.5
2449077.0,-18.037835,33.17255,-17.5,32.5
7692345.0,-33.951769,25.488311,-32.5,27.5
2481800.0,-24.756288,31.810708,-22.5,32.5
1899198.0,-28.507457,28.616332,-27.5,27.5
5602023.0,-25.332445,31.79847,-27.5,32.5
3827650.0,-34.574054,19.731672,-32.5,17.5
5568914.0,-22.990135,14.471814,-22.5,12.5
5226254.0,-32.227791,25.465548,-32.5,27.5
9419072.0,-32.275478,25.420483,-32.5,27.5
3152574.0,-25.89594,27.772617,-27.5,27.5
4197450.0,28.035806,-16.707894,27.5,-17.5
2489005.0,-22.822485,28.517644,-22.5,27.5
3974754.0,-33.624906,26.610117,-32.5,27.5
5202793.0,-27.969867,32.377179,-27.5,32.5
6100985.0,-33.537138,23.724803,-32.5,22.5
7150619.0,-33.386137,19.833722,-32.5,17.5
3880382.0,-33.963599,18.447349,-32.5,17.5
1919223.0,28.64079,-13.839582,27.5,-12.5
2167008.0,-26.028329,28.163281,-27.5,27.5
5177053.0,28.116098,-16.728444,27.5,-17.5
2440892.0,-24.823988,31.548899,-22.5,32.5
8502641.0,-29.715053,31.093828,-27.5,32.5
3627864.0,-24.532619,30.6403,-22.5,32.5
2225821.0,-29.582322,31.178947,-27.5,32.5
5229167.0,-1.944121,30.068757,-2.5,32.5
6100995.0,-34.353255,18.481578,-32.5,17.5
1105191.0,-34.035194,24.918638,-32.5,22.5
2486688.0,-24.981368,31.566127,-22.5,32.5
8281961.0,-33.959587,18.876147,-32.5,17.5
3790873.0,-34.347317,18.837433,-32.5,17.5
5544380.0,-25.865683,27.498181,-27.5,27.5
2906198.0,-25.85374,27.496745,-27.5,27.5
3084842.0,28.202118,-16.83131,27.5,-17.5
2419310.0,-34.195059,22.140381,-32.5,22.5
9163257.0,-3.631899,35.803815,-2.5,37.5
5219404.0,-24.615243,31.960007,-22.5,32.5
8959277.0,-23.525182,29.74038,-22.5,27.5
2494200.0,35.314753,-2.954804,37.5,-2.5
5172247.0,-26.166002,31.998403,-27.5,32.5
2446695.0,-17.901057,25.826288,-17.5,27.5
5151436.0,-33.974342,20.820803,-32.5,22.5
3727574.0,-25.339279,31.813162,-27.5,32.5
5619236.0,-25.356255,31.80998,-27.5,32.5
2959443.0,-25.90371,27.79644,-27.5,27.5
2437354.0,-23.854903,31.575709,-22.5,32.5
1925609.0,-24.380258,31.777253,-22.5,32.5
2735117.0,-6.916058,39.482055,-7.5,37.5
5296584.0,-34.312696,19.001305,-32.5,17.5
5384075.0,28.299636,-16.823997,27.5,-17.5
2953710.0,11.990705,18.237657,12.5,17.5
4357751.0,-34.218591,24.85367,-32.5,22.5
2487932.0,-20.578273,16.743287,-22.5,17.5
3900323.0,-24.400875,30.929796,-22.5,32.5
5220183.0,-24.982561,31.48725,-22.5,32.5
4699245.0,-23.859749,31.12853,-22.5,32.5
5220183.0,-33.610438,24.228511,-32.5,22.5
2441106.0,-32.185759,25.431628,-32.5,27.5
5228199.0,-34.059877,18.498577,-32.5,17.5
2433354.0,-7.690848,38.168946,-7.5,37.5
5362058.0,32.746643,-16.775415,32.5,-17.5
1947112.0,-23.859749,31.12853,-22.5,32.5
7459032.0,-25.441073,31.707198,-27.5,32.5
2768929.0,28.073178,-16.657262,27.5,-17.5
1115076.0,-33.874895,18.628625,-32.5,17.5
2492583.0,-33.977703,23.492467,-32.5,22.5
5126204.0,-33.315916,26.533948,-32.5,27.5
2392628.0,-33.695607,26.666184,-32.5,27.5
2202347.0,36.747656,2.969892,37.5,2.5
1920370.0,-23.859749,31.12853,-22.5,32.5
5290628.0,-34.091339,18.874192,-32.5,17.5
7692345.0,-34.093292,18.423583,-32.5,17.5
3705352.0,-33.695351,26.666152,-32.5,27.5
2449077.0,-25.849055,27.396563,-27.5,27.5
2441247.0,-3.278374,35.552381,-2.5,37.5
2492959.0,31.086589,-4.039314,32.5,-2.5
1995337.0,-24.524471,30.796053,-22.5,32.5
1428848.0,-29.428231,31.251617,-27.5,32.5
6273569.0,-30.987561,30.27662,-32.5,32.5
1423913.0,-33.965408,23.89613,-32.5,22.5
4989904.0,-33.988785,18.430001,-32.5,17.5
7468660.0,-17.924126,25.849807,-17.5,27.5
3056185.0,-25.85086,27.496532,-27.5,27.5
6101223.0,-34.208924,24.830888,-32.5,22.5
2763050.0,5.93972,38.251224,7.5,37.5
1910628.0,-23.859749,31.12853,-22.5,32.5
2495150.0,-3.158283,35.604556,-2.5,37.5
3088481.0,-25.78068,28.108933,-27.5,27.5
2480554.0,-30.275709,30.738325,-32.5,32.5
4359998.0,-21.173399,55.286819,-22.5,57.5
1881126.0,28.758292,-18.004943,27.5,-17.5
11813971.0,-31.269889,23.460626,-32.5,22.5
4070128.0,-25.862444,27.496962,-27.5,27.5
2480665.0,-24.83441,31.55011,-22.5,32.5
3122397.0,-29.730247,30.854626,-27.5,32.5
2924573.0,-25.851865,27.496317,-27.5,27.5
8278609.0,-20.303927,23.035365,-22.5,22.5
1863282.0,-29.868193,31.044771,-27.5,32.5
2440888.0,-32.285402,25.412288,-32.5,27.5
2393905.0,28.65229,-17.758783,27.5,-17.5
3085071.0,-24.406697,30.817102,-22.5,32.5
5690334.0,36.769779,5.101382,37.5,7.5
5637611.0,-34.155881,22.067982,-32.5,22.5
5405673.0,28.506526,-16.190806,27.5,-17.5
6066519.0,-25.228319,27.105326,-27.5,27.5
4650395.0,-33.986002,18.472117,-32.5,17.5
2480764.0,-33.958928,22.368625,-32.5,22.5
3105785.0,28.294931,-16.811586,27.5,-17.5
2181348.0,-32.7241,28.313347,-32.5,27.5
2928673.0,-24.407682,30.813999,-22.5,32.5
10796165.0,-34.043813,18.448626,-32.5,17.5
5348220.0,-34.031167,18.38905,-32.5,17.5
7690442.0,-27.548171,32.674998,-27.5,32.5
2494088.0,-33.958457,22.36895,-32.5,22.5
2418714.0,-33.729676,26.583202,-32.5,27.5
1081568.0,-33.991261,18.501381,-32.5,17.5
2478174.0,-29.776848,30.835843,-27.5,32.5
2478547.0,31.400747,-7.825958,32.5,-7.5
5229136.0,-24.046703,27.078781,-22.5,27.5
7459032.0,-24.328611,31.071525,-22.5,32.5
3142398.0,-24.146296,30.19982,-22.5,32.5
2289535.0,-20.139632,57.754127,-22.5,57.5
3997464.0,-34.373326,20.537796,-32.5,22.5
4177599.0,28.524116,-16.288126,27.5,-17.5
2486162.0,-4.064152,39.679516,-2.5,37.5
4388917.0,-25.427005,31.450106,-27.5,32.5
5303341.0,-25.583512,28.634322,-27.5,27.5
5219126.0,-34.212435,24.836071,-32.5,22.5
2651826.0,32.74543,-16.81725,32.5,-17.5
2481784.0,28.455198,-17.843683,27.5,-17.5
3783481.0,-24.405772,30.819644,-22.5,32.5
5228340.0,-24.975236,31.467934,-22.5,32.5
2474381.0,-34.066622,18.810887,-32.5,17.5
2470423.0,-29.311438,17.105939,-27.5,17.5
2482492.0,29.003711,-13.546753,27.5,-12.5
2482097.0,-24.043019,27.065606,-22.5,27.5
2334433.0,-4.31296,39.58815,-2.5,37.5
2492562.0,-29.776864,30.835806,-27.5,32.5
5220181.0,-24.842983,31.549926,-22.5,32.5
2493963.0,-29.540065,30.301428,-27.5,32.5
5844448.0,-24.806733,31.552051,-22.5,32.5
2492951.0,31.081359,-4.040113,32.5,-2.5
7287022.0,-24.487172,27.816708,-22.5,27.5
8322142.0,-34.584994,19.785319,-32.5,17.5
5136306.0,-24.380147,31.776767,-22.5,32.5
2441212.0,-24.98969,31.496555,-22.5,32.5
2481936.0,-1.133044,35.278554,-2.5,37.5
4439788.0,36.747894,2.971889,37.5,2.5
2461642.0,-29.263163,16.909633,-27.5,17.5
3884533.0,-33.694497,26.667832,-32.5,27.5
7931200.0,11.990755,18.237722,12.5,17.5
5421115.0,12.021313,18.272453,12.5,17.5
2985030.0,-25.918528,27.846854,-27.5,27.5
2481912.0,31.626351,-7.988724,32.5,-7.5
6095271.0,-19.516975,23.636081,-17.5,22.5
3166947.0,-34.33127,19.014618,-32.5,17.5
5683840.0,-34.461944,19.655556,-32.5,17.5
2484860.0,-25.228319,27.105326,-27.5,27.5
7340401.0,-32.240355,25.456034,-32.5,27.5
5842749.0,-20.141251,57.753353,-22.5,57.5
4343061.0,-20.139632,57.754127,-22.5,57.5
2498426.0,-24.791664,31.898197,-22.5,32.5
2480377.0,-24.791589,31.898294,-22.5,32.5
5231817.0,-30.284837,30.756869,-32.5,32.5
9787398.0,-33.696781,25.816983,-32.5,27.5
2492863.0,-28.704163,29.511994,-27.5,27.5
6100800.0,31.6402,-8.001908,32.5,-7.5
5220183.0,-24.833118,31.56428,-22.5,32.5
5662686.0,-28.21995,31.948242,-27.5,32.5
5334240.0,-25.807705,28.263847,-27.5,27.5
2480554.0,-33.873439,19.194787,-32.5,17.5
5275012.0,-24.15241,30.302563,-22.5,32.5
2951628.0,31.32873,-7.375922,32.5,-7.5
5384047.0,-24.577024,30.624841,-22.5,32.5
6893346.0,-15.965524,28.920026,-17.5,27.5
5706330.0,-32.229076,25.470403,-32.5,27.5
7340636.0,-2.693678,38.164361,-2.5,37.5
2482479.0,31.091175,-4.039729,32.5,-2.5
2481713.0,-25.118668,31.909763,-27.5,32.5
8101752.0,-25.228319,27.105326,-27.5,27.5
2498252.0,-33.973334,18.464117,-32.5,17.5
5408197.0,-34.092645,18.422478,-32.5,17.5
3793673.0,-25.848855,27.495892,-27.5,27.5
5595755.0,-34.318204,19.008757,-32.5,17.5
5219885.0,-29.775233,30.836959,-27.5,32.5
4204692.0,28.294772,-16.811942,27.5,-17.5
5141248.0,-28.779119,32.086304,-27.5,32.5
5643057.0,-34.319917,18.964413,-32.5,17.5
7287206.0,-25.158653,30.547502,-27.5,32.5
2490276.0,-32.219174,25.4276,-32.5,27.5
2484832.0,-25.357603,31.810237,-27.5,32.5
7532105.0,-32.722675,25.642176,-32.5,27.5
2491478.0,-32.222071,25.481388,-32.5,27.5
3829491.0,-24.405826,30.819982,-22.5,32.5
4086945.0,-24.403801,30.814566,-22.5,32.5
5220182.0,-17.924264,25.848481,-17.5,27.5
2490305.0,-29.776788,30.835742,-27.5,32.5
5220167.0,-32.150532,25.495231,-32.5,27.5
8349333.0,-34.304461,18.425772,-32.5,17.5
1899045.0,-24.453475,31.978888,-22.5,32.5
3064221.0,-24.544863,30.61998,-22.5,32.5
12225089.0,28.526002,-16.288893,27.5,-17.5
9658573.0,-26.947994,32.80986,-27.5,32.5
8502641.0,-34.04392,23.382729,-32.5,22.5
2481784.0,36.805206,2.895105,37.5,2.5
5225334.0,13.168895,-16.763432,12.5,-17.5
1945571.0,-25.156432,30.544239,-27.5,32.5
2493987.0,-28.704163,29.511994,-27.5,27.5
2750383.0,-34.024605,18.406803,-32.5,17.5
9990095.0,35.31373,-2.956869,37.5,-2.5
2481208.0,-25.06212,31.993841,-27.5,32.5
2747948.0,-26.991035,32.734811,-27.5,32.5
2882803.0,36.804194,3.587575,37.5,2.5
2482029.0,-34.060043,18.498757,-32.5,17.5
2481890.0,36.805527,2.895299,37.5,2.5
2475360.0,-4.261896,39.593474,-2.5,37.5
2441105.0,-25.910498,27.817639,-27.5,27.5
7308478.0,-24.405031,30.819686,-22.5,32.5
2493987.0,-25.358875,31.892586,-27.5,32.5
2441705.0,-25.66097,28.968989,-27.5,27.5
3884477.0,-29.435152,31.254103,-27.5,32.5
10891903.0,-28.74773,32.08223,-27.5,32.5
1428431.0,-24.364487,30.947317,-22.5,32.5
2490659.0,31.09112,-4.040756,32.5,-2.5
5380041.0,-24.532508,30.640596,-22.5,32.5
3105785.0,28.072583,-16.654975,27.5,-17.5
5729018.0,-33.413538,18.238463,-32.5,17.5
7341849.0,34.000812,-4.308469,32.5,-2.5
5231002.0,-33.538724,23.725668,-32.5,22.5
5637611.0,-34.573615,19.734262,-32.5,17.5
2495150.0,-20.502052,16.665003,-22.5,17.5
2429767.0,-27.548182,32.674771,-27.5,32.5
6100973.0,-28.747757,32.082226,-27.5,32.5
4989904.0,-33.973065,18.783664,-32.5,17.5
2434174.0,-32.156028,25.473752,-32.5,27.5
2020655.0,-34.012809,18.823145,-32.5,17.5
5229154.0,-24.967884,31.625693,-22.5,32.5
2264510.0,-29.587206,31.174744,-27.5,32.5
5544425.0,-33.957417,18.874262,-32.5,17.5
5230739.0,-28.21996,31.948301,-27.5,32.5
3172297.0,-25.800703,28.264277,-27.5,27.5
2703467.0,-25.807952,28.261717,-27.5,27.5
5637779.0,-33.912449,25.210274,-32.5,27.5
1428738.0,-33.966062,18.479889,-32.5,17.5
2441105.0,-3.160258,35.628864,-2.5,37.5
5611068.0,-34.313086,19.009169,-32.5,17.5
2735117.0,-6.916261,39.483439,-7.5,37.5
8316994.0,-34.471287,19.580418,-32.5,17.5
6100849.0,-22.668442,14.817072,-22.5,12.5
2493572.0,-25.483861,31.003755,-27.5,32.5
5678853.0,-18.42776,21.893466,-17.5,22.5
5637611.0,-34.573606,19.734227,-32.5,17.5
2498064.0,-34.277033,19.206259,-32.5,17.5
5846387.0,-29.666723,29.580761,-27.5,27.5
2979000.0,-33.978447,20.810117,-32.5,22.5
6894794.0,-24.137872,15.904348,-22.5,17.5
3124745.0,-25.904744,27.782808,-27.5,27.5
2175947.0,-29.549013,30.288575,-27.5,32.5
1423214.0,-34.03968,22.132601,-32.5,22.5
2978552.0,-33.960428,25.498459,-32.5,27.5
1899198.0,-25.149579,30.536447,-27.5,32.5
3879362.0,-25.119417,31.915787,-27.5,32.5
2486138.0,-34.155389,18.879513,-32.5,17.5
2978552.0,-34.358028,19.123111,-32.5,17.5
2978552.0,-34.36487,19.1399,-32.5,17.5
8588196.0,-29.489575,30.260829,-27.5,32.5
5637947.0,-33.945473,22.457272,-32.5,22.5
7893210.0,-33.954125,18.391083,-32.5,17.5
5220182.0,-33.9512,25.012866,-32.5,27.5
5229467.0,-25.34897,31.780278,-27.5,32.5
4927127.0,-24.45603,31.998755,-22.5,32.5
8403580.0,-29.251186,29.447531,-27.5,27.5
7334798.0,-34.10104,23.382326,-32.5,22.5
5225388.0,-24.992269,31.59259,-22.5,32.5
3169830.0,-25.03521,46.955538,-27.5,47.5
10851350.0,-34.045759,18.367367,-32.5,17.5
2383735.0,-20.141118,57.75299,-22.5,57.5
5637611.0,-34.031573,18.389804,-32.5,17.5
3068937.0,-17.809048,31.134752,-17.5,32.5
10545407.0,-1.405068,34.991436,-2.5,32.5
2482095.0,-33.926101,19.885612,-32.5,17.5
1428965.0,-20.505982,47.239973,-22.5,47.5
5136113.0,-32.713705,25.647084,-32.5,27.5
2475443.0,-30.900728,24.62867,-32.5,22.5
3082283.0,-33.49496,26.485725,-32.5,27.5
5830619.0,-23.828279,30.156634,-22.5,32.5
3067891.0,-23.82913,30.155819,-22.5,32.5
2326292.0,-33.695335,26.66497,-32.5,27.5
2429964.0,-22.483803,31.098402,-22.5,32.5
9193953.0,-20.208392,28.6071,-22.5,27.5
5845582.0,35.307428,-2.959903,37.5,-2.5
1993305.0,-24.452342,31.977692,-22.5,32.5
11136450.0,-25.444583,30.966063,-27.5,32.5
1886251.0,17.179886,-25.03193,17.5,-27.5
1776268.0,-24.524048,30.890503,-22.5,32.5
7494800.0,-24.459493,30.610268,-22.5,32.5
3170326.0,-28.220012,31.948236,-27.5,32.5
9880727.0,-29.540305,30.308069,-27.5,32.5
2165837.0,-33.859422,18.618839,-32.5,17.5
2925514.0,-34.067708,20.459215,-32.5,22.5
2852840.0,-26.309709,28.08822,-27.5,27.5
5221164.0,-23.107815,14.431189,-22.5,12.5
3104261.0,-34.33223,18.988017,-32.5,17.5
5413022.0,-34.322997,18.963925,-32.5,17.5
3597463.0,-30.259903,30.588453,-32.5,32.5
5592283.0,-34.581419,19.722399,-32.5,17.5
2985994.0,32.705739,-16.986248,32.5,-17.5
9534780.0,-33.719061,23.369594,-32.5,22.5
2701080.0,-33.956333,18.873747,-32.5,17.5
9114626.0,-30.282613,30.753657,-32.5,32.5
1705891.0,-32.702663,25.61766,-32.5,27.5
2887200.0,-24.40666,30.812558,-22.5,32.5
3974754.0,-33.417412,26.473479,-32.5,27.5
2731708.0,-34.100827,18.432984,-32.5,17.5
5706330.0,-19.244563,16.047832,-17.5,17.5
1423286.0,-34.069782,18.815708,-32.5,17.5
2783718.0,-34.318567,19.009146,-32.5,17.5
10875768.0,-33.769839,21.530853,-32.5,22.5
2470656.0,-33.650972,24.581072,-32.5,22.5
1313695.0,36.725177,2.992277,37.5,2.5
2479948.0,-2.947697,38.041443,-2.5,37.5
3723634.0,-25.153899,30.551857,-27.5,32.5
5355395.0,-33.862778,18.629338,-32.5,17.5
1861644.0,-33.858945,18.985462,-32.5,17.5
9751099.0,-1.095103,37.251146,-2.5,37.5
9515886.0,-29.110586,31.60041,-27.5,32.5
5305032.0,-29.254724,29.425658,-27.5,27.5
5217671.0,-25.426311,31.450328,-27.5,32.5
8252309.0,-33.693704,26.669052,-32.5,27.5
5828232.0,-25.89787,28.442795,-27.5,27.5
3082283.0,-33.555808,26.550689,-32.5,27.5
7262034.0,-3.22815,35.525242,-2.5,37.5
2294129.0,32.713045,-4.877358,32.5,-2.5
2749511.0,-34.074938,18.39662,-32.5,17.5
6101223.0,-32.224758,25.478037,-32.5,27.5
2495150.0,-28.861833,29.982745,-27.5,27.5
2750516.0,-29.270382,29.431216,-27.5,27.5
2783718.0,-33.985099,18.415841,-32.5,17.5
5326062.0,-33.95195,25.488215,-32.5,27.5
6894730.0,-24.099712,15.916098,-22.5,17.5
3696115.0,-25.849014,27.496107,-27.5,27.5
2735117.0,-6.916074,39.48204,-7.5,37.5
2497870.0,-13.140341,27.854191,-12.5,27.5
5324958.0,28.317316,-16.901904,27.5,-17.5
10671440.0,-32.221517,25.482453,-32.5,27.5
2432182.0,-33.989997,18.428839,-32.5,17.5
2442335.0,-25.262122,31.502419,-27.5,32.5
7340931.0,-33.761567,21.263174,-32.5,22.5
2783724.0,-27.828729,31.367164,-27.5,32.5
2493963.0,-32.250098,25.451683,-32.5,27.5
2492723.0,-25.814416,27.610322,-27.5,27.5
5220167.0,-1.121887,35.285949,-2.5,37.5
3662765.0,-22.398392,26.661639,-22.5,27.5
7173446.0,-24.405711,30.820189,-22.5,32.5
3685821.0,-24.404984,30.819929,-22.5,32.5
2289671.0,-34.08864,22.972687,-32.5,22.5
2480764.0,-1.139001,35.280201,-2.5,37.5
2493963.0,-33.691333,26.667118,-32.5,27.5
5231233.0,-2.841293,38.087449,-2.5,37.5
5217700.0,-25.372942,31.861638,-27.5,32.5
2481104.0,-3.118386,35.444637,-2.5,37.5
7328280.0,28.530457,-16.280281,27.5,-17.5
9256235.0,-25.865774,27.498286,-27.5,27.5
9797180.0,35.269152,-2.937481,37.5,-2.5
4252828.0,-33.946418,22.060916,-32.5,22.5
9574792.0,-33.923326,18.705588,-32.5,17.5
2162537.0,27.765161,-15.556177,27.5,-17.5
9616058.0,32.639247,-16.851233,32.5,-17.5
9176658.0,-34.441345,19.470075,-32.5,17.5
2493052.0,-2.857066,38.079896,-2.5,37.5
2740024.0,-24.328493,31.071734,-22.5,32.5
1428835.0,-24.452313,31.978005,-22.5,32.5
1428738.0,-29.110576,31.600421,-27.5,32.5
3741057.0,-29.923442,24.529487,-27.5,22.5
3100375.0,-24.546874,31.336853,-22.5,32.5
3796884.0,28.631394,-13.909947,27.5,-12.5
5220167.0,-34.293294,18.426125,-32.5,17.5
2429714.0,-29.582106,30.2944,-27.5,32.5
7642610.0,-22.68598,14.526458,-22.5,12.5
2484628.0,-25.228319,27.105326,-27.5,27.5
2750516.0,-29.271181,29.430387,-27.5,27.5
2469620.0,-26.978775,21.836933,-27.5,22.5
5391845.0,-23.828216,30.156923,-22.5,32.5
2495667.0,-31.20214,23.475599,-32.5,22.5
6955449.0,-33.716883,26.626571,-32.5,27.5
5231195.0,-34.155389,18.879513,-32.5,17.5
2385470.0,27.246213,33.885243,27.5,32.5
2480876.0,32.718487,-16.763973,32.5,-17.5
2446392.0,-34.809072,19.955725,-32.5,17.5
2479007.0,-32.711894,25.646883,-32.5,27.5
2703041.0,28.50648,-16.192219,27.5,-17.5
5382823.0,-24.239282,29.605076,-22.5,27.5
5219885.0,-31.194207,23.464272,-32.5,22.5
2474736.0,-34.129324,19.849725,-32.5,17.5
1955694.0,-24.45248,31.977645,-22.5,32.5
6022574.0,28.507004,-16.191637,27.5,-17.5
6894797.0,-24.092627,15.914038,-22.5,17.5
5637215.0,-34.493415,19.894787,-32.5,17.5
1423286.0,-34.070813,18.817494,-32.5,17.5
7692345.0,-34.330947,19.008134,-32.5,17.5
2492637.0,-33.941429,22.449149,-32.5,22.5
5230750.0,-34.061005,18.496301,-32.5,17.5
8317476.0,-34.007154,25.678482,-32.5,27.5
5297754.0,-34.093936,18.423247,-32.5,17.5
5229167.0,-19.748328,26.071122,-17.5,27.5
3112801.0,-33.937955,18.842009,-32.5,17.5
5231233.0,-2.951811,38.053803,-2.5,37.5
1026019.0,-25.444697,30.967358,-27.5,32.5
3140959.0,-25.849173,27.496137,-27.5,27.5
3172561.0,-2.142558,34.473228,-2.5,32.5
8208358.0,-34.349054,18.926527,-32.5,17.5
5683288.0,-34.321106,19.007459,-32.5,17.5
7262029.0,-24.861718,30.83582,-22.5,32.5
5844449.0,36.755943,3.509581,37.5,2.5
6893346.0,-24.469812,30.818745,-22.5,32.5
4389254.0,-33.98813,18.433354,-32.5,17.5
4197450.0,28.294811,-16.81185,27.5,-17.5
2441034.0,-32.265503,25.440832,-32.5,27.5
5690330.0,-34.09029,23.36831,-32.5,22.5
5229154.0,-29.667006,29.573551,-27.5,27.5
3699769.0,-24.406991,30.813004,-22.5,32.5
3172561.0,-25.337007,31.813591,-27.5,32.5
3976037.0,-25.357346,31.810194,-27.5,32.5
5636539.0,-34.386238,20.506925,-32.5,22.5
5229389.0,-33.190047,18.123867,-32.5,17.5
1938125.0,-3.358593,35.670275,-2.5,37.5
5289624.0,-24.126692,31.03601,-22.5,32.5
5130448.0,-29.781745,30.845722,-27.5,32.5
2435350.0,-0.304806,29.9595,-2.5,27.5
2051817.0,-24.508162,30.895162,-22.5,32.5
6095271.0,-22.678283,29.01726,-22.5,27.5
1926671.0,-33.759527,21.354777,-32.5,22.5
5790625.0,-25.156548,30.540932,-27.5,32.5
1932753.0,-34.36969,18.885475,-32.5,17.5
4070390.0,-25.859699,27.497467,-27.5,27.5
2446695.0,-19.911703,23.523242,-17.5,22.5
5341754.0,28.507097,-16.191841,27.5,-17.5
2334443.0,-4.312618,39.589996,-2.5,37.5
1772352.0,-24.452242,31.977733,-22.5,32.5
2435350.0,-24.911403,31.460511,-22.5,32.5
5349601.0,-28.220012,31.948226,-27.5,32.5
2479015.0,0.436641,32.597767,2.5,32.5
3791355.0,-32.111883,19.06156,-32.5,17.5
7658661.0,-24.463081,30.609052,-22.5,32.5
8101752.0,-2.909185,38.023833,-2.5,37.5
3752366.0,-19.039928,16.470901,-17.5,17.5
9629160.0,35.309067,-2.956238,37.5,-2.5
2480350.0,-34.060778,18.494507,-32.5,17.5
6027321.0,-25.86374,27.497368,-27.5,27.5
5413064.0,-25.855205,27.497006,-27.5,27.5
1428910.0,-34.316667,18.963103,-32.5,17.5
2097462.0,-31.789102,25.596977,-32.5,27.5
1428738.0,-34.069766,18.816324,-32.5,17.5
5524718.0,-34.332124,19.010281,-32.5,17.5
3089818.0,28.092407,-16.720327,27.5,-17.5
7262029.0,-33.661959,24.393895,-32.5,22.5
7321717.0,-24.394725,30.797625,-22.5,32.5
2480923.0,-1.328311,36.922439,-2.5,37.5
2925303.0,-24.161496,30.254677,-22.5,32.5
5231178.0,-29.776781,30.835837,-27.5,32.5
4389548.0,-25.483845,31.004183,-27.5,32.5
5228322.0,-30.282214,30.753648,-32.5,32.5
2760874.0,0.403695,30.38288,2.5,32.5
5857997.0,-34.140623,18.320884,-32.5,17.5
3683134.0,-24.40662,30.81728,-22.5,32.5
9306839.0,-28.780581,32.09378,-27.5,32.5
2490296.0,-34.418042,19.153362,-32.5,17.5
2440842.0,-20.529767,16.704459,-22.5,17.5
2480377.0,-25.14682,31.901157,-27.5,32.5
2498252.0,-32.259722,25.454821,-32.5,27.5
7813441.0,-30.259903,30.588453,-32.5,32.5
2773101.0,-34.410193,19.512797,-32.5,17.5
6101223.0,-25.354284,31.761244,-27.5,32.5
2494058.0,-21.043519,55.257169,-22.5,57.5
5220167.0,-34.349703,18.481952,-32.5,17.5
5052226.0,-28.786946,32.102994,-27.5,32.5
5535290.0,-34.351721,18.92694,-32.5,17.5
2925303.0,-32.063563,29.091154,-32.5,27.5
2475365.0,-25.146178,31.9012,-27.5,32.5
3084027.0,-29.110556,31.600413,-27.5,32.5
2434255.0,-33.912601,18.707435,-32.5,17.5
1937702.0,-32.982618,27.921597,-32.5,27.5
2480202.0,-19.219721,16.05641,-17.5,17.5
1932976.0,28.856361,-13.87005,27.5,-12.5
2480876.0,-34.059874,18.498452,-32.5,17.5
2852914.0,-25.904724,27.78282,-27.5,27.5
7262029.0,-20.401166,17.365254,-22.5,17.5
2475239.0,-24.943611,31.674272,-22.5,32.5
2498252.0,-1.074615,35.309406,-2.5,37.5
5225408.0,-34.312257,18.446484,-32.5,17.5
2744533.0,-29.254052,29.423393,-27.5,27.5
5231002.0,-30.691785,30.221805,-32.5,32.5
5185632.0,-33.192339,27.643121,-32.5,27.5
2441105.0,-19.314738,15.940678,-17.5,17.5
1862989.0,-33.315916,26.533948,-32.5,27.5
5187275.0,-4.283689,39.594269,-2.5,37.5
2978552.0,-33.959916,25.495946,-32.5,27.5
6894794.0,-24.140705,15.90385,-22.5,17.5
4109540.0,-24.405805,30.81954,-22.5,32.5
9700256.0,-25.358152,31.810515,-27.5,32.5
5188828.0,-33.695879,26.666048,-32.5,27.5
2383731.0,-20.130581,57.757154,-22.5,57.5
2441247.0,-24.992027,31.593272,-22.5,32.5
2970728.0,-33.977489,20.706551,-32.5,22.5
3131736.0,-26.690954,27.124009,-27.5,27.5
3084911.0,-23.828081,30.157188,-22.5,32.5
2385531.0,-20.130581,57.757154,-22.5,57.5
3741034.0,-29.262888,29.455473,-27.5,27.5
1428882.0,-34.039606,22.132487,-32.5,22.5
2476041.0,-3.732506,35.801978,-2.5,37.5
7658661.0,-24.403918,30.814593,-22.5,32.5
5137998.0,-33.921167,22.91983,-32.5,22.5
8197094.0,-25.351351,31.761347,-27.5,32.5
1081568.0,-22.578388,17.227312,-22.5,17.5
2392628.0,-33.69531,26.66492,-32.5,27.5
1920370.0,-24.452953,31.977722,-22.5,32.5
7294783.0,-24.578495,30.616074,-22.5,32.5
2773704.0,-33.317312,26.517299,-32.5,27.5
4404833.0,28.388414,-16.571582,27.5,-17.5
6894778.0,-24.09947,15.910572,-22.5,17.5
5959942.0,-25.81878,28.260735,-27.5,27.5
5220182.0,-33.612026,24.246551,-32.5,22.5
2498064.0,-34.06097,18.4961,-32.5,17.5
2151549.0,-34.054633,23.242872,-32.5,22.5
2481912.0,-25.928312,27.83124,-27.5,27.5
7307851.0,28.140456,-16.52587,27.5,-17.5
2489104.0,36.211192,6.623705,37.5,7.5
2498252.0,-33.988782,18.429977,-32.5,17.5
5229411.0,-24.756288,31.810708,-22.5,32.5
9178932.0,-20.512999,47.239648,-22.5,47.5
5546739.0,-24.404975,30.819932,-22.5,32.5
8208358.0,-25.784003,28.109089,-27.5,27.5
5285824.0,-24.924308,47.04335,-22.5,47.5
3060710.0,-29.84429,30.900845,-27.5,32.5
4086945.0,-24.406239,30.81239,-22.5,32.5
5414400.0,12.876803,-13.585297,12.5,-12.5
1427721.0,28.642788,-17.934678,27.5,-17.5
3104491.0,28.506722,-16.190796,27.5,-17.5
6955449.0,-28.219974,31.948322,-27.5,32.5
6894778.0,-24.113848,15.90657,-22.5,17.5
5137799.0,-29.792743,30.815863,-27.5,32.5
3172561.0,-18.434564,21.905476,-17.5,22.5
2420766.0,-34.606687,19.404177,-32.5,17.5
10737210.0,-24.45235,31.977963,-22.5,32.5
4699245.0,-28.220031,31.948258,-27.5,32.5
7173446.0,-25.800111,28.263838,-27.5,27.5
1870532.0,-0.593254,29.720209,-2.5,27.5
6022574.0,28.507037,-16.190873,27.5,-17.5
3188875.0,-26.308918,28.081864,-27.5,27.5
2159235.0,-28.22004,31.948322,-27.5,32.5
2767031.0,-25.802487,28.261816,-27.5,27.5
2490276.0,-34.129246,19.83668,-32.5,17.5
3035211.0,-25.859549,27.497355,-27.5,27.5
3923641.0,-25.852931,27.496339,-27.5,27.5
4070390.0,-24.592693,30.93525,-22.5,32.5
7340730.0,-33.95862,22.368512,-32.5,22.5
2888995.0,-27.880915,29.71445,-27.5,27.5
2441144.0,-25.228319,27.105326,-27.5,27.5
1949080.0,-29.820229,30.809427,-27.5,32.5
10711575.0,-25.426253,31.450177,-27.5,32.5
5295301.0,-24.595963,30.887687,-22.5,32.5
2474874.0,-29.359252,29.956391,-27.5,27.5
1949080.0,-32.707937,25.624091,-32.5,27.5
5400613.0,-24.595855,30.887532,-22.5,32.5
4108550.0,-24.406559,30.818242,-22.5,32.5
5544186.0,-25.902092,27.779154,-27.5,27.5
2747060.0,-25.781739,28.296201,-27.5,27.5
2493680.0,-23.576734,29.816828,-22.5,27.5
3089818.0,28.073128,-16.657072,27.5,-17.5
1428570.0,-24.350283,31.951417,-22.5,32.5
2481890.0,36.805015,2.894051,37.5,2.5
2513260.0,28.526555,-16.281756,27.5,-17.5
4535827.0,31.192395,29.918704,32.5,27.5
5790572.0,-34.066222,18.589346,-32.5,17.5
7287287.0,-34.347434,18.875838,-32.5,17.5
2953703.0,-28.946958,29.206552,-27.5,27.5
5421114.0,-24.481785,30.824921,-22.5,32.5
5845379.0,-2.855694,38.078522,-2.5,37.5
3069097.0,-24.528973,30.824987,-22.5,32.5
2495414.0,30.007966,31.253197,32.5,32.5
10671440.0,-33.934289,18.838276,-32.5,17.5
8988802.0,-34.296388,18.466671,-32.5,17.5
1955694.0,-33.696773,25.816963,-32.5,27.5
1081779.0,6.443514,3.488664,7.5,2.5
8901465.0,-23.591975,29.782788,-22.5,27.5
5217671.0,-33.317658,26.531729,-32.5,27.5
6112547.0,-24.452588,31.977847,-22.5,32.5
2481173.0,-34.807228,20.060023,-32.5,22.5
5229167.0,-34.077288,18.509923,-32.5,17.5
2422519.0,-24.882163,28.370205,-22.5,27.5
9306839.0,-24.161701,30.254318,-22.5,32.5
6894778.0,-24.108873,15.906432,-22.5,17.5
2481915.0,-19.036352,16.338378,-17.5,17.5
3791606.0,-25.852737,27.496505,-27.5,27.5
2475259.0,-25.228319,27.105326,-27.5,27.5
3172270.0,-24.405819,30.82,-22.5,32.5
9163257.0,-7.798337,38.070817,-7.5,37.5
2986239.0,32.703667,-17.086467,32.5,-17.5
8151790.0,36.747762,2.968725,37.5,2.5
5406695.0,-24.375772,30.663935,-22.5,32.5
2781143.0,-24.162153,30.253816,-22.5,32.5
8462022.0,-33.980112,25.565021,-32.5,27.5
3711260.0,-25.857828,27.497141,-27.5,27.5
7340730.0,-33.958576,22.368566,-32.5,22.5
5303496.0,0.435158,30.410883,2.5,32.5
6894370.0,-23.892697,16.550372,-22.5,17.5
5220183.0,-20.425659,17.348255,-22.5,17.5
2441144.0,-20.375566,17.460158,-22.5,17.5
2394271.0,36.741664,5.045108,37.5,7.5
10676018.0,30.386111,-9.592849,32.5,-7.5
2441341.0,-24.967185,31.625826,-22.5,32.5
2498415.0,27.770028,-15.542495,27.5,-17.5
5226254.0,-33.919485,18.400778,-32.5,17.5
2441757.0,-31.198931,23.47093,-32.5,22.5
2475532.0,36.805466,2.895242,37.5,2.5
1310712.0,-29.776803,30.835872,-27.5,32.5
2925514.0,-34.323372,18.9671,-32.5,17.5
1428738.0,-32.938158,27.99811,-32.5,27.5
11688586.0,-29.046525,30.298689,-27.5,32.5
2437614.0,-29.66672,17.998562,-27.5,17.5
2984573.0,0.340873,6.735156,2.5,7.5
6095338.0,-34.052222,18.50899,-32.5,17.5
1827775.0,-25.292039,31.001958,-27.5,32.5
5674887.0,-24.342275,31.073121,-22.5,32.5
3974754.0,-33.48866,22.033357,-32.5,22.5
1910628.0,-15.41668,28.364881,-17.5,27.5
3844680.0,-34.408541,19.273904,-32.5,17.5
5229154.0,-24.756288,31.810708,-22.5,32.5
7303185.0,-28.962301,29.203028,-27.5,27.5
7745240.0,-28.220021,31.948322,-27.5,32.5
8288127.0,-33.976207,22.645534,-32.5,22.5
2925303.0,-17.925722,25.852971,-17.5,27.5
5297754.0,-33.989746,18.413763,-32.5,17.5
2435350.0,-17.89349,25.913153,-17.5,27.5
6100998.0,-32.224775,25.478049,-32.5,27.5
6894355.0,-24.137478,15.904047,-22.5,17.5
2494015.0,-28.220002,31.948317,-27.5,32.5
5229963.0,-34.026157,23.381131,-32.5,22.5
6095271.0,-25.006569,31.593888,-27.5,32.5
2650613.0,-25.851904,27.49628,-27.5,27.5
2481912.0,34.006962,-6.821301,32.5,-7.5
1428738.0,-34.07008,18.816285,-32.5,17.5
2955820.0,-25.846419,27.4982,-27.5,27.5
8349333.0,-34.493873,19.894696,-32.5,17.5
5555149.0,-29.323392,27.29707,-27.5,27.5
5590514.0,-33.902077,25.200588,-32.5,27.5
2404095.0,-6.190542,39.161643,-7.5,37.5
2495150.0,-34.348538,18.468264,-32.5,17.5
3152562.0,-24.329591,31.071024,-22.5,32.5
2390762.0,16.89261,-24.994325,17.5,-22.5
2975891.0,-20.578064,16.743477,-22.5,17.5
1713034.0,34.000743,-4.306418,32.5,-2.5
2763050.0,5.940272,38.252705,7.5,37.5
1932580.0,-25.895937,27.772824,-27.5,27.5
2933885.0,-19.220753,16.042245,-17.5,17.5
4486330.0,28.537497,-16.395675,27.5,-17.5
2495674.0,12.39445,-1.491845,12.5,-2.5
1428738.0,-34.070126,18.816337,-32.5,17.5
1428570.0,-18.485108,21.982586,-17.5,22.5
2828332.0,-17.707002,31.126305,-17.5,32.5
2495150.0,-34.307885,18.443824,-32.5,17.5
5684170.0,-33.859066,18.551538,-32.5,17.5
8873604.0,28.652836,-17.759623,27.5,-17.5
9487001.0,-0.131006,37.374552,-2.5,37.5
2441141.0,-23.859749,31.12853,-22.5,32.5
3725329.0,-34.093994,18.423388,-32.5,17.5
1428661.0,-29.111029,31.60016,-27.5,32.5
1862433.0,-33.315916,26.533948,-32.5,27.5
2392628.0,-33.695618,26.666053,-32.5,27.5
2481749.0,-34.078722,18.510624,-32.5,17.5
5226254.0,-34.322684,19.004801,-32.5,17.5
5374288.0,28.583367,-13.960789,27.5,-12.5
5136306.0,-24.350405,31.951342,-22.5,32.5
2750118.0,-25.411953,30.106353,-27.5,32.5
2449077.0,-25.107333,31.41555,-27.5,32.5
1788553.0,28.434811,-13.970782,27.5,-12.5
5220160.0,-23.835371,31.581566,-22.5,32.5
5405673.0,28.092434,-16.720266,27.5,-17.5
8252253.0,36.372488,6.610725,37.5,7.5
2449077.0,-29.273792,31.284325,-27.5,32.5
2475443.0,-33.777874,18.69729,-32.5,17.5
2444884.0,-33.951754,24.302254,-32.5,22.5
2441034.0,-0.529734,29.63295,-2.5,27.5
1428431.0,-28.220002,31.948365,-27.5,32.5
5208693.0,-29.728753,31.088439,-27.5,32.5
12217905.0,35.308732,-2.956366,37.5,-2.5
8901465.0,-23.591844,29.783151,-22.5,27.5
3783481.0,-24.352019,31.075948,-22.5,32.5
3144854.0,31.431322,-8.160822,32.5,-7.5
4535827.0,31.190176,29.918531,32.5,27.5
6274782.0,-33.978662,18.442915,-32.5,17.5
3105785.0,28.076706,-16.645983,27.5,-17.5
7262029.0,-34.149204,18.927624,-32.5,17.5
10754273.0,-24.304062,30.992451,-22.5,32.5
3035252.0,-24.213138,29.607725,-22.5,27.5
8151548.0,36.805597,2.893807,37.5,2.5
2441034.0,-24.989903,31.601942,-22.5,32.5
2978552.0,-33.959718,25.494796,-32.5,27.5
1727809.0,-24.7277,25.817695,-22.5,27.5
2429955.0,-33.974743,22.344963,-32.5,22.5
2492656.0,-30.28227,30.753805,-32.5,32.5
5220285.0,-34.306553,18.4358,-32.5,17.5
2441247.0,-34.060786,18.494513,-32.5,17.5
2158505.0,-24.596463,30.873273,-22.5,32.5
5421116.0,-24.546906,31.336838,-22.5,32.5
2490687.0,-32.162736,25.481262,-32.5,27.5
2486138.0,-34.418064,19.153429,-32.5,17.5
5232238.0,-20.836493,16.649897,-22.5,17.5
5591182.0,-28.962847,29.201887,-27.5,27.5
8028745.0,-29.254488,29.430569,-27.5,27.5
2978552.0,-33.959739,25.494712,-32.5,27.5
2498390.0,31.097232,-4.066025,32.5,-2.5
2740024.0,-25.426311,31.450435,-27.5,32.5
10777550.0,-31.73308,23.255024,-32.5,22.5
2952780.0,-24.149822,30.316822,-22.5,32.5
2953710.0,11.989187,18.23725,12.5,17.5
2650617.0,34.869664,-1.293431,32.5,-2.5
2986239.0,32.703225,-17.086222,32.5,-17.5
9700256.0,-22.202136,29.370767,-22.5,27.5
5220160.0,-0.518365,29.632554,-2.5,27.5
5052230.0,-34.039629,22.132512,-32.5,22.5
2495783.0,-24.680372,27.164727,-22.5,27.5
2684243.0,-33.978663,20.812603,-32.5,22.5
2925303.0,-24.595881,30.87379,-22.5,32.5
2426618.0,35.170876,-5.25638,37.5,-7.5
7321717.0,-25.855011,27.496881,-27.5,27.5
5382823.0,-24.852929,31.563281,-22.5,32.5
3672466.0,-25.851701,27.496448,-27.5,27.5
2480830.0,-25.027501,31.344365,-27.5,32.5
1728339.0,-24.933347,30.838642,-22.5,32.5
2436723.0,-2.103894,34.523735,-2.5,32.5
2417425.0,-34.0724,23.005019,-32.5,22.5
1705891.0,-34.199058,18.374622,-32.5,17.5
2480730.0,-24.024753,27.095442,-22.5,27.5
2475955.0,-25.35429,31.761336,-27.5,32.5
2421592.0,-23.859749,31.12853,-22.5,32.5
2482519.0,-32.182093,25.478297,-32.5,27.5
2495150.0,-34.323705,18.435187,-32.5,17.5
2784001.0,-33.973411,18.386809,-32.5,17.5
3084719.0,-24.532651,30.640469,-22.5,32.5
5706330.0,-20.766335,16.791246,-22.5,17.5
1498523.0,-26.165887,31.998335,-27.5,32.5
5637611.0,-33.951685,25.487729,-32.5,27.5
5391845.0,-24.161776,30.254374,-22.5,32.5
7969114.0,-32.108952,19.066828,-32.5,17.5
2446718.0,-28.220017,31.948403,-27.5,32.5
2484860.0,-34.075615,20.454675,-32.5,22.5
2736625.0,36.76004,5.105807,37.5,7.5
2492526.0,-32.25746,25.43164,-32.5,27.5
3886290.0,-33.411438,18.244825,-32.5,17.5
8303003.0,32.782973,-16.908045,32.5,-17.5
1932751.0,-33.982016,22.607134,-32.5,22.5
2932113.0,28.571383,-16.265683,27.5,-17.5
4197615.0,28.293636,-16.812736,27.5,-17.5
2489052.0,-25.353413,31.760183,-27.5,32.5
2854755.0,32.761035,-16.792791,32.5,-17.5
2750118.0,-25.411892,30.106267,-27.5,32.5
1428708.0,-34.066609,18.810656,-32.5,17.5
2484628.0,-1.423241,34.97517,-2.5,32.5
2435350.0,-24.600364,31.57775,-22.5,32.5
2742428.0,-28.962231,29.202927,-27.5,27.5
2492576.0,-23.590926,29.784268,-22.5,27.5
6101223.0,25.717552,32.601483,27.5,32.5
8959277.0,-28.220012,31.948231,-27.5,32.5
2888490.0,-31.273956,23.458546,-32.5,22.5
5373358.0,36.505242,4.762345,37.5,2.5
8652576.0,-28.9427,31.764561,-27.5,32.5
2473341.0,-24.804101,31.555807,-22.5,32.5
7745240.0,-24.83897,31.433038,-22.5,32.5
5229963.0,-34.261323,18.457144,-32.5,17.5
1919181.0,-20.388893,17.411956,-22.5,17.5
2473341.0,-25.160655,31.89468,-27.5,32.5
5638134.0,-34.583367,19.784364,-32.5,17.5
5220182.0,9.07707,38.717803,7.5,37.5
2492659.0,12.39445,-1.491845,12.5,-2.5
7166924.0,-24.568281,27.829535,-22.5,27.5
2469763.0,34.000668,-4.308166,32.5,-2.5
5168613.0,34.000668,-4.308166,32.5,-2.5
2453195.0,-30.282438,30.753734,-32.5,32.5
2480350.0,-34.671162,19.868161,-32.5,17.5
5109259.0,-24.452575,31.977772,-22.5,32.5
5226254.0,-34.155147,18.4336,-32.5,17.5
5420380.0,-28.350212,32.317767,-27.5,32.5
5217671.0,-24.40005,31.960928,-22.5,32.5
5384075.0,28.077977,-14.377953,27.5,-12.5
1341976.0,-29.841448,30.928164,-27.5,32.5
5231195.0,-25.910543,28.17306,-27.5,27.5
2441001.0,-19.351845,15.928005,-17.5,17.5
6095271.0,-23.854903,31.575709,-22.5,32.5
5721228.0,-4.312984,39.584138,-2.5,37.5
5290129.0,-24.439834,30.622296,-22.5,32.5
2494088.0,-26.678369,28.417958,-27.5,27.5
2391929.0,-29.714997,31.093711,-27.5,32.5
5959111.0,-34.084228,18.517971,-32.5,17.5
2490687.0,-32.231105,25.431453,-32.5,27.5
2917876.0,-25.771237,28.290924,-27.5,27.5
3974754.0,-33.566416,26.575058,-32.5,27.5
1419912.0,-29.581686,22.909443,-27.5,22.5
3891796.0,-24.363524,30.947616,-22.5,32.5
2481915.0,-19.213107,16.059137,-17.5,17.5
5228304.0,-2.868724,38.090882,-2.5,37.5
4101888.0,31.45528,-5.36264,32.5,-7.5
5544377.0,-25.266724,29.985768,-27.5,27.5
5225388.0,-24.997186,31.769647,-22.5,32.5
2498252.0,-34.060778,18.494507,-32.5,17.5
5229411.0,-17.896715,25.82554,-17.5,27.5
3708351.0,-33.730817,26.581268,-32.5,27.5
1317400.0,5.420058,-3.911878,7.5,-2.5
2722199.0,-24.596167,30.874664,-22.5,32.5
7626513.0,35.305366,-2.96175,37.5,-2.5
6111581.0,-28.699363,30.014589,-27.5,32.5
5172247.0,-25.444125,30.968775,-27.5,32.5
5361889.0,-25.800107,28.263988,-27.5,27.5
3169652.0,34.006714,-6.822,32.5,-7.5
5637215.0,-34.583086,19.784272,-32.5,17.5
7321717.0,-31.194408,23.464242,-32.5,22.5
2418714.0,-33.729357,26.58367,-32.5,27.5
9761484.0,-25.326714,30.695747,-27.5,32.5
6101223.0,-29.722188,31.089822,-27.5,32.5
6893370.0,-34.06334,18.869052,-32.5,17.5
2480393.0,-28.963789,31.755126,-27.5,32.5
8941010.0,-25.907818,27.797329,-27.5,27.5
3997716.0,-34.4934,19.894554,-32.5,17.5
2440892.0,-24.822468,31.548996,-22.5,32.5
5218741.0,-28.250682,31.990016,-27.5,32.5
7405711.0,-28.220045,31.948306,-27.5,32.5
7334227.0,-34.057424,20.462021,-32.5,22.5
8349333.0,-33.916792,22.074326,-32.5,22.5
2978552.0,-33.951267,25.487543,-32.5,27.5
1919346.0,-14.653888,22.63997,-12.5,22.5
2480830.0,25.604045,34.604973,27.5,32.5
6894730.0,-24.099055,15.910738,-22.5,17.5
8646029.0,-33.834312,18.56761,-32.5,17.5
5637611.0,-33.951789,25.48825,-32.5,27.5
5384075.0,28.092626,-16.720183,27.5,-17.5
3987246.0,-21.758785,13.966128,-22.5,12.5
2480800.0,-34.060778,18.494507,-32.5,17.5
1313646.0,-3.547862,38.217262,-2.5,37.5
3110760.0,-34.342682,18.883881,-32.5,17.5
2482048.0,35.308596,-2.956728,37.5,-2.5
1428738.0,-34.069518,18.815925,-32.5,17.5
2957867.0,-24.405434,30.820396,-22.5,32.5
1105788.0,-22.854342,16.772312,-22.5,17.5
2441105.0,-1.134103,35.312609,-2.5,37.5
1428738.0,-34.039513,22.132232,-32.5,22.5
2480350.0,-3.211303,35.601425,-2.5,37.5
2978552.0,-33.959412,25.495405,-32.5,27.5
5391845.0,-23.827321,30.15748,-22.5,32.5
3794715.0,-25.351351,31.761347,-27.5,32.5
9797180.0,28.049871,-14.358791,27.5,-12.5
3747439.0,-24.406446,30.818382,-22.5,32.5
5231002.0,-29.815323,30.810748,-27.5,32.5
7341849.0,35.305319,-2.96168,37.5,-2.5
1498523.0,-24.45235,31.97767,-22.5,32.5
3933670.0,6.911695,3.025982,7.5,2.5
3131955.0,-29.254973,29.422665,-27.5,27.5
2481784.0,30.848892,-9.826297,32.5,-7.5
2441247.0,-3.054925,35.593899,-2.5,37.5
5230739.0,-23.853596,31.575084,-22.5,32.5
2480514.0,-24.795422,31.545004,-22.5,32.5
6993524.0,-34.05597,18.429566,-32.5,17.5
9632100.0,-13.973063,33.786625,-12.5,32.5
9772663.0,-3.211353,35.601509,-2.5,37.5
9515886.0,-34.084228,18.517971,-32.5,17.5
2481236.0,-34.061875,18.493722,-32.5,17.5
6894750.0,-23.289048,15.835293,-22.5,17.5
10737210.0,-24.823341,31.492132,-22.5,32.5
3661070.0,-25.864929,27.841856,-27.5,27.5
5401760.0,-20.505948,47.24003,-22.5,47.5
5138841.0,-25.155312,30.543022,-27.5,32.5
2473944.0,-25.141754,31.903466,-27.5,32.5
7150735.0,28.073364,-16.657238,27.5,-17.5
5637947.0,-34.347458,18.928309,-32.5,17.5
5789283.0,-34.357325,18.473247,-32.5,17.5
3871322.0,-24.405166,30.818685,-22.5,32.5
2441187.0,-24.038247,27.051717,-22.5,27.5
9297550.0,-33.989857,20.443221,-32.5,22.5
2447558.0,-20.340197,57.37393,-22.5,57.5
5383031.0,-26.778864,32.890029,-27.5,32.5
9617039.0,-33.974802,18.783547,-32.5,17.5
2429714.0,-29.776753,30.831705,-27.5,32.5
3084839.0,28.20259,-16.830974,27.5,-17.5
2434634.0,5.107726,31.904252,7.5,32.5
8702600.0,-3.172603,35.513772,-2.5,37.5
2407235.0,-20.139632,57.754127,-22.5,57.5
2441247.0,-3.17203,40.120846,-2.5,42.5
2978552.0,-33.960326,25.496254,-32.5,27.5
2978552.0,-33.937775,18.84207,-32.5,17.5
2403789.0,-20.139632,57.754127,-22.5,57.5
2489016.0,-24.195541,30.907875,-22.5,32.5
2767031.0,28.506957,-16.190168,27.5,-17.5
6409706.0,-31.247728,23.472327,-32.5,22.5
9797180.0,-23.874549,31.125984,-22.5,32.5
5232465.0,-34.059795,18.498489,-32.5,17.5
9503771.0,-33.978237,20.811597,-32.5,22.5
2441757.0,-25.101167,31.886497,-27.5,32.5
2928673.0,-26.153002,32.001191,-27.5,32.5
2701413.0,-34.590679,19.490454,-32.5,17.5
5643091.0,-34.579478,19.775086,-32.5,17.5
11134094.0,-22.095346,14.994898,-22.5,12.5
5301979.0,-25.889868,32.56351,-27.5,32.5
10891903.0,-30.282128,30.754302,-32.5,32.5
1910628.0,-25.354815,31.761621,-27.5,32.5
5219578.0,-3.237897,35.857354,-2.5,37.5
9809229.0,-34.136397,18.861451,-32.5,17.5
2441757.0,5.288177,38.387835,7.5,37.5
5871389.0,-33.934109,18.83396,-32.5,17.5
2793158.0,36.603137,4.709684,37.5,2.5
3065778.0,-29.323412,27.29663,-27.5,27.5
5637948.0,-34.5735,19.73284,-32.5,17.5
5373358.0,34.861019,-1.268349,32.5,-2.5
1862293.0,-24.313942,29.767113,-22.5,27.5
2441144.0,-23.587216,29.819911,-22.5,27.5
5572235.0,-28.966941,31.753549,-27.5,32.5
3169708.0,28.46871,-16.451345,27.5,-17.5
7160810.0,-24.532234,30.640646,-22.5,32.5
2441144.0,-20.766296,16.79126,-22.5,17.5
5220160.0,-24.83115,31.559806,-22.5,32.5
5311429.0,-14.444879,26.105564,-12.5,27.5
5834428.0,-25.853782,27.496848,-27.5,27.5
5229136.0,-29.359969,29.954898,-27.5,27.5
2475965.0,12.39445,-1.491845,12.5,-2.5
2855110.0,-34.065628,23.021595,-32.5,22.5
2891614.0,-34.574414,19.735014,-32.5,17.5
10796165.0,-25.780848,28.363589,-27.5,27.5
9515886.0,-29.658158,29.540643,-27.5,27.5
2481904.0,-24.942054,31.677532,-22.5,32.5
2475360.0,-3.763878,36.023303,-2.5,37.5
6113868.0,-33.640206,23.425083,-32.5,22.5
5361880.0,-28.779119,32.086304,-27.5,32.5
4260042.0,-24.524429,30.795915,-22.5,32.5
9658573.0,-4.658547,39.37064,-2.5,37.5
1727809.0,-24.418608,31.961483,-22.5,32.5
2447558.0,-20.256137,57.754012,-22.5,57.5
7251342.0,36.918102,7.654601,37.5,7.5
4819971.0,-27.471244,31.926156,-27.5,32.5
5141216.0,-28.780412,32.087622,-27.5,32.5
9472170.0,28.08639,-16.70716,27.5,-17.5
5231913.0,-32.724063,25.644142,-32.5,27.5
2437454.0,-28.933563,26.368183,-27.5,27.5
2957867.0,-24.405015,30.819821,-22.5,32.5
2440892.0,-24.99297,31.532398,-22.5,32.5
5241128.0,-25.910872,28.44762,-27.5,27.5
3974754.0,-33.426219,26.477501,-32.5,27.5
9114626.0,-29.314912,29.691172,-27.5,27.5
2435350.0,-2.741898,38.084716,-2.5,37.5
5229130.0,-3.167117,35.544842,-2.5,37.5
2887200.0,-34.76194,19.931215,-32.5,17.5
3641868.0,-34.094005,18.42337,-32.5,17.5
5307363.0,-34.100604,18.431049,-32.5,17.5
2498252.0,-25.116035,31.911439,-27.5,32.5
5220160.0,-23.588787,29.783767,-22.5,27.5
5290129.0,-31.252775,23.487008,-32.5,22.5
5229467.0,-34.371595,21.410467,-32.5,22.5
9456514.0,-30.873155,30.357528,-32.5,32.5
2868796.0,-30.585395,27.719858,-32.5,27.5
9131682.0,-34.140623,18.320884,-32.5,17.5
2775716.0,-33.923199,18.704442,-32.5,17.5
1105788.0,-22.85428,16.77235,-22.5,17.5
5221988.0,-21.043519,55.257169,-22.5,57.5
1861584.0,-24.452278,31.977717,-22.5,32.5
8371864.0,-1.378592,36.7646,-2.5,37.5
6893346.0,-23.998495,31.767952,-22.5,32.5
5227207.0,-29.815593,30.810755,-27.5,32.5
2436618.0,33.508708,-5.075599,32.5,-7.5
2481853.0,-23.574183,29.826201,-22.5,27.5
10711575.0,-24.364045,30.946848,-22.5,32.5
2481904.0,-25.146601,31.557595,-27.5,32.5
8502641.0,-34.606687,19.404177,-32.5,17.5
2142008.0,-24.328559,31.071782,-22.5,32.5
2853683.0,-25.415737,31.440239,-27.5,32.5
2452959.0,-34.011675,25.526221,-32.5,27.5
4066841.0,-24.339469,31.071365,-22.5,32.5
2492750.0,-32.286215,25.412358,-32.5,27.5
4198162.0,32.855436,-17.15301,32.5,-17.5
6100970.0,-2.870782,38.074402,-2.5,37.5
3035211.0,-29.247909,29.45407,-27.5,27.5
3619546.0,-25.859699,27.497467,-27.5,27.5
2930578.0,-25.853245,27.496637,-27.5,27.5
5228340.0,-24.756288,31.810708,-22.5,32.5
1782645.0,-4.261896,39.593474,-2.5,37.5
5229167.0,-29.666703,29.573953,-27.5,27.5
2279167.0,-12.306994,44.431326,-12.5,42.5
7582319.0,-1.378762,36.764695,-2.5,37.5
2490606.0,-24.049519,27.062595,-22.5,27.5
5706330.0,-34.056942,20.465504,-32.5,22.5
2493726.0,-28.220031,31.948387,-27.5,32.5
5637779.0,-33.980999,25.509563,-32.5,27.5
3627864.0,-29.057253,29.399398,-27.5,27.5
5219534.0,0.589304,30.46124,2.5,32.5
5694160.0,-25.85269,27.496576,-27.5,27.5
7475694.0,-25.850441,27.496451,-27.5,27.5
2449252.0,-33.903758,22.967817,-32.5,22.5
6892732.0,-28.881179,30.024754,-27.5,32.5
1893562.0,-29.781766,30.845643,-27.5,32.5
2952780.0,-25.361552,31.808576,-27.5,32.5
2490719.0,31.623586,-7.995339,32.5,-7.5
5523203.0,-34.088815,18.429241,-32.5,17.5
7857709.0,-32.222586,25.480622,-32.5,27.5
4486330.0,28.116584,-16.729749,27.5,-17.5
5844448.0,-24.966677,31.745428,-22.5,32.5
5845377.0,-3.77048,36.021614,-2.5,37.5
6894733.0,-25.535766,26.837946,-27.5,27.5
2437073.0,-2.21762,34.901779,-2.5,32.5
2441757.0,-28.858208,29.9811,-27.5,27.5
2474909.0,-3.158414,35.449469,-2.5,37.5
5638399.0,-33.62116,23.531518,-32.5,22.5
6065652.0,-34.060283,18.495085,-32.5,17.5
3152574.0,-25.895958,27.77265,-27.5,27.5
4439788.0,36.74789,2.971971,37.5,2.5
3127458.0,-22.414158,31.270946,-22.5,32.5
5227229.0,-33.695591,26.666397,-32.5,27.5
2478399.0,-34.474618,19.897193,-32.5,17.5
2482048.0,-34.06097,18.4961,-32.5,17.5
4260042.0,-24.403843,30.814616,-22.5,32.5
2415343.0,-33.758803,18.441861,-32.5,17.5
5226293.0,-4.284204,39.592057,-2.5,37.5
5219436.0,-20.834329,16.783339,-22.5,17.5
1316075.0,36.725144,2.992226,37.5,2.5
2978730.0,-34.032999,18.396056,-32.5,17.5
7307851.0,28.524116,-16.288126,27.5,-17.5
2474909.0,-20.600739,16.762445,-22.5,17.5
9193953.0,-28.220002,31.948301,-27.5,32.5
2783627.0,-33.98368,20.44877,-32.5,22.5
1423286.0,-34.302799,21.02644,-32.5,22.5
2972106.0,-33.991512,18.411149,-32.5,17.5
2496333.0,-2.127153,34.477615,-2.5,32.5
2930578.0,-25.845093,27.495731,-27.5,27.5
2493624.0,-24.756288,31.810708,-22.5,32.5
5217671.0,-30.275231,30.739098,-32.5,32.5
11726907.0,-29.542392,29.953022,-27.5,27.5
1994735.0,-33.980297,18.4086,-32.5,17.5
7155887.0,11.989863,18.237095,12.5,17.5
2498396.0,-28.353302,32.32639,-27.5,32.5
2103013.0,-24.452805,31.977853,-22.5,32.5
2480830.0,-34.163854,24.827544,-32.5,22.5
7642610.0,-29.923908,24.528703,-27.5,22.5
1422870.0,-29.772322,30.739262,-27.5,32.5
5307416.0,-29.80877,30.773346,-27.5,32.5
9797180.0,-1.446262,34.961926,-2.5,32.5
1428708.0,-34.066343,18.810706,-32.5,17.5
3137579.0,32.759373,-16.788309,32.5,-17.5
8349333.0,-34.323405,18.45069,-32.5,17.5
2481936.0,-3.22858,35.551761,-2.5,37.5
7335582.0,28.14035,-16.525844,27.5,-17.5
9700256.0,-24.146939,31.033882,-22.5,32.5
7262034.0,-1.118541,35.293043,-2.5,37.5
2888579.0,-29.801144,29.480014,-27.5,27.5
2052787.0,-24.328472,31.071695,-22.5,32.5
2480923.0,-1.944271,30.064174,-2.5,32.5
7268237.0,30.503853,-9.695421,32.5,-7.5
1341976.0,36.72511,2.992272,37.5,2.5
2854740.0,-34.330748,19.007373,-32.5,17.5
2475365.0,-33.764564,18.46076,-32.5,17.5
5420380.0,-24.596088,30.873876,-22.5,32.5
9648932.0,-30.282319,30.753786,-32.5,32.5
5229154.0,-32.238547,25.458102,-32.5,27.5
2478899.0,-25.195637,31.880806,-27.5,32.5
2953703.0,-24.830626,31.508462,-22.5,32.5
7617006.0,-25.782578,28.110303,-27.5,27.5
5305008.0,-29.2497,29.443432,-27.5,27.5
2855110.0,-34.023039,22.238367,-32.5,22.5
3084777.0,-33.657224,24.431124,-32.5,22.5
12246165.0,-33.860072,18.551102,-32.5,17.5
4389993.0,-24.435791,30.785117,-22.5,32.5
5229203.0,-25.341453,27.084189,-27.5,27.5
5380041.0,-23.828044,30.157272,-22.5,32.5
5210964.0,-33.692455,26.67358,-32.5,27.5
2470656.0,-25.372973,31.861527,-27.5,32.5
2481776.0,32.71788,-16.763387,32.5,-17.5
6384851.0,28.300729,-16.373749,27.5,-17.5
2158505.0,-32.698786,25.619828,-32.5,27.5
6100800.0,30.387033,-9.594185,32.5,-7.5
5914287.0,-33.9383,18.842126,-32.5,17.5
5524198.0,-24.446158,31.978092,-22.5,32.5
2930550.0,-33.730826,26.581203,-32.5,27.5
2493963.0,-33.958537,22.368688,-32.5,22.5
5137828.0,-25.877177,28.144983,-27.5,27.5
5220181.0,-28.220021,31.948252,-27.5,32.5
2434634.0,-23.062866,30.061237,-22.5,32.5
2480263.0,-33.735183,26.575811,-32.5,27.5
2480830.0,-31.592512,28.779388,-32.5,27.5
2429923.0,-29.776791,30.835876,-27.5,32.5
5218071.0,-28.881387,30.024684,-27.5,32.5
2476041.0,-3.521861,35.962439,-2.5,37.5
6066519.0,-34.066266,18.874756,-32.5,17.5
2449158.0,-26.698152,32.898238,-27.5,32.5
2498252.0,-34.06194,18.493854,-32.5,17.5
5573832.0,-24.405685,30.820239,-22.5,32.5
1897965.0,5.661838,-0.185591,7.5,-2.5
7386178.0,-25.898344,27.797892,-27.5,27.5
5555193.0,-24.532597,30.640337,-22.5,32.5
5405673.0,28.232225,-16.758861,27.5,-17.5
6543633.0,-24.452362,31.977553,-22.5,32.5
8252309.0,-33.413875,18.240712,-32.5,17.5
1341976.0,-28.254989,29.114739,-27.5,27.5
8941010.0,-30.98564,30.274229,-32.5,32.5
6263093.0,-28.952213,29.203906,-27.5,27.5
2436548.0,11.843432,-13.94994,12.5,-12.5
3832553.0,-25.864595,27.497808,-27.5,27.5
2944083.0,-34.14728,18.319403,-32.5,17.5
2650532.0,-28.963868,31.758258,-27.5,32.5
2470802.0,-22.947511,17.703342,-22.5,17.5
5218781.0,-25.175813,31.56362,-27.5,32.5
3997716.0,-34.579772,19.773961,-32.5,17.5
2473341.0,-33.406195,18.257947,-32.5,17.5
2449077.0,-24.756288,31.810708,-22.5,32.5
7561898.0,-24.407069,30.813054,-22.5,32.5
5130542.0,-20.642759,17.153007,-22.5,17.5
3093702.0,-25.583328,28.634278,-27.5,27.5
1899045.0,-24.452608,31.977633,-22.5,32.5
1670707.0,-34.197805,22.045969,-32.5,22.5
5231221.0,36.407669,10.641443,37.5,12.5
2900926.0,-24.592691,30.935092,-22.5,32.5
7340554.0,-20.505835,47.239992,-22.5,47.5
2474909.0,-19.278938,16.125268,-17.5,17.5
2480731.0,-2.92301,38.027711,-2.5,37.5
6056988.0,-25.851156,27.496881,-27.5,27.5
8959088.0,-33.720668,23.359746,-32.5,22.5
2165837.0,-29.776519,30.835872,-27.5,32.5
3899644.0,-24.596544,30.873223,-22.5,32.5
3934524.0,-31.250592,23.48446,-32.5,22.5
5636801.0,-25.812217,27.600722,-27.5,27.5
1727415.0,-24.512912,26.408322,-22.5,27.5
5126668.0,-34.068083,18.425212,-32.5,17.5
2480505.0,-24.54585,31.33721,-22.5,32.5
5959139.0,-2.851626,38.074467,-2.5,37.5
3084699.0,-25.340326,31.812132,-27.5,32.5
9797180.0,-25.334612,31.880653,-27.5,32.5
7262034.0,-25.346947,31.810382,-27.5,32.5
5051775.0,-34.062012,18.497973,-32.5,17.5
3930223.0,-29.284974,29.445339,-27.5,27.5
2441228.0,-0.281908,29.963898,-2.5,27.5
1932177.0,-31.614674,18.204675,-32.5,17.5
2480196.0,-2.86941,38.075089,-2.5,37.5
2494071.0,-2.953182,38.020844,-2.5,37.5
1690723.0,-24.45395,31.979662,-22.5,32.5
10712575.0,-33.92731,22.0458,-32.5,22.5
7262034.0,-23.854825,31.57926,-22.5,32.5
2490270.0,28.210747,-16.655813,27.5,-17.5
5171231.0,-22.398588,26.663821,-22.5,27.5
9413670.0,35.786056,-5.808253,37.5,-7.5
2691079.0,-29.266006,29.434524,-27.5,27.5
2978552.0,-33.951196,25.48755,-32.5,27.5
2484832.0,-33.924786,22.059066,-32.5,22.5
2157944.0,-33.814862,18.664567,-32.5,17.5
5219436.0,-2.400238,34.932212,-2.5,32.5
3875572.0,-25.850322,27.496403,-27.5,27.5
2924573.0,-25.849052,27.496172,-27.5,27.5
5227194.0,-34.356571,18.496906,-32.5,17.5
2767031.0,28.145604,-16.723934,27.5,-17.5
9456514.0,-28.959996,31.756349,-27.5,32.5
2498452.0,-30.284759,30.737205,-32.5,32.5
6894360.0,-33.757185,21.354885,-32.5,22.5
6894794.0,-24.741302,15.335027,-22.5,17.5
2978552.0,-33.951262,25.487647,-32.5,27.5
5228199.0,-33.94552,22.463705,-32.5,22.5
1754000.0,-24.452425,31.977713,-22.5,32.5
3891796.0,-28.220088,31.948252,-27.5,32.5
10711575.0,-23.933566,31.513327,-22.5,32.5
9306839.0,-24.159865,30.223915,-22.5,32.5
2161544.0,-26.812605,31.920382,-27.5,32.5
7705930.0,35.786708,-5.929072,37.5,-7.5
2475399.0,-24.756288,31.810708,-22.5,32.5
2480800.0,-33.958563,22.366517,-32.5,22.5
3625538.0,-25.333706,30.715576,-27.5,32.5
2440886.0,-34.363646,19.13707,-32.5,17.5
1428431.0,-19.515185,23.633221,-17.5,22.5
1926546.0,-24.380328,31.77728,-22.5,32.5
3134620.0,-34.327514,19.005224,-32.5,17.5
7468660.0,-29.718212,31.091811,-27.5,32.5
2441341.0,-24.967403,31.625658,-22.5,32.5
3632925.0,-29.26982,29.429003,-27.5,27.5
7321764.0,-34.57426,19.731392,-32.5,17.5
7782352.0,11.989867,18.237077,12.5,17.5
7334088.0,-32.258936,25.447424,-32.5,27.5
2490296.0,-34.151237,18.887245,-32.5,17.5
2441031.0,-25.868484,27.857237,-27.5,27.5
2498252.0,-33.8734,18.629481,-32.5,17.5
7261447.0,-1.134377,35.329845,-2.5,37.5
8346536.0,-24.463143,30.608968,-22.5,32.5
2452676.0,-34.011559,18.460055,-32.5,17.5
2449077.0,-29.714774,31.09263,-27.5,32.5
2482080.0,-33.958613,22.368497,-32.5,22.5
2763050.0,5.939737,38.251928,7.5,37.5
5311917.0,-29.691378,29.598046,-27.5,27.5
3832553.0,-25.895022,27.800981,-27.5,27.5
7307524.0,28.419528,-16.410364,27.5,-17.5
3661281.0,-24.161018,30.255065,-22.5,32.5
4258713.0,28.530748,-16.280078,27.5,-17.5
5218781.0,-24.867858,31.561102,-22.5,32.5
2749511.0,-34.092373,18.422627,-32.5,17.5
2906198.0,-25.84888,27.495947,-27.5,27.5
7651334.0,-34.315373,19.00897,-32.5,17.5
5221196.0,-32.707676,25.624748,-32.5,27.5
5219885.0,-20.834467,16.652412,-22.5,17.5
2493660.0,-23.590948,29.784258,-22.5,27.5
9533573.0,-29.267326,29.471538,-27.5,27.5
2707673.0,-33.922242,18.703684,-32.5,17.5
3930223.0,-29.251437,29.447155,-27.5,27.5
3856160.0,28.558236,-16.174632,27.5,-17.5
2480537.0,-25.625493,30.743519,-27.5,32.5
2475440.0,-2.695353,38.162211,-2.5,37.5
2480923.0,-3.160228,35.555725,-2.5,37.5
5721579.0,-20.139632,57.754127,-22.5,57.5
3672466.0,-25.864039,27.497586,-27.5,27.5
2474156.0,-25.619576,30.736358,-27.5,32.5
2492656.0,-25.358718,31.89267,-27.5,32.5
5241128.0,-25.772984,28.360637,-27.5,27.5
5227141.0,-25.44467,30.967412,-27.5,32.5
7321709.0,-34.487618,19.904796,-32.5,17.5
1727415.0,-29.071637,26.223936,-27.5,27.5
3069871.0,28.507807,-16.19162,27.5,-17.5
3711260.0,-27.878903,29.712682,-27.5,27.5
2475679.0,30.051268,31.227697,32.5,32.5
1428848.0,-34.127814,18.916937,-32.5,17.5
7341262.0,-33.74316,18.561122,-32.5,17.5
5348338.0,-33.923275,18.705376,-32.5,17.5
2438736.0,-34.119225,18.447258,-32.5,17.5
2928755.0,28.506321,-16.190564,27.5,-17.5
3897145.0,-24.189224,29.617338,-22.5,27.5
2167008.0,-25.831673,27.662342,-27.5,27.5
5637948.0,-34.573489,19.732994,-32.5,17.5
3974722.0,11.9894,18.237095,12.5,17.5
1428882.0,-29.046525,30.298689,-27.5,32.5
7262029.0,-32.276507,25.419885,-32.5,27.5
2473341.0,-32.226553,25.470568,-32.5,27.5
7160810.0,-25.77303,28.211474,-27.5,27.5
3039168.0,-24.403801,30.814635,-22.5,32.5
6374399.0,28.530748,-16.280077,27.5,-17.5
8054654.0,-30.169779,30.754017,-32.5,32.5
5684769.0,-33.998797,18.413288,-32.5,17.5
1919924.0,-34.09029,23.36831,-32.5,22.5
5384509.0,-29.738585,30.840272,-27.5,32.5
2805111.0,-33.94968,23.160629,-32.5,22.5
2492525.0,-21.097936,55.582675,-22.5,57.5
2475679.0,-24.968028,31.625694,-22.5,32.5
2762680.0,-1.254088,29.713467,-2.5,27.5
5637939.0,-33.859892,18.553041,-32.5,17.5
2979775.0,-34.091319,18.874188,-32.5,17.5
1422973.0,-29.819715,30.809697,-27.5,32.5
2744533.0,-29.256992,29.42256,-27.5,27.5
3171954.0,-33.93927,18.842505,-32.5,17.5
2498402.0,-34.084228,18.517971,-32.5,17.5
2178345.0,-26.058582,27.975388,-27.5,27.5
6519348.0,28.380286,-16.293004,27.5,-17.5
2484628.0,-23.859749,31.12853,-22.5,32.5
2744954.0,-29.270588,29.486457,-27.5,27.5
2017876.0,-32.716093,25.645111,-32.5,27.5
2778035.0,-33.317146,26.517711,-32.5,27.5
2481748.0,36.805339,2.895022,37.5,2.5
7148187.0,28.232589,-16.757203,27.5,-17.5
3828518.0,-25.857762,27.497003,-27.5,27.5
2486162.0,-26.092408,32.953162,-27.5,32.5
2446718.0,-33.948013,18.476979,-32.5,17.5
5828232.0,28.507275,-16.190503,27.5,-17.5
7307634.0,-32.723304,25.64198,-32.5,27.5
3069871.0,28.506369,-16.190812,27.5,-17.5
5130392.0,-24.380412,31.776833,-22.5,32.5
6284337.0,-29.089722,26.156389,-27.5,27.5
2498094.0,-34.084228,18.517971,-32.5,17.5
1428965.0,-20.514937,47.240231,-22.5,47.5
2051817.0,-24.569504,27.835301,-22.5,27.5
7173446.0,-24.149952,30.317075,-22.5,32.5
2436618.0,36.706766,5.131013,37.5,7.5
3177088.0,-34.367703,19.141878,-32.5,17.5
7160028.0,-25.848714,27.495818,-27.5,27.5
3793485.0,-34.630545,19.301753,-32.5,17.5
5683840.0,-34.31597,19.009099,-32.5,17.5
2967060.0,-24.595938,30.873806,-22.5,32.5
2484826.0,-25.34897,31.780278,-27.5,32.5
3974754.0,-33.373668,26.473977,-32.5,27.5
3149462.0,-23.828273,30.156817,-22.5,32.5
2446392.0,-34.288631,21.910766,-32.5,22.5
1692182.0,-34.331427,18.97476,-32.5,17.5
3974754.0,-33.568186,26.584277,-32.5,27.5
2783948.0,-34.095467,18.42963,-32.5,17.5
5337499.0,-23.82744,30.157476,-22.5,32.5
2441212.0,-3.773858,35.996712,-2.5,37.5
1535888.0,28.656568,-17.884889,27.5,-17.5
2480830.0,35.78739,-5.81272,37.5,-7.5
2384141.0,-20.130581,57.757154,-22.5,57.5
3105400.0,28.294083,-16.816914,27.5,-17.5
9515886.0,-34.258475,18.381747,-32.5,17.5
2480923.0,-30.821367,27.253855,-32.5,27.5
3169830.0,-29.110569,31.600428,-27.5,32.5
1423214.0,-29.111029,31.600176,-27.5,32.5
8986756.0,-33.315916,26.533948,-32.5,27.5
4299368.0,-20.505918,47.240037,-22.5,47.5
2453195.0,-25.824901,28.378788,-27.5,27.5
1428708.0,-29.110996,31.600141,-27.5,32.5
5637884.0,-34.568695,19.743671,-32.5,17.5
5210646.0,-29.715167,31.093578,-27.5,32.5
5544377.0,-25.155516,30.545726,-27.5,32.5
2480923.0,-34.061956,18.493887,-32.5,17.5
3085071.0,-24.406324,30.818539,-22.5,32.5
2967060.0,-28.780627,32.094821,-27.5,32.5
5241128.0,-25.806157,28.262932,-27.5,27.5
2449077.0,-25.035944,31.589612,-27.5,32.5
2495342.0,-25.096778,31.471308,-27.5,32.5
5341784.0,-24.159872,30.223885,-22.5,32.5
2766252.0,-21.099503,55.546061,-22.5,57.5
4388683.0,28.452852,-16.273808,27.5,-17.5
5105503.0,-29.797098,30.822383,-27.5,32.5
2744679.0,-29.057766,29.397372,-27.5,27.5
2735117.0,-6.915411,39.482833,-7.5,37.5
2498396.0,-2.11744,34.498669,-2.5,32.5
5405586.0,-34.314662,19.008831,-32.5,17.5
1427755.0,-24.364443,30.947187,-22.5,32.5
2482499.0,-4.284158,39.592305,-2.5,37.5
1808375.0,-29.776695,30.83592,-27.5,32.5
3065778.0,-31.801397,24.712187,-32.5,22.5
5231190.0,-30.900737,24.6275,-32.5,22.5
2279192.0,-20.132478,57.613425,-22.5,57.5
1426787.0,-24.503394,30.83853,-22.5,32.5
3740977.0,-29.25438,29.424155,-27.5,27.5
5220177.0,-2.846956,38.050402,-2.5,37.5
2765942.0,-29.110562,31.600417,-27.5,32.5
6122301.0,-33.315916,26.533948,-32.5,27.5
7333929.0,-34.100426,18.430678,-32.5,17.5
3112455.0,-33.695336,26.666127,-32.5,27.5
3698250.0,14.578887,-15.883455,12.5,-17.5
1861510.0,-29.556277,30.345029,-27.5,32.5
2481784.0,28.100325,-16.755437,27.5,-17.5
2740395.0,-29.364768,29.402474,-27.5,27.5
2498421.0,-34.085648,18.859923,-32.5,17.5
4389254.0,-33.986579,18.44063,-32.5,17.5
3188875.0,-30.76612,27.612376,-32.5,27.5
2442276.0,-28.220017,31.948274,-27.5,32.5
1772352.0,-23.592534,29.783819,-22.5,27.5
2891932.0,-34.367413,19.142017,-32.5,17.5
3627864.0,-29.542397,29.952978,-27.5,27.5
2449077.0,-29.714197,31.092997,-27.5,32.5
2489075.0,-1.524517,35.051861,-2.5,37.5
4051511.0,-24.405821,30.819545,-22.5,32.5
5342125.0,-34.068881,20.503201,-32.5,22.5
5275398.0,-24.461373,30.609861,-22.5,32.5
5136306.0,-24.380428,31.777255,-22.5,32.5
7307029.0,-24.148328,30.204851,-22.5,32.5
2494058.0,-28.747768,32.082194,-27.5,32.5
7658661.0,-24.53251,30.640395,-22.5,32.5
2429917.0,-24.014736,30.433037,-22.5,32.5
2441212.0,-28.22005,31.948199,-27.5,32.5
2777537.0,34.006664,-6.823413,32.5,-7.5
5415455.0,-29.000491,29.471181,-27.5,27.5
5225433.0,-25.119367,31.915753,-27.5,32.5
3034922.0,-34.28734,21.857186,-32.5,22.5
2480764.0,-34.01727,18.457953,-32.5,17.5
2705565.0,-29.537422,30.255313,-27.5,32.5
9456514.0,-24.88213,28.370247,-22.5,27.5
2474628.0,-34.06009,18.498415,-32.5,17.5
5130542.0,-15.416605,28.364975,-17.5,27.5
2774746.0,-25.853186,27.496618,-27.5,27.5
2783627.0,-33.98367,20.44879,-32.5,22.5
1428738.0,-30.275139,30.739248,-32.5,32.5
2925303.0,-15.13424,39.173988,-17.5,37.5
8955839.0,-24.569547,27.8353,-22.5,27.5
8243603.0,-31.269744,23.460432,-32.5,22.5
2478899.0,-25.34897,31.780278,-27.5,32.5
9193953.0,-24.532512,30.640392,-22.5,32.5
2874581.0,-24.461178,30.609809,-22.5,32.5
5218781.0,-2.786595,34.976429,-2.5,32.5
2763050.0,5.943104,38.251409,7.5,37.5
9471253.0,-24.405131,30.820412,-22.5,32.5
3732185.0,-29.270503,29.48605,-27.5,27.5
6893396.0,-32.716846,25.642012,-32.5,27.5
2475440.0,-2.862552,38.074402,-2.5,37.5
3699496.0,-24.962042,47.082481,-22.5,47.5
1428738.0,-34.069983,18.816639,-32.5,17.5
2744903.0,-34.331995,19.009778,-32.5,17.5
6066519.0,-33.728282,26.5796,-32.5,27.5
5219404.0,-24.693746,31.548705,-22.5,32.5
2494092.0,-28.219969,31.948317,-27.5,32.5
5227180.0,-24.576956,30.624679,-22.5,32.5
4260042.0,-25.119347,31.91572,-27.5,32.5
5231245.0,-2.955925,38.026337,-2.5,37.5
2470802.0,-32.260148,25.454833,-32.5,27.5
5230801.0,-24.96792,31.626475,-22.5,32.5
2763050.0,5.939515,38.250958,7.5,37.5
4067176.0,-24.406179,30.818747,-22.5,32.5
2440886.0,-34.363913,19.137395,-32.5,17.5
2440886.0,-34.362973,19.136456,-32.5,17.5
1932752.0,-33.485381,21.262602,-32.5,22.5
2471048.0,-28.688228,28.930783,-27.5,27.5
7340881.0,-30.281944,30.753777,-32.5,32.5
1342244.0,-29.540311,30.308047,-27.5,32.5
3190493.0,-24.406616,30.812459,-22.5,32.5
3172270.0,-24.407008,30.814887,-22.5,32.5
8197849.0,36.813739,2.97131,37.5,2.5
2092051.0,-30.650782,30.524962,-32.5,32.5
1728523.0,-25.155911,30.54831,-27.5,32.5
2480514.0,-1.502003,35.188801,-2.5,37.5
8042537.0,-24.519962,30.797679,-22.5,32.5
8652576.0,-34.353006,18.928808,-32.5,17.5
1863640.0,-29.776715,30.831647,-27.5,32.5
2440842.0,-20.578117,16.743472,-22.5,17.5
2441757.0,-31.738439,23.250802,-32.5,22.5
2744533.0,-29.267752,29.426976,-27.5,27.5
4160974.0,-24.363498,30.947426,-22.5,32.5
2478174.0,-29.723023,31.053126,-27.5,32.5
2968664.0,-24.595822,30.887482,-22.5,32.5
2447503.0,-12.87216,45.059555,-12.5,47.5
3799026.0,34.058853,-4.987676,32.5,-2.5
6116368.0,-26.088758,28.029574,-27.5,27.5
4032398.0,28.486387,-17.848753,27.5,-17.5
5136306.0,-23.859749,31.12853,-22.5,32.5
7342309.0,-19.039948,46.734824,-17.5,47.5
5688694.0,-32.272408,25.419573,-32.5,27.5
7331445.0,28.579675,-13.957442,27.5,-12.5
8606860.0,-25.865634,27.498331,-27.5,27.5
2705445.0,-24.544705,30.619992,-22.5,32.5
5846236.0,-25.674,28.188,-27.5,27.5
2493091.0,35.313776,-2.959815,37.5,-2.5
2480537.0,-28.219979,31.948263,-27.5,32.5
9487001.0,-23.502141,18.31567,-22.5,17.5
2928673.0,-24.484317,27.827142,-22.5,27.5
10891903.0,-25.323578,31.510338,-27.5,32.5
11375262.0,-29.776304,30.836038,-27.5,32.5
2783718.0,-33.987711,18.408316,-32.5,17.5
7510932.0,-24.595731,30.906573,-22.5,32.5
3886928.0,-26.678285,28.418013,-27.5,27.5
7340730.0,-29.7956,29.489,-27.5,27.5
5218781.0,-7.629526,38.102038,-7.5,37.5
2289671.0,30.840067,-9.822528,32.5,-7.5
2440892.0,-24.819376,31.547504,-22.5,32.5
4382445.0,-26.766728,32.893917,-27.5,32.5
3131561.0,-30.25992,30.588462,-32.5,32.5
1692182.0,-34.365333,18.892117,-32.5,17.5
1932302.0,-25.336033,31.795935,-27.5,32.5
2422461.0,-17.61602,31.175588,-17.5,32.5
4161112.0,-24.406676,30.817181,-22.5,32.5
5573538.0,-24.406327,30.818531,-22.5,32.5
2480923.0,-1.128721,35.285597,-2.5,37.5
5231195.0,-29.717111,17.911708,-27.5,17.5
1727809.0,-25.91539,27.848944,-27.5,27.5
2482095.0,-33.725357,26.580275,-32.5,27.5
1933649.0,-34.127789,18.916717,-32.5,17.5
2489073.0,-28.220045,31.948295,-27.5,32.5
5232086.0,-25.179363,31.564903,-27.5,32.5
2860719.0,-25.859699,27.497467,-27.5,27.5
5637864.0,-29.679223,29.535091,-27.5,27.5
5228229.0,-1.134652,35.272196,-2.5,37.5
2783860.0,-34.100702,18.432375,-32.5,17.5
2449252.0,-33.96485,23.898278,-32.5,22.5
5231221.0,34.851387,-1.64092,32.5,-2.5
1920509.0,28.604369,-17.634155,27.5,-17.5
2387652.0,27.256618,33.889499,27.5,32.5
8151548.0,36.805404,2.893335,37.5,2.5
2449077.0,-25.114855,31.399237,-27.5,32.5
1423913.0,-29.776895,30.835843,-27.5,32.5
5834428.0,-24.159856,30.223849,-22.5,32.5
5285243.0,28.293814,-16.810022,27.5,-17.5
1341976.0,-34.064571,18.425829,-32.5,17.5
8682680.0,28.092358,-16.720566,27.5,-17.5
5217208.0,-24.328312,31.071372,-22.5,32.5
3749056.0,-24.21442,29.609834,-22.5,27.5
6095032.0,-32.691709,28.373267,-32.5,27.5
3061555.0,-26.19739,31.981636,-27.5,32.5
5637948.0,-34.575864,19.733627,-32.5,17.5
5324958.0,28.383949,-16.965987,27.5,-17.5
7155887.0,11.98972,18.23724,12.5,17.5
1919924.0,-33.982016,22.607134,-32.5,22.5
2480830.0,36.748025,2.972472,37.5,2.5
5284702.0,33.419746,-5.178523,32.5,-7.5
11366097.0,-29.776739,30.835881,-27.5,32.5
5638086.0,-34.321275,18.96465,-32.5,17.5
2480659.0,-6.261048,38.657552,-7.5,37.5
5560356.0,-25.852065,27.496461,-27.5,27.5
5219404.0,-3.136021,35.731679,-2.5,37.5
1925609.0,-24.380275,31.777247,-22.5,32.5
2294129.0,28.432896,-13.970376,27.5,-12.5
2158863.0,-26.81323,28.155874,-27.5,27.5
5219404.0,-24.828866,31.573804,-22.5,32.5
7309716.0,-32.603547,26.943504,-32.5,27.5
1316434.0,28.06964,-16.659204,27.5,-17.5
10873137.0,-29.517683,31.222612,-27.5,32.5
2449252.0,-33.946542,22.464436,-32.5,22.5
3974744.0,12.020072,18.273117,12.5,17.5
5307339.0,-34.361737,18.899056,-32.5,17.5
7340518.0,-29.680663,31.108083,-27.5,32.5
2274219.0,-34.087336,22.975733,-32.5,22.5
2932184.0,-26.309436,28.088449,-27.5,27.5
5231530.0,-33.952822,25.48815,-32.5,27.5
6892714.0,-33.604489,19.08796,-32.5,17.5
2441212.0,-33.438403,25.790467,-32.5,27.5
7692345.0,-34.058737,20.461514,-32.5,22.5
2887200.0,-34.011589,25.526292,-32.5,27.5
3140978.0,-34.323387,18.964455,-32.5,17.5
2471048.0,-29.542403,29.95303,-27.5,27.5
3933466.0,-24.439774,30.622314,-22.5,32.5
5231190.0,-28.220132,31.948145,-27.5,32.5
2456029.0,-34.084591,18.438487,-32.5,17.5
2484628.0,-33.94688,22.464859,-32.5,22.5
3146717.0,-25.80825,28.261274,-27.5,27.5
5544377.0,-28.946614,29.232164,-27.5,27.5
6113870.0,-29.296642,29.62922,-27.5,27.5
3791355.0,-33.98162,23.487933,-32.5,22.5
6894730.0,-24.102467,15.909447,-22.5,17.5
2475443.0,-28.927,26.38398,-27.5,27.5
5380041.0,-15.132407,39.174642,-17.5,37.5
2478798.0,-29.776835,30.835871,-27.5,32.5
2986302.0,-25.86514,27.498186,-27.5,27.5
5225340.0,-24.573528,30.798318,-22.5,32.5
2928783.0,29.003461,-13.546572,27.5,-12.5
10891903.0,-1.324905,34.989124,-2.5,32.5
10737210.0,-23.59199,29.782827,-22.5,27.5
2898353.0,-28.945974,29.206159,-27.5,27.5
10896946.0,-28.220054,31.948344,-27.5,32.5
4911642.0,-25.846024,27.498912,-27.5,27.5
2480327.0,-20.141771,57.750973,-22.5,57.5
2985940.0,-25.338037,31.813849,-27.5,32.5
5217671.0,-24.869167,28.29195,-22.5,27.5
6892730.0,-24.328471,31.071691,-22.5,32.5
5229136.0,-33.988175,22.716233,-32.5,22.5
2441757.0,-24.446408,31.975545,-22.5,32.5
2495667.0,-20.578231,16.743269,-22.5,17.5
2470802.0,-31.901853,24.568537,-32.5,22.5
2874581.0,14.611082,-17.153683,12.5,-17.5
5228450.0,7.092336,38.639812,7.5,37.5
2705650.0,-29.537362,30.255305,-27.5,32.5
2441022.0,36.770615,5.102542,37.5,7.5
2441247.0,-30.850066,24.640396,-32.5,22.5
5130347.0,-28.220021,31.948311,-27.5,32.5
2705445.0,-28.219965,31.948274,-27.5,32.5
2422461.0,-23.515318,29.705448,-22.5,27.5
2486162.0,-29.77676,30.836147,-27.5,32.5
7331120.0,-25.86582,27.498267,-27.5,27.5
6894730.0,-24.11059,15.909065,-22.5,17.5
2475403.0,-24.834693,31.571063,-22.5,32.5
2493091.0,34.126781,-6.855392,32.5,-7.5
2480350.0,-33.407028,18.258475,-32.5,17.5
5349601.0,-30.25992,30.588462,-32.5,32.5
2779250.0,-34.212586,19.005965,-32.5,17.5
5229154.0,-3.229574,35.551732,-2.5,37.5
5228662.0,-34.080273,18.507622,-32.5,17.5
2496316.0,-29.772655,30.846132,-27.5,32.5
5384075.0,36.760734,5.103559,37.5,7.5
2480393.0,-29.776808,30.835911,-27.5,32.5
2480730.0,-33.443829,25.781278,-32.5,27.5
9311531.0,-25.152704,30.538585,-27.5,32.5
5421116.0,-24.459485,30.610169,-22.5,32.5
2494005.0,-23.861609,29.705813,-22.5,27.5
5227194.0,-34.353538,18.490812,-32.5,17.5
7341262.0,-23.859749,31.12853,-22.5,32.5
5228199.0,-34.066584,18.810838,-32.5,17.5
3875567.0,-25.803841,28.26122,-27.5,27.5
2957867.0,-24.595087,30.912035,-22.5,32.5
2435350.0,-3.187924,35.410255,-2.5,37.5
6894351.0,-23.8938,16.551165,-22.5,17.5
2493991.0,-3.739188,35.969945,-2.5,37.5
2494106.0,-3.352812,36.847543,-2.5,37.5
2980425.0,-34.576489,19.734829,-32.5,17.5
7262029.0,-34.335273,18.457494,-32.5,17.5
4199199.0,-25.895082,27.801196,-27.5,27.5
2428904.0,-24.45212,31.977905,-22.5,32.5
7262034.0,-25.095744,30.703744,-27.5,32.5
1789957.0,-34.022831,22.808978,-32.5,22.5
10676018.0,31.589096,-7.941132,32.5,-7.5
7321795.0,-33.972286,25.596918,-32.5,27.5
2783860.0,-34.100713,18.432368,-32.5,17.5
2438736.0,-33.414067,18.241045,-32.5,17.5
2931442.0,0.186303,6.613081,2.5,7.5
3875856.0,-32.278951,25.42423,-32.5,27.5
3570325.0,-24.596245,30.874794,-22.5,32.5
8088819.0,-34.092322,18.422675,-32.5,17.5
8322142.0,-34.575493,19.729488,-32.5,17.5
5151436.0,-34.02618,18.486705,-32.5,17.5
2870583.0,32.757103,-16.784706,32.5,-17.5
2437454.0,-30.689463,25.151945,-32.5,27.5
2376663.0,28.099389,-16.756067,27.5,-17.5
5220166.0,-19.296449,15.94089,-17.5,17.5
6519794.0,-29.910448,31.033457,-27.5,32.5
1919346.0,-23.798354,30.117925,-22.5,32.5
2103013.0,-23.873756,31.158618,-22.5,32.5
2480934.0,-29.35794,29.998437,-27.5,27.5
7456512.0,-24.328299,31.071438,-22.5,32.5
1427721.0,-34.066582,18.810625,-32.5,17.5
2161858.0,-29.42704,31.256079,-27.5,32.5
7340881.0,-25.823,27.613,-27.5,27.5
5378880.0,-24.407066,30.814784,-22.5,32.5
2492807.0,-29.696391,29.597876,-27.5,27.5
9476003.0,-24.406609,30.818038,-22.5,32.5
5115381.0,-29.45097,29.524075,-27.5,27.5
3792943.0,-34.009431,25.682278,-32.5,27.5
7341593.0,28.172847,-16.607972,27.5,-17.5
3064163.0,-23.061486,43.586892,-22.5,42.5
7262070.0,-1.126033,29.637369,-2.5,27.5
3974754.0,-33.49761,26.485892,-32.5,27.5
5788857.0,-19.227835,16.030063,-17.5,17.5
2437354.0,-19.037285,16.469744,-17.5,17.5
3997071.0,-34.471378,19.580393,-32.5,17.5
7969761.0,-24.189311,29.619054,-22.5,27.5
1428910.0,-28.220064,31.948317,-27.5,32.5
2444884.0,-33.879668,19.178177,-32.5,17.5
3896074.0,-29.283808,29.505456,-27.5,27.5
2771381.0,-29.268639,29.504507,-27.5,27.5
2486147.0,31.401384,-7.826374,32.5,-7.5
5130448.0,-25.373411,31.860515,-27.5,32.5
1428848.0,-34.070108,18.816335,-32.5,17.5
5143257.0,-24.451028,31.977862,-22.5,32.5
5413193.0,-24.596585,30.873282,-22.5,32.5
5226280.0,-22.85747,16.772295,-22.5,17.5
2384164.0,-20.129322,57.756618,-22.5,57.5
9444556.0,28.859549,-13.867071,27.5,-12.5
6065652.0,-34.345897,18.463395,-32.5,17.5
7417064.0,-28.881133,30.0248,-27.5,32.5
2224426.0,-6.189976,39.161319,-7.5,37.5
3143051.0,32.768472,21.16228,32.5,22.5
5559456.0,-29.285103,29.44749,-27.5,27.5
1421737.0,-28.780652,32.094164,-27.5,32.5
2874030.0,28.140327,-16.525816,27.5,-17.5
2494088.0,-22.487665,17.463256,-22.5,17.5
5414566.0,31.520339,-4.613924,32.5,-2.5
9648932.0,-29.830881,31.01275,-27.5,32.5
5171036.0,-29.773406,30.736972,-27.5,32.5
2477093.0,-28.747729,32.082208,-27.5,32.5
5307416.0,-29.366244,30.18532,-27.5,32.5
7333984.0,28.506074,-16.191522,27.5,-17.5
2160399.0,-4.658549,39.370765,-2.5,37.5
3112801.0,-28.947439,29.204005,-27.5,27.5
3627864.0,-25.802675,28.264048,-27.5,27.5
2493624.0,-4.051415,39.682197,-2.5,37.5
2487941.0,-29.776829,30.835884,-27.5,32.5
3085168.0,-24.159756,30.223749,-22.5,32.5
1428848.0,-34.066594,18.810936,-32.5,17.5
2441461.0,33.92444,-5.068673,32.5,-7.5
3039168.0,-24.394504,30.797963,-22.5,32.5
1428708.0,-34.127814,18.916937,-32.5,17.5
2494012.0,-6.118723,39.280495,-7.5,37.5
5229963.0,-33.992532,20.3697,-32.5,22.5
7326947.0,-28.219974,31.948215,-27.5,32.5
5406695.0,12.674936,-13.052517,12.5,-12.5
3122072.0,-34.330722,19.007826,-32.5,17.5
5554892.0,-33.412762,18.238197,-32.5,17.5
2479007.0,-25.354768,31.76208,-27.5,32.5
8223872.0,-24.352853,31.952672,-22.5,32.5
2440892.0,4.863651,38.328668,2.5,37.5
2442335.0,-24.981308,31.566203,-22.5,32.5
5421116.0,-24.459691,30.609877,-22.5,32.5
4932133.0,-34.090419,18.874772,-32.5,17.5
2735117.0,-6.913706,39.48458,-7.5,37.5
2495342.0,-24.840103,31.461475,-22.5,32.5
3106967.0,-28.951724,29.227164,-27.5,27.5
3144854.0,28.031346,-16.54295,27.5,-17.5
6894730.0,-24.105732,15.91227,-22.5,17.5
8950740.0,13.595801,-16.513013,12.5,-17.5
2479007.0,-29.776795,30.835861,-27.5,32.5
2475821.0,-23.577189,29.796128,-22.5,27.5
5414400.0,12.876783,-13.585323,12.5,-12.5
2449077.0,-25.086736,31.869105,-27.5,32.5
2494012.0,-33.725087,26.577907,-32.5,27.5
3745060.0,-25.853511,27.496705,-27.5,27.5
4256278.0,-25.850267,27.496538,-27.5,27.5
5405673.0,28.431128,-14.011952,27.5,-12.5
5311707.0,-29.488659,30.260358,-27.5,32.5
9632100.0,-29.6848,17.901937,-27.5,17.5
5721258.0,-20.139632,57.754127,-22.5,57.5
7658661.0,-24.34152,31.072834,-22.5,32.5
7506891.0,-29.278885,17.066918,-27.5,17.5
3068937.0,-23.827847,30.157383,-22.5,32.5
7965247.0,-20.130581,57.757154,-22.5,57.5
2495414.0,28.100345,-16.755422,27.5,-17.5
1861584.0,-24.393303,31.777419,-22.5,32.5
2434126.0,-29.267872,16.912538,-27.5,17.5
3880382.0,-33.940248,18.842774,-32.5,17.5
2332603.0,-20.130299,57.757357,-22.5,57.5
7444199.0,-34.097125,18.425845,-32.5,17.5
2494014.0,-19.748972,26.071242,-17.5,27.5
3826421.0,-34.090336,18.429895,-32.5,17.5
2480731.0,-2.870782,38.075776,-2.5,37.5
2481713.0,-25.116181,31.911568,-27.5,32.5
8682680.0,28.184722,-16.605389,27.5,-17.5
7311874.0,-25.332392,31.799055,-27.5,32.5
2475250.0,-33.977672,23.492455,-32.5,22.5
3142398.0,-26.185189,28.074169,-27.5,27.5
5218781.0,-24.4032,31.768742,-22.5,32.5
2984508.0,-24.463246,30.608909,-22.5,32.5
6121184.0,-23.919723,29.461351,-22.5,27.5
2481240.0,36.804926,2.894039,37.5,2.5
3785741.0,-25.850115,27.495963,-27.5,27.5
7115794.0,-29.110556,31.600397,-27.5,32.5
6121912.0,-33.315916,26.533948,-32.5,27.5
2750406.0,-20.505952,47.239917,-22.5,47.5
2079176.0,28.537717,-16.395683,27.5,-17.5
2103013.0,-26.812087,31.918055,-27.5,32.5
2783627.0,-33.98364,20.4488,-32.5,22.5
3106967.0,-24.214322,29.600945,-22.5,27.5
1933649.0,-29.360672,29.956988,-27.5,27.5
2438736.0,-34.07513,20.45508,-32.5,22.5
9465822.0,-18.242861,31.576971,-17.5,32.5
1807634.0,-29.776787,30.835911,-27.5,32.5
3791606.0,-32.278792,25.424408,-32.5,27.5
3789065.0,-24.404876,30.820003,-22.5,32.5
2910952.0,-24.353374,31.070997,-22.5,32.5
2854664.0,-25.159093,30.548626,-27.5,32.5
9487001.0,-25.31435,31.881551,-27.5,32.5
3082283.0,-33.465103,26.481632,-32.5,27.5
1922468.0,-24.4066,30.81803,-22.5,32.5
2066903.0,-33.980831,25.509634,-32.5,27.5
2775154.0,-29.254119,29.431682,-27.5,27.5
3082283.0,-33.427051,26.479162,-32.5,27.5
2437454.0,-19.247011,16.044492,-17.5,17.5
2498396.0,-30.89155,24.632806,-32.5,22.5
2812458.0,28.349128,-16.527617,27.5,-17.5
8346536.0,-24.54689,31.336856,-22.5,32.5
2454527.0,-33.556417,26.967675,-32.5,27.5
5137799.0,-28.51342,28.653782,-27.5,27.5
5853330.0,-29.851214,31.080717,-27.5,32.5
10685575.0,-24.524149,30.890704,-22.5,32.5
8223872.0,-25.351351,31.761347,-27.5,32.5
6894692.0,-24.141453,15.904702,-22.5,17.5
5231817.0,6.436007,2.34685,7.5,2.5
2441064.0,-19.036266,16.339828,-17.5,17.5
7864568.0,-33.987995,18.476653,-32.5,17.5
2449077.0,-25.146858,31.30538,-27.5,32.5
3104052.0,-34.366454,19.141531,-32.5,17.5
1926546.0,-24.380313,31.777338,-22.5,32.5
6095338.0,-25.332261,31.799384,-27.5,32.5
9700256.0,-26.093861,31.104337,-27.5,32.5
2924782.0,-17.841381,31.09734,-17.5,32.5
2979775.0,32.751836,-16.771044,32.5,-17.5
2336534.0,28.378237,-16.256066,27.5,-17.5
1316434.0,28.116128,-16.728433,27.5,-17.5
3974754.0,-33.533325,26.528853,-32.5,27.5
5130392.0,-20.50587,47.240118,-22.5,47.5
2495150.0,-19.261175,16.000812,-17.5,17.5
4526269.0,28.656989,-17.886258,27.5,-17.5
4032398.0,28.5171,-16.193838,27.5,-17.5
2473341.0,-33.951761,25.489158,-32.5,27.5
1774826.0,-24.452558,31.977828,-22.5,32.5
2490659.0,31.089386,-4.031365,32.5,-2.5
5173474.0,-24.469772,30.818687,-22.5,32.5
9681047.0,-24.352558,31.952488,-22.5,32.5
5217719.0,-29.58195,30.294525,-27.5,32.5
6894797.0,-24.097843,15.912628,-22.5,17.5
2173793.0,-4.658456,39.370759,-2.5,37.5
5220285.0,-33.921188,18.706907,-32.5,17.5
2475955.0,-25.33546,31.806487,-27.5,32.5
2441247.0,-0.736163,29.646066,-2.5,27.5
2925303.0,-33.483502,26.489475,-32.5,27.5
2480420.0,-24.40471,30.81434,-22.5,32.5
5377796.0,28.043646,-16.705377,27.5,-17.5
3082283.0,-33.463869,26.482073,-32.5,27.5
1922468.0,-24.40655,30.81822,-22.5,32.5
5210964.0,-33.695011,26.664465,-32.5,27.5
2494088.0,-30.89977,24.628434,-32.5,22.5
2445034.0,34.125162,-6.611549,32.5,-7.5
2783863.0,-30.986011,28.181202,-32.5,27.5
7172895.0,-29.254051,29.431696,-27.5,27.5
5791491.0,-33.977745,23.492383,-32.5,22.5
5226254.0,-32.76055,28.260223,-32.5,27.5
3694581.0,-25.844653,27.396825,-27.5,27.5
5229136.0,-25.336604,31.813036,-27.5,32.5
8242435.0,-24.352642,31.952675,-22.5,32.5
2441212.0,-25.228319,27.105326,-27.5,27.5
2486094.0,-29.476683,31.251318,-27.5,32.5
3727216.0,-29.2539,29.432457,-27.5,27.5
6101223.0,-2.81386,38.101868,-2.5,37.5
5289624.0,-24.342439,31.073455,-22.5,32.5
2484626.0,-24.941051,31.680859,-22.5,32.5
7642610.0,-25.672067,28.315481,-27.5,27.5
5643132.0,-34.371667,20.564167,-32.5,22.5
5228199.0,-33.958745,22.3684,-32.5,22.5
3093702.0,-25.807882,28.260931,-27.5,27.5
2978552.0,-33.951198,25.487547,-32.5,27.5
3134620.0,-34.332338,19.01294,-32.5,17.5
8346536.0,-24.532068,31.347711,-22.5,32.5
7262029.0,-33.658275,24.366295,-32.5,22.5
7931200.0,11.989535,18.236723,12.5,17.5
2475365.0,-33.760041,18.457354,-32.5,17.5
3105785.0,28.074378,-16.656058,27.5,-17.5
7341262.0,-34.075674,18.843266,-32.5,17.5
2714656.0,-31.254298,23.487735,-32.5,22.5
5173474.0,-4.658732,39.370828,-2.5,37.5
2441757.0,-31.733332,23.25729,-32.5,22.5
5229167.0,-34.084228,18.517971,-32.5,17.5
1727809.0,-17.045574,28.014208,-17.5,27.5
2000152.0,28.238712,-16.834583,27.5,-17.5
5220181.0,-28.219993,31.948226,-27.5,32.5
4650395.0,-33.751381,18.959335,-32.5,17.5
5230776.0,-32.711907,25.64693,-32.5,27.5
8124412.0,28.303449,-16.374025,27.5,-17.5
5220181.0,-25.868761,27.495789,-27.5,27.5
3140959.0,-25.853878,27.496755,-27.5,27.5
3996608.0,-34.320295,18.965,-32.5,17.5
5297820.0,-34.086353,18.361203,-32.5,17.5
1542714.0,-26.150664,28.367639,-27.5,27.5
5275012.0,-24.14769,30.19902,-22.5,32.5
2978552.0,-34.356487,19.121839,-32.5,17.5
5637611.0,-33.95177,25.488312,-32.5,27.5
5544186.0,-24.218799,29.606134,-22.5,27.5
5228322.0,-34.129271,19.849618,-32.5,17.5
1310726.0,-33.934158,18.83807,-32.5,17.5
1542714.0,-25.415825,30.103914,-27.5,32.5
2481853.0,-29.053938,30.301143,-27.5,32.5
3098637.0,28.300908,-16.373757,27.5,-17.5
5228322.0,-29.80142,30.853405,-27.5,32.5
2888092.0,-25.849033,27.496026,-27.5,27.5
9487001.0,-20.462185,16.734786,-22.5,17.5
3105489.0,28.533231,-16.341495,27.5,-17.5
7307851.0,28.035961,-16.707661,27.5,-17.5
2441105.0,-3.164174,35.521763,-2.5,37.5
2978552.0,-33.959626,25.494915,-32.5,27.5
2852601.0,-29.266796,29.434547,-27.5,27.5
2484860.0,-34.418096,19.153337,-32.5,17.5
6893384.0,-24.104315,15.908715,-22.5,17.5
6100936.0,-28.747778,32.082249,-27.5,32.5
5220167.0,-3.166109,35.545871,-2.5,37.5
4070128.0,-25.771638,28.291071,-27.5,27.5
5339879.0,5.660997,-0.117147,7.5,-2.5
5217671.0,-34.441178,19.470212,-32.5,17.5
6101223.0,-24.392833,31.776992,-22.5,32.5
2493624.0,-28.747747,32.082243,-27.5,32.5
3121623.0,28.495285,-17.855535,27.5,-17.5
1774600.0,-34.054277,19.604505,-32.5,17.5
2498252.0,-28.220002,31.948306,-27.5,32.5
5289665.0,-25.801296,28.262888,-27.5,27.5
2481173.0,-34.048064,23.378988,-32.5,22.5
6893387.0,-20.527301,17.668887,-22.5,17.5
4261391.0,-25.806158,28.26299,-27.5,27.5
5227207.0,-24.217151,29.60456,-22.5,27.5
8652576.0,-24.161905,30.253819,-22.5,32.5
5311790.0,-17.925655,25.853547,-17.5,27.5
6894778.0,-24.106138,15.90785,-22.5,17.5
6101223.0,-34.155389,18.879513,-32.5,17.5
9193953.0,-24.459463,30.610013,-22.5,32.5
7282135.0,-26.079016,27.774227,-27.5,27.5
2429923.0,-24.48837,27.814345,-22.5,27.5
2435172.0,-3.163303,35.530853,-2.5,37.5
2441757.0,-33.485162,21.262555,-32.5,22.5
5637380.0,-34.369561,20.542266,-32.5,22.5
5220185.0,-2.111171,34.499733,-2.5,32.5
5231209.0,28.397991,-13.853855,27.5,-12.5
5170988.0,-24.341388,31.072552,-22.5,32.5
9114626.0,-33.923572,19.121089,-32.5,17.5
2778478.0,28.189611,-16.604617,27.5,-17.5
3698514.0,-24.241415,30.998627,-22.5,32.5
1422431.0,-29.660763,25.378775,-27.5,27.5
2776901.0,-29.250926,29.44477,-27.5,27.5
2435350.0,-1.16831,35.249041,-2.5,37.5
2482519.0,-23.061483,43.586812,-22.5,42.5
5219080.0,-1.142939,35.29026,-2.5,37.5
2978552.0,-33.960779,25.497635,-32.5,27.5
2702870.0,-33.695269,26.666332,-32.5,27.5
5577194.0,-32.859441,28.109944,-32.5,27.5
2480731.0,-2.868724,38.075776,-2.5,37.5
7405711.0,-24.967247,31.625534,-22.5,32.5
2812458.0,28.349372,-16.526039,27.5,-17.5
5311381.0,-29.81563,30.437823,-27.5,32.5
1081568.0,-25.328755,30.695795,-27.5,32.5
2812458.0,28.349014,-16.527133,27.5,-17.5
9055455.0,31.524649,-4.458546,32.5,-2.5
2435350.0,-3.784828,35.899186,-2.5,37.5
3068937.0,6.598722,3.357467,7.5,2.5
4086945.0,-24.578371,30.616128,-22.5,32.5
4382804.0,-4.65867,39.371194,-2.5,37.5
5304991.0,-33.990146,20.440685,-32.5,22.5
5421115.0,11.989403,18.237563,12.5,17.5
3794715.0,-24.407143,30.813177,-22.5,32.5
2924782.0,-17.841399,31.097444,-17.5,32.5
3190642.0,-31.255208,23.488367,-32.5,22.5
6065817.0,-34.807201,20.060097,-32.5,22.5
7265750.0,-25.86483,27.49805,-27.5,27.5
7331120.0,-25.853738,27.496688,-27.5,27.5
6894778.0,-24.11176,15.90598,-22.5,17.5
7692345.0,-34.332047,19.01543,-32.5,17.5
3796884.0,28.076247,-16.647187,27.5,-17.5
2492584.0,-23.579627,29.801386,-22.5,27.5
7857709.0,-28.74776,32.082207,-27.5,32.5
2492397.0,-28.219998,31.948209,-27.5,32.5
8303453.0,-3.945367,39.773222,-2.5,37.5
1926531.0,-29.00668,29.473548,-27.5,27.5
3701822.0,-33.750964,18.441968,-32.5,17.5
2906198.0,-25.810255,27.607078,-27.5,27.5
2475445.0,-24.08338,27.773138,-22.5,27.5
5341085.0,-30.25992,30.588462,-32.5,32.5
6101006.0,-32.214392,18.984525,-32.5,17.5
4990492.0,-29.204885,26.171713,-27.5,27.5
2475434.0,-20.398834,17.373491,-22.5,17.5
2449252.0,-33.944173,22.462774,-32.5,22.5
2490270.0,28.569259,-16.265589,27.5,-17.5
7580657.0,13.553132,-16.511216,12.5,-17.5
5229137.0,-19.218339,16.056949,-17.5,17.5
6095338.0,-25.34897,31.780278,-27.5,32.5
1081159.0,-24.487183,27.816708,-22.5,27.5
2475679.0,-33.958635,22.366769,-32.5,22.5
2702870.0,-33.952216,25.489661,-32.5,27.5
2749511.0,-34.07961,18.397348,-32.5,17.5
10587253.0,-33.873032,19.196506,-32.5,17.5
5051775.0,-34.066488,18.810395,-32.5,17.5
2449077.0,-18.042067,33.174805,-17.5,32.5
1423286.0,-34.070709,18.817219,-32.5,17.5
7417064.0,-28.847174,29.997577,-27.5,27.5
7896234.0,-34.079588,18.398272,-32.5,17.5
4073451.0,12.876362,-13.583403,12.5,-12.5
6893427.0,-24.364492,31.959508,-22.5,32.5
5231530.0,-29.250952,29.44253,-27.5,27.5
8894817.0,-26.651512,32.963675,-27.5,32.5
2480975.0,27.267746,33.887031,27.5,32.5
2384067.0,-29.851363,31.080631,-27.5,32.5
3169830.0,-33.93887,18.84232,-32.5,17.5
7262029.0,-34.011097,23.869928,-32.5,22.5
10671440.0,-34.41802,19.153402,-32.5,17.5
7831469.0,-24.406151,30.812427,-22.5,32.5
9330514.0,30.546793,-9.718404,32.5,-7.5
5959482.0,-33.405287,18.262412,-32.5,17.5
6111581.0,-30.650854,30.524967,-32.5,32.5
2482048.0,-34.059847,18.498847,-32.5,17.5
5220182.0,-17.888291,25.813271,-17.5,27.5
2917876.0,-24.406551,30.818224,-22.5,32.5
3974754.0,-33.412695,26.475595,-32.5,27.5
5220183.0,-19.352875,15.930146,-17.5,17.5
5185632.0,-33.192405,27.642262,-32.5,27.5
2437454.0,-19.265419,16.000762,-17.5,17.5
5220167.0,-3.172875,35.569267,-2.5,37.5
2278863.0,-20.12906,57.756221,-22.5,57.5
2490270.0,28.415962,-16.549483,27.5,-17.5
3084949.0,-24.459991,30.609715,-22.5,32.5
9114626.0,-30.282612,30.753738,-32.5,32.5
5228300.0,-25.128204,31.550736,-27.5,32.5
8407454.0,-29.776837,30.835706,-27.5,32.5
7287022.0,-25.812445,27.596838,-27.5,27.5
11194422.0,-19.516975,23.636081,-17.5,22.5
5828232.0,28.092202,-16.721155,27.5,-17.5
2777724.0,28.092276,-16.721669,27.5,-17.5
7335563.0,-26.156456,27.965837,-27.5,27.5
5689204.0,-34.003761,18.413978,-32.5,17.5
7400682.0,-32.162826,25.468924,-32.5,27.5
1727809.0,-29.110587,31.600412,-27.5,32.5
5230739.0,-24.573642,30.798624,-22.5,32.5
2493683.0,-23.859749,31.12853,-22.5,32.5
5231190.0,-25.228319,27.105326,-27.5,27.5
1919924.0,-34.102885,23.384557,-32.5,22.5
3974754.0,-33.461856,26.495327,-32.5,27.5
2392628.0,-33.692463,26.673548,-32.5,27.5
5229154.0,-3.228522,35.551722,-2.5,37.5
3082283.0,-23.835531,30.295442,-22.5,32.5
3974754.0,-33.474016,26.484075,-32.5,27.5
5297754.0,-34.100685,18.432227,-32.5,17.5
2474909.0,-3.076412,35.462553,-2.5,37.5
2978009.0,-34.033513,18.396741,-32.5,17.5
3069097.0,-25.444897,30.968287,-27.5,32.5
2491491.0,-25.019309,31.781581,-27.5,32.5
3105698.0,28.506756,-16.190589,27.5,-17.5
2161858.0,-25.711608,28.142575,-27.5,27.5
5684170.0,-33.996432,18.413133,-32.5,17.5
6894730.0,-24.110262,15.905733,-22.5,17.5
1428848.0,-34.070767,18.817361,-32.5,17.5
6100849.0,-34.079736,18.396795,-32.5,17.5
2702792.0,-34.574265,19.734348,-32.5,17.5
10671440.0,-32.247323,25.453186,-32.5,27.5
7340868.0,-32.230362,25.431233,-32.5,27.5
5706330.0,-32.183971,25.479004,-32.5,27.5
1341976.0,-32.260617,25.454028,-32.5,27.5
5382823.0,-24.405397,30.820472,-22.5,32.5
5355395.0,-33.969644,18.76948,-32.5,17.5
5228322.0,-25.228319,27.105326,-27.5,27.5
2492444.0,-34.008467,25.680001,-32.5,27.5
2744533.0,-29.252968,29.4198,-27.5,27.5
2441034.0,-24.400992,31.753339,-22.5,32.5
7341262.0,-24.827165,31.543925,-22.5,32.5
2777724.0,28.417727,-16.545587,27.5,-17.5
5208090.0,-29.726858,31.089431,-27.5,32.5
2486673.0,-34.34604,18.927805,-32.5,17.5
5274944.0,36.770351,5.102663,37.5,7.5
1428708.0,-34.066383,18.810666,-32.5,17.5
4019317.0,-24.161999,30.254301,-22.5,32.5
2473341.0,-20.830863,16.66192,-22.5,17.5
2441341.0,-24.399197,31.96093,-22.5,32.5
2482048.0,-33.728282,26.5796,-32.5,27.5
7262034.0,-24.829509,31.564355,-22.5,32.5
7262029.0,-17.928822,25.857496,-17.5,27.5
1428738.0,-33.946019,22.064809,-32.5,22.5
2844976.0,0.186303,6.613081,2.5,7.5
3117468.0,-25.894989,27.800971,-27.5,27.5
2158505.0,-24.460986,30.786055,-22.5,32.5
7983173.0,-24.994406,31.526395,-22.5,32.5
5544347.0,-34.761902,19.930927,-32.5,17.5
2742427.0,-32.778777,28.208944,-32.5,27.5
12225089.0,28.55698,-16.179929,27.5,-17.5
5217334.0,-34.040939,19.6162,-32.5,17.5
8228544.0,-23.825979,30.156046,-22.5,32.5
3065778.0,-30.650312,27.75217,-32.5,27.5
2441757.0,-2.868039,38.074402,-2.5,37.5
4359297.0,-20.139632,57.754127,-22.5,57.5
2017919.0,-33.933691,22.421138,-32.5,22.5
3711260.0,-25.774838,28.301106,-27.5,27.5
6993524.0,-26.150469,28.186117,-27.5,27.5
7341262.0,-28.219941,31.948376,-27.5,32.5
2957529.0,-25.807882,28.260931,-27.5,27.5
1423286.0,-30.865756,24.634667,-32.5,22.5
4055797.0,-25.853702,27.496835,-27.5,27.5
2764389.0,-28.703537,30.016722,-27.5,32.5
9616058.0,35.314877,-2.954669,37.5,-2.5
1690661.0,-28.281377,31.98862,-27.5,32.5
9182765.0,28.46871,-16.451345,27.5,-17.5
6100969.0,-32.240412,25.456234,-32.5,27.5
10700636.0,35.305384,-2.961836,37.5,-2.5
3632925.0,-29.254936,29.422552,-27.5,27.5
2441212.0,-25.205608,31.874822,-27.5,32.5
5048815.0,34.836036,-6.231993,32.5,-7.5
6101223.0,-25.90955,28.173365,-27.5,27.5
3740977.0,-29.255219,29.422617,-27.5,27.5
7268548.0,-33.826921,20.462601,-32.5,22.5
3974754.0,-33.426316,26.477684,-32.5,27.5
8252309.0,-33.691298,26.667482,-32.5,27.5
2441064.0,-19.179386,15.936757,-17.5,17.5
7309558.0,-25.18542,30.972953,-27.5,32.5
2495674.0,-24.392833,31.776992,-22.5,32.5
5219080.0,-3.739172,35.970047,-2.5,37.5
2441461.0,34.139413,-6.576567,32.5,-7.5
9658573.0,-29.60972,30.334592,-27.5,32.5
6095032.0,-28.747759,32.082189,-27.5,32.5
5226254.0,-34.322031,19.005186,-32.5,17.5
2480372.0,-2.10254,34.536919,-2.5,32.5
4089992.0,-34.354288,18.479028,-32.5,17.5
2493963.0,-3.365117,40.002061,-2.5,42.5
2928598.0,-28.948443,29.206508,-27.5,27.5
2959443.0,-25.897666,27.7992,-27.5,27.5
6894329.0,-29.263422,16.910022,-27.5,17.5
2481096.0,-2.828948,38.078522,-2.5,37.5
12174892.0,-24.523998,30.890821,-22.5,32.5
5425763.0,-25.805585,28.260681,-27.5,27.5
5405673.0,28.524087,-16.288232,27.5,-17.5
7173446.0,-25.853733,27.496744,-27.5,27.5
5220181.0,-24.849806,31.564367,-22.5,32.5
1915499.0,-29.81638,30.811077,-27.5,32.5
5342003.0,-24.569382,27.836291,-22.5,27.5
1025597.0,-34.399229,19.498341,-32.5,17.5
7309716.0,-24.162395,30.254639,-22.5,32.5
2441141.0,-24.043455,27.071256,-22.5,27.5
3084949.0,14.611226,-17.151461,12.5,-17.5
3707461.0,-32.723663,28.318498,-32.5,27.5
8149099.0,28.507902,-16.190419,27.5,-17.5
3085188.0,-24.459452,30.610234,-22.5,32.5
2764389.0,-24.304017,30.992428,-22.5,32.5
3641868.0,-34.114125,18.455573,-32.5,17.5
7321717.0,-24.487542,27.82357,-22.5,27.5
1695732.0,-24.189391,29.619193,-22.5,27.5
5959111.0,-29.359973,29.95661,-27.5,27.5
2928598.0,-33.315849,26.533903,-32.5,27.5
2776901.0,-29.261669,29.454949,-27.5,27.5
3974754.0,-33.523313,26.526105,-32.5,27.5
2443341.0,34.252815,-6.667543,32.5,-7.5
8252309.0,-34.10451,23.392105,-32.5,22.5
2495150.0,-3.167349,35.544532,-2.5,37.5
2978552.0,-33.959487,25.494812,-32.5,27.5
2489005.0,-23.061522,43.586813,-22.5,42.5
2978552.0,-33.959466,25.495178,-32.5,27.5
3132058.0,-29.268663,29.434261,-27.5,27.5
2475971.0,-3.73918,35.970067,-2.5,37.5
8427624.0,-24.394495,30.797972,-22.5,32.5
4264856.0,-32.224831,25.477984,-32.5,27.5
5229130.0,-3.167346,35.54454,-2.5,37.5
7321777.0,-24.46322,30.608938,-22.5,32.5
3166968.0,-33.923286,18.705601,-32.5,17.5
10671440.0,-33.414087,18.24112,-32.5,17.5
5540298.0,-34.331454,19.015189,-32.5,17.5
5760758.0,-33.966062,18.479885,-32.5,17.5
1341976.0,-28.946132,29.20339,-27.5,27.5
2481853.0,-24.86007,31.556066,-22.5,32.5
1428708.0,-34.070469,18.816877,-32.5,17.5
2853237.0,28.078345,-16.645197,27.5,-17.5
9228428.0,-33.600678,23.541442,-32.5,22.5
5356890.0,28.170719,-16.632311,27.5,-17.5
2481713.0,-1.155157,35.275739,-2.5,37.5
3632234.0,28.373008,-16.766027,27.5,-17.5
3974754.0,-33.462312,26.491049,-32.5,27.5
2484846.0,-24.40474,30.81773,-22.5,32.5
8349333.0,-33.993742,20.821469,-32.5,22.5
2475445.0,-28.220012,31.948295,-27.5,32.5
6894701.0,-33.919485,18.400778,-32.5,17.5
2480906.0,-34.062072,18.495378,-32.5,17.5
6088979.0,-29.776822,30.835878,-27.5,32.5
7335582.0,28.232525,-16.757183,27.5,-17.5
6275295.0,-24.35035,30.949372,-22.5,32.5
6274935.0,-24.332392,30.75143,-22.5,32.5
2446738.0,-22.24332,29.400655,-22.5,27.5
3974754.0,-33.399156,26.473889,-32.5,27.5
6894730.0,-24.098132,15.917162,-22.5,17.5
2480454.0,-30.278944,30.753964,-32.5,32.5
7607830.0,0.600923,14.932271,2.5,12.5
2498156.0,-34.060786,18.494513,-32.5,17.5
5574895.0,-24.596414,30.873453,-22.5,32.5
3641868.0,-33.98565,18.416217,-32.5,17.5
2481784.0,28.950053,-13.593287,27.5,-12.5
7308478.0,-24.40621,30.818689,-22.5,32.5
3785741.0,-25.894989,27.800971,-27.5,27.5
2264734.0,-34.479687,20.506267,-32.5,22.5
9681047.0,-24.456408,32.008628,-22.5,32.5
2498156.0,-33.958605,22.367787,-32.5,22.5
2493052.0,-34.056462,18.518845,-32.5,17.5
9687165.0,36.805078,2.894752,37.5,2.5
4048711.0,-34.330982,19.008052,-32.5,17.5
2763050.0,5.939637,38.251556,7.5,37.5
7334462.0,-34.09029,23.36831,-32.5,22.5
5228644.0,-28.747744,32.082212,-27.5,32.5
2494088.0,-33.728282,26.5796,-32.5,27.5
2979000.0,-34.032891,18.397428,-32.5,17.5
5231205.0,31.143296,-4.020364,32.5,-2.5
3899585.0,-24.439825,30.622333,-22.5,32.5
5636843.0,-34.580472,19.779697,-32.5,17.5
1906117.0,-30.25992,30.588462,-32.5,32.5
6101223.0,-25.228319,27.105326,-27.5,27.5
2481748.0,28.454872,-17.841074,27.5,-17.5
2952780.0,-24.40587,30.820134,-22.5,32.5
2480393.0,-4.658484,39.370426,-2.5,37.5
2480263.0,-33.735123,26.575687,-32.5,27.5
8108066.0,36.770351,5.102663,37.5,7.5
2853500.0,-30.656187,30.518625,-32.5,32.5
2986302.0,-25.853747,27.496704,-27.5,27.5
2441757.0,-24.858404,31.556623,-22.5,32.5
5789283.0,-34.356895,18.473433,-32.5,17.5
2495150.0,-32.273084,25.419941,-32.5,27.5
6894692.0,-24.134357,15.900932,-22.5,17.5
2491491.0,-24.569602,27.835405,-22.5,27.5
2773403.0,-27.808028,32.229126,-27.5,32.5
5341112.0,-24.45383,31.996955,-22.5,32.5
2493660.0,-29.816639,30.80962,-27.5,32.5
2489005.0,-19.748275,26.071047,-17.5,27.5
1087005.0,-32.712299,25.647195,-32.5,27.5
8901465.0,-25.939426,27.57294,-27.5,27.5
1707320.0,29.488554,-10.065917,27.5,-12.5
1863034.0,-29.540108,30.307947,-27.5,32.5
9772663.0,-24.861739,31.55188,-22.5,32.5
2495414.0,-30.282489,30.753995,-32.5,32.5
7295503.0,28.172683,-16.625431,27.5,-17.5
7862362.0,28.29906,-16.823549,27.5,-17.5
3140978.0,-34.350802,18.927616,-32.5,17.5
2747060.0,-25.770959,28.297122,-27.5,27.5
3974754.0,-33.508865,26.491714,-32.5,27.5
2484857.0,18.3669,73.7512,17.5,72.5
2474029.0,31.783314,35.030781,32.5,37.5
2435066.0,33.096967,35.607642,32.5,37.5
2437788.0,29.816861,35.045142,27.5,37.5
2437787.0,29.825871,35.04311,27.5,37.5
5220154.0,31.178009,34.290438,32.5,32.5
2474029.0,31.350544,35.109969,32.5,37.5
8082975.0,29.82469,35.043981,27.5,37.5
2437788.0,29.808233,35.041732,27.5,37.5
7563473.0,29.815257,35.045993,27.5,37.5
2437787.0,29.816645,35.045349,27.5,37.5
2437787.0,29.803651,35.042598,27.5,37.5
9529916.0,33.247074,35.65154,32.5,37.5
2437787.0,29.822124,35.040364,27.5,37.5
2858963.0,32.902342,35.638128,32.5,37.5
2437788.0,29.809012,35.043955,27.5,37.5
8214667.0,32.695017,34.938876,32.5,32.5
2481726.0,32.700252,34.940972,32.5,32.5
5220154.0,31.80014,35.325358,32.5,37.5
5219219.0,31.993217,34.957012,32.5,32.5
2437788.0,29.809012,35.044337,27.5,37.5
2474831.0,32.699052,34.940815,32.5,32.5
5220154.0,31.528191,34.719912,32.5,32.5
3190580.0,31.8164,35.066111,32.5,37.5
2437788.0,29.809039,35.044182,27.5,37.5
2436736.0,30.835448,35.331134,32.5,37.5
2435066.0,33.077508,35.611023,32.5,37.5
2475532.0,32.699196,34.940602,32.5,32.5
7964291.0,32.640019,35.471191,32.5,37.5
2437788.0,29.80826,35.041732,27.5,37.5
2437788.0,29.817004,35.0433,27.5,37.5
2437787.0,29.816708,35.045204,27.5,37.5
5220154.0,31.181933,34.290474,32.5,32.5
2440893.0,30.46,34.934954,32.5,32.5
2474029.0,31.266058,34.484732,32.5,32.5
2437788.0,29.808324,35.041939,27.5,37.5
2437788.0,29.81694,35.043352,27.5,37.5
2437788.0,29.816988,35.045028,27.5,37.5
2437787.0,29.825997,35.0431,27.5,37.5
2437788.0,29.817941,35.04303,27.5,37.5
5220149.0,29.822169,35.040333,27.5,37.5
2481714.0,32.700225,34.941046,32.5,32.5
2486116.0,31.799921,35.327533,32.5,37.5
2436736.0,29.81513,35.045952,27.5,37.5
2437787.0,29.816672,35.045329,27.5,37.5
2437788.0,29.802942,35.037706,27.5,37.5
5220154.0,31.826896,35.034787,32.5,37.5
2437787.0,29.803805,35.042722,27.5,37.5
2437788.0,29.809012,35.044058,27.5,37.5
7300058.0,29.818121,35.042668,27.5,37.5
2482479.0,29.995842,34.891414,27.5,32.5
7563473.0,29.81541,35.045931,27.5,37.5
2437788.0,29.81678,35.045101,27.5,37.5
2437787.0,29.825682,35.0431,27.5,37.5
7634625.0,32.585757,35.108771,32.5,37.5
2497295.0,29.814281,35.044546,27.5,37.5
7563473.0,29.809249,35.046458,27.5,37.5
2437787.0,29.817077,35.044625,27.5,37.5
5221119.0,31.878365,35.02293,32.5,37.5
2480372.0,31.649406,34.810836,32.5,32.5
2437788.0,29.821154,35.043832,27.5,37.5
2480830.0,29.588547,34.98,27.5,32.5
2928783.0,32.087351,35.043142,32.5,37.5
2437788.0,29.816905,35.043435,27.5,37.5
2437787.0,29.817393,35.044769,27.5,37.5
2437788.0,29.820991,35.043749,27.5,37.5
8082975.0,29.826638,35.042809,27.5,37.5
9616058.0,31.144523,34.304569,32.5,32.5
2489005.0,30.082873,35.127938,32.5,37.5
2437788.0,29.808378,35.042083,27.5,37.5
2437788.0,29.81706,35.044956,27.5,37.5
2437787.0,29.808378,35.042083,27.5,37.5
2437788.0,29.817249,35.044862,27.5,37.5
2437788.0,29.820937,35.043687,27.5,37.5
5221119.0,31.878229,35.022867,32.5,37.5
2437787.0,29.803895,35.042432,27.5,37.5
4408759.0,31.508195,34.886348,32.5,32.5
2437787.0,29.808735,35.046138,27.5,37.5
2437788.0,29.806945,35.043389,27.5,37.5
2437788.0,29.808886,35.044482,27.5,37.5
2437787.0,29.821087,35.040583,27.5,37.5
2437788.0,29.803014,35.037706,27.5,37.5
2437787.0,29.808644,35.04589,27.5,37.5
2437787.0,29.806882,35.043306,27.5,37.5
2437788.0,29.817787,35.042544,27.5,37.5
2437788.0,29.803339,35.037851,27.5,37.5
2437788.0,29.808823,35.04442,27.5,37.5
2437787.0,29.806863,35.042789,27.5,37.5
2437788.0,29.817363,35.042203,27.5,37.5
2437788.0,29.822016,35.040427,27.5,37.5
2437787.0,29.821087,35.040656,27.5,37.5
2803042.0,30.932077,34.406829,32.5,32.5
2494394.0,31.438624,35.245777,32.5,37.5
2474029.0,31.433985,35.187103,32.5,37.5
2437787.0,29.80915,35.046365,27.5,37.5
2437787.0,29.817095,35.044687,27.5,37.5
5220149.0,30.073865,34.836459,32.5,32.5
2480537.0,32.821134,35.327064,32.5,37.5
2494394.0,31.448047,35.251883,32.5,37.5
2437787.0,29.809096,35.046406,27.5,37.5
6100847.0,30.072846,34.833569,32.5,32.5
2437788.0,29.817186,35.04479,27.5,37.5
2493309.0,30.072846,34.833569,32.5,32.5
2480564.0,32.754288,35.28623,32.5,37.5
2437788.0,29.80878,35.046241,27.5,37.5
2437788.0,29.80699,35.043461,27.5,37.5
5229493.0,32.105915,34.931006,32.5,32.5
2481726.0,32.694604,34.939495,32.5,32.5
8214667.0,32.705185,34.941437,32.5,32.5
2437788.0,29.803231,35.037789,27.5,37.5
9529916.0,33.246917,35.65257,32.5,37.5
5219173.0,32.672421,35.460871,32.5,37.5
5220154.0,32.639349,35.468514,32.5,37.5
2474029.0,32.53288,35.382991,32.5,37.5
4408759.0,32.585757,35.108771,32.5,37.5
5229493.0,33.072939,35.587281,32.5,37.5
2437788.0,29.816905,35.043518,27.5,37.5
5219219.0,29.817086,35.044656,27.5,37.5
2440893.0,30.071658,34.827869,32.5,32.5
2437788.0,29.803149,35.037747,27.5,37.5
2437787.0,29.803904,35.042287,27.5,37.5
10967955.0,29.808985,35.044493,27.5,37.5
2437787.0,29.806863,35.042872,27.5,37.5
2474950.0,31.300627,34.53478,32.5,32.5
2437787.0,29.806881,35.042717,27.5,37.5
2494422.0,32.584035,35.10922,32.5,37.5
2436736.0,29.809141,35.046365,27.5,37.5
2436736.0,29.817086,35.044656,27.5,37.5
2498252.0,32.091215,34.813456,32.5,32.5
2441049.0,31.690359,35.445507,32.5,37.5
6100954.0,31.505265,34.886611,32.5,32.5
6374830.0,32.088645,35.013946,32.5,37.5
5225486.0,29.817005,35.044749,27.5,37.5
5229142.0,32.694342,34.939581,32.5,32.5
8332393.0,32.703716,34.942092,32.5,32.5
2437787.0,29.808436,35.045642,27.5,37.5
7705930.0,33.23976,35.685826,32.5,37.5
2437788.0,29.816734,35.044573,27.5,37.5
5220149.0,30.090432,34.848119,32.5,32.5
5220154.0,32.688362,35.55136,32.5,37.5
7705930.0,32.186374,35.265814,32.5,37.5
2478031.0,31.508682,34.88642,32.5,32.5
2437787.0,29.80859,35.045786,27.5,37.5
2436736.0,29.816572,35.044108,27.5,37.5
2437788.0,29.816843,35.044573,27.5,37.5
2437788.0,29.821271,35.043635,27.5,37.5
2489005.0,31.815292,35.349606,32.5,37.5
5225486.0,29.80205,35.039001,27.5,37.5
2437787.0,29.808445,35.045528,27.5,37.5
5220154.0,32.18907,35.266431,32.5,37.5
2436736.0,29.801888,35.039404,27.5,37.5
2437788.0,29.808382,35.045435,27.5,37.5
2435066.0,33.077098,35.6095,32.5,37.5
5220154.0,33.079723,35.663811,32.5,37.5
5219219.0,29.808427,35.045569,27.5,37.5
5220164.0,30.039548,34.899032,32.5,32.5
9687165.0,32.017308,34.999837,32.5,32.5
5380041.0,32.086654,35.034627,32.5,37.5
3110654.0,32.06427,35.040122,32.5,37.5
5221495.0,29.814281,35.044546,27.5,37.5
2437787.0,29.817402,35.044645,27.5,37.5
5220149.0,30.356104,34.894299,32.5,32.5
2437787.0,29.816842,35.043828,27.5,37.5
4264680.0,33.084979,35.595045,32.5,37.5
5219219.0,29.97313,35.066538,27.5,37.5
2437787.0,29.80845,35.042145,27.5,37.5
5221119.0,31.878653,35.022877,32.5,37.5
9705453.0,31.508682,34.88642,32.5,32.5
2437787.0,29.808405,35.042383,27.5,37.5
2437788.0,29.816635,35.044087,27.5,37.5
2437788.0,29.816789,35.044759,27.5,37.5
2437788.0,29.821253,35.043666,27.5,37.5
5219243.0,32.058638,34.963762,32.5,32.5
5356354.0,31.999802,34.958032,32.5,32.5
2480482.0,31.854415,34.81804,32.5,32.5
2437787.0,29.816815,35.043901,27.5,37.5
2437788.0,29.817492,35.0445,27.5,37.5
2773325.0,32.714457,35.133145,32.5,37.5
5219219.0,29.797572,35.022573,27.5,37.5
2436736.0,30.83063,35.331702,32.5,37.5
2437788.0,29.808705,35.044255,27.5,37.5
2437788.0,29.815437,35.045817,27.5,37.5
5220154.0,32.052644,34.97515,32.5,32.5
2437787.0,29.821051,35.040728,27.5,37.5
5219173.0,29.969955,35.029036,27.5,37.5
5401971.0,32.762726,35.031499,32.5,37.5
2440893.0,30.464621,34.949748,32.5,32.5
2436736.0,30.835872,35.33103,32.5,37.5
2437788.0,29.81568,35.04563,27.5,37.5
5221495.0,29.823302,35.044532,27.5,37.5
5229126.0,32.700459,34.941046,32.5,32.5
2891661.0,32.763933,35.03059,32.5,37.5
3117401.0,32.016818,34.997636,32.5,32.5
2436736.0,30.91316,35.357264,32.5,37.5
2459015.0,32.086436,35.040019,32.5,37.5
9761484.0,32.796022,35.042495,32.5,37.5
8082975.0,29.826773,35.04255,27.5,37.5
5421144.0,32.76251,35.032012,32.5,37.5
5300527.0,32.974135,35.469506,32.5,37.5
5219884.0,30.906581,35.352337,32.5,37.5
7563473.0,29.815861,35.045526,27.5,37.5
5226742.0,29.820979,35.040977,27.5,37.5
5219243.0,33.102147,35.66861,32.5,37.5
2747865.0,32.016818,34.997636,32.5,32.5
3110654.0,32.086654,35.034627,32.5,37.5
2437788.0,29.808459,35.042145,27.5,37.5
2437788.0,29.816797,35.043663,27.5,37.5
2928783.0,32.76251,35.032012,32.5,37.5
2436736.0,29.815861,35.045526,27.5,37.5
2436736.0,29.82097,35.040997,27.5,37.5
8082975.0,29.826683,35.042726,27.5,37.5
5220149.0,29.880735,34.851838,27.5,32.5
2482492.0,32.701958,34.941905,32.5,32.5
2480564.0,32.017326,34.999847,32.5,32.5
2437787.0,29.816221,35.045402,27.5,37.5
2437788.0,29.803086,35.037779,27.5,37.5
5219219.0,30.968467,35.357634,32.5,37.5
2496975.0,30.833175,35.331152,32.5,37.5
7563473.0,29.815608,35.045744,27.5,37.5
2437787.0,29.821033,35.040842,27.5,37.5
2437788.0,29.808396,35.042332,27.5,37.5
2437788.0,29.817023,35.044749,27.5,37.5
2437787.0,29.801456,35.03984,27.5,37.5
2490719.0,31.502186,34.885126,32.5,32.5
7563473.0,29.816229,35.044088,27.5,37.5
2480505.0,32.537719,35.074662,32.5,37.5
2856348.0,32.716973,35.133484,32.5,37.5
2437787.0,29.801537,35.039736,27.5,37.5
5739317.0,32.059554,34.966428,32.5,32.5
2437788.0,29.816238,35.04445,27.5,37.5
3033261.0,32.717172,35.133633,32.5,37.5
2494422.0,31.504034,34.884846,32.5,32.5
2437787.0,29.801375,35.039788,27.5,37.5
2481171.0,31.800881,34.635073,32.5,32.5
2436736.0,29.808048,35.045135,27.5,37.5
2437787.0,29.82204,35.045268,27.5,37.5
5219243.0,29.801528,35.039736,27.5,37.5
7340285.0,31.484076,35.301459,32.5,37.5
2437787.0,29.808057,35.045115,27.5,37.5
2437788.0,29.816247,35.044119,27.5,37.5
7634625.0,31.50407,34.884804,32.5,32.5
7815993.0,32.717145,35.133633,32.5,37.5
2492462.0,31.504034,34.884846,32.5,32.5
2494422.0,31.800881,34.635073,32.5,32.5
2437787.0,29.807831,35.045012,27.5,37.5
2437787.0,29.822061,35.040727,27.5,37.5
5225486.0,29.822004,35.045299,27.5,37.5
2474029.0,31.344199,34.4757,32.5,32.5
5219219.0,29.809916,35.046063,27.5,37.5
7563473.0,29.81623,35.045402,27.5,37.5
5220149.0,30.001206,34.882619,32.5,32.5
5219219.0,31.989409,35.001327,32.5,37.5
4352332.0,32.700645,34.939179,32.5,32.5
9034555.0,31.912225,34.723916,32.5,32.5
2437788.0,29.802681,35.038121,27.5,37.5
5221495.0,29.80526,35.044561,27.5,37.5
2437788.0,29.809907,35.046084,27.5,37.5
7673414.0,29.816239,35.045381,27.5,37.5
5219219.0,29.820979,35.041215,27.5,37.5
9034555.0,31.912181,34.724307,32.5,32.5
2437788.0,29.802924,35.037913,27.5,37.5
2437787.0,29.801663,35.039622,27.5,37.5
2437787.0,29.803388,35.040995,27.5,37.5
2482100.0,29.821863,35.04081,27.5,37.5
2491482.0,32.524078,35.068604,32.5,37.5
2490266.0,31.759609,34.957203,32.5,32.5
2437787.0,29.803425,35.041874,27.5,37.5
2437788.0,29.80866,35.044328,27.5,37.5
2437787.0,29.806917,35.042365,27.5,37.5
2437787.0,29.802708,35.038058,27.5,37.5
5220154.0,31.994565,35.000035,32.5,37.5
5219173.0,29.902608,34.831074,27.5,32.5
9034555.0,31.911947,34.724456,32.5,32.5
2437788.0,29.802536,35.038193,27.5,37.5
2437788.0,29.809943,35.046125,27.5,37.5
5219219.0,31.994457,34.999813,32.5,32.5
2437788.0,29.809998,35.046498,27.5,37.5
2437788.0,29.816248,35.045402,27.5,37.5
9761484.0,31.347017,34.47634,32.5,32.5
2437787.0,29.803361,35.041036,27.5,37.5
2431777.0,33.079188,35.274524,32.5,37.5
2480193.0,31.373708,35.238558,32.5,37.5
2437787.0,29.8213,35.044907,27.5,37.5
5220154.0,31.193948,34.394464,32.5,32.5
2437787.0,29.808319,35.045363,27.5,37.5
2437788.0,29.816464,35.044512,27.5,37.5
9616058.0,31.759484,34.957932,32.5,32.5
2474950.0,32.73929,35.413051,32.5,37.5
2437788.0,29.803632,35.041563,27.5,37.5
2437787.0,29.808274,35.04528,27.5,37.5
2437787.0,29.806899,35.042686,27.5,37.5
2437788.0,29.816392,35.044584,27.5,37.5
2437788.0,29.821935,35.040489,27.5,37.5
2437788.0,29.821262,35.043832,27.5,37.5
2437788.0,29.807169,35.042354,27.5,37.5
2437788.0,29.821082,35.04438,27.5,37.5
2858963.0,32.190952,34.807792,32.5,32.5
7634625.0,32.581393,35.108328,32.5,37.5
7634625.0,32.524078,35.068604,32.5,37.5
2498252.0,31.346798,34.476016,32.5,32.5
2437788.0,29.809916,35.046063,27.5,37.5
5219219.0,29.807241,35.041682,27.5,37.5
2437787.0,29.82198,35.04083,27.5,37.5
9034555.0,31.911593,34.723623,32.5,32.5
5219219.0,30.912309,35.351979,32.5,37.5
2437787.0,29.808301,35.045321,27.5,37.5
5219219.0,33.224359,35.679091,32.5,37.5
2482100.0,29.808733,35.044421,27.5,37.5
5226767.0,31.915054,34.723834,32.5,32.5
5219219.0,31.832088,35.03988,32.5,37.5
2437788.0,29.801672,35.03956,27.5,37.5
2437787.0,29.803515,35.041284,27.5,37.5
2437787.0,29.808165,35.045146,27.5,37.5
2437787.0,29.821944,35.040634,27.5,37.5
2437788.0,29.821253,35.043976,27.5,37.5
5220154.0,32.227775,35.327395,32.5,37.5
9761484.0,32.524078,35.068604,32.5,37.5
2437787.0,29.808451,35.042559,27.5,37.5
2437788.0,29.816545,35.044325,27.5,37.5
2437787.0,29.817456,35.044107,27.5,37.5
4408759.0,32.118376,34.90611,32.5,32.5
5914287.0,33.085713,35.653132,32.5,37.5
2956364.0,32.71627,35.13309,32.5,37.5
2482479.0,31.794755,35.316502,32.5,37.5
2436736.0,29.82234,35.040157,27.5,37.5
2498112.0,32.702998,34.939033,32.5,32.5
2433875.0,32.205517,35.345969,32.5,37.5
2437787.0,29.808505,35.042476,27.5,37.5
2482100.0,29.82253,35.040322,27.5,37.5
2436736.0,29.816572,35.044305,27.5,37.5
2437788.0,29.817555,35.04422,27.5,37.5
2437788.0,29.822485,35.040219,27.5,37.5
2747865.0,32.716477,35.133165,32.5,37.5
2480801.0,32.696074,34.939896,32.5,32.5
2437787.0,29.808415,35.042632,27.5,37.5
7647136.0,33.085713,35.653132,32.5,37.5
2854626.0,32.715693,35.132973,32.5,37.5
2437787.0,29.816303,35.045433,27.5,37.5
2437788.0,29.8241,35.040744,27.5,37.5
5739315.0,31.799146,35.327679,32.5,37.5
2437788.0,29.81649,35.044067,27.5,37.5
2436736.0,29.816375,35.045681,27.5,37.5
2437788.0,29.817609,35.044386,27.5,37.5
5221119.0,31.878114,35.02403,32.5,37.5
2437788.0,29.810142,35.046518,27.5,37.5
5219219.0,29.816366,35.04567,27.5,37.5
2437788.0,29.823712,35.040569,27.5,37.5
5219173.0,30.62732,34.920953,32.5,32.5
5225486.0,29.816229,35.044481,27.5,37.5
2480506.0,32.042112,35.369009,32.5,37.5
5845582.0,31.504034,34.884836,32.5,32.5
5219598.0,29.710021,34.932835,27.5,32.5
5220149.0,30.087796,35.123691,32.5,37.5
2437788.0,29.823361,35.040962,27.5,37.5
6371380.0,32.715459,35.133667,32.5,37.5
5220154.0,32.196832,35.270392,32.5,37.5
2474029.0,32.551604,34.94969,32.5,32.5
5229167.0,31.484076,35.301459,32.5,37.5
2480487.0,32.056865,34.996265,32.5,32.5
2437787.0,29.822142,35.040582,27.5,37.5
3169317.0,32.714665,35.133561,32.5,37.5
4264680.0,33.077324,35.609223,32.5,37.5
2437787.0,29.816483,35.045732,27.5,37.5
5220154.0,31.799573,35.323942,32.5,37.5
2474029.0,31.245746,34.489421,32.5,32.5
2437788.0,29.823451,35.040838,27.5,37.5
2474029.0,31.654344,34.921519,32.5,32.5
5219219.0,31.221312,34.523901,32.5,32.5
2437788.0,29.816445,35.04415,27.5,37.5
2437788.0,29.817573,35.044293,27.5,37.5
5221119.0,31.87806,35.023914,32.5,37.5
2437788.0,29.810079,35.046518,27.5,37.5
2437787.0,29.816357,35.045484,27.5,37.5
2437788.0,29.823965,35.040651,27.5,37.5
2437788.0,29.816329,35.044729,27.5,37.5
2490719.0,31.504034,34.884836,32.5,32.5
2480637.0,31.800881,34.635073,32.5,32.5
2437787.0,29.807795,35.045043,27.5,37.5
2437788.0,29.816121,35.044285,27.5,37.5
2480372.0,31.677423,34.765667,32.5,32.5
5219884.0,33.018977,35.617914,32.5,37.5
5225486.0,29.801474,35.040109,27.5,37.5
2492855.0,31.800881,34.635073,32.5,32.5
2437787.0,29.807615,35.045084,27.5,37.5
2437787.0,29.822097,35.040716,27.5,37.5
11869920.0,33.085631,35.653185,32.5,37.5
6065810.0,32.704391,34.941429,32.5,32.5
2475679.0,32.696129,34.939981,32.5,32.5
5220154.0,31.796844,35.320507,32.5,37.5
2928783.0,32.08135,35.027233,32.5,37.5
5420901.0,33.085685,35.653143,32.5,37.5
2437788.0,29.810495,35.046869,27.5,37.5
2437788.0,29.821116,35.042683,27.5,37.5
2474029.0,33.233856,35.680902,32.5,37.5
2482048.0,32.702962,34.939364,32.5,32.5
9761484.0,32.077785,34.955472,32.5,32.5
7923692.0,33.085685,35.653143,32.5,37.5
5220154.0,31.531315,34.718485,32.5,32.5
2489005.0,31.801304,34.634912,32.5,32.5
2437787.0,29.807117,35.044082,27.5,37.5
2437788.0,29.815806,35.044999,27.5,37.5
9362027.0,32.7005,34.939051,32.5,32.5
9034555.0,31.910527,34.72791,32.5,32.5
5219243.0,31.993152,34.956081,32.5,32.5
5219219.0,31.823108,35.034393,32.5,37.5
2436736.0,32.684533,34.962556,32.5,32.5
5220149.0,29.822124,35.04053,27.5,37.5
2436736.0,29.80269,35.038483,27.5,37.5
2437787.0,29.803486,35.039733,27.5,37.5
2437788.0,29.808625,35.044659,27.5,37.5
2437788.0,29.820718,35.041453,27.5,37.5
2497306.0,33.159275,35.555465,32.5,37.5
5219243.0,31.79904,35.324543,32.5,37.5
2437787.0,29.810224,35.046725,27.5,37.5
2437788.0,29.823325,35.041035,27.5,37.5
2878323.0,32.715468,35.133752,32.5,37.5
2437788.0,29.820763,35.041412,27.5,37.5
2436736.0,29.80344,35.039257,27.5,37.5
2437788.0,29.810179,35.046601,27.5,37.5
2437788.0,29.820772,35.041629,27.5,37.5
2436736.0,29.802627,35.038359,27.5,37.5
2437787.0,29.803323,35.039961,27.5,37.5
5380041.0,32.088155,35.044942,32.5,37.5
9761484.0,32.702676,34.940431,32.5,32.5
5219219.0,29.802627,35.038359,27.5,37.5
2436736.0,29.822196,35.040406,27.5,37.5
5220154.0,31.970626,34.975745,32.5,32.5
2437788.0,29.82309,35.040787,27.5,37.5
2480482.0,32.70402,34.940705,32.5,32.5
2778478.0,32.715522,35.133848,32.5,37.5
5219219.0,31.820312,35.021491,32.5,37.5
2978548.0,32.761204,35.033242,32.5,37.5
2434255.0,32.907434,35.633621,32.5,37.5
2437787.0,29.803423,35.040033,27.5,37.5
2437788.0,29.80867,35.044607,27.5,37.5
5220149.0,29.822205,35.040416,27.5,37.5
8082975.0,29.822283,35.045278,27.5,37.5
2437788.0,29.803531,35.039671,27.5,37.5
2437788.0,29.810178,35.046487,27.5,37.5
2437788.0,29.802645,35.038555,27.5,37.5
2437788.0,29.808616,35.04471,27.5,37.5
2436736.0,29.810233,35.046653,27.5,37.5
5219243.0,31.825058,35.029341,32.5,37.5
2437788.0,29.820808,35.041629,27.5,37.5
2437788.0,29.823198,35.040859,27.5,37.5
4408759.0,32.703707,34.942103,32.5,32.5
2436736.0,29.808496,35.042476,27.5,37.5
7563473.0,29.810503,35.046694,27.5,37.5
5220154.0,32.02814,35.357319,32.5,37.5
2473733.0,29.963779,35.012294,27.5,37.5
5219243.0,32.584944,35.095139,32.5,37.5
5219219.0,31.765541,35.495399,32.5,37.5
2437788.0,29.822584,35.040384,27.5,37.5
5219884.0,30.03074,34.939232,32.5,32.5
2767189.0,32.715738,35.13388,32.5,37.5
2437788.0,29.821036,35.043366,27.5,37.5
2482479.0,30.030961,34.932254,32.5,32.5
2481719.0,32.705194,34.941576,32.5,32.5
2433875.0,32.861019,35.527629,32.5,37.5
2437787.0,29.810423,35.047066,27.5,37.5
2481726.0,32.705383,34.941575,32.5,32.5
5220154.0,31.99425,34.994502,32.5,32.5
3169317.0,31.972718,34.991514,32.5,32.5
2481714.0,32.704996,34.941608,32.5,32.5
5220154.0,31.796186,35.319228,32.5,37.5
5229126.0,32.705221,34.941426,32.5,32.5
5220154.0,31.982593,34.980995,32.5,32.5
2492748.0,32.700315,34.941323,32.5,32.5
5220154.0,31.196122,34.284609,32.5,32.5
9687165.0,31.800848,34.635696,32.5,32.5
2436736.0,29.807425,35.044702,27.5,37.5
2437788.0,29.81604,35.044523,27.5,37.5
2437787.0,29.8225,35.045185,27.5,37.5
2928783.0,31.856689,34.803967,32.5,32.5
2492748.0,31.800893,34.635781,32.5,32.5
5220149.0,30.450642,34.956094,32.5,32.5
2437788.0,29.815941,35.044647,27.5,37.5
2437788.0,29.822214,35.040375,27.5,37.5
3974700.0,29.822282,35.044544,27.5,37.5
5219219.0,31.820611,35.035253,32.5,37.5
5225486.0,29.807398,35.044785,27.5,37.5
2437787.0,29.816987,35.044201,27.5,37.5
3034015.0,32.715602,35.132856,32.5,37.5
5219243.0,31.538769,35.267577,32.5,37.5
2474029.0,31.992931,34.953479,32.5,32.5
2437788.0,29.803142,35.03903,27.5,37.5
5219219.0,29.808571,35.044845,27.5,37.5
2437788.0,29.821474,35.039931,27.5,37.5
2437787.0,29.823401,35.044604,27.5,37.5
2498009.0,32.705104,34.941405,32.5,32.5
2437787.0,29.81695,35.044128,27.5,37.5
2437788.0,29.816022,35.044461,27.5,37.5
2493309.0,29.816415,35.041512,27.5,37.5
2437788.0,29.807461,35.04494,27.5,37.5
2437787.0,29.816996,35.044128,27.5,37.5
2489005.0,31.828449,35.291593,32.5,37.5
2650617.0,31.699398,35.448685,32.5,37.5
2437788.0,29.803287,35.039288,27.5,37.5
2437787.0,29.807334,35.044495,27.5,37.5
2437787.0,29.822851,35.045091,27.5,37.5
6374830.0,31.819268,35.057858,32.5,37.5
5739315.0,31.800911,34.635759,32.5,32.5
7563473.0,29.82222,35.044761,27.5,37.5
5219243.0,31.589558,35.229439,32.5,37.5
5220154.0,31.532377,34.681448,32.5,32.5
2437787.0,29.808361,35.042714,27.5,37.5
2437787.0,29.816878,35.04417,27.5,37.5
2437787.0,29.817392,35.044065,27.5,37.5
2436736.0,29.802315,35.041514,27.5,37.5
2498415.0,31.800857,34.635686,32.5,32.5
5540223.0,32.715602,35.132856,32.5,37.5
9809229.0,31.828503,35.291709,32.5,37.5
2493091.0,31.800893,34.635781,32.5,32.5
5219173.0,29.720888,35.001317,27.5,37.5
2437788.0,29.815959,35.04473,27.5,37.5
2437787.0,29.822635,35.045009,27.5,37.5
2474029.0,31.312152,34.450063,32.5,32.5
2437787.0,29.802396,35.04169,27.5,37.5
7705930.0,32.086991,35.043736,32.5,37.5
2437787.0,29.807343,35.044319,27.5,37.5
2432953.0,32.07767,34.80772,32.5,32.5
2437788.0,29.82206,35.040085,27.5,37.5
2437787.0,29.803029,35.04232,27.5,37.5
5220149.0,30.437582,34.956397,32.5,32.5
2437787.0,29.807181,35.044195,27.5,37.5
2437788.0,29.821889,35.040003,27.5,37.5
2437787.0,29.822951,35.045029,27.5,37.5
7705930.0,31.982474,34.995523,32.5,32.5
2437787.0,29.803083,35.042392,27.5,37.5
5219219.0,29.808535,35.044814,27.5,37.5
2437788.0,29.821654,35.039858,27.5,37.5
2437787.0,29.823149,35.044967,27.5,37.5
2437788.0,29.803232,35.039154,27.5,37.5
5219219.0,29.98274,35.088887,27.5,37.5
2474029.0,32.105021,34.930447,32.5,32.5
2437788.0,29.808544,35.044814,27.5,37.5
5226742.0,29.821537,35.039879,27.5,37.5
2437788.0,29.820845,35.041711,27.5,37.5
2437787.0,29.823221,35.044729,27.5,37.5
2437788.0,29.809763,35.046064,27.5,37.5
2436736.0,29.817256,35.043145,27.5,37.5
2437787.0,29.81705,35.044325,27.5,37.5
8082975.0,29.82475,35.041457,27.5,37.5
7563473.0,29.820477,35.043678,27.5,37.5
2437788.0,29.808179,35.041753,27.5,37.5
2437788.0,29.8096,35.045919,27.5,37.5
2437788.0,29.817337,35.043031,27.5,37.5
5219243.0,32.010636,34.994634,32.5,32.5
2436736.0,29.821109,35.043563,27.5,37.5
5219219.0,31.932581,34.741417,32.5,32.5
5229167.0,32.580011,35.106061,32.5,37.5
5670646.0,32.716532,35.134317,32.5,37.5
2436736.0,29.808161,35.041763,27.5,37.5
2437788.0,29.809573,35.045671,27.5,37.5
2437787.0,29.816826,35.045432,27.5,37.5
2437788.0,29.821144,35.043397,27.5,37.5
2437787.0,29.824447,35.044096,27.5,37.5
2486116.0,32.704267,34.942176,32.5,32.5
5218777.0,33.05718,35.468448,32.5,37.5
2437788.0,29.809601,35.046012,27.5,37.5
2437787.0,29.810278,35.046911,27.5,37.5
2437788.0,29.817247,35.043083,27.5,37.5
7275957.0,29.824723,35.04125,27.5,37.5
2437788.0,29.821036,35.043604,27.5,37.5
2474950.0,31.288857,34.552266,32.5,32.5
5219243.0,31.442077,34.771837,32.5,32.5
7673414.0,29.810495,35.046849,27.5,37.5
2437787.0,29.802519,35.038741,27.5,37.5
2437788.0,29.808571,35.044907,27.5,37.5
5226742.0,29.821348,35.039952,27.5,37.5
5220149.0,29.820827,35.042239,27.5,37.5
2434255.0,33.071207,35.593388,32.5,37.5
2481685.0,32.704977,34.94116,32.5,32.5
1936969.0,32.580669,35.105901,32.5,37.5
2437788.0,29.80828,35.042839,27.5,37.5
2437787.0,29.810513,35.046952,27.5,37.5
2437788.0,29.817374,35.043983,27.5,37.5
3631293.0,33.085631,35.653185,32.5,37.5
2490283.0,32.698457,34.940806,32.5,32.5
5220154.0,31.68086,35.102286,32.5,37.5
5220154.0,31.35191,35.015405,32.5,37.5
5219243.0,31.797539,35.319135,32.5,37.5
2437787.0,29.808163,35.043191,27.5,37.5
2437788.0,29.817347,35.043683,27.5,37.5
2437788.0,29.822286,35.040137,27.5,37.5
2498009.0,32.700177,34.939618,32.5,32.5
5220154.0,31.681065,35.099312,32.5,37.5
5220154.0,31.602414,34.897672,32.5,32.5
2482100.0,29.808571,35.044948,27.5,37.5
5220154.0,31.994214,34.994692,32.5,32.5
2480537.0,31.757671,34.95743,32.5,32.5
2482492.0,31.801304,34.634912,32.5,32.5
2437788.0,29.815869,35.044957,27.5,37.5
2437787.0,29.808253,35.043263,27.5,37.5
8332393.0,32.700357,34.939532,32.5,32.5
2703935.0,31.857186,34.80442,32.5,32.5
2437788.0,29.80288,35.038565,27.5,37.5
2490955.0,32.093783,35.006499,32.5,37.5
2480327.0,32.70486,34.941566,32.5,32.5
6065824.0,31.801304,34.634912,32.5,32.5
2437787.0,29.80837,35.043149,27.5,37.5
5220154.0,33.224868,35.685048,32.5,37.5
8214667.0,32.700247,34.938626,32.5,32.5
5220154.0,32.129277,35.40791,32.5,37.5
6412055.0,32.715422,35.132888,32.5,37.5
3091220.0,31.502204,35.154722,32.5,37.5
5219219.0,29.808244,35.043046,27.5,37.5
2437787.0,29.817383,35.043786,27.5,37.5
5361909.0,33.085595,35.653153,32.5,37.5
7705930.0,32.081523,35.027953,32.5,37.5
5290149.0,33.085622,35.653153,32.5,37.5
2437788.0,29.802201,35.037035,27.5,37.5
8000602.0,32.700282,34.93854,32.5,32.5
3190381.0,32.715377,35.132718,32.5,37.5
2437788.0,29.815896,35.044823,27.5,37.5
5219173.0,30.030961,34.932254,32.5,32.5
2437788.0,29.815752,35.045092,27.5,37.5
5220154.0,33.09474,35.672127,32.5,37.5
2437787.0,29.807126,35.04403,27.5,37.5
5220154.0,32.636949,35.485536,32.5,37.5
5220164.0,30.012461,34.88875,32.5,32.5
5220154.0,31.908255,34.72105,32.5,32.5
2437788.0,29.815644,35.045299,27.5,37.5
2437787.0,29.816573,35.045608,27.5,37.5
2482100.0,29.82359,35.044397,27.5,37.5
8014966.0,31.500995,35.37858,32.5,37.5
2437788.0,29.802771,35.038203,27.5,37.5
2437788.0,29.815527,35.045537,27.5,37.5
2436736.0,29.821258,35.040024,27.5,37.5
2773325.0,31.975697,34.987836,32.5,32.5
5219219.0,33.229716,35.566184,32.5,37.5
3758958.0,29.803374,35.037354,27.5,37.5
2480773.0,31.931831,34.758774,32.5,32.5
2437787.0,29.816772,35.04596,27.5,37.5
2437787.0,29.82378,35.044324,27.5,37.5
5231246.0,31.496213,35.293483,32.5,37.5
2437787.0,29.816546,35.045774,27.5,37.5
2437788.0,29.82133,35.039962,27.5,37.5
7563473.0,29.823735,35.044324,27.5,37.5
2480372.0,31.215944,34.307409,32.5,32.5
2437787.0,29.806955,35.043823,27.5,37.5
2437788.0,29.815626,35.045341,27.5,37.5
5220149.0,30.139147,34.928367,32.5,32.5
2490669.0,31.910527,34.72791,32.5,32.5
2494394.0,31.491533,35.386109,32.5,37.5
2437788.0,29.801985,35.036974,27.5,37.5
2437788.0,29.809067,35.04502,27.5,37.5
7563473.0,29.81063,35.047045,27.5,37.5
2437788.0,29.817201,35.042059,27.5,37.5
7340679.0,32.703725,34.942113,32.5,32.5
2480372.0,31.882748,34.756907,32.5,32.5
2436736.0,29.807502,35.041599,27.5,37.5
2437788.0,29.808995,35.045258,27.5,37.5
2437787.0,29.81679,35.045835,27.5,37.5
3974700.0,29.821026,35.042684,27.5,37.5
9584698.0,31.975678,34.98736,32.5,32.5
6065824.0,32.705122,34.94148,32.5,32.5
5219219.0,32.592856,35.162022,32.5,37.5
7673414.0,29.803329,35.037333,27.5,37.5
5219219.0,29.816817,35.045918,27.5,37.5
2437788.0,29.82115,35.040356,27.5,37.5
2778478.0,31.975678,34.98736,32.5,32.5
2474029.0,30.204854,34.924227,32.5,32.5
9705453.0,32.801057,34.980178,32.5,32.5
2474029.0,32.001929,34.961952,32.5,32.5
2437788.0,29.80296,35.038068,27.5,37.5
2474029.0,31.298639,34.480934,32.5,32.5
7308670.0,31.975678,34.98736,32.5,32.5
2437788.0,29.802726,35.038193,27.5,37.5
5220154.0,32.079767,34.954312,32.5,32.5
2437787.0,29.807,35.043596,27.5,37.5
2437788.0,29.821231,35.040118,27.5,37.5
2747865.0,31.975678,34.98736,32.5,32.5
5219219.0,32.558289,35.370978,32.5,37.5
9616058.0,29.818357,35.036543,27.5,37.5
2437787.0,29.810675,35.04719,27.5,37.5
2437788.0,29.821018,35.043304,27.5,37.5
2498112.0,32.705014,34.941576,32.5,32.5
2437788.0,29.802743,35.037252,27.5,37.5
2437787.0,29.807511,35.04163,27.5,37.5
7563473.0,29.809085,35.045041,27.5,37.5
2437787.0,29.816799,35.045804,27.5,37.5
2437788.0,29.821123,35.04047,27.5,37.5
2437788.0,29.820945,35.04287,27.5,37.5
2481171.0,32.704761,34.94163,32.5,32.5
1936969.0,32.57329,35.113002,32.5,37.5
2437788.0,29.802255,35.036983,27.5,37.5
2434255.0,31.572911,34.847859,32.5,32.5
7563473.0,29.809247,35.044461,27.5,37.5
4264680.0,33.078917,35.596121,32.5,37.5
2437787.0,29.821114,35.040542,27.5,37.5
5220154.0,31.795132,35.317822,32.5,37.5
2437788.0,29.802355,35.037263,27.5,37.5
5219884.0,32.912773,35.541864,32.5,37.5
2481728.0,32.119946,34.906275,32.5,32.5
2437788.0,29.822052,35.040158,27.5,37.5
5220154.0,31.793382,35.318623,32.5,37.5
2437787.0,29.810323,35.047066,27.5,37.5
2436736.0,29.826076,35.040782,27.5,37.5
5219243.0,29.822142,35.040116,27.5,37.5
5220154.0,33.231178,35.678463,32.5,37.5
2437788.0,29.802508,35.037273,27.5,37.5
2437787.0,29.808488,35.043376,27.5,37.5
9761484.0,31.756364,35.004286,32.5,37.5
5219219.0,29.808415,35.043294,27.5,37.5
2437788.0,29.817653,35.043506,27.5,37.5
8082975.0,29.825886,35.040824,27.5,37.5
5219219.0,31.811225,34.932448,32.5,32.5
2436736.0,29.808533,35.043542,27.5,37.5
2437788.0,29.80856,35.043583,27.5,37.5
2437788.0,29.817743,35.043361,27.5,37.5
9090350.0,32.975765,35.466173,32.5,37.5
2437788.0,29.817807,35.043341,27.5,37.5
4408759.0,31.802476,35.324717,32.5,37.5
4408759.0,32.013095,34.987579,32.5,32.5
2437787.0,29.823734,35.044159,27.5,37.5
5219243.0,31.195335,34.28554,32.5,32.5
9055455.0,31.327465,35.046028,32.5,37.5
2437788.0,29.808696,35.043655,27.5,37.5
5220149.0,30.046839,34.924538,32.5,32.5
2482497.0,31.492688,35.385501,32.5,37.5
2437788.0,29.803005,35.037437,27.5,37.5
2437787.0,29.808768,35.043914,27.5,37.5
2437788.0,29.81541,35.04562,27.5,37.5
5219219.0,31.824395,35.039799,32.5,37.5
2437788.0,29.802806,35.037189,27.5,37.5
5219243.0,31.756454,34.972147,32.5,32.5
2437787.0,29.808849,35.043976,27.5,37.5
9515886.0,32.700298,34.941398,32.5,32.5
2441461.0,31.636042,34.904477,32.5,32.5
5220154.0,32.073995,34.963711,32.5,32.5
5231190.0,32.700298,34.941398,32.5,32.5
2437788.0,29.815356,35.045713,27.5,37.5
2437787.0,29.816853,35.045649,27.5,37.5
7563473.0,29.823816,35.044334,27.5,37.5
2492962.0,32.70064,34.941344,32.5,32.5
9809229.0,31.79342,34.634464,32.5,32.5
5220149.0,30.404679,34.935095,32.5,32.5
5219219.0,29.817264,35.042141,27.5,37.5
7563473.0,29.815193,35.045796,27.5,37.5
2481728.0,32.796356,35.042793,32.5,37.5
3755896.0,29.823798,35.044397,27.5,37.5
5219219.0,32.638592,35.386963,32.5,37.5
5219243.0,29.807872,35.04165,27.5,37.5
2437788.0,29.809492,35.045412,27.5,37.5
2437787.0,29.816808,35.045546,27.5,37.5
3145214.0,32.716315,35.134199,32.5,37.5
5220154.0,33.083451,35.672346,32.5,37.5
2482100.0,29.809844,35.046095,27.5,37.5
2436736.0,31.250079,35.190055,32.5,37.5
2437787.0,29.816987,35.044356,27.5,37.5
2437787.0,29.8032,35.042361,27.5,37.5
2437788.0,29.809303,35.046478,27.5,37.5
2437788.0,29.817852,35.043309,27.5,37.5
2474029.0,31.333802,35.275866,32.5,37.5
5219219.0,31.906754,34.701437,32.5,32.5
2437787.0,29.817086,35.044387,27.5,37.5
2480259.0,32.705023,34.941683,32.5,32.5
4408759.0,31.793267,34.634349,32.5,32.5
5219219.0,29.807809,35.041691,27.5,37.5
2474029.0,32.058306,34.96964,32.5,32.5
2482100.0,29.823933,35.044252,27.5,37.5
5220154.0,31.190984,34.286201,32.5,32.5
6063730.0,32.716315,35.134199,32.5,37.5
2437788.0,29.802716,35.037934,27.5,37.5
9616058.0,31.793285,34.634423,32.5,32.5
2474029.0,31.292357,34.483156,32.5,32.5
2437787.0,29.807782,35.041691,27.5,37.5
2437788.0,29.817255,35.042214,27.5,37.5
2492748.0,32.796347,35.042793,32.5,37.5
3169317.0,31.975678,34.98736,32.5,32.5
2482100.0,29.809412,35.04654,27.5,37.5
2437787.0,29.817122,35.044397,27.5,37.5
2437788.0,29.822007,35.040251,27.5,37.5
2481240.0,32.705589,34.940828,32.5,32.5
4264680.0,33.080037,35.606783,32.5,37.5
5220154.0,31.187189,34.288965,32.5,32.5
2480500.0,33.08346,35.672356,32.5,37.5
2436736.0,29.809844,35.046095,27.5,37.5
2437788.0,29.809791,35.046622,27.5,37.5
2437788.0,29.817077,35.044325,27.5,37.5
8082975.0,29.824308,35.041302,27.5,37.5
7563473.0,29.819739,35.045013,27.5,37.5
2437787.0,29.80943,35.04654,27.5,37.5
2437787.0,29.817131,35.04449,27.5,37.5
2437788.0,29.820946,35.043667,27.5,37.5
2480726.0,32.703821,34.9403,32.5,32.5
2437787.0,29.807872,35.04165,27.5,37.5
2437788.0,29.817445,35.042927,27.5,37.5
2437787.0,29.816826,35.045442,27.5,37.5
2437787.0,29.823987,35.04422,27.5,37.5
2431777.0,33.249718,35.650231,32.5,37.5
4252823.0,32.716397,35.134274,32.5,37.5
9616058.0,31.81381,35.072959,32.5,37.5
2474029.0,31.815485,35.070728,32.5,37.5
2437788.0,29.808939,35.043789,27.5,37.5
2480372.0,32.572931,35.023217,32.5,37.5
5220154.0,31.792761,35.31708,32.5,37.5
2436736.0,29.803245,35.042371,27.5,37.5
2437788.0,29.808985,35.043882,27.5,37.5
5220149.0,30.056228,34.915366,32.5,32.5
5632113.0,31.503132,35.152532,32.5,37.5
2437788.0,29.808994,35.043882,27.5,37.5
2437788.0,29.817888,35.043216,27.5,37.5
9409796.0,50.51635,115.134644,52.5,117.5
2492462.0,44.575772,38.077806,42.5,37.5
2494329.0,50.516167,115.133325,52.5,117.5
9705453.0,50.516208,115.133319,52.5,117.5
2482515.0,44.554956,38.068436,42.5,37.5
5229490.0,50.516419,115.133961,52.5,117.5
5229490.0,44.542733,38.065456,42.5,37.5
5231190.0,50.516208,115.133319,52.5,117.5
2494422.0,44.545806,38.063386,42.5,37.5
5231198.0,50.516183,115.133319,52.5,117.5
5229490.0,44.546297,38.064203,42.5,37.5
2477968.0,50.516167,115.133325,52.5,117.5
2495414.0,50.516489,115.134719,52.5,117.5
5229493.0,44.571894,38.070489,42.5,37.5
2487843.0,50.516208,115.133319,52.5,117.5
2494422.0,44.575942,38.078342,42.5,37.5
2487879.0,44.576925,38.079094,42.5,37.5
9705453.0,44.576742,38.078764,42.5,37.5
2492462.0,44.576794,38.080069,42.5,37.5
5739315.0,44.577181,38.077861,42.5,37.5
2494441.0,44.576933,38.079081,42.5,37.5
5229493.0,44.576389,38.079103,42.5,37.5
5231190.0,44.573967,38.068006,42.5,37.5
2494422.0,44.576181,38.074022,42.5,37.5
5229490.0,44.576853,38.078433,42.5,37.5
2482515.0,44.585522,38.044039,42.5,37.5
5845582.0,44.575206,38.067097,42.5,37.5
2487866.0,55.365842,86.185908,57.5,87.5
7690702.0,55.370583,86.175094,57.5,87.5
2494329.0,55.370044,86.185478,57.5,87.5
2477968.0,55.365842,86.185908,57.5,87.5
2494543.0,55.361294,86.183933,57.5,87.5
2484916.0,55.369997,86.177153,57.5,87.5
6065824.0,44.556297,38.069536,42.5,37.5
6065824.0,44.573125,38.067781,42.5,37.5
2481890.0,44.84343,37.38576,42.5,37.5
8151548.0,44.556778,38.071022,42.5,37.5
2484605.0,50.521758,115.141672,52.5,117.5
9761484.0,44.572464,38.068772,42.5,37.5
2495455.0,44.574028,38.074461,42.5,37.5
2487866.0,50.522414,115.141208,52.5,117.5
2481890.0,44.5741,38.066047,42.5,37.5
2495696.0,44.573572,38.068392,42.5,37.5
7690055.0,50.52245,115.140972,52.5,117.5
2481240.0,44.569183,38.071467,42.5,37.5
9705453.0,50.521931,115.141594,52.5,117.5
9413670.0,44.556319,38.071069,42.5,37.5
2490740.0,50.521778,115.141992,52.5,117.5
2474377.0,44.555914,38.067475,42.5,37.5
2490719.0,44.8014,37.3693,42.5,37.5
5229493.0,44.80159,37.36938,42.5,37.5
2498255.0,44.562017,38.075903,42.5,37.5
2495414.0,44.5721,38.070022,42.5,37.5
2487843.0,50.522825,115.140394,52.5,117.5
2481890.0,44.555636,38.046244,42.5,37.5
2494514.0,50.523372,115.141219,52.5,117.5
2482048.0,44.572586,38.068853,42.5,37.5
2494543.0,50.523836,115.14135,52.5,117.5
2482054.0,44.556986,38.056803,42.5,37.5
5231630.0,50.523522,115.140661,52.5,117.5
2474377.0,44.562264,38.076044,42.5,37.5
9616058.0,44.545769,38.065133,42.5,37.5
2482515.0,55.340122,86.189567,57.5,87.5
7690055.0,55.342997,86.245564,57.5,87.5
2495696.0,44.554994,38.069192,42.5,37.5
2497509.0,55.348144,86.245092,57.5,87.5
9687165.0,44.5693,38.07225,42.5,37.5
5229377.0,44.80073,37.36925,42.5,37.5
9705453.0,55.341744,86.184003,57.5,87.5
5231190.0,44.75738,37.38069,42.5,37.5
5229490.0,55.341811,86.183686,57.5,87.5
9413670.0,44.80098,37.36922,42.5,37.5
2482492.0,55.341883,86.183944,57.5,87.5
2498261.0,44.561572,38.075631,42.5,37.5
2495414.0,44.555256,38.071294,42.5,37.5
2495000.0,50.522881,115.140169,52.5,117.5
7690055.0,55.369067,86.168914,57.5,87.5
2495696.0,44.554956,38.065367,42.5,37.5
2494329.0,55.344692,86.226958,57.5,87.5
9705453.0,55.355378,86.185394,57.5,87.5
2495455.0,44.572106,38.070361,42.5,37.5
2484605.0,55.340039,86.189414,57.5,87.5
2482054.0,44.80161,37.37026,42.5,37.5
2495000.0,55.340594,86.237669,57.5,87.5
6065824.0,44.75809,37.38135,42.5,37.5
2482048.0,44.75887,37.38357,42.5,37.5
5231190.0,55.340514,86.189567,57.5,87.5
6065824.0,44.75879,37.38317,42.5,37.5
2490719.0,44.570981,38.071653,42.5,37.5
7341881.0,50.523339,115.140106,52.5,117.5
5739315.0,44.575347,38.076833,42.5,37.5
5229490.0,50.522428,115.142936,52.5,117.5
2490719.0,44.572661,38.071361,42.5,37.5
5739315.0,44.565622,38.075119,42.5,37.5
9409796.0,50.522586,115.141864,52.5,117.5
5229493.0,44.572931,38.069256,42.5,37.5
2482492.0,50.523953,115.140747,52.5,117.5
2481890.0,44.574225,38.065386,42.5,37.5
2495414.0,44.572803,38.069428,42.5,37.5
5739315.0,44.575619,38.077442,42.5,37.5
2481240.0,44.7612,37.38659,42.5,37.5
2481890.0,44.556872,38.072369,42.5,37.5
2495696.0,44.577006,38.079903,42.5,37.5
2480482.0,44.76122,37.38659,42.5,37.5
2482065.0,44.556711,38.071617,42.5,37.5
2478031.0,44.576631,38.074519,42.5,37.5
2484605.0,55.365842,86.185908,57.5,87.5
9761484.0,44.563508,38.076106,42.5,37.5
2482065.0,44.583378,38.053314,42.5,37.5
2490669.0,44.546625,38.059803,42.5,37.5
5231198.0,55.366622,86.184878,57.5,87.5
5231190.0,44.575939,38.078061,42.5,37.5
2480567.0,50.523461,115.142314,52.5,117.5
2495414.0,55.341811,86.183686,57.5,87.5
2495414.0,55.348239,86.187539,57.5,87.5
2482515.0,44.554933,38.067111,42.5,37.5
2478548.0,50.520911,115.142058,52.5,117.5
2484916.0,55.34675,86.248739,57.5,87.5
2498261.0,44.562344,38.076169,42.5,37.5
6065824.0,44.582067,38.055686,42.5,37.5
2490719.0,44.575192,38.07685,42.5,37.5
2482054.0,44.7612,37.38659,42.5,37.5
2498255.0,44.562472,38.076169,42.5,37.5
9616058.0,44.585483,38.045083,42.5,37.5
2490266.0,44.546742,38.064331,42.5,37.5
2487866.0,55.343314,86.246228,57.5,87.5
2482065.0,44.76101,37.38634,42.5,37.5
6100954.0,55.342061,86.183847,57.5,87.5
6065824.0,44.574217,38.066464,42.5,37.5
9409796.0,55.340122,86.189567,57.5,87.5
5229493.0,44.560242,38.076533,42.5,37.5
9015784.0,50.523181,115.140522,52.5,117.5
2482515.0,55.365303,86.186081,57.5,87.5
9413670.0,44.551928,38.048336,42.5,37.5
2494543.0,55.341644,86.2039,57.5,87.5
2482054.0,44.563664,38.076342,42.5,37.5
2477968.0,44.576492,38.074306,42.5,37.5
2474377.0,44.561939,38.075989,42.5,37.5
2482059.0,44.561353,38.075881,42.5,37.5
2490719.0,44.577175,38.078531,42.5,37.5
5229490.0,55.368286,86.1896,57.5,87.5
8151548.0,44.555425,38.05635,42.5,37.5
2477968.0,55.347619,86.246208,57.5,87.5
2494441.0,44.565725,38.075483,42.5,37.5
9015784.0,55.355378,86.184619,57.5,87.5
2481890.0,44.574114,38.066497,42.5,37.5
2477968.0,44.576503,38.078475,42.5,37.5
6100954.0,55.343725,86.178964,57.5,87.5
2495414.0,55.343725,86.178964,57.5,87.5
5231190.0,44.574478,38.069786,42.5,37.5
2484605.0,55.350564,86.173083,57.5,87.5
2494422.0,44.564219,38.076678,42.5,37.5
1919333.0,31.948055,34.956871,32.5,32.5
1920506.0,31.948055,34.956871,32.5,32.5
4299368.0,31.948055,34.956871,32.5,32.5
1936969.0,31.948055,34.956871,32.5,32.5
5298546.0,1.334048,103.728768,2.5,102.5
1919534.0,22.277541,114.156015,22.5,112.5
5529644.0,24.379597,120.910775,22.5,122.5
2482515.0,32.097992,34.80883,32.5,32.5
10773198.0,10.774296,106.69435,12.5,107.5
5231198.0,35.658909,139.76112,37.5,137.5
5845375.0,1.31915,103.89167,2.5,102.5
2496467.0,11.079803,79.828217,12.5,77.5
7691806.0,12.311931,77.276921,12.5,77.5
2480876.0,12.782749,80.236628,12.5,82.5
2493623.0,4.84913,114.856347,2.5,112.5
3940982.0,23.754302,120.623034,22.5,122.5
2482515.0,56.881746,60.513633,57.5,62.5
2481713.0,25.084748,121.196012,27.5,122.5
2158544.0,12.509176,79.8358,12.5,77.5
2480863.0,24.104444,120.691389,22.5,122.5
2482499.0,11.891788,77.771567,12.5,77.5
9761484.0,56.700906,60.832891,57.5,62.5
2481800.0,1.281688,103.877155,2.5,102.5
5231198.0,24.801358,120.916536,22.5,122.5
7229062.0,23.555948,120.657704,22.5,122.5
6100944.0,35.993683,119.404716,37.5,117.5
2912772.0,1.342938,103.821113,2.5,102.5
2495093.0,51.926898,85.345564,52.5,87.5
2474377.0,31.442536,120.205378,32.5,122.5
5881946.0,5.413569,100.78179,7.5,102.5
2480905.0,12.804274,80.245152,12.5,82.5
8294007.0,39.883707,116.400332,37.5,117.5
1427734.0,13.545757,100.602878,12.5,102.5
2481728.0,42.289777,69.589423,42.5,67.5
7812410.0,1.388826,103.941365,2.5,102.5
2480437.0,13.712335,75.252464,12.5,77.5
2495681.0,25.030331,121.514893,27.5,122.5
2486150.0,32.184416,119.507536,32.5,117.5
2484605.0,53.690445,88.08003,52.5,87.5
4036385.0,24.246475,120.935363,22.5,122.5
2436538.0,27.209268,91.189951,27.5,92.5
9797180.0,25.022331,121.306229,27.5,122.5
3121258.0,33.500266,130.472109,32.5,132.5
2453368.0,6.423212,99.682853,7.5,97.5
2480876.0,24.985223,121.677679,22.5,122.5
2484710.0,1.365046,103.837744,2.5,102.5
5224321.0,12.910535,99.658302,12.5,97.5
2484526.0,14.437808,101.371763,12.5,102.5
8329645.0,32.772115,35.034427,32.5,37.5
6066512.0,11.818958,75.432428,12.5,77.5
2486121.0,22.325472,114.217367,22.5,112.5
6055063.0,23.558486,120.654465,22.5,122.5
3074251.0,3.142577,101.6316,2.5,102.5
1406421.0,12.869336,80.243512,12.5,82.5
2481047.0,35.034672,32.423479,37.5,32.5
2375731.0,1.446489,103.732365,2.5,102.5
5858758.0,40.866892,29.127494,42.5,27.5
2489362.0,12.88164,77.688845,12.5,77.5
5358748.0,25.074717,121.537942,27.5,122.5
7341881.0,20.044285,110.320346,22.5,112.5
8139414.0,34.872883,32.342,32.5,32.5
5410893.0,18.366014,73.75785,17.5,72.5
2495691.0,25.034086,121.520662,27.5,122.5
2493107.0,23.628588,120.798563,22.5,122.5
1924713.0,24.724217,93.835142,22.5,92.5
5415040.0,34.893147,32.345087,32.5,32.5
2435035.0,31.22539,121.45223,32.5,122.5
2470685.0,6.40212,99.859094,7.5,97.5
1323448.0,17.395891,78.354659,17.5,77.5
5230300.0,30.254034,120.123515,32.5,122.5
7340537.0,25.407243,81.846918,27.5,82.5
2498112.0,36.814395,126.282603,37.5,127.5
9616058.0,35.133502,135.991125,37.5,137.5
5523602.0,33.069068,35.115015,32.5,37.5
2486687.0,12.311931,77.276921,12.5,77.5
3058942.0,7.40698,80.255537,7.5,82.5
1017477.0,9.550337,123.75612,7.5,122.5
2470685.0,3.147267,101.695245,2.5,102.5
1918584.0,1.334624,103.817803,2.5,102.5
2168426.0,1.334624,103.817803,2.5,102.5
5420986.0,24.817144,120.91169,22.5,122.5
9761484.0,35.904581,139.697143,37.5,137.5
2437396.0,1.406803,103.790047,2.5,102.5
2481121.0,-7.311005,112.823343,-7.5,112.5
1918321.0,22.50426,114.390014,22.5,112.5
6065810.0,24.453017,54.605295,22.5,52.5
5302174.0,25.162339,121.707696,27.5,122.5
5189806.0,35.385945,136.670258,37.5,137.5
7316804.0,25.128581,121.519194,27.5,122.5
2480449.0,51.482824,80.31052,52.5,82.5
6100921.0,36.394635,127.410015,37.5,127.5
2479226.0,12.976945,77.596138,12.5,77.5
5211134.0,27.913528,34.349144,27.5,32.5
5231759.0,40.081354,116.044522,42.5,117.5
2440946.0,22.690698,120.99061,22.5,122.5
9797180.0,22.508724,114.113266,22.5,112.5
5361841.0,25.124507,121.750608,27.5,122.5
2475532.0,40.013544,116.37955,42.5,117.5
1926436.0,22.428875,114.180886,22.5,112.5
5226813.0,21.041522,105.85195,22.5,107.5
2930222.0,22.652357,120.260234,22.5,122.5
8406468.0,24.378808,120.910506,22.5,122.5
7642610.0,22.821512,58.002456,22.5,57.5
6100954.0,57.117502,65.574599,57.5,67.5
5231190.0,52.278305,85.431502,52.5,87.5
2496369.0,13.795095,101.675513,12.5,102.5
2480327.0,24.690754,120.937515,22.5,122.5
1404055.0,22.674834,113.84365,22.5,112.5
2493598.0,22.446361,114.038426,22.5,112.5
1311425.0,23.186944,113.364357,22.5,112.5
9705453.0,54.766379,83.079369,52.5,82.5
6101070.0,36.481942,138.5401,37.5,137.5
5232483.0,28.374088,119.983526,27.5,117.5
3190583.0,35.059425,32.325847,37.5,32.5
3033261.0,35.059425,32.326033,37.5,32.5
5615707.0,24.685745,121.126849,22.5,122.5
5130471.0,17.162112,102.697835,17.5,102.5
2480905.0,11.507453,77.234319,12.5,77.5
5724454.0,10.19752,118.901253,12.5,117.5
2436603.0,1.201093,103.952393,2.5,102.5
2422538.0,12.030347,93.000161,12.5,92.5
2480934.0,1.320859,103.769375,2.5,102.5
6101224.0,24.370366,92.169556,22.5,92.5
9761484.0,34.892925,32.341075,32.5,32.5
2479226.0,1.33974,103.728348,2.5,102.5
2497509.0,55.28537,82.410424,57.5,82.5
2482048.0,40.011684,116.315896,42.5,117.5
5229167.0,14.95128,100.515397,12.5,102.5
5228199.0,44.36298,38.537162,42.5,37.5
2925562.0,34.928597,32.915688,32.5,32.5
5387974.0,24.987011,121.32103,22.5,122.5
1702765.0,1.334624,103.817803,2.5,102.5
5231198.0,-7.265355,110.400603,-7.5,112.5
2480899.0,22.275848,114.295172,22.5,112.5
7852114.0,39.883928,116.414088,37.5,117.5
2453329.0,8.395228,80.625274,7.5,82.5
2495681.0,39.81353,116.241257,37.5,117.5
2435035.0,41.034552,29.027271,42.5,27.5
2435035.0,25.294375,51.539863,27.5,52.5
2437394.0,22.97275,120.22242,22.5,122.5
2423776.0,20.188285,79.323935,22.5,77.5
2498415.0,32.401283,34.935413,32.5,32.5
2496253.0,16.458688,102.809161,17.5,102.5
2484918.0,34.551677,112.476432,32.5,112.5
4408790.0,52.524116,85.163803,52.5,87.5
5724493.0,25.018073,121.999128,27.5,122.5
2925303.0,12.820713,77.826347,12.5,77.5
9616058.0,14.382887,101.386588,12.5,102.5
5231910.0,12.918313,77.680097,12.5,77.5
4175715.0,25.156165,121.707305,27.5,122.5
5571945.0,25.091181,121.582755,27.5,122.5
6411486.0,21.937729,120.799828,22.5,122.5
5229410.0,1.289467,103.876047,2.5,102.5
2478548.0,56.016171,69.486333,57.5,67.5
6100882.0,15.722331,73.978645,17.5,72.5
2480880.0,1.27823,103.867467,2.5,102.5
2498261.0,44.478339,38.049897,42.5,37.5
1808236.0,13.144027,100.965228,12.5,102.5
2481792.0,19.015496,73.006286,17.5,72.5
2498255.0,34.387735,133.093572,32.5,132.5
2433686.0,1.218789,103.615816,2.5,102.5
2433686.0,1.328665,103.704054,2.5,102.5
1341974.0,1.320859,103.769375,2.5,102.5
9273219.0,12.819702,77.548591,12.5,77.5
10747025.0,13.736153,100.473746,12.5,102.5
5229171.0,14.950847,100.515113,12.5,102.5
5231198.0,56.016171,69.486333,57.5,67.5
5171294.0,22.427098,114.183017,22.5,112.5
2435035.0,24.111409,120.493417,22.5,122.5
2491522.0,31.076343,121.176621,32.5,122.5
2480433.0,23.604253,120.547131,22.5,122.5
2491582.0,36.832283,126.278982,37.5,127.5
1908953.0,1.334624,103.817803,2.5,102.5
4258273.0,23.53857,120.688526,22.5,122.5
9797180.0,35.752573,139.891596,37.5,137.5
5855755.0,1.296963,103.90372,2.5,102.5
7746205.0,1.399853,103.806938,2.5,102.5
9515886.0,16.320483,81.736253,17.5,82.5
5231333.0,19.260592,72.850511,17.5,72.5
2486813.0,19.821245,99.158651,17.5,97.5
2480907.0,23.294369,113.7208,22.5,112.5
5340387.0,24.601059,121.851929,22.5,122.5
5229167.0,35.02987,135.771713,37.5,137.5
1428590.0,1.334624,103.817803,2.5,102.5
10612471.0,22.425477,113.34789,22.5,112.5
4170901.0,34.928703,32.91608,32.5,32.5
2486131.0,27.0319,75.889072,27.5,77.5
2482492.0,53.769428,84.881723,52.5,82.5
10095118.0,44.686168,37.800246,42.5,37.5
2436603.0,11.550434,107.401587,12.5,107.5
5409107.0,23.06011,120.729964,22.5,122.5
4293587.0,35.767614,139.834079,37.5,137.5
5229167.0,24.803972,67.032867,22.5,67.5
6100882.0,1.364018,103.776397,2.5,102.5
5230300.0,22.698552,120.309896,22.5,122.5
6101068.0,37.325272,127.074495,37.5,127.5
4647366.0,29.988908,122.007031,27.5,122.5
5228199.0,40.013488,116.380277,42.5,117.5
2493071.0,1.446766,103.731763,2.5,102.5
4708995.0,17.540961,83.044047,17.5,82.5
9752149.0,34.892913,32.342005,32.5,32.5
5228417.0,1.446739,103.724064,2.5,102.5
2492428.0,17.367557,78.36038,17.5,77.5
2817669.0,22.206872,120.889708,22.5,122.5
4486330.0,31.775501,35.19188,32.5,37.5
9500699.0,40.028314,116.379689,42.5,117.5
7270571.0,23.53851,120.688328,22.5,122.5
9705453.0,56.922986,60.689368,57.5,62.5
9409796.0,56.032957,92.944042,57.5,92.5
3056259.0,-6.286354,106.700429,-7.5,107.5
2475679.0,12.804274,80.245152,12.5,82.5
7705930.0,19.162942,72.892053,17.5,72.5
2394208.0,1.293857,103.896712,2.5,102.5
5229167.0,35.638669,139.864922,37.5,137.5
2495486.0,12.660513,101.259948,12.5,102.5
1913105.0,18.786655,110.535667,17.5,112.5
9705453.0,56.583422,84.941077,57.5,82.5
6092830.0,36.623855,138.59648,37.5,137.5
2495486.0,1.324188,103.754984,2.5,102.5
2486132.0,35.711009,51.407381,37.5,52.5
2491522.0,24.435583,118.387663,22.5,117.5
6101116.0,20.01858,99.135684,22.5,97.5
5846290.0,22.864649,72.061976,22.5,72.5
1428792.0,22.861165,72.058217,22.5,72.5
2985940.0,25.016047,121.539116,27.5,122.5
6411486.0,13.207751,74.678862,12.5,72.5
5232005.0,22.509971,114.112188,22.5,112.5
2488999.0,3.331381,113.129887,2.5,112.5
8032257.0,35.626485,139.425988,37.5,137.5
2470685.0,1.320859,103.769375,2.5,102.5
2651567.0,24.377153,120.910844,22.5,122.5
1313177.0,25.427628,81.843486,27.5,82.5
9797180.0,12.874312,79.372389,12.5,77.5
5859295.0,13.704602,120.878389,12.5,122.5
5228328.0,7.968617,80.768731,7.5,82.5
2149111.0,11.585075,75.761553,12.5,77.5
5231190.0,54.737849,83.054693,52.5,82.5
5229167.0,19.140178,72.959069,17.5,72.5
5212089.0,8.722843,123.413468,7.5,122.5
7262408.0,21.98702,120.715683,22.5,122.5
2480437.0,8.395228,80.625274,7.5,82.5
7690055.0,56.734679,60.763507,57.5,62.5
2490669.0,44.687523,37.79837,42.5,37.5
1926436.0,5.413955,100.782339,7.5,102.5
2498255.0,24.473821,118.311833,22.5,117.5
1423134.0,1.339467,103.821441,2.5,102.5
4038945.0,23.538498,120.688461,22.5,122.5
2498061.0,36.54983,116.823623,37.5,117.5
10598340.0,30.653538,104.124825,32.5,102.5
2481938.0,12.717904,80.212587,12.5,82.5
2498415.0,39.813395,116.241513,37.5,117.5
5858158.0,25.018198,121.999153,27.5,122.5
2475532.0,14.095168,101.271226,12.5,102.5
2493071.0,14.717676,120.935783,12.5,122.5
8214667.0,25.126904,121.23683,27.5,122.5
6101068.0,34.723098,135.713318,32.5,137.5
1707497.0,1.44491,103.72583,2.5,102.5
2495414.0,53.690569,88.080054,52.5,87.5
2482499.0,28.592276,77.248769,27.5,77.5
2491719.0,55.28333,82.309204,57.5,82.5
7346444.0,12.867451,79.278236,12.5,77.5
9480191.0,35.656034,139.443511,37.5,137.5
2495681.0,25.097933,121.453946,27.5,122.5
5229038.0,1.271131,103.65694,2.5,102.5
11208838.0,25.131033,121.505072,27.5,122.5
5229410.0,21.531662,76.735081,22.5,77.5
3054385.0,25.131042,121.516189,27.5,122.5
2498180.0,21.336842,76.506083,22.5,77.5
10942408.0,22.420458,114.239225,22.5,112.5
2379874.0,27.913135,34.349029,27.5,32.5
3036888.0,25.154862,121.711215,27.5,122.5
4079429.0,16.396555,120.610406,17.5,122.5
1341979.0,1.319423,103.750388,2.5,102.5
10375403.0,5.948,80.456663,7.5,82.5
1910628.0,17.491365,78.302747,17.5,77.5
8234521.0,25.16157,121.705985,27.5,122.5
2486121.0,-6.956007,110.44683,-7.5,112.5
5788731.0,5.552856,100.70267,7.5,102.5
2473663.0,51.617833,83.977439,52.5,82.5
2487866.0,53.736823,87.170922,52.5,87.5
2494543.0,56.468355,84.981267,57.5,82.5
2480934.0,12.874312,79.372389,12.5,77.5
2367280.0,39.819386,116.235231,37.5,117.5
10704098.0,31.550971,120.488829,32.5,122.5
1429243.0,1.339467,103.821441,2.5,102.5
11204069.0,15.900947,108.335725,17.5,107.5
2495414.0,37.508592,127.099913,37.5,127.5
2928774.0,29.939083,118.00948,27.5,117.5
7542437.0,34.338136,131.204596,32.5,132.5
1927043.0,22.426388,114.09773,22.5,112.5
5229493.0,57.37817,65.00735,57.5,67.5
9537238.0,25.012353,121.321037,27.5,122.5
5231630.0,55.025129,73.587732,57.5,72.5
2487871.0,55.159214,61.358867,57.5,62.5
9752617.0,19.127438,108.654342,17.5,107.5
2454880.0,27.259891,76.461045,27.5,77.5
2468614.0,-7.579112,110.768077,-7.5,112.5
5228199.0,25.0824,121.201595,27.5,122.5
5232005.0,26.96174,94.627937,27.5,92.5
2475452.0,3.053018,101.675003,2.5,102.5
5387974.0,25.161678,121.705374,27.5,122.5
9752617.0,25.084489,121.581414,27.5,122.5
2168408.0,1.319423,103.750388,2.5,102.5
2480487.0,39.043231,32.12908,37.5,32.5
2480934.0,12.782749,80.236628,12.5,82.5
11535847.0,13.547886,100.599847,12.5,102.5
2457717.0,1.444216,103.725642,2.5,102.5
1323448.0,17.396023,78.354562,17.5,77.5
2481748.0,25.093417,121.184588,27.5,122.5
2651816.0,25.124924,121.750466,27.5,122.5
5332927.0,24.195287,121.018547,22.5,122.5
2435035.0,31.236788,121.55604,32.5,122.5
2490310.0,28.3712,119.81772,27.5,117.5
5228328.0,12.311931,77.276921,12.5,77.5
5130476.0,1.334624,103.817803,2.5,102.5
2497509.0,57.798761,61.42557,57.5,62.5
2481938.0,14.096862,101.272893,12.5,102.5
9465111.0,23.290914,113.718341,22.5,112.5
2436603.0,3.109832,101.707764,2.5,102.5
2383313.0,4.069651,72.947031,2.5,72.5
2492752.0,30.469556,73.481667,32.5,72.5
10333787.0,4.678119,101.081583,2.5,102.5
2436603.0,3.081428,101.756378,2.5,102.5
2490740.0,39.925761,116.398032,37.5,117.5
5361930.0,24.888861,121.278866,22.5,122.5
3624820.0,25.2212,121.642247,27.5,122.5
2470685.0,9.14757,98.60783,7.5,97.5
5294455.0,24.375113,120.815972,22.5,122.5
2480726.0,24.324918,120.543701,22.5,122.5
2476012.0,15.677341,74.102419,17.5,72.5
2477872.0,54.837434,83.093913,52.5,82.5
1895499.0,1.427928,103.839939,2.5,102.5
2473421.0,56.595721,84.802754,57.5,82.5
2497135.0,6.995994,80.414394,7.5,82.5
11047823.0,25.133789,121.510589,27.5,122.5
2494998.0,31.001308,104.222383,32.5,102.5
2482515.0,38.418856,27.138692,37.5,27.5
5229132.0,30.360587,77.612801,32.5,77.5
5226018.0,8.526175,77.287429,7.5,77.5
6101224.0,-6.175392,106.827153,-7.5,107.5
11281172.0,27.874028,117.85488,27.5,117.5
2480863.0,15.440801,73.946371,17.5,72.5
2928531.0,23.827897,120.800745,22.5,122.5
9300456.0,35.404561,139.375984,37.5,137.5
2492680.0,30.646587,104.181463,32.5,102.5
8332393.0,35.918929,139.828891,37.5,137.5
2481719.0,19.015496,73.006286,17.5,72.5
2149510.0,-8.34541,115.316088,-7.5,117.5
2479226.0,1.28453,103.880725,2.5,102.5
2477968.0,56.016024,69.483377,57.5,67.5
5846272.0,15.72232,73.97866,17.5,72.5
2174173.0,10.774409,106.694627,12.5,107.5
6065824.0,44.564707,38.075874,42.5,37.5
7340855.0,23.209978,77.440313,22.5,77.5
2492428.0,23.144908,80.044753,22.5,82.5
9273219.0,22.509062,114.114332,22.5,112.5
1924390.0,22.649925,120.606163,22.5,122.5
5231198.0,22.502213,113.944427,22.5,112.5
5231438.0,40.015671,116.400208,42.5,117.5
5816059.0,13.020172,101.446372,12.5,102.5
9273219.0,20.043406,110.320269,22.5,112.5
2480905.0,25.407119,81.847236,27.5,82.5
1577153.0,26.371437,127.744183,27.5,127.5
8094240.0,23.369858,58.842983,22.5,57.5
2495414.0,18.756959,99.015592,17.5,97.5
2490774.0,43.183565,76.885895,42.5,77.5
9797180.0,37.568725,126.983467,37.5,127.5
2430499.0,18.78147,108.945235,17.5,107.5
2480482.0,12.331572,80.014708,12.5,82.5
5218972.0,22.778435,113.95902,22.5,112.5
11047823.0,23.060073,120.730404,22.5,122.5
10598340.0,34.299195,108.957288,32.5,107.5
2495414.0,25.407238,81.846921,27.5,82.5
2481713.0,22.508157,114.113375,22.5,112.5
3748733.0,39.864264,116.072886,37.5,117.5
1318163.0,10.19243,76.292022,12.5,77.5
5229490.0,55.032497,82.92382,57.5,82.5
9705453.0,56.952373,72.640562,57.5,72.5
2435035.0,31.242604,121.459655,32.5,122.5
9752617.0,12.717904,80.212587,12.5,82.5
2498260.0,30.925189,117.911175,32.5,117.5
10963770.0,13.811523,100.551077,12.5,102.5
5130476.0,1.298928,103.864269,2.5,102.5
2468614.0,-7.57947,110.770004,-7.5,112.5
2498015.0,34.680263,112.486119,32.5,112.5
3084923.0,34.550909,112.476314,32.5,112.5
1904996.0,1.319423,103.750388,2.5,102.5
2491472.0,40.376422,115.427308,42.5,117.5
7475883.0,25.018073,121.999128,27.5,122.5
2487879.0,56.777552,60.69095,57.5,62.5
7308161.0,25.161676,121.705924,27.5,122.5
7342005.0,22.409324,114.104524,22.5,112.5
5229493.0,56.487167,60.807663,57.5,62.5
2491534.0,53.25464,80.71209,52.5,82.5
2406721.0,27.846835,34.314368,27.5,32.5
2489160.0,22.832273,72.052914,22.5,72.5
2932040.0,24.753423,121.757276,22.5,122.5
1016841.0,10.041275,76.322944,12.5,77.5
3033261.0,34.775355,32.405892,32.5,32.5
2495817.0,3.142817,101.683658,2.5,102.5
2480389.0,41.506651,44.497888,42.5,42.5
2436610.0,27.397486,91.063412,27.5,92.5
2487866.0,55.04312,61.345293,57.5,62.5
5228328.0,17.455961,78.360017,17.5,77.5
2487866.0,51.93925,85.295209,52.5,87.5
5228679.0,22.692385,120.30555,22.5,122.5
2434708.0,11.459146,107.345492,12.5,107.5
9705453.0,43.107567,76.938657,42.5,77.5
5217163.0,24.87092,121.810783,22.5,122.5
2498061.0,35.947208,139.54053,37.5,137.5
2494543.0,56.952523,72.640528,57.5,72.5
3066321.0,17.421877,78.549208,17.5,77.5
1700958.0,1.334624,103.817803,2.5,102.5
9523325.0,19.260592,72.850511,17.5,72.5
1314699.0,10.041281,76.322967,12.5,77.5
2484677.0,12.808877,99.501888,12.5,97.5
2484605.0,57.91455,59.946364,57.5,57.5
5231342.0,15.809248,74.15748,17.5,72.5
5398421.0,22.733423,120.377639,22.5,122.5
2495840.0,22.651775,120.350829,22.5,122.5
5137861.0,12.027968,93.00163,12.5,92.5
7516558.0,34.555543,112.476974,32.5,112.5
1311425.0,22.387762,114.154897,22.5,112.5
2490283.0,22.507742,114.111123,22.5,112.5
9687165.0,35.647826,139.439419,37.5,137.5
2480876.0,1.320859,103.769375,2.5,102.5
2441056.0,19.163917,72.882128,17.5,72.5
2490277.0,12.819435,77.550318,12.5,77.5
7289120.0,24.951312,121.53522,22.5,122.5
2495093.0,53.761516,87.111943,52.5,87.5
2470685.0,1.350235,103.831178,2.5,102.5
2486123.0,13.817233,100.075381,12.5,102.5
5571825.0,25.157134,121.705781,27.5,122.5
9705453.0,61.024223,69.045876,62.5,67.5
2480863.0,24.802059,120.97827,22.5,122.5
2480876.0,35.979,119.404053,37.5,117.5
5396557.0,23.185848,121.021328,22.5,122.5
2149490.0,23.594328,120.595058,22.5,122.5
5225137.0,25.216208,55.449805,27.5,57.5
2474732.0,25.031078,121.5348,27.5,122.5
9687165.0,25.407104,81.84721,27.5,82.5
2489005.0,6.313688,99.852762,7.5,97.5
1320471.0,10.043828,76.326003,12.5,77.5
1405973.0,35.155007,139.084265,37.5,137.5
9789581.0,31.722756,35.111953,32.5,37.5
2482048.0,1.278152,103.864359,2.5,102.5
1429215.0,1.424297,103.838591,2.5,102.5
9705453.0,53.348521,83.535995,52.5,82.5
2498415.0,18.661927,72.865929,17.5,72.5
2684640.0,34.893683,32.342005,32.5,32.5
5228328.0,22.133081,73.413782,22.5,72.5
2475410.0,22.133081,73.413782,22.5,72.5
2735117.0,12.313767,79.717833,12.5,77.5
2498112.0,35.076204,135.936694,37.5,137.5
2443002.0,23.74626,112.986155,22.5,112.5
11208838.0,24.368728,120.914147,22.5,122.5
2494686.0,55.971246,92.742168,57.5,92.5
1898286.0,36.967687,26.960317,37.5,27.5
2497509.0,55.287025,82.67495,57.5,82.5
2498112.0,24.811468,120.910324,22.5,122.5
2494441.0,36.551109,116.824631,37.5,117.5
5844385.0,36.683961,127.449513,37.5,127.5
2492462.0,42.372265,69.620723,42.5,67.5
9362027.0,44.688999,37.797461,42.5,37.5
5172263.0,1.334624,103.817803,2.5,102.5
9273219.0,18.853588,73.878447,17.5,72.5
1423286.0,1.424297,103.838591,2.5,102.5
2454880.0,17.431367,78.390914,17.5,77.5
4047496.0,24.374994,120.912614,22.5,122.5
4196858.0,22.070007,120.837167,22.5,122.5
2482487.0,18.795067,72.925728,17.5,72.5
2990475.0,24.841663,121.776567,22.5,122.5
2470685.0,11.822415,93.061289,12.5,92.5
1938088.0,19.344983,83.783175,17.5,82.5
1911736.0,22.299254,113.941484,22.5,112.5
1927034.0,22.252538,113.9764,22.5,112.5
9797180.0,1.357841,103.849473,2.5,102.5
2436603.0,9.786817,124.103948,7.5,122.5
5928149.0,24.95007,121.533387,22.5,122.5
2436613.0,6.896367,81.158869,7.5,82.5
2057451.0,1.334624,103.817803,2.5,102.5
2481800.0,25.127398,121.487623,27.5,122.5
6055063.0,23.558507,120.654477,22.5,122.5
7141664.0,40.079884,116.043982,42.5,117.5
2482054.0,30.57355,114.334587,32.5,112.5
5130521.0,7.042167,100.505028,7.5,102.5
1900093.0,1.334624,103.817803,2.5,102.5
5231198.0,36.886493,126.271072,37.5,127.5
5171241.0,19.260592,72.850511,17.5,72.5
5040552.0,1.334624,103.817803,2.5,102.5
7642610.0,12.717904,80.212587,12.5,82.5
3025626.0,27.852001,86.784234,27.5,87.5
5401760.0,24.239213,120.911012,22.5,122.5
2443002.0,22.972772,120.22203,22.5,122.5
2482048.0,36.79061,127.142515,37.5,127.5
8000602.0,35.013443,135.676551,37.5,137.5
1922285.0,12.931101,80.168266,12.5,82.5
2443729.0,5.900086,116.375154,7.5,117.5
2481800.0,-7.310769,112.823306,-7.5,112.5
5231630.0,56.597646,84.801988,57.5,82.5
2480778.0,21.531662,76.735081,22.5,77.5
9539561.0,1.445877,103.729055,2.5,102.5
2474481.0,1.310989,103.81525,2.5,102.5
2853283.0,34.777225,32.40363,32.5,32.5
9178169.0,35.634747,139.459179,37.5,137.5
7287475.0,25.049437,121.419387,27.5,122.5
2490244.0,36.550255,116.824518,37.5,117.5
9616058.0,24.08741,89.070287,22.5,87.5
2650725.0,24.990837,121.543708,22.5,122.5
2436615.0,22.688903,120.991242,22.5,122.5
2477968.0,53.76729,84.882247,52.5,82.5
1907687.0,1.334624,103.817803,2.5,102.5
2498404.0,1.277922,103.866571,2.5,102.5
8211070.0,54.772666,83.076536,52.5,82.5
2480805.0,22.425699,114.18678,22.5,112.5
2474942.0,35.068465,127.819569,37.5,127.5
6100962.0,40.013544,116.37955,42.5,117.5
4257845.0,23.557073,120.656146,22.5,122.5
2460886.0,7.041258,100.50608,7.5,102.5
9328654.0,3.905373,73.479499,2.5,72.5
5036294.0,1.334624,103.817803,2.5,102.5
5137849.0,1.334624,103.817803,2.5,102.5
2498285.0,39.837038,116.220557,37.5,117.5
2385336.0,27.847398,34.314432,27.5,32.5
2761715.0,5.462949,100.22933,7.5,102.5
1405951.0,24.404003,123.804405,22.5,122.5
2477872.0,55.200113,61.302539,57.5,62.5
5228199.0,32.162058,114.132453,32.5,112.5
3037063.0,23.566304,120.605153,22.5,122.5
2441016.0,27.390059,90.483604,27.5,92.5
2495414.0,56.90018,60.648031,57.5,62.5
2492428.0,18.376903,73.75367,17.5,72.5
5789082.0,12.874312,79.372389,12.5,77.5
9701857.0,11.891788,77.771567,12.5,77.5
8123917.0,12.560781,92.932591,12.5,92.5
1427783.0,1.339467,103.821441,2.5,102.5
9916153.0,1.334624,103.817803,2.5,102.5
2650128.0,33.118215,35.172987,32.5,37.5
11113273.0,25.171969,121.584631,27.5,122.5
1932166.0,10.950633,76.806358,12.5,77.5
1919534.0,22.283,114.138231,22.5,112.5
3120946.0,52.548222,85.229125,52.5,87.5
1944521.0,-7.680755,110.354215,-7.5,112.5
8326713.0,24.14235,121.284347,22.5,122.5
11493028.0,7.95545,98.579139,7.5,97.5
2475532.0,19.016591,73.00594,17.5,72.5
2484632.0,1.36741,103.829355,2.5,102.5
3074251.0,25.002122,121.456572,27.5,122.5
5229490.0,51.419871,85.979736,52.5,87.5
2965095.0,31.933448,34.785003,32.5,32.5
2435035.0,41.70371,44.802907,42.5,42.5
7307492.0,55.497857,60.204804,57.5,62.5
5806167.0,22.520642,114.378569,22.5,112.5
3579089.0,8.77946,76.674678,7.5,77.5
2782282.0,23.62722,120.718554,22.5,122.5
6100954.0,55.188681,61.286677,57.5,62.5
1933679.0,18.481843,73.810617,17.5,72.5
2480904.0,-6.184168,107.172691,-7.5,107.5
5229131.0,30.469556,73.481667,32.5,72.5
2479226.0,23.030242,72.57593,22.5,72.5
6101070.0,34.723077,135.713318,32.5,137.5
9797180.0,3.634722,72.953527,2.5,72.5
2492752.0,12.982146,77.669404,12.5,77.5
8315348.0,25.160357,121.706961,27.5,122.5
2478548.0,53.691998,88.078363,52.5,87.5
1428577.0,-7.027637,110.328385,-7.5,112.5
7618590.0,24.16342,120.77942,22.5,122.5
6101223.0,27.910042,34.321083,27.5,32.5
2482081.0,11.687405,78.180668,12.5,77.5
2482515.0,56.836344,60.674186,57.5,62.5
5231198.0,35.987762,119.404091,37.5,117.5
2495696.0,26.925794,75.823671,27.5,77.5
7300505.0,24.379711,120.911439,22.5,122.5
2481728.0,34.450447,133.016386,32.5,132.5
6101015.0,35.455888,139.37894,37.5,137.5
3086527.0,1.316267,103.609538,2.5,102.5
2484701.0,3.710261,101.740088,2.5,102.5
5569978.0,25.155426,121.709764,27.5,122.5
9125207.0,1.319423,103.750388,2.5,102.5
2487866.0,51.866705,85.307353,52.5,87.5
1901399.0,22.264481,113.931046,22.5,112.5
9705453.0,51.409228,85.998305,52.5,87.5
5395835.0,24.843681,121.735098,22.5,122.5
5415375.0,1.348706,103.963036,2.5,102.5
3172296.0,37.662127,127.021152,37.5,127.5
8332393.0,35.655872,139.443825,37.5,137.5
4352332.0,32.440058,35.551472,32.5,37.5
2494422.0,43.189388,76.88577,42.5,77.5
1427185.0,1.355153,103.797202,2.5,102.5
5228199.0,36.605189,117.177803,37.5,117.5
1405973.0,27.87393,117.854722,27.5,117.5
2474377.0,30.643695,104.187637,32.5,102.5
2495730.0,1.354781,103.77634,2.5,102.5
1928915.0,9.031683,76.895694,7.5,77.5
9178169.0,35.781643,139.421832,37.5,137.5
2482048.0,35.94907,139.822007,37.5,137.5
2870583.0,12.874312,79.372389,12.5,77.5
8134528.0,35.64191,139.429818,37.5,137.5
3152634.0,16.061704,120.673134,17.5,122.5
2487879.0,56.797797,60.774632,57.5,62.5
6100954.0,52.297415,85.399493,52.5,87.5
5336857.0,22.865044,120.660339,22.5,122.5
2874852.0,17.386973,73.528168,17.5,72.5
1926593.0,22.380295,113.958781,22.5,112.5
5220127.0,52.391651,85.33155,52.5,87.5
9752617.0,32.452159,35.554473,32.5,37.5
10332233.0,-7.310773,112.82331,-7.5,112.5
1919340.0,1.427928,103.839939,2.5,102.5
2494329.0,51.937199,85.322831,52.5,87.5
9362027.0,21.336842,76.506083,22.5,77.5
2436603.0,5.449849,100.229291,7.5,102.5
2426861.0,18.713258,108.950097,17.5,107.5
2753371.0,25.16535,121.704913,27.5,122.5
5230300.0,31.420114,76.733022,32.5,77.5
8418338.0,22.337448,114.266798,22.5,112.5
5844992.0,40.0163,116.378195,42.5,117.5
3103082.0,25.609097,85.014328,27.5,87.5
9705453.0,56.851957,60.682786,57.5,62.5
5395928.0,22.87324,120.648483,22.5,122.5
2494543.0,61.024334,69.045403,62.5,67.5
2486150.0,23.184263,113.358627,22.5,112.5
5275396.0,23.559827,120.652798,22.5,122.5
2477968.0,40.011631,116.391836,42.5,117.5
2437396.0,1.440632,103.736297,2.5,102.5
3169830.0,-7.026744,110.543555,-7.5,112.5
2422538.0,22.548478,113.90681,22.5,112.5
2480905.0,7.290147,80.64222,7.5,82.5
2489008.0,17.521052,103.805031,17.5,102.5
1922244.0,1.319423,103.750388,2.5,102.5
7300490.0,25.15954,121.707652,27.5,122.5
2486789.0,22.409324,114.104524,22.5,112.5
10757240.0,25.050454,121.468465,27.5,122.5
8641010.0,19.51638,73.907507,17.5,72.5
2498112.0,21.336842,76.506083,22.5,77.5
2494543.0,57.915084,59.966759,57.5,57.5
2492822.0,-6.184573,107.168457,-7.5,107.5
2440656.0,12.21926,100.041975,12.5,102.5
2492634.0,22.828903,72.056429,22.5,72.5
2495471.0,39.180635,32.026998,37.5,32.5
6100921.0,30.292954,113.86341,32.5,112.5
1938088.0,1.294925,103.778892,2.5,102.5
2437399.0,14.552877,121.125706,12.5,122.5
2492758.0,8.395116,80.624814,7.5,82.5
2474377.0,21.531662,76.735081,22.5,77.5
4596863.0,22.339781,120.370743,22.5,122.5
4068797.0,22.766164,120.695421,22.5,122.5
5209095.0,27.913819,34.349229,27.5,32.5
3924727.0,22.011852,120.851632,22.5,122.5
2477927.0,53.368117,83.720978,52.5,82.5
2755618.0,25.131328,121.5158,27.5,122.5
2490737.0,54.770103,83.075314,52.5,82.5
9761484.0,56.708671,60.833803,57.5,62.5
2481819.0,36.785059,117.981726,37.5,117.5
2494022.0,22.826563,72.106315,22.5,72.5
9602021.0,6.849638,79.925764,7.5,77.5
2733994.0,24.769879,121.161026,22.5,122.5
5228328.0,17.430041,78.389459,17.5,77.5
1922244.0,1.334624,103.817803,2.5,102.5
2498261.0,24.545436,117.998069,22.5,117.5
1910629.0,20.164903,85.612809,22.5,87.5
3076230.0,25.073214,121.589988,27.5,122.5
6100954.0,56.722419,60.775352,57.5,62.5
5231438.0,40.013544,116.37955,42.5,117.5
5229171.0,18.653065,99.13903,17.5,97.5
2495093.0,57.907812,59.943859,57.5,57.5
6101070.0,36.624405,138.596863,37.5,137.5
2891031.0,32.305743,34.875091,32.5,32.5
5789552.0,34.7589,32.413883,32.5,32.5
3044318.0,35.936344,119.602676,37.5,117.5
2457853.0,12.493589,77.677606,12.5,77.5
4286960.0,35.227256,136.77314,37.5,137.5
2481719.0,12.329965,80.017507,12.5,82.5
5229490.0,54.962403,73.354159,52.5,72.5
5222509.0,14.37511,103.046195,12.5,102.5
2480567.0,36.689299,127.44553,37.5,127.5
2436612.0,11.418587,76.712242,12.5,77.5
2273656.0,10.065247,99.84063,12.5,97.5
2498326.0,35.842121,126.691989,37.5,127.5
5141212.0,1.334624,103.817803,2.5,102.5
2470685.0,13.67031,101.221497,12.5,102.5
2480637.0,55.492841,60.202533,57.5,62.5
9761484.0,30.64297,104.185355,32.5,102.5
6065809.0,9.13327,76.463428,7.5,77.5
2492846.0,1.277627,103.864357,2.5,102.5
2494543.0,53.690956,88.080761,52.5,87.5
2482613.0,60.17421,59.946791,62.5,57.5
9761484.0,35.896852,140.50778,37.5,142.5
5219461.0,12.643096,99.5037,12.5,97.5
2367761.0,18.792117,108.808525,17.5,107.5
9715040.0,5.157853,100.546937,7.5,102.5
2484916.0,56.851957,60.682786,57.5,62.5
4099273.0,24.247008,120.93508,22.5,122.5
5738747.0,25.165781,121.41378,27.5,122.5
7341881.0,34.202268,117.13649,32.5,117.5
2434271.0,-7.310932,112.823272,-7.5,112.5
1932273.0,1.427928,103.839939,2.5,102.5
1931656.0,8.395218,80.625289,7.5,82.5
2494543.0,56.648372,66.435439,57.5,67.5
2481784.0,16.351469,120.340529,17.5,122.5
5845582.0,43.411151,39.939584,42.5,37.5
5141187.0,13.025052,80.224777,12.5,82.5
5033252.0,18.749828,108.927481,17.5,107.5
2443244.0,22.989905,120.204072,22.5,122.5
2493598.0,-7.310972,112.823328,-7.5,112.5
5806167.0,8.395218,80.625289,7.5,82.5
2477968.0,56.648708,66.433628,57.5,67.5
2765942.0,6.896458,79.926033,7.5,77.5
5166341.0,11.627861,92.751983,12.5,92.5
8108495.0,25.133736,121.510056,27.5,122.5
5231223.0,31.218696,121.550469,32.5,122.5
2488999.0,1.316396,103.81687,2.5,102.5
2486121.0,-6.147943,106.835026,-7.5,107.5
1317388.0,10.220095,76.201276,12.5,77.5
6101070.0,31.213795,121.545934,32.5,122.5
2403157.0,22.339781,120.370743,22.5,122.5
2494441.0,44.503228,38.124755,42.5,37.5
2365787.0,35.385945,136.670258,37.5,137.5
3033977.0,22.765206,120.701997,22.5,122.5
2492509.0,30.254034,120.123515,32.5,122.5
5137861.0,17.684941,83.199113,17.5,82.5
5141212.0,1.367961,103.752996,2.5,102.5
2487866.0,57.918806,60.16433,57.5,62.5
9687165.0,34.760008,135.350932,32.5,137.5
2474575.0,16.208418,120.368067,17.5,122.5
2481746.0,-7.311012,112.82325,-7.5,112.5
5384467.0,35.936333,119.602531,37.5,117.5
5816059.0,11.149937,119.401716,12.5,117.5
5286309.0,22.58278,114.004458,22.5,112.5
5228199.0,30.286711,77.973576,32.5,77.5
3069969.0,31.742917,35.165503,32.5,37.5
3087725.0,24.757983,121.041613,22.5,122.5
2495696.0,28.552188,77.25221,27.5,77.5
2225629.0,35.023997,128.608833,37.5,127.5
1428725.0,22.897358,120.677,22.5,122.5
2493515.0,40.197928,116.314361,42.5,117.5
5228280.0,5.407185,103.08832,7.5,102.5
9705453.0,61.024334,69.045403,62.5,67.5
2856297.0,35.634503,139.436029,37.5,137.5
2481890.0,37.509385,127.099678,37.5,127.5
7553311.0,23.538535,120.688357,22.5,122.5
9797180.0,40.017839,116.390389,42.5,117.5
1427783.0,1.334624,103.817803,2.5,102.5
2491544.0,22.507824,114.111878,22.5,112.5
2487603.0,56.918971,60.683311,57.5,62.5
2480331.0,-6.10363,106.761728,-7.5,107.5
2433686.0,1.337588,103.836707,2.5,102.5
5131339.0,1.334624,103.817803,2.5,102.5
11628147.0,11.950079,108.456526,12.5,107.5
9797180.0,14.081986,101.259626,12.5,102.5
5358748.0,25.017355,121.520123,27.5,122.5
3189627.0,25.158984,121.705239,27.5,122.5
2487866.0,56.583408,84.941035,57.5,82.5
2480437.0,1.324188,103.754984,2.5,102.5
3087725.0,22.867494,120.658193,22.5,122.5
3033261.0,33.273872,35.584587,32.5,37.5
7342055.0,35.657922,139.748642,37.5,137.5
1927034.0,22.380295,113.958781,22.5,112.5
5141187.0,19.267938,72.971154,17.5,72.5
2477872.0,56.915234,60.66185,57.5,62.5
9705453.0,56.104087,69.456875,57.5,67.5
4708995.0,22.876965,72.059228,22.5,72.5
1936969.0,31.895419,34.976982,32.5,32.5
1932607.0,12.931101,80.168266,12.5,82.5
5793241.0,18.112498,74.091894,17.5,72.5
2169064.0,13.790828,100.550313,12.5,102.5
1895499.0,16.069725,108.218087,17.5,107.5
2480876.0,-7.310746,112.82338,-7.5,112.5
5137926.0,1.427928,103.839939,2.5,102.5
5230728.0,18.585112,98.513204,17.5,97.5
2492846.0,23.149445,120.328143,22.5,122.5
7346301.0,22.457775,114.18282,22.5,112.5
9752617.0,22.284353,114.186897,22.5,112.5
7999386.0,22.614981,120.263721,22.5,122.5
2925756.0,55.493996,60.207232,57.5,62.5
5229045.0,1.483401,103.766188,2.5,102.5
2492758.0,22.692583,120.308976,22.5,122.5
2475532.0,24.148189,89.056965,22.5,87.5
5859690.0,1.227241,103.75095,2.5,102.5
7585482.0,1.427928,103.839939,2.5,102.5
3080882.0,25.131114,121.507539,27.5,122.5
7642610.0,25.360304,60.62249,27.5,62.5
2498261.0,21.531662,76.735081,22.5,77.5
5217231.0,18.7433,108.848381,17.5,107.5
2494543.0,56.015679,69.4798,57.5,67.5
5033557.0,8.748978,98.255006,7.5,97.5
2378704.0,27.913595,34.349369,27.5,32.5
2482065.0,35.670783,139.958099,37.5,137.5
1427734.0,1.335483,103.732151,2.5,102.5
5787518.0,7.520085,79.817855,7.5,77.5
5228328.0,22.702328,71.676322,22.5,72.5
1895667.0,4.241247,101.323817,2.5,102.5
2486144.0,-7.310802,112.823303,-7.5,112.5
1412590.0,-6.287305,105.840894,-7.5,107.5
1932607.0,17.541679,83.044418,17.5,82.5
3188511.0,25.131706,121.507697,27.5,122.5
2867866.0,25.131967,121.514519,27.5,122.5
2422538.0,11.435461,107.428032,12.5,107.5
2225014.0,35.385945,136.670258,37.5,137.5
2494422.0,42.897494,71.368047,42.5,72.5
5816059.0,14.552877,121.125706,12.5,122.5
2495000.0,55.049199,61.350989,57.5,62.5
7740279.0,25.163629,121.707217,27.5,122.5
4177730.0,25.132197,121.508386,27.5,122.5
3831820.0,25.133136,121.511336,27.5,122.5
2498180.0,21.370947,76.64796,22.5,77.5
1700708.0,24.42891,123.828986,22.5,122.5
9326020.0,1.341123,103.822013,2.5,102.5
1317388.0,10.041398,76.323103,12.5,77.5
2497509.0,53.80139,86.792253,52.5,87.5
2494543.0,56.79718,60.775168,57.5,62.5
4359792.0,4.246741,118.630998,2.5,117.5
1341979.0,1.377701,103.897658,2.5,102.5
5228328.0,24.089368,89.066247,22.5,87.5
1928915.0,1.334624,103.817803,2.5,102.5
7341971.0,40.0794,116.048292,42.5,117.5
5231198.0,56.770353,60.700838,57.5,62.5
2149490.0,11.965797,77.179774,12.5,77.5
3074251.0,25.031536,121.512436,27.5,122.5
2482515.0,52.292509,85.542272,52.5,87.5
4359784.0,18.958642,72.796463,17.5,72.5
2477102.0,24.087914,89.131936,22.5,87.5
7319359.0,23.557418,120.656105,22.5,122.5
7262595.0,23.538912,120.687653,22.5,122.5
2173065.0,1.347095,103.763954,2.5,102.5
2475532.0,35.438535,139.386537,37.5,137.5
5171323.0,1.399853,103.806938,2.5,102.5
2487871.0,37.465805,126.955287,37.5,127.5
9616058.0,40.078822,116.046412,42.5,117.5
5137891.0,22.404823,114.077706,22.5,112.5
7341536.0,12.802854,99.444034,12.5,97.5
2490789.0,19.992156,99.091553,17.5,97.5
9362027.0,35.640014,139.863908,37.5,137.5
7270795.0,25.155598,121.708245,27.5,122.5
6101224.0,1.320859,103.769375,2.5,102.5
7602400.0,31.755214,35.182692,32.5,37.5
2422538.0,-7.30065,108.751518,-7.5,107.5
2492758.0,-7.310774,112.823373,-7.5,112.5
2151464.0,-6.291295,105.841277,-7.5,107.5
11211157.0,22.990256,57.668911,22.5,57.5
5793241.0,8.267592,79.866287,7.5,77.5
9273219.0,14.807853,121.000866,12.5,122.5
5846290.0,21.336842,76.506083,22.5,77.5
6100870.0,30.381213,77.797188,32.5,77.5
2482515.0,56.835464,60.674776,57.5,62.5
3086526.0,1.398853,103.920288,2.5,102.5
2475742.0,7.097045,99.58873,7.5,97.5
7340992.0,24.448695,112.478297,22.5,112.5
6066037.0,22.831378,72.086644,22.5,72.5
1016841.0,10.041283,76.322947,12.5,77.5
9797180.0,19.156861,72.9581,17.5,72.5
5200795.0,4.252014,118.631406,2.5,117.5
2493455.0,22.511966,114.132671,22.5,112.5
2495414.0,32.162108,114.129181,32.5,112.5
3690997.0,28.454816,119.914503,27.5,117.5
1898441.0,24.993947,121.658338,22.5,122.5
6066512.0,19.138886,72.958464,17.5,72.5
5231630.0,57.37817,65.00735,57.5,67.5
5217231.0,18.602969,108.812224,17.5,107.5
5229490.0,57.915196,59.967155,57.5,57.5
2735117.0,6.838641,73.054372,7.5,72.5
3169830.0,-6.750828,108.183877,-7.5,107.5
2482515.0,32.732887,35.273008,32.5,37.5
2894828.0,21.937842,120.79993,22.5,122.5
2446410.0,19.196447,109.136169,17.5,107.5
2866920.0,25.162985,121.707369,27.5,122.5
4689929.0,-6.193826,106.880498,-7.5,107.5
6130803.0,29.57817,106.426262,27.5,107.5
7985572.0,24.596917,121.231424,22.5,122.5
2879175.0,35.301353,33.158018,37.5,32.5
2481800.0,-7.310812,112.823325,-7.5,112.5
2870583.0,16.362122,100.741805,17.5,102.5
3085191.0,25.022405,121.305495,27.5,122.5
2474416.0,15.553537,73.912404,17.5,72.5
5361841.0,28.454816,119.914503,27.5,117.5
2868390.0,-8.281111,114.170891,-7.5,112.5
8219075.0,25.153364,121.558358,27.5,122.5
2498261.0,24.812112,120.910597,22.5,122.5
2437394.0,22.375295,114.263787,22.5,112.5
7340331.0,24.028581,89.089573,22.5,87.5
7342005.0,22.44835,114.319274,22.5,112.5
2702504.0,24.464789,118.297695,22.5,117.5
9797180.0,34.687093,135.527003,32.5,137.5
2489005.0,14.406028,102.803887,12.5,102.5
2475532.0,25.000776,121.456204,27.5,122.5
1926593.0,22.460508,114.051394,22.5,112.5
2498255.0,35.897224,140.506336,37.5,142.5
1924298.0,22.437432,114.177006,22.5,112.5
7341196.0,19.884705,99.034561,17.5,97.5
2480297.0,19.724277,109.242182,17.5,107.5
2476012.0,14.243061,101.238349,12.5,102.5
1895992.0,-1.3275,120.307222,-2.5,122.5
1428140.0,-6.929367,110.569281,-7.5,112.5
2866113.0,1.313546,103.629941,2.5,102.5
2489005.0,32.146168,34.8862,32.5,32.5
2489005.0,1.364087,103.837717,2.5,102.5
2480905.0,9.826583,76.311107,7.5,77.5
4359784.0,17.782441,83.382778,17.5,82.5
2423787.0,22.528391,113.95932,22.5,112.5
9252702.0,1.355152,103.797202,2.5,102.5
3116842.0,12.824147,80.041242,12.5,82.5
4359824.0,19.598307,109.052979,17.5,107.5
5788962.0,6.811998,80.500191,7.5,82.5
10876470.0,6.989219,80.42975,7.5,82.5
5220127.0,55.171575,82.722572,57.5,82.5
2487866.0,56.015841,69.487759,57.5,67.5
2442153.0,17.909553,83.537664,17.5,82.5
2149490.0,20.053358,99.81907,22.5,97.5
5228328.0,22.51053,114.111568,22.5,112.5
2491522.0,30.316595,121.16092,32.5,122.5
1423767.0,23.635111,120.491814,22.5,122.5
2481722.0,12.375449,123.635973,12.5,122.5
6055063.0,23.538161,120.688878,22.5,122.5
6190993.0,1.399853,103.806938,2.5,102.5
2475452.0,11.156158,119.398758,12.5,117.5
2480934.0,2.96296,101.69513,2.5,102.5
7982358.0,19.983763,99.187749,17.5,97.5
3115443.0,23.566556,120.606496,22.5,122.5
7310164.0,24.37915,120.909431,22.5,122.5
2151492.0,13.08622,80.269798,12.5,82.5
2498061.0,24.812744,120.911936,22.5,122.5
9613112.0,18.795067,72.925728,17.5,72.5
5646838.0,22.657842,120.260788,22.5,122.5
2495681.0,35.644761,139.455576,37.5,137.5
5721102.0,9.416792,123.301234,7.5,122.5
7341881.0,30.54445,114.302658,32.5,112.5
2480841.0,23.0383,120.239188,22.5,122.5
11910812.0,10.15452,77.167157,12.5,77.5
2403808.0,4.246735,118.63112,2.5,117.5
1341979.0,22.785235,113.958103,22.5,112.5
2475742.0,1.377882,103.952491,2.5,102.5
5229167.0,30.469556,73.481667,32.5,72.5
10337043.0,20.070644,99.141742,22.5,97.5
2377008.0,1.259656,103.810394,2.5,102.5
1919412.0,13.276357,74.757301,12.5,72.5
3829373.0,24.855473,121.737475,22.5,122.5
5229045.0,-6.091055,106.946608,-7.5,107.5
2495681.0,25.120438,121.534112,27.5,122.5
10332233.0,-7.311032,112.82327,-7.5,112.5
2479226.0,7.27197,80.596778,7.5,82.5
5129293.0,20.034847,99.049546,22.5,97.5
2437399.0,13.815073,100.551981,12.5,102.5
2498347.0,41.276596,141.170609,42.5,142.5
5229126.0,11.592638,99.675563,12.5,97.5
2470685.0,11.602047,99.681506,12.5,97.5
2735117.0,7.536437,99.04957,7.5,97.5
2929362.0,23.56707,120.607891,22.5,122.5
8028588.0,31.386849,104.812444,32.5,102.5
5229410.0,13.45087,74.69737,12.5,72.5
2481819.0,22.508237,114.114945,22.5,112.5
2932389.0,10.877694,79.093469,12.5,77.5
2044368.0,35.337906,139.611763,37.5,137.5
5219858.0,51.919404,85.3086,52.5,87.5
5130813.0,1.334624,103.817803,2.5,102.5
5229171.0,25.136317,121.429952,27.5,122.5
1423254.0,7.894702,80.726273,7.5,82.5
7341971.0,40.079291,116.048326,42.5,117.5
5231223.0,35.47165,138.335983,37.5,137.5
2498259.0,30.949498,117.885084,32.5,117.5
3048831.0,33.072461,35.105778,32.5,37.5
2486132.0,22.82565,72.109518,22.5,72.5
2496001.0,1.343475,103.779406,2.5,102.5
2878149.0,23.9334,120.879234,22.5,122.5
2487843.0,40.031537,116.400515,42.5,117.5
1936993.0,8.629042,98.243039,7.5,97.5
5118348.0,24.158311,121.62121,22.5,122.5
2493355.0,25.085,102.772,27.5,102.5
2484605.0,56.139051,83.716616,57.5,82.5
2498036.0,22.914714,71.973683,22.5,72.5
5789289.0,35.712374,139.771201,37.5,137.5
2437243.0,25.406201,81.839012,27.5,82.5
2891772.0,-7.646588,110.44278,-7.5,112.5
2475452.0,1.339985,103.729475,2.5,102.5
2970418.0,14.465732,121.020889,12.5,122.5
5788893.0,26.894976,75.814718,27.5,77.5
9705453.0,56.493912,84.983269,57.5,82.5
10757240.0,24.944711,121.541423,22.5,122.5
6101015.0,36.06357,120.350305,37.5,122.5
9480191.0,36.873675,126.205748,37.5,127.5
9178169.0,35.133502,135.991125,37.5,137.5
5229490.0,56.900746,60.648546,57.5,62.5
7341881.0,22.33214,114.190371,22.5,112.5
1896142.0,1.334624,103.817803,2.5,102.5
2435035.0,31.24253,121.459635,32.5,122.5
5228199.0,40.013544,116.37955,42.5,117.5
7339073.0,25.170257,121.582255,27.5,122.5
11204069.0,18.817292,108.764911,17.5,107.5
5231198.0,56.025032,92.92634,57.5,92.5
1428140.0,5.985045,116.143509,7.5,117.5
2480876.0,19.140336,72.962661,17.5,72.5
2495414.0,52.445758,85.056725,52.5,87.5
5209095.0,27.847403,34.315041,27.5,32.5
7732678.0,22.86971,120.656391,22.5,122.5
2494143.0,30.254034,120.123515,32.5,122.5
2433686.0,1.265946,103.989011,2.5,102.5
2484605.0,51.403848,86.006604,52.5,87.5
3149462.0,20.598054,79.86906,22.5,77.5
2923582.0,25.141593,121.544189,27.5,122.5
5845386.0,22.816927,72.106545,22.5,72.5
9616058.0,39.931371,116.406835,37.5,117.5
9750846.0,3.143678,101.686073,2.5,102.5
7341134.0,-7.701602,112.530716,-7.5,112.5
10855510.0,22.696944,120.308636,22.5,122.5
2436603.0,3.524918,98.0432,2.5,97.5
2491534.0,55.696042,73.970703,57.5,72.5
9809229.0,38.420171,27.13909,37.5,27.5
9064581.0,26.458194,127.939897,27.5,127.5
7340537.0,22.289718,73.191251,22.5,72.5
2158977.0,24.158311,121.62121,22.5,122.5
12150406.0,34.951195,135.746003,32.5,137.5
3589628.0,24.686335,121.135582,22.5,122.5
7346444.0,1.424297,103.838591,2.5,102.5
2932389.0,16.073228,120.674033,17.5,122.5
9797180.0,36.77577,126.283638,37.5,127.5
9752617.0,42.281633,69.593262,42.5,67.5
5217163.0,23.862388,120.908573,22.5,122.5
4647408.0,1.228548,103.747297,2.5,102.5
2493087.0,22.988917,57.67032,22.5,57.5
7316804.0,25.127572,121.518806,27.5,122.5
1320471.0,10.220139,76.201278,12.5,77.5
5216933.0,14.613141,121.043543,12.5,122.5
2932944.0,19.261973,98.93789,17.5,97.5
5845285.0,23.064386,120.74457,22.5,122.5
6101070.0,35.670962,139.696768,37.5,137.5
2491534.0,51.374402,80.196475,52.5,82.5
1341979.0,24.737367,121.289888,22.5,122.5
5118348.0,23.485862,120.483105,22.5,122.5
2393194.0,1.293853,103.896705,2.5,102.5
1918584.0,-7.679133,110.354372,-7.5,112.5
2474377.0,44.55851,38.073265,42.5,37.5
2422538.0,14.650813,100.976983,12.5,102.5
2394736.0,15.472509,73.997855,17.5,72.5
2498015.0,21.336842,76.506083,22.5,77.5
2474377.0,44.426132,38.088082,42.5,37.5
1043321.0,20.070572,110.333282,22.5,112.5
5229131.0,13.794222,101.674972,12.5,102.5
8214667.0,36.815855,126.284495,37.5,127.5
2443244.0,22.972662,120.222862,22.5,122.5
9178169.0,36.624183,138.59697,37.5,137.5
2486151.0,22.244409,114.153744,22.5,112.5
2480487.0,39.081306,32.104092,37.5,32.5
1897692.0,1.334624,103.817803,2.5,102.5
2395664.0,10.065152,99.840638,12.5,97.5
2493970.0,18.661927,72.865929,17.5,72.5
5231198.0,55.409389,61.025534,57.5,62.5
5356354.0,34.893412,32.345913,32.5,32.5
5383897.0,3.145069,101.633586,2.5,102.5
5133687.0,19.4237,84.827633,17.5,82.5
5928149.0,25.161841,121.70516,27.5,122.5
5219890.0,25.74297,118.624275,27.5,117.5
9750846.0,1.367517,103.828776,2.5,102.5
5229167.0,9.907018,76.316322,7.5,77.5
2385428.0,27.820959,34.389197,27.5,32.5
2490266.0,43.42299,39.927375,42.5,37.5
7293727.0,25.016159,121.539185,27.5,122.5
5959488.0,28.542517,47.990708,27.5,47.5
2970418.0,24.181788,120.613728,22.5,122.5
8291325.0,22.654273,114.399207,22.5,112.5
8151301.0,24.188728,120.613428,22.5,122.5
6100954.0,55.34216,86.183809,57.5,87.5
2480876.0,35.676362,139.81427,37.5,137.5
9022612.0,6.4225,80.846786,7.5,82.5
5138257.0,1.355153,103.797202,2.5,102.5
5332421.0,23.57113,120.612974,22.5,122.5
2158977.0,19.139622,72.957447,17.5,72.5
3115443.0,23.184631,120.56217,22.5,122.5
3033943.0,22.447695,114.039302,22.5,112.5
1939086.0,1.339709,103.730245,2.5,102.5
6431411.0,25.031625,55.281967,27.5,57.5
6100921.0,40.012757,116.381365,42.5,117.5
2170081.0,1.349542,103.791378,2.5,102.5
5231198.0,57.092861,65.539313,57.5,67.5
2436535.0,6.354889,99.969928,7.5,97.5
5788854.0,22.225531,113.848029,22.5,112.5
2811083.0,13.810486,123.895666,12.5,122.5
9761484.0,35.933291,139.682497,37.5,137.5
8332393.0,19.140303,72.961078,17.5,72.5
1427808.0,8.395228,80.625274,7.5,82.5
8332393.0,56.023639,92.949401,57.5,92.5
2486144.0,2.961613,101.695249,2.5,102.5
2494543.0,55.973817,92.801073,57.5,92.5
7366997.0,22.87129,120.655619,22.5,122.5
1898988.0,22.380295,113.958781,22.5,112.5
2487879.0,56.919403,60.664598,57.5,62.5
1920258.0,31.879687,34.916928,32.5,32.5
5231190.0,56.107072,69.45009,57.5,67.5
2495486.0,13.816431,100.075736,12.5,102.5
5231771.0,43.044794,76.944505,42.5,77.5
5724095.0,1.259137,103.812988,2.5,102.5
2436535.0,5.450039,100.385052,7.5,102.5
2478548.0,55.526646,85.718697,57.5,87.5
2469722.0,13.570119,77.993669,12.5,77.5
5128034.0,1.334624,103.817803,2.5,102.5
5229493.0,53.798341,86.985523,52.5,87.5
2473682.0,53.862899,83.85012,52.5,82.5
6130514.0,24.15871,121.623137,22.5,122.5
4299368.0,36.967803,26.961633,37.5,27.5
5231198.0,55.02196,73.310219,57.5,72.5
2494543.0,53.348521,83.535995,52.5,82.5
2396426.0,3.498813,73.525752,2.5,72.5
5866274.0,22.568,113.975636,22.5,112.5
9634430.0,11.3,103.27,12.5,102.5
2498061.0,36.799288,126.287937,37.5,127.5
3189627.0,24.239563,120.974708,22.5,122.5
5232005.0,13.051896,77.752508,12.5,77.5
1428867.0,5.574107,115.978642,7.5,117.5
2498112.0,33.603528,120.50428,32.5,122.5
9705453.0,54.836472,83.111372,52.5,82.5
2435035.0,31.223398,121.4571,32.5,122.5
3168943.0,6.869403,81.041403,7.5,82.5
4341500.0,9.417018,123.301048,7.5,122.5
2492680.0,9.030278,76.896036,7.5,77.5
1925543.0,1.334624,103.817803,2.5,102.5
2407750.0,12.130643,75.148503,12.5,77.5
2490737.0,55.024663,73.323939,57.5,72.5
2497894.0,50.386374,119.712123,52.5,117.5
2492675.0,14.538696,98.782534,12.5,97.5
5033168.0,4.668566,101.194895,2.5,102.5
5232012.0,-7.733779,110.301242,-7.5,112.5
6518892.0,25.018109,121.999251,27.5,122.5
5739315.0,44.519951,38.120384,42.5,37.5
2481890.0,35.437417,139.386927,37.5,137.5
9687165.0,35.922555,139.697336,37.5,137.5
11535847.0,9.154089,77.465574,7.5,77.5
8211070.0,54.84031,83.10236,52.5,82.5
7341971.0,40.078786,116.047642,42.5,117.5
2403808.0,3.632767,72.961187,2.5,72.5
2435035.0,41.033732,29.028478,42.5,27.5
2493324.0,6.425083,79.996217,7.5,77.5
1945274.0,1.334624,103.817803,2.5,102.5
5219243.0,55.947627,92.81005,57.5,92.5
2492680.0,12.571509,99.960877,12.5,97.5
4177857.0,22.867415,120.658365,22.5,122.5
2493528.0,20.164935,99.036164,22.5,97.5
2494543.0,56.90392,60.554617,57.5,62.5
2168426.0,1.378592,103.824064,2.5,102.5
1931109.0,27.247242,90.610267,27.5,92.5
9451184.0,17.454906,78.360978,17.5,77.5
1325561.0,22.313624,114.006534,22.5,112.5
5230456.0,1.340327,103.730212,2.5,102.5
2494056.0,2.963146,101.695448,2.5,102.5
2480934.0,14.078482,101.257038,12.5,102.5
4989905.0,25.129317,121.576753,27.5,122.5
1310950.0,24.189932,120.786453,22.5,122.5
1427783.0,1.355153,103.797202,2.5,102.5
2490297.0,34.987269,135.655951,32.5,137.5
5401760.0,23.827675,120.800462,22.5,122.5
5806167.0,11.254508,77.65818,12.5,77.5
5275396.0,24.379397,120.912453,22.5,122.5
5108334.0,14.372328,103.058136,12.5,102.5
2480841.0,25.048833,121.522537,27.5,122.5
9515886.0,23.358978,120.393632,22.5,122.5
6101070.0,22.44835,114.319274,22.5,112.5
7126767.0,22.650587,120.606553,22.5,122.5
5130814.0,12.960297,77.52512,12.5,77.5
2367196.0,29.939351,118.009979,27.5,117.5
6055063.0,23.538159,120.688913,22.5,122.5
7342055.0,36.378028,139.000564,37.5,137.5
2437396.0,1.300535,103.913498,2.5,102.5
2498112.0,36.391983,127.411388,37.5,127.5
2480801.0,12.717904,80.212587,12.5,82.5
2477927.0,55.059883,82.872659,57.5,82.5
3033558.0,44.473006,38.221117,42.5,37.5
5231928.0,3.260913,113.19295,2.5,112.5
2487871.0,36.482578,138.538925,37.5,137.5
2495414.0,55.085788,61.340123,57.5,62.5
1919340.0,22.281787,113.932225,22.5,112.5
2495414.0,53.755836,87.120441,52.5,87.5
2482054.0,44.678539,37.799012,42.5,37.5
7788295.0,24.523188,118.407702,22.5,117.5
2396749.0,27.847081,34.314497,27.5,32.5
2491538.0,37.218295,138.349799,37.5,137.5
5130369.0,15.775938,74.082253,17.5,72.5
5788496.0,22.891605,57.772685,22.5,57.5
3831820.0,25.133831,121.510453,27.5,122.5
5229490.0,53.809525,83.503336,52.5,82.5
2150043.0,13.978606,101.757364,12.5,102.5
2422538.0,18.305253,109.571278,17.5,107.5
2383313.0,27.732113,34.186072,27.5,32.5
3117401.0,34.986237,32.349472,32.5,32.5
11938166.0,24.380163,120.806908,22.5,122.5
7985572.0,24.239253,120.911103,22.5,122.5
5228417.0,1.324188,103.754984,2.5,102.5
2492650.0,20.023688,99.110684,22.5,97.5
9249842.0,25.125764,121.513659,27.5,122.5
2437229.0,40.050264,116.098083,42.5,117.5
2443729.0,4.127023,114.89349,2.5,112.5
2491534.0,51.911406,85.365549,52.5,87.5
2703467.0,36.53573,116.832948,37.5,117.5
9752617.0,34.428348,132.996857,32.5,132.5
5229493.0,56.903579,60.659989,57.5,62.5
2480801.0,31.387164,104.811697,32.5,102.5
7340244.0,14.332206,101.296357,12.5,102.5
5141212.0,11.23512,103.823475,12.5,102.5
2480934.0,15.293755,73.909294,17.5,72.5
1341974.0,12.804777,99.42141,12.5,97.5
2480841.0,25.016078,121.545128,27.5,122.5
2733994.0,24.602085,121.852013,22.5,122.5
2486150.0,22.24558,114.150453,22.5,112.5
1234499.0,1.334624,103.817803,2.5,102.5
2755618.0,23.570988,120.613113,22.5,122.5
2477968.0,56.794195,60.594711,57.5,62.5
2470685.0,1.377882,103.952491,2.5,102.5
11158988.0,1.44224,103.735987,2.5,102.5
2477968.0,56.910163,60.648521,57.5,62.5
2474732.0,11.818014,75.432492,12.5,77.5
3117449.0,37.298114,127.072205,37.5,127.5
2436542.0,4.805824,114.877788,2.5,112.5
2484605.0,56.807178,60.646583,57.5,62.5
5172263.0,1.447152,103.728147,2.5,102.5
1922244.0,22.445048,114.332483,22.5,112.5
7115794.0,10.709924,106.615295,12.5,107.5
8014461.0,25.125139,121.519644,27.5,122.5
2435035.0,10.801166,106.66465,12.5,107.5
2486822.0,-6.175392,106.827153,-7.5,107.5
7339073.0,25.049031,121.417175,27.5,122.5
2480899.0,22.282422,114.037492,22.5,112.5
1094209.0,22.585218,114.204256,22.5,112.5
2490737.0,51.93703,85.322743,52.5,87.5
1043321.0,7.105775,80.056381,7.5,82.5
1863904.0,1.424297,103.838591,2.5,102.5
2474628.0,1.27805,103.864537,2.5,102.5
9797180.0,11.891788,77.771567,12.5,77.5
11535847.0,1.3955,103.924187,2.5,102.5
2475532.0,30.254034,120.123515,32.5,122.5
2986294.0,22.728458,120.267822,22.5,122.5
5231223.0,35.977338,139.407522,37.5,137.5
2480863.0,31.311591,121.452358,32.5,122.5
7342055.0,35.634199,139.434425,37.5,137.5
9705453.0,56.952404,72.640582,57.5,72.5
3071476.0,19.869471,75.371408,17.5,77.5
2480311.0,36.901072,126.267337,37.5,127.5
2498261.0,35.640014,139.863908,37.5,137.5
5137861.0,17.491333,78.302732,17.5,77.5
4371830.0,1.314857,103.609543,2.5,102.5
2481819.0,22.90996,120.556228,22.5,122.5
3819030.0,24.851648,121.73718,22.5,122.5
5789082.0,22.909568,72.209451,22.5,72.5
4256516.0,23.054465,120.720267,22.5,122.5
1579831.0,10.041444,76.323079,12.5,77.5
1311278.0,25.449271,81.781615,27.5,82.5
2149490.0,1.354494,103.796086,2.5,102.5
9497687.0,31.931558,34.782708,32.5,32.5
2482499.0,1.303205,103.834394,2.5,102.5
1953196.0,1.33613,103.724512,2.5,102.5
7289120.0,25.172051,121.584643,27.5,122.5
2481800.0,11.155845,119.398522,12.5,117.5
2484710.0,19.124958,108.656787,17.5,107.5
2492680.0,25.413314,81.846528,27.5,82.5
2481890.0,44.502757,38.142439,42.5,37.5
2487866.0,56.91454,60.661727,57.5,62.5
1317433.0,10.227283,76.198606,12.5,77.5
5229167.0,25.074953,121.899232,27.5,122.5
5130814.0,12.891503,77.592306,12.5,77.5
2473682.0,55.54165,84.262233,57.5,82.5
2435035.0,25.285205,51.532692,27.5,52.5
2482515.0,51.896739,85.313636,52.5,87.5
3056042.0,-6.829163,107.882977,-7.5,107.5
2437566.0,5.528725,100.337243,7.5,102.5
2496264.0,-6.929458,110.56945,-7.5,112.5
5231198.0,55.041325,85.855724,57.5,87.5
2493970.0,21.531662,76.735081,22.5,77.5
2495696.0,38.4204,27.138554,37.5,27.5
2481197.0,37.218295,138.349799,37.5,137.5
5384848.0,35.013706,135.679772,37.5,137.5
2981001.0,22.070245,120.76925,22.5,122.5
4137812.0,24.88068,121.148897,22.5,122.5
2486222.0,29.61506,103.473377,27.5,102.5
3591233.0,24.854459,121.739298,22.5,122.5
5231198.0,30.643945,104.185783,32.5,102.5
4989901.0,11.949425,99.720019,12.5,97.5
4408759.0,34.759215,32.405311,32.5,32.5
2991442.0,24.855458,121.737861,22.5,122.5
1428699.0,24.696514,121.040737,22.5,122.5
5788503.0,24.007048,121.681898,22.5,122.5
2470685.0,13.527125,100.311975,12.5,102.5
3032980.0,41.686002,46.575606,42.5,47.5
2874173.0,25.130814,121.505378,27.5,122.5
2440958.0,51.678655,83.911931,52.5,82.5
2497509.0,57.231903,71.908865,57.5,72.5
2925303.0,25.413314,81.846528,27.5,82.5
7272546.0,25.125575,121.519394,27.5,122.5
2150043.0,10.053525,76.32267,12.5,77.5
5229167.0,19.141906,72.964628,17.5,72.5
8415232.0,21.971349,120.8197,22.5,122.5
5806412.0,11.631669,99.608972,12.5,97.5
1314486.0,10.04133,76.323074,12.5,77.5
5130464.0,5.575111,115.982376,7.5,117.5
2491534.0,52.330408,85.363451,52.5,87.5
2494543.0,53.346202,83.710231,52.5,82.5
3190583.0,34.89313,32.341258,32.5,32.5
2498034.0,40.01112,116.31472,42.5,117.5
2480876.0,35.655213,139.445156,37.5,137.5
2498252.0,32.096973,34.806732,32.5,32.5
5137847.0,5.390663,100.258694,7.5,102.5
5140534.0,1.352062,103.822655,2.5,102.5
2475410.0,17.424803,78.545365,17.5,77.5
4596823.0,13.704827,120.878927,12.5,122.5
7852114.0,35.614479,110.666278,37.5,112.5
2491538.0,36.484228,138.540297,37.5,137.5
5130521.0,10.104459,76.289785,12.5,77.5
7642610.0,19.03582,73.041245,17.5,72.5
8165409.0,1.347366,103.761291,2.5,102.5
2481938.0,22.894678,72.091601,22.5,72.5
2482054.0,43.417508,39.924431,42.5,37.5
5219243.0,32.306073,34.877211,32.5,32.5
7934047.0,7.784127,100.109518,7.5,102.5
2498415.0,27.914117,34.34717,27.5,32.5
11047823.0,25.131689,121.507689,27.5,122.5
5207572.0,23.641458,113.78263,22.5,112.5
3172077.0,23.200742,121.02735,22.5,122.5
1706492.0,24.114548,120.498848,22.5,122.5
1043321.0,17.421126,78.547612,17.5,77.5
1080274.0,-9.001871,116.752948,-7.5,117.5
3188706.0,-8.168827,114.438312,-7.5,112.5
1925543.0,22.50886,114.065573,22.5,112.5
2491544.0,23.292873,113.716203,22.5,112.5
2482499.0,1.302889,103.867542,2.5,102.5
2480437.0,1.446118,103.731588,2.5,102.5
5130464.0,26.304796,119.230103,27.5,117.5
2480726.0,15.449365,73.930287,17.5,72.5
5137861.0,12.686131,101.269586,12.5,102.5
1926448.0,5.394985,100.258925,7.5,102.5
2494543.0,60.169747,59.953337,62.5,57.5
2490737.0,56.839205,60.676369,57.5,62.5
2482515.0,56.720268,60.7724,57.5,62.5
5793241.0,1.307501,103.768425,2.5,102.5
2498398.0,3.011884,113.068539,2.5,112.5
2120964.0,42.604483,141.791727,42.5,142.5
2481800.0,1.447078,103.723535,2.5,102.5
8582197.0,22.378374,120.805579,22.5,122.5
5231332.0,13.744172,100.811144,12.5,102.5
7775827.0,12.113164,108.548693,12.5,107.5
5395928.0,24.59947,121.851555,22.5,122.5
1935849.0,26.680315,93.975318,27.5,92.5
2480331.0,24.651722,121.818767,22.5,122.5
2484916.0,56.493027,84.992334,57.5,82.5
3101212.0,26.203469,127.714348,27.5,127.5
2687779.0,24.725442,121.133082,22.5,122.5
5341747.0,22.64057,120.27378,22.5,122.5
2480477.0,20.008467,99.12313,22.5,97.5
5229167.0,22.275362,114.295667,22.5,112.5
7690055.0,57.18553,85.81963,57.5,87.5
5227939.0,30.268056,120.06629,32.5,122.5
2477968.0,51.399443,86.007462,52.5,87.5
2931914.0,12.02947,108.420147,12.5,107.5
9687165.0,35.030567,135.772613,37.5,137.5
2481800.0,13.632324,74.670222,12.5,72.5
9300456.0,35.442402,139.397134,37.5,137.5
1901435.0,26.680315,93.975318,27.5,92.5
2480841.0,24.944103,121.373062,22.5,122.5
2482492.0,43.107488,76.938605,42.5,77.5
2498112.0,31.38711,104.812544,32.5,102.5
2470685.0,13.668387,101.22188,12.5,102.5
5229493.0,44.416175,38.141202,42.5,37.5
8332393.0,35.829079,139.541351,37.5,137.5
5290149.0,40.016343,116.391557,42.5,117.5
6100845.0,20.598189,79.869236,22.5,77.5
2149490.0,10.357678,76.887505,12.5,77.5
2484916.0,51.926936,85.34424,52.5,87.5
3084027.0,-6.880293,108.734852,-7.5,107.5
2494543.0,57.892036,60.007354,57.5,62.5
2931088.0,22.691598,120.303147,22.5,122.5
9178169.0,43.589976,144.725011,42.5,142.5
2158988.0,7.233874,79.961766,7.5,77.5
1423254.0,21.154268,71.745139,22.5,72.5
5229045.0,1.322632,103.975188,2.5,102.5
9515886.0,19.141906,72.964628,17.5,72.5
4036385.0,23.628233,120.712098,22.5,122.5
2494329.0,40.135936,116.301968,42.5,117.5
2480778.0,13.7895,76.840725,12.5,77.5
5096009.0,1.334624,103.817803,2.5,102.5
5219173.0,55.346192,86.176711,57.5,87.5
9104123.0,1.278189,103.864281,2.5,102.5
5227966.0,29.936394,118.006176,27.5,117.5
2161710.0,8.123408,98.728134,7.5,97.5
1428590.0,5.985893,116.143171,7.5,117.5
1732115.0,23.557589,120.597423,22.5,122.5
2492822.0,-6.102232,106.681218,-7.5,107.5
2493598.0,22.508968,114.113887,22.5,112.5
5845375.0,1.2006,103.850243,2.5,102.5
2486121.0,0.020406,101.647696,2.5,102.5
9573088.0,-3.858829,115.381958,-2.5,117.5
2481728.0,30.6673,103.833878,32.5,102.5
2481800.0,22.387806,114.320403,22.5,112.5
2492850.0,22.44835,114.319274,22.5,112.5
1886251.0,18.478767,73.830987,17.5,72.5
2480311.0,24.797927,120.913076,22.5,122.5
5819180.0,18.956918,72.795007,17.5,72.5
2489005.0,25.132228,121.488785,27.5,122.5
2484605.0,53.801604,86.982199,52.5,87.5
5228199.0,32.053273,118.833804,32.5,117.5
10612578.0,22.872687,120.650073,22.5,122.5
2480863.0,32.099152,34.807709,32.5,32.5
2493028.0,6.981458,80.754097,7.5,82.5
2482487.0,13.741144,100.527863,12.5,102.5
6100954.0,56.722562,60.774368,57.5,62.5
2150555.0,8.159946,98.635563,7.5,97.5
5219173.0,40.873112,29.129453,42.5,27.5
3169836.0,26.454198,127.942145,27.5,127.5
1945878.0,22.232548,113.861083,22.5,112.5
2498326.0,55.974477,92.754444,57.5,92.5
5035373.0,14.157885,121.244151,12.5,122.5
1927043.0,22.559231,114.027904,22.5,112.5
5231190.0,34.75736,32.405484,32.5,32.5
5231438.0,40.012746,116.29943,42.5,117.5
2958715.0,-7.636782,110.43347,-7.5,112.5
5229490.0,51.910104,85.372975,52.5,87.5
2493969.0,15.726366,73.986857,17.5,72.5
2431847.0,22.425767,114.181213,22.5,112.5
2493618.0,10.538997,76.1863,12.5,77.5
9260388.0,7.03935,100.505387,7.5,102.5
1342148.0,1.333478,103.728797,2.5,102.5
1904996.0,1.424297,103.838591,2.5,102.5
1707497.0,1.283984,103.849822,2.5,102.5
1938088.0,11.098628,77.214543,12.5,77.5
3074251.0,22.639204,120.297448,22.5,122.5
2495486.0,1.341035,103.723617,2.5,102.5
5231190.0,56.476196,84.986748,57.5,82.5
2480259.0,22.507399,114.11215,22.5,112.5
2158872.0,19.990262,72.739658,17.5,72.5
2486132.0,18.795067,72.925728,17.5,72.5
2482048.0,22.691447,120.307175,22.5,122.5
2494543.0,54.904454,83.115122,52.5,82.5
5220154.0,31.776442,35.179998,32.5,37.5
9235549.0,30.207246,120.887671,32.5,122.5
2481890.0,36.396415,127.410982,37.5,127.5
1927034.0,22.528195,114.00448,22.5,112.5
1927034.0,22.42751,114.054921,22.5,112.5
1946917.0,5.413346,100.782676,7.5,102.5
2487866.0,56.770346,60.700783,57.5,62.5
2490737.0,55.16612,61.318503,57.5,62.5
2486150.0,19.125565,108.65541,17.5,107.5
5137849.0,13.5462,100.602213,12.5,102.5
2430499.0,18.300346,109.515917,17.5,107.5
1824117.0,34.998608,32.341597,32.5,32.5
8087525.0,55.064883,61.259515,57.5,62.5
5229410.0,1.289093,103.87633,2.5,102.5
2497492.0,12.592082,101.885623,12.5,102.5
5149174.0,22.426734,114.182752,22.5,112.5
2495681.0,35.039902,135.728139,37.5,137.5
1043478.0,-7.509509,110.740556,-7.5,112.5
2494543.0,51.928662,85.34407,52.5,87.5
1936993.0,1.366332,103.773393,2.5,102.5
2486122.0,3.050243,101.676129,2.5,102.5
2480649.0,43.132175,76.868171,42.5,77.5
2474377.0,30.20768,120.14013,32.5,122.5
2480564.0,39.772377,32.556485,37.5,32.5
9326020.0,1.29068,103.8537,2.5,102.5
5231223.0,30.31277,113.882405,32.5,112.5
2481047.0,20.036402,99.168014,22.5,97.5
5231198.0,37.508996,127.10061,37.5,127.5
6065824.0,35.925203,120.186683,37.5,122.5
2480755.0,18.124145,74.044401,17.5,72.5
2470685.0,5.516795,100.430051,7.5,102.5
2495414.0,55.14372,61.375127,57.5,62.5
5131565.0,12.891503,77.592306,12.5,77.5
1926448.0,5.39456,100.260241,7.5,102.5
2486130.0,25.085,102.772,27.5,102.5
3074251.0,22.619907,120.560553,22.5,122.5
5136713.0,10.85382,77.67492,12.5,77.5
7422937.0,8.091864,80.772933,7.5,82.5
2495414.0,56.900419,60.647913,57.5,62.5
5231223.0,24.448695,112.478297,22.5,112.5
1313177.0,17.396766,78.334772,17.5,77.5
9705453.0,56.901732,60.56738,57.5,62.5
9797180.0,13.789542,76.840669,12.5,77.5
2889355.0,23.918122,120.508362,22.5,122.5
1997215.0,12.132942,108.53056,12.5,107.5
2149490.0,13.117117,102.198062,12.5,102.5
5231630.0,54.965332,73.353757,52.5,72.5
9705453.0,56.900483,60.64809,57.5,62.5
3074251.0,24.184558,120.653637,22.5,122.5
2495414.0,57.913972,59.947625,57.5,57.5
3149462.0,-8.432488,113.598782,-7.5,112.5
1910629.0,14.381153,103.043875,12.5,102.5
2498347.0,52.294677,85.634815,52.5,87.5
2494543.0,56.900668,60.648444,57.5,62.5
9809229.0,41.026443,29.013683,42.5,27.5
5348711.0,12.566506,101.450597,12.5,102.5
6066379.0,22.607147,113.889173,22.5,112.5
3074251.0,25.097444,121.543704,27.5,122.5
5229167.0,35.658615,139.765511,37.5,137.5
2481819.0,35.655915,139.444548,37.5,137.5
5130813.0,7.041111,100.505967,7.5,102.5
2484605.0,54.771451,83.077166,52.5,82.5
2495414.0,37.512114,127.097104,37.5,127.5
9750846.0,1.286083,103.846755,2.5,102.5
1926448.0,17.491341,78.302739,17.5,77.5
2494329.0,55.069431,82.943836,57.5,82.5
2481713.0,22.507894,114.111453,22.5,112.5
2442153.0,17.880188,83.505967,17.5,82.5
1994044.0,1.406263,103.778594,2.5,102.5
5231198.0,35.014101,135.749181,37.5,137.5
1311258.0,1.334624,103.817803,2.5,102.5
5130444.0,13.065081,77.648006,12.5,77.5
8214667.0,22.507894,114.111453,22.5,112.5
12150406.0,34.976645,135.944747,32.5,137.5
2653458.0,33.069456,35.114289,32.5,37.5
8658195.0,25.224658,121.648296,27.5,122.5
5219436.0,19.127343,72.98195,17.5,72.5
5130476.0,5.985855,116.143151,7.5,117.5
2498261.0,22.883138,120.200627,22.5,122.5
2470685.0,1.446667,103.727913,2.5,102.5
2494543.0,57.185447,85.821694,57.5,87.5
5738654.0,32.127402,119.084501,32.5,117.5
2928598.0,25.097411,121.544043,27.5,122.5
2494543.0,56.952485,72.64049,57.5,72.5
2350050.0,10.327818,106.351154,12.5,107.5
9615912.0,35.748836,139.894716,37.5,137.5
4342297.0,1.341362,103.595943,2.5,102.5
2474377.0,31.436866,120.211343,32.5,122.5
9705453.0,56.915907,60.647968,57.5,62.5
2447367.0,13.364615,103.850499,12.5,102.5
2486687.0,12.802875,99.444034,12.5,97.5
2490755.0,22.432449,114.203419,22.5,112.5
2492758.0,23.294566,113.720945,22.5,112.5
9752617.0,25.081845,121.583811,27.5,122.5
8978362.0,10.389883,76.100994,12.5,77.5
2484916.0,55.199585,61.309873,57.5,62.5
1921150.0,1.424297,103.838591,2.5,102.5
2480863.0,24.827671,121.770682,22.5,122.5
11047823.0,23.064357,120.744581,22.5,122.5
5359843.0,22.694208,120.303933,22.5,122.5
2484605.0,56.901333,60.56849,57.5,62.5
7346444.0,26.680315,93.975318,27.5,92.5
7705930.0,22.449391,114.319553,22.5,112.5
6101068.0,42.76474,141.782617,42.5,142.5
5210427.0,35.023997,128.608833,37.5,127.5
9797180.0,25.090829,121.224394,27.5,122.5
2495000.0,42.650825,141.513764,42.5,142.5
2495455.0,52.025435,85.869541,52.5,87.5
2688176.0,24.807287,120.970305,22.5,122.5
2858963.0,31.7489,35.038503,32.5,37.5
2435035.0,34.893617,32.343513,32.5,32.5
2433686.0,1.320065,103.618539,2.5,102.5
2480876.0,22.639667,113.862778,22.5,112.5
2481890.0,32.099152,34.807709,32.5,32.5
1427734.0,1.3955,103.924187,2.5,102.5
2497509.0,54.866171,73.374387,52.5,72.5
5219858.0,56.133342,83.717368,57.5,82.5
5275396.0,23.559827,120.652797,22.5,122.5
2149490.0,10.357662,76.887505,12.5,77.5
10777640.0,35.934993,139.438423,37.5,137.5
2491475.0,36.886493,126.271072,37.5,127.5
2497509.0,53.360912,84.586665,52.5,82.5
7346444.0,17.36775,78.356663,17.5,77.5
2494543.0,56.952361,72.640639,57.5,72.5
5231198.0,31.075984,121.172957,32.5,122.5
5130444.0,7.892028,80.726385,7.5,82.5
2435035.0,35.741996,139.90131,37.5,137.5
5228328.0,22.507824,114.111878,22.5,112.5
7852114.0,35.968189,119.422951,37.5,117.5
7705930.0,35.651577,139.48384,37.5,137.5
9480191.0,28.381477,119.841693,27.5,117.5
9273219.0,12.311931,77.276921,12.5,77.5
1702765.0,1.317075,103.817583,2.5,102.5
6101015.0,23.289812,113.71946,22.5,112.5
1017477.0,9.576192,123.826295,7.5,122.5
2496347.0,1.305853,103.867486,2.5,102.5
1803035.0,10.173672,76.439129,12.5,77.5
5232446.0,38.521819,141.20336,37.5,142.5
2475991.0,14.423587,101.387025,12.5,102.5
2487879.0,56.713744,61.132415,57.5,62.5
3076230.0,25.160167,121.707018,27.5,122.5
7300505.0,25.16006,121.705497,27.5,122.5
2474732.0,22.443956,88.301721,22.5,87.5
5130471.0,1.319423,103.750388,2.5,102.5
6101223.0,40.92798,29.132068,42.5,27.5
2494686.0,57.185165,85.822342,57.5,87.5
5844992.0,30.268056,120.06629,32.5,122.5
8214667.0,23.546547,119.745116,22.5,117.5
2495000.0,56.90445,60.56097,57.5,62.5
5229490.0,54.658376,83.426694,52.5,82.5
2034822.0,1.424297,103.838591,2.5,102.5
2480887.0,3.291869,113.031219,2.5,112.5
3152795.0,12.523749,101.444009,12.5,102.5
2486118.0,1.589613,103.724626,2.5,102.5
2495414.0,55.036756,82.923308,57.5,82.5
2477968.0,56.495435,85.054882,57.5,87.5
9752617.0,36.874085,126.24142,37.5,127.5
3607289.0,23.538504,120.688357,22.5,122.5
5222509.0,14.893143,100.405288,12.5,102.5
2480767.0,12.717904,80.212587,12.5,82.5
1897685.0,22.412055,114.164731,22.5,112.5
2738422.0,13.548524,100.59953,12.5,102.5
7911152.0,23.980528,121.612717,22.5,122.5
7310512.0,27.198373,90.696666,27.5,92.5
5372639.0,42.897408,71.392975,42.5,72.5
2477968.0,53.798321,86.985488,52.5,87.5
5210935.0,36.057963,120.297718,37.5,122.5
2489005.0,25.023093,121.304871,27.5,122.5
6385660.0,25.166382,121.578194,27.5,122.5
2889304.0,35.320217,139.485763,37.5,137.5
2470685.0,13.736442,100.464938,12.5,102.5
2480685.0,25.360026,60.62279,27.5,62.5
2494543.0,53.520297,83.922487,52.5,82.5
9047331.0,22.465261,113.995762,22.5,112.5
5231928.0,5.410593,100.777204,7.5,102.5
11806639.0,1.347366,103.761291,2.5,102.5
2486130.0,25.14337,102.741083,27.5,102.5
8332393.0,23.551548,119.606232,22.5,117.5
2493309.0,23.121159,57.616536,22.5,57.5
6100944.0,35.669415,139.650027,37.5,137.5
2176780.0,1.343233,103.777867,2.5,102.5
2480773.0,26.961605,94.628057,27.5,92.5
2482515.0,55.410189,61.030848,57.5,62.5
2475991.0,8.175135,98.63404,7.5,97.5
6100944.0,35.930967,139.818132,37.5,137.5
10670284.0,23.576273,120.619212,22.5,122.5
5845390.0,13.794428,101.674858,12.5,102.5
2493090.0,26.061842,119.263973,27.5,117.5
2484916.0,55.034533,82.925745,57.5,82.5
8000602.0,35.013466,135.746985,37.5,137.5
2928598.0,24.951113,121.348534,22.5,122.5
5228199.0,27.503776,119.478672,27.5,117.5
3188511.0,1.355538,103.782683,2.5,102.5
1946145.0,1.35854,103.777595,2.5,102.5
1428645.0,8.395228,80.625274,7.5,82.5
2684517.0,37.455501,128.142324,37.5,127.5
2491534.0,57.37817,65.00735,57.5,67.5
2486121.0,1.409809,103.919743,2.5,102.5
3190583.0,35.056672,32.34433,37.5,32.5
2478548.0,57.185464,85.821731,57.5,87.5
1341974.0,1.337207,103.732475,2.5,102.5
5816059.0,13.769642,100.198258,12.5,102.5
7852448.0,-6.829221,107.882999,-7.5,107.5
11372595.0,4.507511,101.40761,2.5,102.5
4689929.0,12.891503,77.592306,12.5,77.5
5293119.0,22.002306,120.875572,22.5,122.5
8151548.0,44.502275,38.144449,42.5,37.5
2486132.0,25.355462,51.523838,27.5,52.5
6066512.0,19.015496,73.006286,17.5,72.5
2480455.0,13.45087,74.69737,12.5,72.5
2497522.0,55.854213,82.703478,57.5,82.5
9273219.0,36.127454,115.757719,37.5,117.5
6055063.0,23.558497,120.654443,22.5,122.5
1897685.0,22.373422,114.265325,22.5,112.5
2494543.0,54.84004,83.09385,52.5,82.5
1691338.0,1.448905,103.728987,2.5,102.5
2931088.0,25.132289,121.513231,27.5,122.5
11158988.0,1.441957,103.735902,2.5,102.5
2066753.0,19.354206,83.787658,17.5,82.5
1931109.0,4.243087,101.322586,2.5,102.5
3592331.0,22.251039,113.916406,22.5,112.5
10704098.0,39.566075,113.187142,37.5,112.5
1043321.0,17.420742,78.547602,17.5,77.5
6101015.0,24.579818,117.915752,22.5,117.5
2491591.0,36.895107,126.271932,37.5,127.5
2882803.0,40.177445,28.998828,42.5,27.5
11535847.0,18.554031,73.790458,17.5,72.5
6130512.0,10.786992,106.706667,12.5,107.5
2495000.0,56.921347,60.688371,57.5,62.5
2481889.0,12.717904,80.212587,12.5,82.5
5137808.0,22.496295,114.145088,22.5,112.5
5425623.0,32.17036,34.904101,32.5,32.5
2495486.0,3.550614,98.126432,2.5,97.5
2475742.0,1.423322,103.8423,2.5,102.5
2513916.0,35.105633,139.07795,37.5,137.5
8334203.0,24.951055,121.535395,22.5,122.5
5232143.0,30.268056,120.06629,32.5,122.5
2489362.0,30.395097,78.09436,32.5,77.5
2480899.0,6.494597,99.303483,7.5,97.5
2481886.0,37.218295,138.349799,37.5,137.5
7342055.0,37.567789,126.987266,37.5,127.5
5131339.0,12.931101,80.168266,12.5,82.5
2437935.0,43.350473,79.080847,42.5,77.5
7157705.0,22.556969,114.16478,22.5,112.5
4393233.0,30.321598,120.086914,32.5,122.5
5378650.0,25.133817,121.510553,27.5,122.5
2480767.0,21.336842,76.506083,22.5,77.5
2407403.0,27.850307,34.317716,27.5,32.5
9705453.0,57.124456,65.626175,57.5,67.5
2492509.0,31.143286,121.439697,32.5,122.5
5284667.0,51.038431,85.590325,52.5,87.5
2227757.0,1.257826,103.807564,2.5,102.5
2486151.0,1.312838,103.815676,2.5,102.5
4995642.0,10.325304,103.858402,12.5,102.5
2289535.0,22.339781,120.370743,22.5,122.5
2442153.0,12.139369,79.992004,12.5,77.5
2480433.0,8.484364,77.336707,7.5,77.5
2874581.0,16.302415,100.705388,17.5,102.5
5231190.0,51.937045,85.322673,52.5,87.5
4221673.0,25.131736,121.518739,27.5,122.5
2474377.0,12.855572,79.359378,12.5,77.5
2492680.0,1.266509,103.802065,2.5,102.5
2481726.0,18.68831,110.392047,17.5,112.5
5231198.0,-7.310926,112.823249,-7.5,112.5
7992365.0,6.991572,80.40455,7.5,82.5
5421144.0,25.132025,121.508264,27.5,122.5
3179997.0,25.133461,121.509928,27.5,122.5
4286934.0,35.385945,136.670258,37.5,137.5
2484608.0,31.044568,121.491768,32.5,122.5
2871003.0,25.129211,121.519378,27.5,122.5
2426861.0,18.63268,108.936235,17.5,107.5
2436756.0,53.176887,83.301552,52.5,82.5
2486121.0,-6.12165,106.868375,-7.5,107.5
2334438.0,22.339781,120.370743,22.5,122.5
6101223.0,38.420171,27.13909,37.5,27.5
3062975.0,34.77747,32.405078,32.5,32.5
7691806.0,13.746678,100.260742,12.5,102.5
5339879.0,-0.894159,119.881509,-2.5,117.5
2496161.0,-7.734316,112.529545,-7.5,112.5
2494329.0,51.937213,85.322555,52.5,87.5
1867993.0,37.457049,128.140729,37.5,127.5
6385660.0,25.131722,121.518778,27.5,122.5
2498261.0,44.675248,37.797652,42.5,37.5
2495414.0,16.35252,100.674553,17.5,102.5
4361017.0,1.259895,103.806885,2.5,102.5
5130476.0,13.340906,121.846986,12.5,122.5
2487871.0,56.800312,60.678855,57.5,62.5
2484916.0,55.369708,86.176403,57.5,87.5
2495342.0,22.850543,72.091815,22.5,72.5
7313778.0,25.131742,121.518158,27.5,122.5
5246344.0,1.3542,103.796086,2.5,102.5
5231198.0,55.366681,86.183567,57.5,87.5
2494771.0,52.01632,87.16614,52.5,87.5
4069816.0,24.042488,120.781235,22.5,122.5
2482451.0,8.509595,76.95485,7.5,77.5
3190583.0,34.892942,32.341867,32.5,32.5
3579089.0,-8.164393,114.435859,-7.5,112.5
2480311.0,1.282445,103.878227,2.5,102.5
2495757.0,24.163742,89.012177,22.5,87.5
9705453.0,56.952399,72.640552,57.5,72.5
2475988.0,8.24806,80.710968,7.5,82.5
9511669.0,19.724255,109.242307,17.5,107.5
2480904.0,-8.596173,115.251958,-7.5,117.5
5378650.0,25.132114,121.508203,27.5,122.5
8108495.0,25.131236,121.516944,27.5,122.5
5378650.0,25.128033,121.518989,27.5,122.5
2482048.0,35.69128,139.956826,37.5,137.5
2493969.0,3.695417,101.748938,2.5,102.5
5337190.0,24.951978,121.534722,22.5,122.5
5137861.0,17.684817,83.199002,17.5,82.5
9797180.0,1.358197,103.849248,2.5,102.5
9616058.0,24.51115,118.42615,22.5,117.5
2497894.0,55.793004,82.395761,57.5,82.5
2497509.0,55.267534,83.445538,57.5,82.5
2498112.0,37.218295,138.349799,37.5,137.5
5555210.0,22.420609,114.061431,22.5,112.5
5387974.0,25.082535,121.603164,27.5,122.5
2876873.0,25.125683,121.519378,27.5,122.5
2650436.0,29.945166,118.013122,27.5,117.5
1928908.0,22.428875,114.180886,22.5,112.5
1936969.0,32.735666,35.089225,32.5,37.5
5806166.0,23.144908,80.044753,22.5,82.5
1321484.0,1.410587,103.778357,2.5,102.5
2484678.0,22.464461,113.995353,22.5,112.5
5229493.0,56.484722,60.808863,57.5,62.5
2970418.0,22.613982,120.263509,22.5,122.5
2498034.0,40.018014,116.390256,42.5,117.5
5229131.0,17.457778,78.357975,17.5,77.5
2487603.0,43.552372,144.823878,42.5,142.5
2481819.0,35.133502,135.991125,37.5,137.5
1932607.0,-6.034399,106.985829,-7.5,107.5
6129736.0,24.989373,121.648975,22.5,122.5
2482515.0,52.276157,85.439498,52.5,87.5
2158544.0,11.683845,78.165564,12.5,77.5
5224312.0,14.62373,79.047142,12.5,77.5
1921150.0,22.666414,120.545358,22.5,122.5
5133687.0,13.044519,80.279035,12.5,82.5
7690055.0,51.910718,85.372289,52.5,87.5
2482065.0,43.397368,39.981435,42.5,37.5
2497509.0,52.295504,85.667365,52.5,87.5
2498255.0,35.896952,140.506733,37.5,142.5
2473421.0,55.82474,82.438163,57.5,82.5
5229126.0,24.811523,120.916485,22.5,122.5
9797180.0,35.627985,35.920135,37.5,37.5
4038333.0,24.962156,121.626589,22.5,122.5
1428409.0,7.892173,80.726342,7.5,82.5
2495414.0,36.322787,139.011597,37.5,137.5
2482421.0,24.993091,121.664151,22.5,122.5
5228328.0,12.717904,80.212587,12.5,82.5
2486150.0,31.445061,120.210025,32.5,122.5
1928849.0,22.428875,114.180886,22.5,112.5
5793254.0,24.528182,123.890964,22.5,122.5
1325561.0,10.041259,76.322982,12.5,77.5
5142730.0,22.458147,114.182098,22.5,112.5
8047443.0,23.559419,120.605523,22.5,122.5
5959892.0,22.31036,114.00704,22.5,112.5
2477968.0,56.812685,60.64017,57.5,62.5
2498026.0,35.842105,139.60463,37.5,137.5
10897717.0,32.653688,35.55781,32.5,37.5
2480567.0,52.023517,84.100782,52.5,82.5
9761484.0,52.29462,85.634763,52.5,87.5
7885381.0,3.209053,101.843517,2.5,102.5
5219173.0,9.660887,122.985092,7.5,122.5
1935849.0,22.373717,114.264075,22.5,112.5
1908660.0,10.32777,106.351405,12.5,107.5
3087725.0,22.638472,120.275605,22.5,122.5
2480482.0,19.1406,72.959944,17.5,72.5
2498112.0,12.717904,80.212587,12.5,82.5
2417522.0,3.717267,72.758961,2.5,72.5
2475679.0,12.80469,80.241398,12.5,82.5
2494543.0,55.170697,61.337976,57.5,62.5
1601050.0,51.867358,85.26153,52.5,87.5
2494543.0,56.952373,72.640631,57.5,72.5
5130814.0,9.950119,76.74619,7.5,77.5
1816362.0,25.155349,121.710912,27.5,122.5
2491534.0,52.819542,79.78528,52.5,77.5
1939180.0,8.645269,77.200924,7.5,77.5
4060073.0,31.932543,34.78318,32.5,32.5
2489005.0,24.670652,121.634995,22.5,122.5
5231223.0,30.315357,113.886415,32.5,112.5
2490755.0,22.335012,114.137371,22.5,112.5
7952806.0,24.997103,121.344994,22.5,122.5
2494146.0,35.980278,119.404144,37.5,117.5
5384950.0,25.427628,81.843486,27.5,82.5
2481938.0,12.975506,77.689801,12.5,77.5
7342055.0,35.676503,139.815003,37.5,137.5
1341979.0,25.606113,85.017334,27.5,87.5
2474416.0,2.960873,101.69664,2.5,102.5
5341748.0,34.776628,32.404383,32.5,32.5
2481746.0,-7.310774,112.82328,-7.5,112.5
6370562.0,22.057706,120.825158,22.5,122.5
2475532.0,35.904407,139.696999,37.5,137.5
6066512.0,-7.310821,112.8233,-7.5,112.5
2651586.0,23.471269,120.488314,22.5,122.5
6445734.0,25.131256,121.507461,27.5,122.5
2493967.0,22.423536,114.112435,22.5,112.5
5231198.0,57.124417,65.626153,57.5,67.5
2486150.0,22.625738,113.808395,22.5,112.5
9713326.0,30.102472,119.002214,32.5,117.5
10823562.0,51.936562,85.325002,52.5,87.5
5130471.0,1.427928,103.839939,2.5,102.5
9687165.0,31.195695,35.334928,32.5,37.5
2473654.0,24.377788,120.93598,22.5,122.5
4286960.0,35.211307,136.75225,37.5,137.5
2432627.0,35.371778,136.426325,37.5,137.5
2498415.0,36.393919,127.409644,37.5,127.5
2379874.0,27.913385,34.349067,27.5,32.5
5742390.0,32.303847,34.876221,32.5,32.5
2481800.0,8.629536,98.243633,7.5,97.5
9515886.0,24.555828,117.981989,22.5,117.5
5182430.0,1.214126,103.836136,2.5,102.5
1896304.0,8.395218,80.625289,7.5,82.5
8187082.0,35.287395,136.669756,37.5,137.5
9797180.0,1.377882,103.952491,2.5,102.5
2480509.0,12.285612,80.056355,12.5,82.5
1317388.0,10.22006,76.201332,12.5,77.5
2492680.0,29.565684,106.551184,27.5,107.5
2920037.0,22.227913,114.116403,22.5,112.5
5232234.0,1.446978,103.72426,2.5,102.5
2489514.0,-8.051554,114.156573,-7.5,112.5
2498112.0,35.655001,139.446229,37.5,137.5
6101230.0,12.092662,93.133938,12.5,92.5
1043321.0,20.070658,110.330482,22.5,112.5
2495455.0,32.677645,35.078241,32.5,37.5
2738434.0,12.569265,101.449487,12.5,102.5
5716735.0,23.39497,58.803872,22.5,57.5
9451184.0,11.430077,77.745648,12.5,77.5
1994894.0,25.014625,121.541944,27.5,122.5
2752924.0,42.952347,140.504761,42.5,142.5
2498061.0,35.648517,139.438876,37.5,137.5
5331916.0,55.251822,85.832588,57.5,87.5
2486150.0,39.883158,116.412343,37.5,117.5
9752617.0,53.32907,83.798864,52.5,82.5
2492960.0,25.116988,73.143812,27.5,72.5
6100921.0,31.443321,120.204523,32.5,122.5
1931934.0,5.413659,100.782342,7.5,102.5
2481890.0,12.804274,80.245152,12.5,82.5
2478211.0,19.403564,98.921192,17.5,97.5
2480685.0,8.520667,76.906958,7.5,77.5
1932607.0,13.548894,100.599433,12.5,102.5
9687165.0,42.289755,69.589432,42.5,67.5
5972195.0,1.388826,103.941365,2.5,102.5
2743883.0,34.986195,32.34953,32.5,32.5
2487866.0,55.023472,73.310873,57.5,72.5
11743480.0,22.066432,120.801255,22.5,122.5
1318539.0,22.617189,113.880272,22.5,112.5
2490773.0,30.254034,120.123515,32.5,122.5
9797180.0,35.039907,135.728631,37.5,137.5
5414375.0,1.267825,103.804761,2.5,102.5
9326020.0,1.294392,103.847105,2.5,102.5
2498285.0,37.744755,119.142608,37.5,117.5
10704098.0,39.164775,117.218262,37.5,117.5
9409796.0,51.928113,85.344851,52.5,87.5
1423263.0,10.289583,76.205722,12.5,77.5
2474377.0,31.443125,120.207575,32.5,122.5
2498344.0,1.321078,103.816433,2.5,102.5
5229126.0,25.082847,121.201075,27.5,122.5
5793241.0,1.42317,103.842378,2.5,102.5
2178890.0,12.377589,76.66204,12.5,77.5
2379874.0,27.84742,34.314356,27.5,32.5
5229493.0,51.888335,85.320548,52.5,87.5
1707497.0,1.320859,103.769375,2.5,102.5
5229493.0,36.481912,138.540297,37.5,137.5
2478507.0,35.244275,139.052445,37.5,137.5
2158977.0,26.484378,127.84138,27.5,127.5
6198302.0,1.319423,103.750388,2.5,102.5
2480934.0,1.358345,103.84948,2.5,102.5
2497522.0,55.93483,82.343844,57.5,82.5
5866213.0,33.732298,134.527661,32.5,132.5
4097810.0,24.855097,121.73043,22.5,122.5
2890541.0,32.303885,34.879364,32.5,32.5
5817907.0,25.018302,121.99919,27.5,122.5
9750846.0,1.325023,103.772035,2.5,102.5
7691806.0,13.518589,100.3097,12.5,102.5
5384467.0,35.936291,119.602745,37.5,117.5
2497492.0,1.38162,103.948437,2.5,102.5
5185632.0,11.62768,92.752016,12.5,92.5
2443002.0,25.070959,121.496027,27.5,122.5
2375162.0,22.339781,120.370743,22.5,122.5
10670284.0,22.766469,120.699962,22.5,122.5
2174173.0,1.319423,103.750388,2.5,102.5
5341792.0,-7.366259,112.755207,-7.5,112.5
1088045.0,22.505824,114.368637,22.5,112.5
5229490.0,57.092961,65.539147,57.5,67.5
2437397.0,5.87647,117.944313,7.5,117.5
2484916.0,55.955887,92.747836,57.5,92.5
2443729.0,6.089662,116.567838,7.5,117.5
2996831.0,23.589495,120.623252,22.5,122.5
7346301.0,19.867162,72.897877,17.5,72.5
1920496.0,32.945545,35.07407,32.5,37.5
5229045.0,-6.087622,106.999758,-7.5,107.5
11107022.0,22.386232,114.369901,22.5,112.5
5229126.0,23.361936,120.407625,22.5,122.5
5231190.0,26.894274,75.815543,27.5,77.5
2481800.0,1.282445,103.878225,2.5,102.5
2486132.0,19.015496,73.006286,17.5,72.5
7366997.0,25.048681,121.422442,27.5,122.5
4006670.0,36.209331,120.446909,37.5,122.5
9761484.0,52.306762,85.607696,52.5,87.5
2480905.0,11.40873,77.618065,12.5,77.5
11535847.0,1.260318,103.691035,2.5,102.5
8391312.0,23.53783,120.69104,22.5,122.5
5229490.0,56.034968,92.946957,57.5,92.5
6133271.0,24.991942,121.546037,22.5,122.5
7141664.0,40.079831,116.04369,42.5,117.5
5137832.0,18.554031,73.790458,17.5,72.5
1924298.0,22.450338,114.125114,22.5,112.5
8108495.0,25.169281,121.58131,27.5,122.5
2481800.0,12.804274,80.245152,12.5,82.5
2475679.0,25.013718,51.161681,27.5,52.5
5131490.0,-7.679175,110.354562,-7.5,112.5
2714679.0,23.467838,120.485525,22.5,122.5
2482513.0,38.192951,37.211073,37.5,37.5
2490755.0,20.056494,99.075111,22.5,97.5
1926436.0,22.380295,113.958781,22.5,112.5
2477968.0,56.916885,60.648032,57.5,62.5
2441133.0,22.866364,72.055273,22.5,72.5
5845582.0,39.196487,32.199539,37.5,32.5
10704098.0,34.001919,109.096467,32.5,107.5
9761484.0,33.605801,130.419874,32.5,132.5
2925303.0,22.338601,114.264071,22.5,112.5
4097810.0,3.711868,101.736556,2.5,102.5
5350336.0,1.448911,103.72893,2.5,102.5
2493618.0,13.744156,100.811251,12.5,102.5
2480876.0,35.673985,139.426756,37.5,137.5
2493075.0,22.244395,114.153845,22.5,112.5
2225629.0,29.929647,122.033209,27.5,122.5
1429152.0,1.334624,103.817803,2.5,102.5
1924298.0,5.393861,100.259067,7.5,102.5
9480191.0,24.662654,121.84451,22.5,122.5
3086240.0,25.407016,81.847208,27.5,82.5
4359297.0,25.01817,121.999242,27.5,122.5
1076354.0,18.355792,100.321183,17.5,102.5
2482451.0,12.918313,77.680097,12.5,77.5
2925665.0,22.68827,114.203112,22.5,112.5
2969284.0,14.809554,121.02824,12.5,122.5
7299714.0,24.840405,121.736435,22.5,122.5
1928419.0,22.222756,113.916225,22.5,112.5
2484659.0,18.542684,98.517257,17.5,97.5
3120972.0,37.298102,127.068762,37.5,127.5
3086240.0,29.563675,106.549225,27.5,107.5
2495000.0,57.127993,65.631578,57.5,67.5
3101212.0,25.163071,121.707269,27.5,122.5
2482515.0,54.770051,83.075974,52.5,82.5
1924458.0,22.519828,114.215449,22.5,112.5
3026541.0,40.079168,116.043131,42.5,117.5
2437396.0,1.441178,103.736704,2.5,102.5
1928849.0,22.535616,114.186732,22.5,112.5
6100944.0,35.974766,119.398796,37.5,117.5
6101015.0,36.370324,127.391957,37.5,127.5
2474732.0,3.498318,73.529948,2.5,72.5
2478548.0,40.0125,116.391869,42.5,117.5
9372809.0,0.464059,101.465689,2.5,102.5
3087725.0,11.255133,77.649257,12.5,77.5
10508423.0,5.395168,100.26007,7.5,102.5
9615912.0,35.893292,140.505688,37.5,142.5
5877908.0,32.052117,118.553612,32.5,117.5
9273219.0,23.29285,113.71657,22.5,112.5
6100851.0,19.128822,108.662336,17.5,107.5
5738747.0,24.893322,121.205488,22.5,122.5
2493467.0,35.614316,110.666307,37.5,112.5
6101224.0,8.629567,98.243517,7.5,97.5
2490244.0,30.20768,120.14013,32.5,122.5
2457103.0,1.368619,103.827526,2.5,102.5
6101031.0,22.409324,114.104524,22.5,112.5
5229490.0,56.092288,69.528689,57.5,67.5
4448423.0,32.305672,34.878733,32.5,32.5
2475923.0,17.418228,78.547257,17.5,77.5
2480311.0,15.481292,73.806811,17.5,72.5
3074251.0,22.950249,120.641591,22.5,122.5
2437566.0,27.333107,90.745646,27.5,92.5
2497509.0,53.565941,85.179009,52.5,87.5
9797180.0,35.67687,139.820205,37.5,137.5
2474377.0,35.676228,139.820205,37.5,137.5
2498415.0,13.712335,75.252464,12.5,77.5
5421427.0,17.821228,102.830716,17.5,102.5
3172077.0,24.379869,120.912217,22.5,122.5
2493455.0,22.375045,114.263947,22.5,112.5
3114151.0,29.93886,118.008625,27.5,117.5
2486150.0,19.125567,108.655406,17.5,107.5
6101070.0,31.25322,121.648947,32.5,122.5
2498347.0,36.900427,126.26902,37.5,127.5
5414258.0,29.937991,118.007525,27.5,117.5
2480876.0,30.658288,104.126442,32.5,102.5
1405061.0,11.616153,75.809631,12.5,77.5
10732242.0,18.982475,72.805672,17.5,72.5
2493091.0,30.469556,73.481667,32.5,72.5
4798726.0,9.888717,78.049529,7.5,77.5
1428673.0,23.543432,58.348419,22.5,57.5
2498343.0,35.428833,138.852953,37.5,137.5
8262148.0,3.497411,73.526299,2.5,72.5
2479226.0,1.324188,103.754984,2.5,102.5
2482492.0,51.897852,85.313787,52.5,87.5
7304374.0,22.872397,120.654074,22.5,122.5
1922244.0,19.141906,72.964628,17.5,72.5
5228199.0,35.981251,119.397865,37.5,117.5
5128034.0,1.379417,103.757953,2.5,102.5
2493324.0,6.425438,79.996628,7.5,77.5
2816456.0,3.711868,101.736556,2.5,102.5
5128644.0,25.71646,119.34412,27.5,117.5
2484916.0,56.598538,84.809204,57.5,82.5
2495817.0,13.60412,100.477096,12.5,102.5
2489006.0,13.508962,77.659814,12.5,77.5
2926958.0,25.163152,121.707096,27.5,122.5
5335125.0,25.133764,121.510689,27.5,122.5
2435035.0,31.220955,121.456136,32.5,122.5
2494998.0,30.644603,104.184005,32.5,102.5
9797180.0,35.944392,139.826095,37.5,137.5
2498343.0,35.893763,140.50633,37.5,142.5
2171214.0,18.997106,73.350883,17.5,72.5
2477968.0,56.901718,60.654078,57.5,62.5
5231198.0,25.132608,121.490842,27.5,122.5
2481728.0,36.127636,115.756788,37.5,117.5
3084027.0,-5.976349,106.705199,-7.5,107.5
2481916.0,37.73118,119.004704,37.5,117.5
2480876.0,31.443691,120.210017,32.5,122.5
8382161.0,23.243998,120.621997,22.5,122.5
5231198.0,39.118586,32.018109,37.5,32.5
10758525.0,5.87547,117.943397,7.5,117.5
2490283.0,24.670659,121.634489,22.5,122.5
7341881.0,35.657051,139.446358,37.5,137.5
7365664.0,12.456289,102.139061,12.5,102.5
1926436.0,22.558957,114.372259,22.5,112.5
7265907.0,25.132392,121.512986,27.5,122.5
9701857.0,21.336842,76.506083,22.5,77.5
5131565.0,12.894924,77.591727,12.5,77.5
5130813.0,4.243275,101.32336,2.5,102.5
6066512.0,12.264575,99.933142,12.5,97.5
2494329.0,56.863971,60.688653,57.5,62.5
2487879.0,56.851957,60.682786,57.5,62.5
2535598.0,-1.642197,103.581777,-2.5,102.5
5231190.0,56.830418,86.648419,57.5,87.5
9752617.0,35.551205,139.53688,37.5,137.5
3172574.0,19.098969,108.625461,17.5,107.5
9761484.0,35.687992,139.81897,37.5,137.5
2454880.0,17.430041,78.389459,17.5,77.5
2484916.0,40.038462,115.502529,42.5,117.5
10159697.0,5.414023,100.782687,7.5,102.5
2470685.0,13.667962,101.222195,12.5,102.5
5232234.0,1.380756,103.952135,2.5,102.5
9717283.0,17.520336,103.807531,17.5,102.5
9761484.0,13.9158,100.478813,12.5,102.5
2494543.0,54.84177,83.09893,52.5,82.5
2891641.0,25.1326,121.508681,27.5,122.5
9450106.0,21.531662,76.735081,22.5,77.5
2050778.0,1.319423,103.750388,2.5,102.5
2482499.0,24.835188,67.038628,22.5,67.5
2480297.0,21.350934,110.208904,22.5,112.5
2421636.0,17.536207,121.771496,17.5,122.5
2484701.0,22.649309,114.294375,22.5,112.5
3074251.0,25.070676,121.579248,27.5,122.5
2492509.0,35.980488,119.403915,37.5,117.5
6133858.0,1.334624,103.817803,2.5,102.5
2492680.0,24.242609,120.687555,22.5,122.5
2493467.0,40.080789,116.0445,42.5,117.5
2496467.0,-6.182012,106.888328,-7.5,107.5
2475452.0,11.156081,119.398667,12.5,117.5
1423162.0,11.401412,77.76969,12.5,77.5
5229410.0,26.961695,94.628059,27.5,92.5
2480841.0,22.90675,120.5551,22.5,122.5
6955369.0,8.395218,80.625289,7.5,82.5
4264680.0,44.677773,37.799167,42.5,37.5
5229133.0,32.779864,74.35211,32.5,72.5
5228328.0,8.395218,80.625289,7.5,82.5
2491521.0,22.826225,72.107686,22.5,72.5
2492605.0,22.828261,72.056125,22.5,72.5
7346444.0,19.141906,72.964628,17.5,72.5
9497687.0,31.929837,34.958082,32.5,32.5
7634625.0,39.056694,32.160117,37.5,32.5
3101212.0,35.643691,139.438395,37.5,137.5
5231223.0,24.69667,121.039192,22.5,122.5
7690055.0,55.976529,92.794555,57.5,92.5
6101223.0,21.531662,76.735081,22.5,77.5
8040540.0,25.125422,121.5195,27.5,122.5
1427855.0,19.354225,83.787683,17.5,82.5
5336254.0,23.558572,120.605784,22.5,122.5
5415463.0,12.975506,77.689801,12.5,77.5
2486625.0,22.698611,120.309785,22.5,122.5
2403892.0,4.246707,118.63112,2.5,117.5
2436940.0,39.983494,32.661553,37.5,32.5
2486118.0,1.360113,103.72579,2.5,102.5
5231198.0,55.973548,92.798302,57.5,92.5
2477927.0,57.915084,59.966759,57.5,57.5
2482515.0,51.918204,85.34991,52.5,87.5
5391861.0,24.685743,121.126472,22.5,122.5
2495414.0,28.592737,77.246178,27.5,77.5
3188706.0,21.938844,120.798792,22.5,122.5
9246409.0,-7.310769,112.823271,-7.5,112.5
2493623.0,13.744068,100.811096,12.5,102.5
10704098.0,40.030287,116.400662,42.5,117.5
5228199.0,31.952539,117.383442,32.5,117.5
2495000.0,53.369759,83.717263,52.5,82.5
5844847.0,22.244475,114.147993,22.5,112.5
4358543.0,12.53917,101.448369,12.5,102.5
4156587.0,23.524112,120.602946,22.5,122.5
5231223.0,33.943432,118.284756,32.5,117.5
3086448.0,24.238029,120.972489,22.5,122.5
2480372.0,22.693957,121.072328,22.5,122.5
2436603.0,2.805779,101.697908,2.5,102.5
10508423.0,1.334624,103.817803,2.5,102.5
2486144.0,5.98409,116.143864,7.5,117.5
5738654.0,32.127142,119.081894,32.5,117.5
1341979.0,22.690536,120.30522,22.5,122.5
9326020.0,1.30131,103.908886,2.5,102.5
9687165.0,35.639081,139.857197,37.5,137.5
2495414.0,3.052526,101.67517,2.5,102.5
2487866.0,51.660302,84.279044,52.5,82.5
11047823.0,25.160357,121.706961,27.5,122.5
5738747.0,24.826219,121.013178,22.5,122.5
6374830.0,32.702505,35.12062,32.5,37.5
2475449.0,1.324188,103.754984,2.5,102.5
2941456.0,22.863145,120.660425,22.5,122.5
5137166.0,22.380295,113.958781,22.5,112.5
4995642.0,5.972029,102.304955,7.5,102.5
1904701.0,10.776947,106.695764,12.5,107.5
5130369.0,5.575645,115.979844,7.5,117.5
2495696.0,40.090514,113.288567,42.5,112.5
2858963.0,31.750539,35.039678,32.5,37.5
2435035.0,37.522374,126.955033,37.5,127.5
2480880.0,1.335462,103.73138,2.5,102.5
2494543.0,38.278061,141.464156,37.5,142.5
9537238.0,17.519701,103.806072,17.5,102.5
4179081.0,22.866151,120.659653,22.5,122.5
8908559.0,12.819702,77.548591,12.5,77.5
3606090.0,24.951067,121.535338,22.5,122.5
9451184.0,31.420429,76.733478,32.5,77.5
5131407.0,1.360057,103.777784,2.5,102.5
5130851.0,22.380295,113.958781,22.5,112.5
5184547.0,15.376355,73.918613,17.5,72.5
2931088.0,-7.152477,111.886929,-7.5,112.5
7330924.0,22.250908,113.916765,22.5,112.5
9797180.0,36.789704,127.141443,37.5,127.5
3169317.0,33.069277,35.11434,32.5,37.5
7341971.0,40.078738,116.047457,42.5,117.5
5229490.0,56.914172,60.649212,57.5,62.5
6993614.0,12.845083,77.58718,12.5,77.5
7342005.0,22.490764,114.222288,22.5,112.5
2495414.0,51.933712,85.325583,52.5,87.5
6100851.0,23.294613,113.720807,22.5,112.5
1707497.0,1.319423,103.750388,2.5,102.5
9797180.0,35.65583,139.444642,37.5,137.5
2480863.0,31.609784,120.742585,32.5,122.5
3819030.0,23.538519,120.688355,22.5,122.5
3169713.0,29.944407,118.012758,27.5,117.5
2490277.0,1.277922,103.866571,2.5,102.5
5171038.0,20.164903,85.612809,22.5,87.5
2891707.0,25.073133,121.589988,27.5,122.5
5231190.0,35.784405,51.417691,37.5,52.5
2495455.0,56.913187,60.650173,57.5,62.5
9273219.0,23.295918,113.719234,22.5,112.5
2385518.0,28.332524,129.582967,27.5,127.5
2486822.0,13.743067,100.380975,12.5,102.5
4287413.0,1.283675,103.866822,2.5,102.5
7346344.0,22.376213,114.048881,22.5,112.5
5131339.0,10.182887,76.284363,12.5,77.5
8211070.0,63.200619,75.410105,62.5,77.5
8661547.0,22.105333,96.582142,22.5,97.5
5231198.0,56.014946,69.478845,57.5,67.5
5231630.0,53.358935,83.710464,52.5,82.5
2953113.0,23.330537,121.224762,22.5,122.5
8214667.0,24.970523,55.245338,22.5,57.5
2498347.0,36.893033,126.261247,37.5,127.5
7317060.0,30.410031,114.524927,32.5,112.5
2480876.0,22.505215,114.110388,22.5,112.5
2474377.0,31.440437,120.210959,32.5,122.5
1925543.0,22.451408,114.128284,22.5,112.5
3836457.0,25.164829,121.706557,27.5,122.5
2477968.0,57.184749,85.825225,57.5,87.5
3169317.0,33.276263,35.584033,32.5,37.5
5846407.0,12.819064,77.549331,12.5,77.5
2981001.0,22.070264,120.76928,22.5,122.5
2475452.0,-7.311003,112.823188,-7.5,112.5
2480524.0,55.04939,85.822078,57.5,87.5
2650435.0,25.043035,121.553741,27.5,122.5
3184369.0,25.127856,121.518914,27.5,122.5
1043321.0,20.598032,79.868962,22.5,77.5
2493599.0,-6.175392,106.827153,-7.5,107.5
2497522.0,55.392044,73.440237,57.5,72.5
5806167.0,19.081286,102.421158,17.5,102.5
2490737.0,53.33225,83.674539,52.5,82.5
2494146.0,36.063182,120.350861,37.5,122.5
1862401.0,18.664385,73.776138,17.5,72.5
7300724.0,24.853606,121.551583,22.5,122.5
1311258.0,1.346756,103.759762,2.5,102.5
5229126.0,6.897413,79.926492,7.5,77.5
5228328.0,14.38076,99.144553,12.5,97.5
3116842.0,25.132203,121.513864,27.5,122.5
5857680.0,35.385945,136.670258,37.5,137.5
7341536.0,31.143363,121.440139,32.5,122.5
2497522.0,55.243592,73.575507,57.5,72.5
3776760.0,22.765519,120.6986,22.5,122.5
5285637.0,43.159491,76.982897,42.5,77.5
7340196.0,1.31384,103.815914,2.5,102.5
2480331.0,16.351469,120.340529,17.5,122.5
2480899.0,7.739908,98.768592,7.5,97.5
2424669.0,5.909957,116.357491,7.5,117.5
2143015.0,1.228413,103.747468,2.5,102.5
2072196.0,19.0815,73.745536,17.5,72.5
2430499.0,18.729194,108.985696,17.5,107.5
2480876.0,12.242808,99.984506,12.5,97.5
2478548.0,56.91372,60.648992,57.5,62.5
2475532.0,35.031167,135.772933,37.5,137.5
2498255.0,35.676342,139.811037,37.5,137.5
5863635.0,21.379733,110.424232,22.5,112.5
1639760.0,31.792102,35.15826,32.5,37.5
1895499.0,1.424297,103.838591,2.5,102.5
2475410.0,22.444103,88.301862,22.5,87.5
9705453.0,56.82473,60.553616,57.5,62.5
1426766.0,-7.680081,110.354571,-7.5,112.5
2158544.0,12.881874,77.688727,12.5,77.5
7898948.0,1.398154,103.809372,2.5,102.5
5228199.0,36.064232,120.345262,37.5,122.5
2484916.0,61.024146,69.04607,62.5,67.5
2493598.0,-7.31076,112.823236,-7.5,112.5
2493598.0,13.526978,100.312014,12.5,102.5
3173321.0,22.079489,120.802445,22.5,122.5
5569978.0,25.132139,121.514169,27.5,122.5
2482065.0,44.67814,37.799745,42.5,37.5
2495486.0,1.263481,103.81285,2.5,102.5
5228199.0,25.031078,121.5348,27.5,122.5
7342005.0,22.449401,114.315637,22.5,112.5
2422538.0,11.656912,102.546433,12.5,102.5
2436613.0,6.823803,81.014779,7.5,82.5
1938069.0,4.695135,96.749399,2.5,97.5
2477326.0,-6.186585,107.170052,-7.5,107.5
2480905.0,25.406995,81.847189,27.5,82.5
1311477.0,23.129942,113.286313,22.5,112.5
1043321.0,22.462464,114.072039,22.5,112.5
5566022.0,33.070098,35.114034,32.5,37.5
2480876.0,31.43921,120.209283,32.5,122.5
2440934.0,12.311931,77.276921,12.5,77.5
7806873.0,24.23867,120.973155,22.5,122.5
10687228.0,19.912148,99.149996,17.5,97.5
2480876.0,19.151039,72.9563,17.5,72.5
2475679.0,22.15915,73.476745,22.5,72.5
5231223.0,23.292797,113.720625,22.5,112.5
2443722.0,1.406263,103.778594,2.5,102.5
2490955.0,35.749749,139.923854,37.5,137.5
5220158.0,24.882818,55.37653,22.5,57.5
8406468.0,23.54364,120.683483,22.5,122.5
2491582.0,36.863859,126.363839,37.5,127.5
2490244.0,23.183794,113.525976,22.5,112.5
5844385.0,40.085417,116.047781,42.5,117.5
2477927.0,36.483555,138.540008,37.5,137.5
1898970.0,1.334624,103.817803,2.5,102.5
5231270.0,19.831586,99.122971,17.5,97.5
2487866.0,51.873543,85.260099,52.5,87.5
7342055.0,35.640436,139.866231,37.5,137.5
7341597.0,30.469556,73.481667,32.5,72.5
2470685.0,3.052239,101.675805,2.5,102.5
4709111.0,1.294743,103.895685,2.5,102.5
8032257.0,35.630269,139.433788,37.5,137.5
2470732.0,1.345888,103.837258,2.5,102.5
2481197.0,24.291346,120.514344,22.5,122.5
8978362.0,22.229469,114.114541,22.5,112.5
2494686.0,53.399621,81.858179,52.5,82.5
1919340.0,22.36077,113.988884,22.5,112.5
3172300.0,44.469944,38.229858,42.5,37.5
2493969.0,1.383287,103.82172,2.5,102.5
2460886.0,1.368769,103.827508,2.5,102.5
7319359.0,24.951737,121.532972,22.5,122.5
3819030.0,24.851991,121.739199,22.5,122.5
7358042.0,24.601485,121.843573,22.5,122.5
1919534.0,22.36059,114.149782,22.5,112.5
2436603.0,3.147541,101.79778,2.5,102.5
2760669.0,5.463408,100.228984,7.5,102.5
2480876.0,30.883152,121.663868,32.5,122.5
9797180.0,22.2838,114.185172,22.5,112.5
2473958.0,51.994762,84.489951,52.5,82.5
10332233.0,-0.919188,119.906272,-2.5,117.5
7115794.0,22.728267,120.26738,22.5,122.5
5137858.0,1.339467,103.821441,2.5,102.5
2482499.0,1.288903,103.855758,2.5,102.5
3152036.0,17.367697,78.35948,17.5,77.5
2443244.0,24.986131,121.666412,22.5,122.5
2475379.0,25.480078,56.135829,27.5,57.5
2486151.0,22.276051,114.295424,22.5,112.5
1915080.0,22.59808,114.100357,22.5,112.5
5845038.0,16.737402,101.569537,17.5,102.5
2889355.0,22.615663,120.265993,22.5,122.5
3173178.0,5.521805,100.4334,7.5,102.5
3189394.0,3.14165,101.63166,2.5,102.5
8000602.0,35.031656,135.773238,37.5,137.5
3139807.0,22.61679,120.724067,22.5,122.5
2481703.0,13.632324,74.670222,12.5,72.5
1919589.0,1.326556,103.948546,2.5,102.5
2494194.0,43.114067,76.931073,42.5,77.5
3037063.0,23.054511,120.720369,22.5,122.5
9761484.0,51.955399,85.950427,52.5,87.5
3589079.0,36.53829,116.830933,37.5,117.5
5138200.0,1.334624,103.817803,2.5,102.5
2978466.0,24.997642,121.409478,22.5,122.5
1937514.0,3.240847,113.011187,2.5,112.5
2490740.0,39.926586,116.398626,37.5,117.5
2496347.0,22.39345,113.97367,22.5,112.5
3087725.0,22.888422,120.664106,22.5,122.5
5130369.0,1.401135,103.818546,2.5,102.5
2437245.0,9.790394,76.304693,7.5,77.5
2498415.0,22.822077,72.107402,22.5,72.5
5218878.0,57.920274,60.165321,57.5,62.5
9797180.0,24.670731,121.632587,22.5,122.5
6198302.0,1.424297,103.838591,2.5,102.5
2493598.0,13.531903,100.313264,12.5,102.5
5139201.0,22.992348,57.667842,22.5,57.5
2978466.0,24.181121,120.594193,22.5,122.5
5229493.0,51.996902,85.853025,52.5,87.5
2498061.0,30.646395,104.181495,32.5,102.5
7792756.0,22.652938,120.350075,22.5,122.5
5858758.0,40.867833,29.128858,42.5,27.5
3876382.0,23.555692,120.657465,22.5,122.5
2495000.0,36.482445,138.53958,37.5,137.5
2481713.0,9.108494,76.483687,7.5,77.5
2481714.0,22.510303,114.039208,22.5,112.5
7642610.0,13.727514,100.55452,12.5,102.5
5382478.0,17.418775,78.549419,17.5,77.5
2769204.0,34.776,32.404438,32.5,32.5
2484677.0,1.30809,103.815859,2.5,102.5
5788886.0,13.527186,100.311419,12.5,102.5
2484916.0,51.747212,84.053431,52.5,82.5
4377599.0,1.259733,103.806458,2.5,102.5
6358362.0,1.155695,104.577172,2.5,102.5
2494441.0,35.961906,119.420967,37.5,117.5
2480863.0,22.340357,114.197742,22.5,112.5
2487947.0,22.836342,120.232995,22.5,122.5
2475452.0,1.324188,103.754984,2.5,102.5
3774207.0,22.870578,120.656134,22.5,122.5
2486132.0,35.716201,51.389554,37.5,52.5
7346444.0,1.335579,103.731711,2.5,102.5
2486151.0,22.275362,114.295667,22.5,112.5
2436603.0,1.34254,103.850422,2.5,102.5
2494543.0,56.919403,60.664598,57.5,62.5
2477927.0,56.104748,69.452555,57.5,67.5
3770188.0,27.315315,88.214805,27.5,87.5
9705453.0,57.914652,60.131867,57.5,62.5
2486131.0,28.592972,77.24553,27.5,77.5
3087725.0,28.074429,95.336739,27.5,97.5
2475532.0,40.0163,116.378195,42.5,117.5
1911736.0,22.430277,114.245124,22.5,112.5
2484916.0,61.024334,69.045403,62.5,67.5
2332603.0,4.246638,118.631173,2.5,117.5
2986294.0,22.728463,120.26777,22.5,122.5
6101070.0,40.027036,116.381406,42.5,117.5
5809749.0,7.893016,80.726106,7.5,82.5
6519953.0,1.225557,103.74669,2.5,102.5
2490283.0,22.507824,114.111878,22.5,112.5
2484916.0,56.922996,60.689304,57.5,62.5
7341597.0,25.358017,55.345384,27.5,57.5
8790531.0,12.875367,80.234149,12.5,82.5
2486687.0,11.822939,75.429297,12.5,77.5
5384950.0,-7.152477,111.886929,-7.5,112.5
7342055.0,35.436143,139.393169,37.5,137.5
9797180.0,1.320859,103.769375,2.5,102.5
5228280.0,1.324188,103.754984,2.5,102.5
5332911.0,22.828659,120.66542,22.5,122.5
1931148.0,22.37458,113.883724,22.5,112.5
1924458.0,22.380295,113.958781,22.5,112.5
2495000.0,56.917963,60.664983,57.5,62.5
2484916.0,56.104856,69.452805,57.5,67.5
1919534.0,22.451258,114.023761,22.5,112.5
2480841.0,1.309336,103.814497,2.5,102.5
7304354.0,23.557518,120.655802,22.5,122.5
1422818.0,1.294462,103.845467,2.5,102.5
2498347.0,36.808532,126.31904,37.5,127.5
2495000.0,36.485347,138.540712,37.5,137.5
9204928.0,1.399853,103.806938,2.5,102.5
6100818.0,19.965629,99.039824,17.5,97.5
2278157.0,19.128592,108.650889,17.5,107.5
2443002.0,22.972897,120.221925,22.5,122.5
5131339.0,18.886728,81.906975,17.5,82.5
1938114.0,22.229469,114.114541,22.5,112.5
2889355.0,22.615,120.263997,22.5,122.5
2970418.0,22.61466,120.265166,22.5,122.5
8973109.0,40.20457,117.761733,42.5,117.5
2388891.0,3.497959,73.526604,2.5,72.5
2474732.0,13.850997,100.482245,12.5,102.5
2434249.0,5.963428,80.397187,7.5,82.5
1316805.0,10.04125,76.323375,12.5,77.5
9506131.0,10.774322,106.694361,12.5,107.5
6101070.0,43.552707,144.824943,42.5,142.5
9797180.0,35.015554,135.751455,37.5,137.5
2490297.0,35.955279,139.672691,37.5,137.5
2989706.0,22.250516,113.91886,22.5,112.5
7690055.0,54.923479,82.930858,52.5,82.5
2481713.0,22.507824,114.111878,22.5,112.5
7642610.0,13.044423,80.278402,12.5,82.5
2475452.0,11.155886,119.39843,12.5,117.5
1936969.0,32.677411,34.839735,32.5,32.5
5241128.0,5.353742,100.299308,7.5,102.5
3076120.0,23.754701,120.628985,22.5,122.5
2778478.0,35.059453,32.325958,37.5,32.5
1689442.0,35.646881,139.442459,37.5,137.5
2928768.0,25.098103,121.456336,27.5,122.5
5229493.0,56.713744,61.132415,57.5,62.5
5295472.0,25.159408,121.707472,27.5,122.5
5211134.0,27.848105,34.314441,27.5,32.5
2495000.0,56.581743,84.955525,57.5,82.5
4179081.0,22.862037,120.660082,22.5,122.5
3082283.0,35.315871,33.378685,37.5,32.5
2487879.0,56.912325,60.557838,57.5,62.5
1919340.0,22.380295,113.958781,22.5,112.5
2489160.0,22.877573,72.059614,22.5,72.5
6065824.0,44.473182,38.007583,42.5,37.5
2493598.0,1.278165,103.864637,2.5,102.5
7999386.0,-8.559158,115.318297,-7.5,117.5
2484912.0,25.085,102.772,27.5,102.5
5163151.0,39.918403,116.010728,37.5,117.5
2497894.0,55.358584,82.222144,57.5,82.5
4191172.0,5.463462,100.228769,7.5,102.5
7346444.0,1.319423,103.750388,2.5,102.5
2490719.0,43.238969,76.900642,42.5,77.5
5231198.0,40.019587,116.381222,42.5,117.5
4100206.0,24.474064,120.989594,22.5,122.5
9761484.0,56.812212,60.636778,57.5,62.5
2437396.0,1.3091,103.814642,2.5,102.5
5096009.0,22.873374,120.648078,22.5,122.5
1821934.0,23.592805,120.379671,22.5,122.5
8329645.0,32.178528,34.856632,32.5,32.5
2475379.0,23.399155,58.786013,22.5,57.5
2480242.0,24.318003,120.551413,22.5,122.5
7936733.0,23.331753,121.224337,22.5,122.5
2498347.0,37.758563,119.164272,37.5,117.5
5229490.0,54.766899,83.079131,52.5,82.5
1754263.0,1.334624,103.817803,2.5,102.5
5378605.0,22.638658,120.270797,22.5,122.5
2484605.0,57.093048,65.537792,57.5,67.5
8655717.0,9.807412,118.735087,7.5,117.5
2490310.0,29.947566,118.01076,27.5,117.5
5137847.0,5.412811,100.783332,7.5,102.5
2480863.0,3.052978,101.674794,2.5,102.5
1927034.0,22.376467,114.048958,22.5,112.5
7365664.0,20.267328,105.91382,22.5,107.5
2928666.0,25.159142,121.707777,27.5,122.5
5372513.0,56.922925,60.634873,57.5,62.5
2432087.0,1.34528,103.778728,2.5,102.5
2480934.0,1.357899,103.849469,2.5,102.5
2497509.0,55.308788,82.476457,57.5,82.5
3190580.0,35.301374,33.157829,37.5,32.5
2498061.0,25.097622,121.45401,27.5,122.5
5788854.0,18.629047,98.506467,17.5,97.5
2480904.0,-7.311008,112.823282,-7.5,112.5
5361841.0,25.027578,121.639175,27.5,122.5
2486625.0,22.696388,120.308101,22.5,122.5
2484916.0,57.124489,65.6258,57.5,67.5
5229131.0,21.531662,76.735081,22.5,77.5
5231198.0,54.769793,83.076101,52.5,82.5
2919748.0,25.131136,121.519072,27.5,122.5
2495471.0,52.291323,79.14477,52.5,77.5
2482492.0,52.468835,79.825653,52.5,77.5
2480906.0,32.132741,34.805052,32.5,32.5
7468624.0,11.440117,107.429632,12.5,107.5
1958158.0,22.420458,114.239225,22.5,112.5
2474732.0,1.266509,103.802065,2.5,102.5
4369989.0,25.018578,121.999207,27.5,122.5
2891707.0,24.159217,121.621372,22.5,122.5
7999386.0,25.187081,121.408497,27.5,122.5
1406548.0,1.427928,103.839939,2.5,102.5
5730531.0,18.982256,72.806408,17.5,72.5
6101070.0,36.624183,138.59697,37.5,137.5
2480506.0,43.10851,76.93866,42.5,77.5
2480934.0,1.357967,103.849568,2.5,102.5
2882631.0,23.267168,120.986892,22.5,122.5
2978466.0,24.179796,120.599399,22.5,122.5
2868827.0,11.420097,76.714128,12.5,77.5
2474950.0,22.861598,72.059828,22.5,72.5
2650730.0,22.89091,120.645695,22.5,122.5
2489036.0,1.339718,103.73191,2.5,102.5
1924298.0,5.393475,100.261039,7.5,102.5
2498112.0,24.650245,121.819845,22.5,122.5
2495414.0,54.96567,73.352775,52.5,72.5
2493091.0,32.629158,35.55286,32.5,37.5
6910190.0,22.426919,114.181434,22.5,112.5
2494543.0,56.952487,72.640522,57.5,72.5
2435035.0,31.242415,121.459516,32.5,122.5
2475392.0,12.311931,77.276921,12.5,77.5
1934211.0,22.428528,114.18036,22.5,112.5
1347420.0,1.334624,103.817803,2.5,102.5
2475532.0,22.883382,120.198328,22.5,122.5
9450106.0,17.457886,78.357617,17.5,77.5
2481938.0,22.886435,72.073367,22.5,72.5
5178716.0,4.246589,118.631277,2.5,117.5
2495455.0,44.57826,38.175788,42.5,37.5
3981426.0,23.559923,120.63853,22.5,122.5
9616058.0,44.501784,38.146135,42.5,37.5
2490955.0,36.902657,126.263358,37.5,127.5
5305698.0,1.446655,103.727895,2.5,102.5
2892634.0,18.554031,73.790458,17.5,72.5
1919348.0,1.334624,103.817803,2.5,102.5
2289324.0,28.227833,129.534321,27.5,127.5
2480311.0,35.671151,139.960763,37.5,137.5
1706492.0,22.297963,113.965655,22.5,112.5
7911152.0,24.960053,121.537997,22.5,122.5
2480934.0,1.324188,103.754984,2.5,102.5
2478548.0,51.899275,85.314771,52.5,87.5
2490737.0,53.233942,80.641907,52.5,82.5
1428645.0,1.365538,103.835912,2.5,102.5
2000152.0,35.6093,51.446681,37.5,52.5
2480637.0,56.921055,60.652066,57.5,62.5
3033261.0,34.775362,32.40592,32.5,32.5
5131339.0,12.910865,77.612799,12.5,77.5
2495486.0,15.849437,103.890012,17.5,102.5
2495093.0,60.169424,59.953505,62.5,57.5
2484605.0,54.770087,83.075293,52.5,82.5
8365251.0,25.126417,121.519203,27.5,122.5
2490669.0,44.677722,37.801293,42.5,37.5
2490297.0,35.000934,135.769054,37.5,137.5
5228199.0,17.435375,78.391886,17.5,77.5
2493031.0,1.44573,103.732958,2.5,102.5
5171038.0,22.073442,111.422539,22.5,112.5
1317388.0,10.043261,76.326864,12.5,77.5
9705453.0,56.015841,69.487759,57.5,67.5
3829491.0,17.418462,78.549167,17.5,77.5
2436756.0,55.921588,92.798095,57.5,92.5
2474377.0,36.79061,127.142515,37.5,127.5
2495486.0,-7.310767,112.823288,-7.5,112.5
2495000.0,56.596364,84.805876,57.5,82.5
2481938.0,11.891788,77.771567,12.5,77.5
2486770.0,8.491335,77.348111,7.5,77.5
2480880.0,1.301624,103.867489,2.5,102.5
3660419.0,23.064426,120.199151,22.5,122.5
2765359.0,24.603532,121.843808,22.5,122.5
2486121.0,26.044394,119.1984,27.5,117.5
2480863.0,22.998128,120.176628,22.5,122.5
4280088.0,41.696335,46.550339,42.5,47.5
6100962.0,30.268056,120.06629,32.5,122.5
5211134.0,27.847138,34.31439,27.5,32.5
2891772.0,-6.829224,107.883005,-7.5,107.5
10691530.0,1.397196,103.8077,2.5,102.5
2335642.0,12.045425,92.962173,12.5,92.5
1428813.0,8.685862,77.131492,7.5,77.5
5229165.0,35.988248,126.678468,37.5,127.5
2482048.0,22.236475,113.870735,22.5,112.5
5229131.0,24.173516,92.01986,22.5,92.5
8211070.0,56.861348,60.68836,57.5,62.5
2479226.0,28.59325,77.2473,27.5,77.5
6101070.0,36.060934,120.335455,37.5,122.5
2424089.0,1.410587,103.778357,2.5,102.5
2482451.0,28.735939,77.137908,27.5,77.5
9326020.0,1.38111,103.89679,2.5,102.5
5231630.0,57.914116,59.955116,57.5,57.5
9745211.0,5.947812,80.456915,7.5,82.5
2867495.0,31.932377,34.783227,32.5,32.5
6100818.0,18.584761,98.512891,17.5,97.5
2492822.0,13.744182,100.811305,12.5,102.5
5285637.0,53.325037,83.79359,52.5,82.5
11195179.0,21.999217,120.873047,22.5,122.5
2498326.0,52.28868,104.266845,52.5,102.5
2486822.0,12.000611,93.007095,12.5,92.5
7690055.0,56.589002,84.93361,57.5,82.5
9752617.0,25.132548,121.490727,27.5,122.5
5341492.0,21.222142,110.407936,22.5,112.5
2495414.0,35.659344,139.761272,37.5,137.5
2480899.0,12.56482,101.459013,12.5,102.5
2484916.0,36.483553,138.540055,37.5,137.5
2487866.0,36.484733,138.540437,37.5,137.5
1928908.0,22.586642,114.123101,22.5,112.5
2481890.0,28.3712,119.81772,27.5,117.5
8234570.0,12.311931,77.276921,12.5,77.5
1317433.0,5.983477,116.144005,7.5,117.5
7341196.0,14.338968,101.305702,12.5,102.5
1428418.0,23.540846,58.348484,22.5,57.5
1429465.0,1.325725,103.830375,2.5,102.5
2487871.0,56.713744,61.132415,57.5,62.5
2484916.0,56.582263,84.946976,57.5,82.5
1920374.0,19.006238,73.020283,17.5,72.5
1341979.0,1.347366,103.761291,2.5,102.5
2493528.0,20.047762,99.095405,22.5,97.5
2650930.0,25.01751,121.300336,27.5,122.5
3033977.0,24.793603,121.253272,22.5,122.5
2958970.0,21.938176,120.799195,22.5,122.5
1910629.0,22.380295,113.958781,22.5,112.5
9537238.0,22.97453,120.216745,22.5,122.5
10967955.0,29.608667,34.986334,27.5,32.5
2496161.0,-7.734305,112.529595,-7.5,112.5
2481800.0,-7.310691,112.823307,-7.5,112.5
2294275.0,34.776603,32.404433,32.5,32.5
2925649.0,25.607576,85.014168,27.5,87.5
2473958.0,53.817695,84.305904,52.5,82.5
5231198.0,56.016277,69.485982,57.5,67.5
2487879.0,55.49319,60.20903,57.5,62.5
3190583.0,34.894092,32.347562,32.5,32.5
2868323.0,23.706722,120.437528,22.5,122.5
2486151.0,26.152222,119.29065,27.5,117.5
7900084.0,23.506614,120.696405,22.5,122.5
2498261.0,44.511782,38.178674,42.5,37.5
1931956.0,5.395134,100.259922,7.5,102.5
5131443.0,22.428875,114.180886,22.5,112.5
1935849.0,22.455513,114.014884,22.5,112.5
2480841.0,1.311108,103.814361,2.5,102.5
9326020.0,1.288513,103.853303,2.5,102.5
2498338.0,36.363893,138.301278,37.5,137.5
1422818.0,1.366535,103.832802,2.5,102.5
1043321.0,25.478844,84.910764,27.5,82.5
1427808.0,10.375207,103.940674,12.5,102.5
3190580.0,35.310856,33.283113,37.5,32.5
3086240.0,25.427628,81.843486,27.5,82.5
9602021.0,10.041481,76.323149,12.5,77.5
5130444.0,13.064994,77.648047,12.5,77.5
9797180.0,35.758664,139.84477,37.5,137.5
2928531.0,24.601131,121.852097,22.5,122.5
1311258.0,1.341861,103.834638,2.5,102.5
2492428.0,7.108675,80.052803,7.5,82.5
1862394.0,6.809733,80.500678,7.5,82.5
5652784.0,32.342523,34.874955,32.5,32.5
2491678.0,30.21157,120.789093,32.5,122.5
2733994.0,24.996983,121.396914,22.5,122.5
2481713.0,25.082174,121.201439,27.5,122.5
2436603.0,3.062464,101.66527,2.5,102.5
2470732.0,5.436597,100.290498,7.5,102.5
1043321.0,19.946304,110.187439,17.5,112.5
2474936.0,22.912648,71.953344,22.5,72.5
5844992.0,35.979424,119.404495,37.5,117.5
2494146.0,30.304312,113.874053,32.5,112.5
2480372.0,25.092464,121.452015,27.5,122.5
2406374.0,12.609761,102.111081,12.5,102.5
5303420.0,25.027525,121.639183,27.5,122.5
5378650.0,25.131592,121.507911,27.5,122.5
6092830.0,51.369311,80.198393,52.5,82.5
4079429.0,25.131039,121.516228,27.5,122.5
2227757.0,1.258147,103.807243,2.5,102.5
7340196.0,1.376457,103.951808,2.5,102.5
2494329.0,56.418358,61.720347,57.5,62.5
6133292.0,12.894924,77.591727,12.5,77.5
1893978.0,4.242972,101.322984,2.5,102.5
6101126.0,33.999282,109.096067,32.5,107.5
2452310.0,19.004781,109.814178,17.5,107.5
8084948.0,19.886178,102.141728,17.5,102.5
1918321.0,22.445445,114.335828,22.5,112.5
2495414.0,32.294483,34.844472,32.5,32.5
2494459.0,18.585112,98.513204,17.5,97.5
2475449.0,1.295223,103.846533,2.5,102.5
2437396.0,1.294493,103.845407,2.5,102.5
3022136.0,25.125906,121.519364,27.5,122.5
9705453.0,56.598625,84.809104,57.5,82.5
3169830.0,12.921964,74.906731,12.5,72.5
8677924.0,24.464884,118.29754,22.5,117.5
9178169.0,35.434321,139.222602,37.5,137.5
5790281.0,33.965373,131.287821,32.5,132.5
7467639.0,25.133656,121.510881,27.5,122.5
5338645.0,22.767236,120.698686,22.5,122.5
2396749.0,27.913644,34.349558,27.5,32.5
5845375.0,1.424297,103.838591,2.5,102.5
2487866.0,55.584669,60.423832,57.5,62.5
9752617.0,25.129858,121.488298,27.5,122.5
2474377.0,31.60982,120.742528,32.5,122.5
2482048.0,31.258503,121.645952,32.5,122.5
2487877.0,55.381898,85.966143,57.5,87.5
9750846.0,12.254217,107.032179,12.5,107.5
5219436.0,19.014949,72.824004,17.5,72.5
2867495.0,35.056314,32.344262,37.5,32.5
5391861.0,24.685869,121.126404,22.5,122.5
2484699.0,-6.194385,107.176605,-7.5,107.5
2481713.0,25.083227,121.198965,27.5,122.5
2443002.0,1.350235,103.831178,2.5,102.5
2495342.0,22.864537,72.058465,22.5,72.5
8077224.0,39.114828,32.072487,37.5,32.5
6100944.0,35.654977,139.444939,37.5,137.5
2495691.0,13.745517,100.100361,12.5,102.5
1922288.0,22.997184,57.664247,22.5,57.5
1948941.0,22.485156,114.086229,22.5,112.5
2238378.0,1.259471,103.812134,2.5,102.5
2426861.0,18.622937,108.991097,17.5,107.5
2490669.0,25.119012,55.913461,27.5,57.5
7819600.0,22.296203,90.025097,22.5,92.5
2495414.0,37.469322,127.039467,37.5,127.5
7147896.0,12.047088,108.440371,12.5,107.5
2482065.0,37.218295,138.349799,37.5,137.5
5816059.0,16.323013,100.732688,17.5,102.5
1422818.0,1.424297,103.838591,2.5,102.5
1901435.0,22.576724,114.396983,22.5,112.5
1945227.0,22.221733,113.916097,22.5,112.5
9104123.0,-6.175392,106.827153,-7.5,107.5
2474416.0,22.831356,72.046019,22.5,72.5
2427256.0,25.03042,121.575662,27.5,122.5
8364646.0,23.782832,120.261983,22.5,122.5
1676779.0,1.446113,103.729472,2.5,102.5
8108495.0,24.854408,121.739436,22.5,122.5
2920037.0,22.766074,120.69613,22.5,122.5
2436536.0,27.405082,90.44848,27.5,92.5
5231198.0,55.199564,61.309915,57.5,62.5
5137849.0,17.491347,78.302756,17.5,77.5
2495681.0,36.138648,115.784858,37.5,117.5
2480564.0,35.169319,33.820399,37.5,32.5
2486625.0,15.722319,73.978621,17.5,72.5
7934047.0,1.277922,103.866571,2.5,102.5
5229180.0,30.206364,120.883617,32.5,122.5
2480905.0,19.140211,72.962725,17.5,72.5
7691806.0,12.218199,107.18535,12.5,107.5
9045043.0,40.013544,116.37955,42.5,117.5
6100921.0,31.444871,120.210498,32.5,122.5
2493598.0,5.987073,116.142497,7.5,117.5
5231190.0,57.908825,59.947691,57.5,57.5
1428867.0,1.380497,103.819058,2.5,102.5
2477927.0,56.83004,86.646565,57.5,87.5
5228199.0,22.508215,114.113412,22.5,112.5
2776652.0,34.893295,32.341972,32.5,32.5
2492680.0,22.375355,114.263695,22.5,112.5
2493075.0,30.993291,117.866586,32.5,117.5
1896142.0,5.413598,100.781766,7.5,102.5
6092830.0,56.008771,60.68394,57.5,62.5
7451120.0,29.916476,121.554074,27.5,122.5
9705453.0,53.690435,88.080004,52.5,87.5
5231190.0,10.347264,107.073251,12.5,107.5
9326020.0,1.35824,103.849665,2.5,102.5
4170901.0,35.306225,33.258932,37.5,32.5
6100921.0,36.138648,115.784858,37.5,117.5
5229131.0,24.007036,89.147453,22.5,87.5
5228199.0,31.074933,121.176793,32.5,122.5
9537647.0,35.115354,135.984139,37.5,137.5
2492850.0,35.438967,139.389886,37.5,137.5
2495414.0,24.24883,120.701608,22.5,122.5
2478548.0,40.013544,116.37955,42.5,117.5
6101224.0,31.444922,120.210216,32.5,122.5
2440954.0,43.636406,144.484164,42.5,142.5
7264361.0,23.580495,120.61136,22.5,122.5
2430499.0,18.352297,109.431634,17.5,107.5
2733994.0,24.993458,121.393008,22.5,122.5
2495414.0,34.722555,112.603827,32.5,112.5
2494543.0,56.952372,72.640623,57.5,72.5
5229126.0,24.06018,120.406009,22.5,122.5
9752617.0,19.016591,73.00594,17.5,72.5
5231747.0,1.3674,103.829307,2.5,102.5
5600005.0,24.851872,121.736822,22.5,122.5
7262595.0,25.158415,121.709608,27.5,122.5
6358362.0,6.848325,73.052403,7.5,72.5
9480191.0,35.655547,139.444582,37.5,137.5
8790531.0,14.461372,121.024115,12.5,122.5
2435520.0,1.324945,103.914908,2.5,102.5
2494329.0,36.363843,138.300944,37.5,137.5
9566476.0,19.016591,73.00594,17.5,72.5
5231747.0,1.367417,103.829285,2.5,102.5
9047331.0,22.409324,114.104524,22.5,112.5
2431847.0,22.65753,114.289008,22.5,112.5
5357217.0,31.923993,34.972467,32.5,32.5
9687165.0,43.421562,39.926603,42.5,37.5
2496347.0,13.777722,100.266356,12.5,102.5
2437243.0,28.59305,77.245453,27.5,77.5
2475532.0,10.886472,79.096417,12.5,77.5
1319092.0,22.573275,114.076147,22.5,112.5
1427734.0,1.424297,103.838591,2.5,102.5
5681347.0,3.141171,101.633401,2.5,102.5
3101212.0,25.09732,121.511345,27.5,122.5
2149111.0,1.348669,103.789931,2.5,102.5
4205817.0,13.434978,103.889912,12.5,102.5
3076120.0,22.639148,120.27983,22.5,122.5
1895992.0,22.501385,114.220422,22.5,112.5
7342005.0,26.151531,119.288942,27.5,117.5
9761484.0,24.81236,120.911306,22.5,122.5
9761484.0,57.913967,59.947613,57.5,57.5
8415232.0,22.072238,120.8393,22.5,122.5
2482492.0,56.856387,60.681093,57.5,62.5
2757184.0,22.766537,120.699836,22.5,122.5
2384552.0,27.914183,34.348708,27.5,32.5
7999386.0,22.097699,113.546001,22.5,112.5
5845390.0,22.65604,114.39928,22.5,112.5
2705426.0,22.625692,120.298986,22.5,122.5
2491510.0,40.050667,116.094155,42.5,117.5
2487879.0,56.807086,60.6439,57.5,62.5
2930006.0,23.594763,120.62642,22.5,122.5
5398421.0,24.182192,120.611352,22.5,122.5
1897685.0,22.45845,114.182263,22.5,112.5
6718880.0,7.486999,100.156846,7.5,102.5
2684855.0,36.541394,116.834206,37.5,117.5
5231198.0,56.810544,60.644069,57.5,62.5
6101224.0,1.308323,103.816686,2.5,102.5
2498404.0,1.278347,103.864334,2.5,102.5
1427783.0,5.576691,115.981314,7.5,117.5
1820478.0,27.158139,90.667303,27.5,92.5
3074251.0,22.657162,120.263572,22.5,122.5
2460886.0,1.355153,103.797202,2.5,102.5
5229165.0,35.913921,126.756455,37.5,127.5
7642610.0,1.319423,103.750388,2.5,102.5
2480801.0,25.090119,121.224162,27.5,122.5
9797180.0,35.687963,139.818938,37.5,137.5
2443244.0,22.69157,120.306605,22.5,122.5
2733934.0,25.606394,85.01635,27.5,87.5
2480259.0,24.470865,118.309615,22.5,117.5
2494194.0,43.338893,76.994234,42.5,77.5
2487877.0,52.136117,85.383326,52.5,87.5
9752617.0,36.615587,139.882325,37.5,137.5
2484916.0,51.947372,85.943814,52.5,87.5
7115794.0,22.652461,120.267217,22.5,122.5
2497509.0,53.465867,85.305873,52.5,87.5
2475991.0,1.338072,103.727893,2.5,102.5
2956176.0,12.927512,77.588172,12.5,77.5
1422818.0,1.334624,103.817803,2.5,102.5
5212055.0,3.632647,72.960444,2.5,72.5
2475923.0,12.310958,76.630429,12.5,77.5
2475452.0,1.377882,103.952491,2.5,102.5
5231190.0,30.469556,73.481667,32.5,72.5
7642610.0,23.541527,58.34827,22.5,57.5
5420987.0,21.86168,100.952867,22.5,102.5
5859545.0,4.253415,118.62993,2.5,117.5
3191227.0,25.165797,121.562653,27.5,122.5
2484605.0,56.854704,60.636497,57.5,62.5
2776652.0,34.775505,32.405687,32.5,32.5
1325561.0,1.445112,103.73332,2.5,102.5
5421144.0,25.133608,121.510847,27.5,122.5
3080109.0,24.854464,121.73935,22.5,122.5
3861692.0,23.538522,120.688536,22.5,122.5
5213106.0,8.722209,123.413418,7.5,122.5
2888485.0,25.406914,81.847375,27.5,82.5
3068607.0,25.108338,56.050375,27.5,57.5
2421636.0,1.410587,103.778357,2.5,102.5
1946917.0,1.320859,103.769375,2.5,102.5
2480830.0,32.733363,35.275625,32.5,37.5
1080502.0,7.276059,80.638435,7.5,82.5
2492851.0,22.826526,72.106732,22.5,72.5
1919380.0,14.179949,120.88987,12.5,122.5
1808381.0,9.030256,76.896108,7.5,77.5
6130812.0,36.548863,116.824343,37.5,117.5
5420901.0,35.011792,135.765065,37.5,137.5
8135150.0,22.655532,120.259513,22.5,122.5
4648609.0,1.424297,103.838591,2.5,102.5
2486116.0,32.05975,34.811263,32.5,32.5
2486222.0,33.240769,107.534765,32.5,107.5
2149490.0,-7.680479,110.354198,-7.5,112.5
5170750.0,1.446408,103.72545,2.5,102.5
5275415.0,25.131031,121.505072,27.5,122.5
7291057.0,25.132289,121.513739,27.5,122.5
5231198.0,56.710094,60.834363,57.5,62.5
1945715.0,4.242971,101.322601,2.5,102.5
9797180.0,22.637928,113.864603,22.5,112.5
9705453.0,53.798293,86.985495,52.5,87.5
2491534.0,53.559156,83.911571,52.5,82.5
6101127.0,24.49287,121.536195,22.5,122.5
2440931.0,36.796331,127.584926,37.5,127.5
2879798.0,24.371139,120.913619,22.5,122.5
2494543.0,56.47325,84.953453,57.5,82.5
2484916.0,56.015179,69.48117,57.5,67.5
2474416.0,24.555404,117.989835,22.5,117.5
1910629.0,11.594493,77.672977,12.5,77.5
2495486.0,13.696908,100.6053,12.5,102.5
4687389.0,11.004464,76.993422,12.5,77.5
4097810.0,16.394202,120.612571,17.5,122.5
2497509.0,53.180235,80.580898,52.5,82.5
5380873.0,22.640417,120.27388,22.5,122.5
2480934.0,1.365157,103.835224,2.5,102.5
3033261.0,32.304386,34.878708,32.5,32.5
5341747.0,23.113112,120.324952,22.5,122.5
1341979.0,25.016167,121.539131,27.5,122.5
1754497.0,12.538951,124.270786,12.5,122.5
2436603.0,1.29024,103.843467,2.5,102.5
5359866.0,24.961883,121.626494,22.5,122.5
8212150.0,1.342978,103.824013,2.5,102.5
2486789.0,24.57987,117.903275,22.5,117.5
7468660.0,6.869619,81.041481,7.5,82.5
5136713.0,22.458992,114.19883,22.5,112.5
8000602.0,28.3712,119.81772,27.5,117.5
7529528.0,23.754038,120.624303,22.5,122.5
5231223.0,23.289702,113.719609,22.5,112.5
5219173.0,52.548275,85.229088,52.5,87.5
2444513.0,22.976422,120.518892,22.5,122.5
5275373.0,24.998919,121.40135,22.5,122.5
6529074.0,1.388333,104.001389,2.5,102.5
2294275.0,34.872513,32.34182,32.5,32.5
2497266.0,24.759274,55.25188,22.5,57.5
2619225.0,36.216467,120.467325,37.5,122.5
2480934.0,1.365566,103.835082,2.5,102.5
2488953.0,30.441508,77.677328,32.5,77.5
4060073.0,31.932973,34.783253,32.5,32.5
2149679.0,31.792102,35.15826,32.5,37.5
9260388.0,13.740544,100.445978,12.5,102.5
4096596.0,13.513638,103.881174,12.5,102.5
2396399.0,25.018334,121.999245,27.5,122.5
5219558.0,3.478045,98.031404,2.5,97.5
9717283.0,-7.310924,112.823211,-7.5,112.5
2482059.0,38.280273,141.456854,37.5,142.5
5332388.0,24.95083,121.535513,22.5,122.5
9705453.0,56.713714,61.132265,57.5,62.5
4036385.0,25.159399,121.707483,27.5,122.5
2480876.0,6.929572,79.850358,7.5,77.5
10719202.0,22.862671,120.660253,22.5,122.5
2494543.0,55.96368,92.740537,57.5,92.5
2889828.0,44.473067,38.224419,42.5,37.5
2480876.0,30.268056,120.06629,32.5,122.5
2486222.0,30.268056,120.06629,32.5,122.5
8332393.0,23.552097,119.606385,22.5,117.5
2477968.0,56.770334,60.700824,57.5,62.5
8298495.0,24.238747,120.909538,22.5,122.5
2549834.0,35.69817,139.482157,37.5,137.5
5231223.0,32.119761,118.578863,32.5,117.5
3084036.0,24.958963,121.53743,22.5,122.5
5380041.0,34.757512,32.421872,32.5,32.5
5415352.0,12.867451,79.278236,12.5,77.5
2492846.0,25.099993,121.457878,27.5,122.5
2489005.0,18.790198,110.516905,17.5,112.5
3780263.0,25.162496,121.707538,27.5,122.5
10514274.0,25.130939,121.505181,27.5,122.5
5219173.0,51.034411,85.600967,52.5,87.5
2755618.0,25.130747,121.516342,27.5,122.5
3188511.0,25.130075,121.519319,27.5,122.5
2426861.0,18.667619,108.806684,17.5,107.5
1904272.0,18.740239,108.858467,17.5,107.5
2490737.0,53.345641,83.666884,52.5,82.5
2650999.0,53.180341,83.310929,52.5,82.5
2481104.0,24.559563,71.313599,22.5,72.5
2482515.0,51.836886,79.833497,52.5,77.5
5845386.0,21.370947,76.64796,22.5,77.5
3149462.0,17.420413,78.547705,17.5,77.5
5648124.0,22.02105,120.838996,22.5,122.5
2169064.0,1.424297,103.838591,2.5,102.5
2498343.0,52.302297,85.644682,52.5,87.5
2874570.0,-6.155994,106.630152,-7.5,107.5
2482515.0,51.932047,85.328764,52.5,87.5
1428645.0,24.729753,121.688308,22.5,122.5
2484678.0,26.160175,119.286649,27.5,117.5
9362027.0,23.327011,120.170479,22.5,122.5
1774598.0,26.523833,128.044586,27.5,127.5
6055063.0,23.558508,120.654423,22.5,122.5
3595552.0,33.077878,35.108672,32.5,37.5
1884051.0,10.41876,79.386148,12.5,77.5
5241128.0,29.750238,121.681397,27.5,122.5
5301979.0,25.132267,121.513747,27.5,122.5
7843710.0,1.259895,103.806885,2.5,102.5
2497509.0,55.558198,84.494722,57.5,82.5
9705453.0,55.332004,61.569939,57.5,62.5
6101070.0,12.881619,77.688651,12.5,77.5
2495414.0,12.957147,77.719728,12.5,77.5
6101224.0,1.405538,103.789545,2.5,102.5
5193729.0,1.259895,103.806885,2.5,102.5
10967955.0,23.563916,58.334094,22.5,57.5
5141187.0,12.960813,77.526152,12.5,77.5
7299714.0,25.155406,121.709842,27.5,122.5
1341976.0,32.778018,35.119913,32.5,37.5
2494543.0,56.105731,69.448064,57.5,67.5
2492537.0,25.018204,121.503642,27.5,122.5
2481713.0,24.321003,120.551681,22.5,122.5
2490303.0,21.336842,76.506083,22.5,77.5
2484605.0,56.861399,60.689769,57.5,62.5
2493970.0,15.293766,73.909387,17.5,72.5
2426947.0,25.915644,119.146828,27.5,117.5
9687165.0,35.765182,139.448618,37.5,137.5
2482513.0,52.444712,85.461983,52.5,87.5
7848380.0,3.716658,101.752694,2.5,102.5
5130476.0,1.320859,103.769375,2.5,102.5
2484605.0,56.106885,69.449979,57.5,67.5
8351644.0,25.018189,121.503647,27.5,122.5
1935849.0,22.265406,114.242432,22.5,112.5
5806412.0,12.891503,77.592306,12.5,77.5
8000602.0,23.494019,120.152664,22.5,122.5
2482492.0,55.40912,61.030856,57.5,62.5
5361909.0,34.892055,32.34183,32.5,32.5
5361904.0,11.684133,78.177911,12.5,77.5
3170241.0,23.592721,120.379399,22.5,122.5
1429465.0,1.412078,103.97442,2.5,102.5
8303724.0,24.379439,120.912353,22.5,122.5
2492675.0,24.742225,120.978088,22.5,122.5
2480876.0,24.786125,120.913818,22.5,122.5
9273219.0,26.066383,119.260108,27.5,117.5
8053189.0,23.557512,120.655822,22.5,122.5
2482487.0,35.660034,139.762768,37.5,137.5
2486150.0,36.062194,120.331386,37.5,122.5
2436535.0,11.632177,99.848268,12.5,97.5
7741076.0,19.086611,72.825074,17.5,72.5
5229126.0,12.717904,80.212587,12.5,82.5
5231759.0,40.080109,116.048818,42.5,117.5
2494422.0,44.436169,38.193186,42.5,37.5
1866568.0,36.691997,127.038292,37.5,127.5
1918584.0,17.16366,102.699305,17.5,102.5
1910629.0,22.274083,113.995652,22.5,112.5
1919741.0,19.141906,72.964628,17.5,72.5
2436615.0,25.143233,121.542013,27.5,122.5
2151599.0,37.676882,30.519312,37.5,32.5
5359843.0,22.654063,120.268112,22.5,122.5
9752617.0,12.918313,77.680097,12.5,77.5
4011580.0,23.373739,120.79351,22.5,122.5
5231223.0,22.45548,114.048744,22.5,112.5
2493090.0,22.409324,114.104524,22.5,112.5
2789676.0,24.446708,121.285519,22.5,122.5
2432087.0,1.350129,103.778415,2.5,102.5
9752617.0,18.759129,98.936609,17.5,97.5
2157245.0,38.403978,27.118342,37.5,27.5
8294007.0,30.254034,120.123515,32.5,122.5
2443552.0,9.788763,76.303552,7.5,77.5
1901428.0,12.838702,75.382206,12.5,77.5
1405951.0,36.638543,117.118949,37.5,117.5
2169064.0,16.808145,100.303178,17.5,102.5
2481047.0,22.609095,88.463621,22.5,87.5
9687165.0,35.639086,139.456915,37.5,137.5
7331731.0,23.060061,120.73033,22.5,122.5
2400831.0,22.276133,114.295578,22.5,112.5
2481870.0,43.662643,145.134219,42.5,147.5
5130476.0,1.341861,103.834638,2.5,102.5
2435035.0,35.714989,51.414186,37.5,52.5
6370562.0,20.241614,109.9214,22.5,107.5
2477968.0,56.859764,60.682195,57.5,62.5
1949336.0,1.334624,103.817803,2.5,102.5
2494329.0,52.025303,85.868753,52.5,87.5
5356354.0,34.893692,32.342055,32.5,32.5
8641010.0,7.216151,80.593199,7.5,82.5
2481800.0,3.245871,113.01656,2.5,112.5
5133689.0,22.587304,114.377305,22.5,112.5
6101015.0,35.945466,139.811326,37.5,137.5
4038945.0,24.379239,120.909403,22.5,122.5
2174173.0,1.424297,103.838591,2.5,102.5
9705453.0,56.493991,84.983108,57.5,82.5
5137926.0,-0.975274,119.956775,-2.5,117.5
7339073.0,22.419998,114.061096,22.5,112.5
1919534.0,23.416133,101.679638,22.5,102.5
2490669.0,44.45991,38.081607,42.5,37.5
9362027.0,36.814358,126.282587,37.5,127.5
5845386.0,11.709213,78.191376,12.5,77.5
7346430.0,1.325708,103.830362,2.5,102.5
2480564.0,42.370153,69.620445,42.5,67.5
5229493.0,53.802662,86.790257,52.5,87.5
2494402.0,43.044833,76.944559,42.5,77.5
2495486.0,-7.656737,110.379845,-7.5,112.5
2477968.0,56.829713,86.623884,57.5,87.5
2481800.0,11.818072,75.432014,12.5,77.5
6101224.0,13.803195,100.372842,12.5,102.5
3590783.0,22.523196,114.062796,22.5,112.5
6100944.0,35.993019,119.404488,37.5,117.5
10099400.0,23.557414,120.656117,22.5,122.5
7422937.0,18.699608,108.811075,17.5,107.5
2493598.0,22.507645,114.110906,22.5,112.5
8862332.0,1.29385,103.896725,2.5,102.5
5229131.0,27.031872,75.8877,27.5,77.5
7690055.0,54.724445,83.065689,52.5,82.5
5421133.0,24.885351,121.285093,22.5,122.5
1928908.0,22.376513,114.048911,22.5,112.5
2486187.0,22.409324,114.104524,22.5,112.5
5382985.0,24.800814,120.916568,22.5,122.5
9506131.0,18.743161,99.723267,17.5,97.5
7346444.0,-0.975274,119.956775,-2.5,117.5
5670646.0,38.605228,27.419022,37.5,27.5
10777640.0,35.638171,139.464238,37.5,137.5
5275398.0,24.986992,121.320992,22.5,122.5
6085719.0,35.656092,139.444233,37.5,137.5
7340537.0,25.406964,81.847154,27.5,82.5
1341979.0,1.334624,103.817803,2.5,102.5
2482048.0,31.442899,120.207856,32.5,122.5
3606090.0,25.180031,121.557159,27.5,122.5
5137858.0,5.41273,100.781947,7.5,102.5
2495093.0,51.917137,85.349969,52.5,87.5
8214667.0,25.155166,121.270366,27.5,122.5
5229131.0,23.543708,58.347402,22.5,57.5
5231223.0,25.062128,121.930537,27.5,122.5
5137849.0,1.319423,103.750388,2.5,102.5
6065824.0,35.635236,139.857433,37.5,137.5
5130814.0,12.982958,79.272521,12.5,77.5
4113099.0,24.828664,121.042281,22.5,122.5
2436615.0,25.143236,121.54203,27.5,122.5
2480934.0,1.357849,103.849633,2.5,102.5
2484605.0,55.385247,86.092055,57.5,87.5
1921009.0,22.228966,114.117285,22.5,112.5
2890541.0,32.303847,34.879371,32.5,32.5
2482048.0,34.549044,112.476496,32.5,112.5
5231774.0,43.588809,144.724454,42.5,142.5
5845386.0,23.030242,72.57593,22.5,72.5
2474950.0,40.411057,115.85835,42.5,117.5
4359320.0,25.018073,121.999128,27.5,122.5
2484608.0,32.148957,119.484191,32.5,117.5
2473958.0,53.248385,80.802235,52.5,82.5
5130521.0,8.395218,80.625289,7.5,82.5
11273070.0,22.822983,72.107057,22.5,72.5
1939215.0,6.438556,80.857102,7.5,82.5
1920496.0,32.098854,34.947345,32.5,32.5
5231198.0,56.099723,69.433343,57.5,67.5
7690055.0,51.747359,84.053717,52.5,82.5
5212106.0,1.21287,103.835907,2.5,102.5
3591233.0,24.854426,121.739413,22.5,122.5
2684517.0,37.661485,127.018701,37.5,127.5
2489010.0,30.310051,113.873853,32.5,112.5
2435520.0,22.853898,121.18624,22.5,122.5
2486118.0,1.235916,103.790145,2.5,102.5
2651816.0,25.131033,121.505072,27.5,122.5
9249842.0,25.130633,121.51905,27.5,122.5
6133158.0,10.82837,76.211388,12.5,77.5
5216933.0,10.096717,124.899703,12.5,122.5
5035187.0,10.220246,76.201084,12.5,77.5
5219624.0,31.898936,34.806915,32.5,32.5
2491522.0,26.066392,119.260117,27.5,117.5
5615707.0,23.538492,120.688159,22.5,122.5
5231190.0,54.733845,83.043308,52.5,82.5
2161302.0,1.399853,103.806938,2.5,102.5
8047443.0,23.54279,120.684923,22.5,122.5
3086412.0,-6.286783,106.697113,-7.5,107.5
11047823.0,25.091312,121.582437,27.5,122.5
5891984.0,1.226074,103.746677,2.5,102.5
2492650.0,19.958043,99.001671,17.5,97.5
5285710.0,35.059528,32.326092,37.5,32.5
9750846.0,1.340338,103.730032,2.5,102.5
9809229.0,35.713998,51.412055,37.5,52.5
11215948.0,13.451087,99.944472,12.5,97.5
4596824.0,4.246685,118.63113,2.5,117.5
2431139.0,30.038081,122.339148,32.5,122.5
2480805.0,24.901171,120.947892,22.5,122.5
2382436.0,6.405001,99.858713,7.5,97.5
2493598.0,25.130905,121.49047,27.5,122.5
1897685.0,22.534618,114.077776,22.5,112.5
2489005.0,9.559781,100.033368,7.5,102.5
2227619.0,1.259895,103.806885,2.5,102.5
9362027.0,44.67429,37.798832,42.5,37.5
4353411.0,27.913431,34.349267,27.5,32.5
9752617.0,12.246164,99.929977,12.5,97.5
6718880.0,10.263446,106.35914,12.5,107.5
2394736.0,1.447482,103.729168,2.5,102.5
2874173.0,25.130786,121.505319,27.5,122.5
8225728.0,22.434861,114.171475,22.5,112.5
2447367.0,11.435907,107.428416,12.5,107.5
2498404.0,8.395218,80.625289,7.5,82.5
2482515.0,54.772034,83.069309,52.5,82.5
5335125.0,25.125756,121.519403,27.5,122.5
1921009.0,22.374835,113.937141,22.5,112.5
10924135.0,6.423547,99.683013,7.5,97.5
11352149.0,1.348297,103.776564,2.5,102.5
2490955.0,36.560903,136.680113,37.5,137.5
2475410.0,23.487694,72.657022,22.5,72.5
3086412.0,-7.365393,112.754353,-7.5,112.5
6066512.0,17.435375,78.391886,17.5,77.5
5228199.0,35.979126,119.403984,37.5,117.5
9506227.0,23.828,120.80098,22.5,122.5
1428577.0,17.434567,78.392058,17.5,77.5
8303724.0,24.379653,120.909133,22.5,122.5
2491538.0,35.46105,139.380471,37.5,137.5
2484605.0,53.361156,83.64122,52.5,82.5
8332393.0,24.810726,120.909988,22.5,122.5
2494441.0,36.551161,116.824648,37.5,117.5
5231759.0,40.080906,116.043889,42.5,117.5
5231223.0,26.53798,106.764397,27.5,107.5
1924298.0,22.428875,114.180886,22.5,112.5
5844385.0,42.366428,69.618885,42.5,67.5
5414335.0,41.676743,46.68503,42.5,47.5
2475742.0,1.338715,103.731162,2.5,102.5
2928531.0,23.82778,120.800622,22.5,122.5
3819030.0,23.573429,120.615964,22.5,122.5
5141187.0,2.254346,111.84122,2.5,112.5
2486132.0,23.589515,58.165615,22.5,57.5
2494998.0,30.6446,104.184005,32.5,102.5
3056375.0,-7.621718,110.426767,-7.5,112.5
2486625.0,12.000611,93.007095,12.5,92.5
4141484.0,36.534077,116.834978,37.5,117.5
2481713.0,11.891788,77.771567,12.5,77.5
4757211.0,1.346144,103.760531,2.5,102.5
5335125.0,25.091203,121.581058,27.5,122.5
6101223.0,25.376138,51.544247,27.5,52.5
2359706.0,58.408568,68.456275,57.5,67.5
5408507.0,22.622384,120.705152,22.5,122.5
2494036.0,13.744109,100.811273,12.5,102.5
1341979.0,24.6812,120.990087,22.5,122.5
2498061.0,25.090228,121.224049,27.5,122.5
2493054.0,1.354781,103.77634,2.5,102.5
1868470.0,25.048281,121.417067,27.5,122.5
2480905.0,13.753139,76.855628,12.5,77.5
7631479.0,24.941697,121.367867,22.5,122.5
2487883.0,55.584617,60.423846,57.5,62.5
2477911.0,24.173542,89.06247,22.5,87.5
2925403.0,23.178278,120.090524,22.5,122.5
2481236.0,24.554324,117.995952,22.5,117.5
2474377.0,35.658849,139.764844,37.5,137.5
2474936.0,35.031911,127.980933,37.5,127.5
2480899.0,22.277068,114.297045,22.5,112.5
3588353.0,22.449105,120.480197,22.5,122.5
2367196.0,25.000842,121.456256,27.5,122.5
2494543.0,55.024692,73.58726,57.5,72.5
10704098.0,25.126601,121.487251,27.5,122.5
5535797.0,24.37193,120.808412,22.5,122.5
2495486.0,12.702711,101.189361,12.5,102.5
2487871.0,37.464473,126.951682,37.5,127.5
2482492.0,53.771207,84.881276,52.5,82.5
9687165.0,31.079615,121.181512,32.5,122.5
2482048.0,1.277922,103.866571,2.5,102.5
1897685.0,19.260592,72.850511,17.5,72.5
8220278.0,12.351196,107.004708,12.5,107.5
5231223.0,23.292764,113.717135,22.5,112.5
2435035.0,34.722555,112.603827,32.5,112.5
2491475.0,36.317405,127.353716,37.5,127.5
7308852.0,24.809193,121.071754,22.5,122.5
3188511.0,25.162007,121.706842,27.5,122.5
2475452.0,12.953475,80.244637,12.5,82.5
9104123.0,1.367431,103.829342,2.5,102.5
5788868.0,23.121831,57.615768,22.5,57.5
4193746.0,-6.633118,106.997377,-7.5,107.5
2474950.0,22.900637,72.092681,22.5,72.5
8351737.0,41.713621,44.796058,42.5,42.5
2496347.0,7.784127,100.109518,7.5,102.5
2481713.0,-7.31084,112.823311,-7.5,112.5
5034845.0,1.445573,103.730423,2.5,102.5
5220127.0,51.742191,84.138638,52.5,82.5
7673670.0,22.076161,120.80127,22.5,122.5
7315881.0,25.133744,121.510086,27.5,122.5
3190008.0,25.131958,121.514542,27.5,122.5
2436529.0,16.073982,108.322671,17.5,107.5
7468624.0,11.440014,107.429641,12.5,107.5
2492754.0,12.331988,80.015875,12.5,82.5
2374521.0,22.102336,114.026367,22.5,112.5
2480841.0,24.19486,120.780783,22.5,122.5
2447367.0,13.365202,103.850439,12.5,102.5
2490244.0,36.369106,127.386476,37.5,127.5
2169625.0,1.348658,103.792103,2.5,102.5
2435035.0,24.563033,120.708847,22.5,122.5
2362486.0,22.932976,112.86441,22.5,112.5
2481850.0,22.443417,88.301768,22.5,87.5
2149490.0,10.357703,76.887528,12.5,77.5
2970418.0,22.694303,121.065947,22.5,122.5
1893998.0,5.413961,100.781743,7.5,102.5
1911736.0,1.334624,103.817803,2.5,102.5
2498285.0,39.843183,116.21656,37.5,117.5
2475379.0,22.148737,73.484473,22.5,72.5
3190583.0,34.921313,32.338355,32.5,32.5
1341979.0,18.355662,100.320878,17.5,102.5
2492680.0,26.026517,119.20175,27.5,117.5
2474732.0,19.965911,99.154263,17.5,97.5
2486144.0,13.816042,100.075583,12.5,102.5
2366298.0,35.386238,136.670158,37.5,137.5
2482054.0,44.678897,37.801419,42.5,37.5
5231198.0,-6.244323,106.799967,-7.5,107.5
3140510.0,22.767731,120.698478,22.5,122.5
5035373.0,10.041338,76.323008,12.5,77.5
2481800.0,36.364543,138.301377,37.5,137.5
2480726.0,29.608667,34.986334,27.5,32.5
2441052.0,43.045288,76.938497,42.5,77.5
2475679.0,21.370947,76.64796,22.5,77.5
8214667.0,25.094201,121.20602,27.5,122.5
2436603.0,3.04157,101.718852,2.5,102.5
10508423.0,1.355153,103.797202,2.5,102.5
2484096.0,1.446979,103.731866,2.5,102.5
5231190.0,55.494988,60.206248,57.5,62.5
2484916.0,55.58464,60.423843,57.5,62.5
9687165.0,36.44337,28.230258,37.5,27.5
2494686.0,56.132966,83.715305,57.5,82.5
1908953.0,1.3585,103.777303,2.5,102.5
2482499.0,5.419463,100.320763,7.5,102.5
2495817.0,1.357859,103.849589,2.5,102.5
1428792.0,1.401135,103.818546,2.5,102.5
5336857.0,25.161111,121.549933,27.5,122.5
2446410.0,19.109736,109.196721,17.5,107.5
2474621.0,22.895941,72.090636,22.5,72.5
5845375.0,1.430301,103.776967,2.5,102.5
3033261.0,34.77535,32.405895,32.5,32.5
2490303.0,25.101004,121.45768,27.5,122.5
2422538.0,-7.319811,108.704583,-7.5,107.5
1919589.0,22.423363,114.11235,22.5,112.5
2925303.0,25.131614,121.507928,27.5,122.5
9616058.0,35.652874,139.455224,37.5,137.5
1933679.0,12.847007,77.646632,12.5,77.5
5231190.0,44.460886,38.156484,42.5,37.5
1924713.0,23.001247,120.220305,22.5,122.5
7690055.0,51.909946,85.37239,52.5,87.5
2481800.0,22.455346,114.152605,22.5,112.5
5229167.0,22.601453,113.892056,22.5,112.5
6101224.0,1.441143,103.735604,2.5,102.5
5863380.0,1.377882,103.952491,2.5,102.5
2481800.0,35.640664,139.864658,37.5,137.5
2475452.0,13.518031,100.309678,12.5,102.5
2492675.0,22.803757,120.60436,22.5,122.5
5231190.0,52.30562,85.610344,52.5,87.5
2482515.0,56.700604,60.831516,57.5,62.5
2497894.0,55.990833,82.627009,57.5,82.5
2490283.0,22.505857,114.1099,22.5,112.5
2494146.0,36.139748,115.784605,37.5,117.5
2765559.0,8.766409,77.099347,7.5,77.5
2482487.0,35.815423,139.533376,37.5,137.5
2870238.0,1.34255,103.82808,2.5,102.5
2752924.0,42.952328,140.504822,42.5,142.5
1895499.0,1.339467,103.821441,2.5,102.5
5844385.0,36.893015,126.262042,37.5,127.5
5229490.0,54.734891,83.047475,52.5,82.5
5133687.0,18.554031,73.790458,17.5,72.5
5806167.0,22.428875,114.180886,22.5,112.5
2492680.0,1.318586,103.816097,2.5,102.5
2480449.0,55.595923,84.547218,57.5,82.5
2493075.0,14.096588,101.27319,12.5,102.5
5845375.0,3.550614,98.126432,2.5,97.5
2772666.0,32.789953,35.345829,32.5,37.5
5130476.0,2.926361,101.696445,2.5,102.5
6101224.0,25.14337,102.741083,27.5,102.5
5228328.0,15.859912,74.499901,17.5,72.5
7346444.0,-7.509509,110.740556,-7.5,112.5
9705453.0,51.936845,85.323427,52.5,87.5
3087725.0,11.683845,78.165564,12.5,77.5
5295689.0,23.559436,120.605517,22.5,122.5
1337401.0,11.098388,77.215897,12.5,77.5
1429576.0,1.355956,103.800585,2.5,102.5
5959092.0,36.569827,116.911258,37.5,117.5
2487871.0,56.810544,60.644069,57.5,62.5
7934047.0,1.307403,103.815735,2.5,102.5
4339101.0,35.89278,120.177458,37.5,122.5
5035373.0,1.424297,103.838591,2.5,102.5
2435035.0,31.080558,121.182363,32.5,122.5
5219436.0,19.002179,72.957496,17.5,72.5
2486121.0,12.213872,107.129938,12.5,107.5
2435035.0,31.245666,121.552421,32.5,122.5
2436603.0,11.277454,119.402088,12.5,117.5
2492779.0,40.078859,116.047822,42.5,117.5
2495414.0,24.616278,54.731601,22.5,52.5
2474732.0,12.310395,76.630441,12.5,77.5
2747865.0,32.796046,35.371435,32.5,37.5
7341536.0,22.209837,114.142418,22.5,112.5
5231198.0,12.66106,101.256509,12.5,102.5
2492758.0,30.469556,73.481667,32.5,72.5
5151691.0,12.928985,80.172161,12.5,82.5
2928751.0,32.774567,35.114472,32.5,37.5
2481047.0,30.738638,114.157794,32.5,112.5
1429407.0,1.38581,103.820294,2.5,102.5
5361930.0,25.159959,121.707513,27.5,122.5
3180167.0,25.159874,121.703677,27.5,122.5
6100882.0,1.31384,103.815914,2.5,102.5
2487871.0,61.024223,69.045876,62.5,67.5
5383897.0,3.145007,101.633564,2.5,102.5
2698108.0,11.507841,76.497672,12.5,77.5
9537238.0,10.133264,103.977609,12.5,102.5
2171214.0,8.036489,98.752734,7.5,97.5
2495000.0,56.903463,60.659952,57.5,62.5
5231198.0,56.491755,84.991186,57.5,82.5
2492849.0,22.167966,96.605188,22.5,97.5
5739315.0,44.46187,38.021783,42.5,37.5
2498415.0,36.127052,115.752251,37.5,117.5
3152816.0,34.9026,32.837795,32.5,32.5
9705453.0,56.01628,69.485875,57.5,67.5
5361944.0,22.727612,120.267013,22.5,122.5
4596823.0,13.705004,120.877661,12.5,122.5
2495681.0,35.934368,139.457337,37.5,137.5
7366997.0,23.555824,120.657576,22.5,122.5
2435035.0,24.114687,120.498988,22.5,122.5
5130444.0,13.044716,80.278823,12.5,82.5
5231223.0,31.609262,120.730978,32.5,122.5
5229165.0,36.991349,126.344464,37.5,127.5
1938088.0,1.334624,103.817803,2.5,102.5
2480907.0,22.507824,114.111878,22.5,112.5
2475452.0,13.123341,80.198693,12.5,82.5
2928624.0,12.875367,80.234149,12.5,82.5
3088300.0,24.255662,121.008317,22.5,122.5
11628147.0,11.949712,108.454465,12.5,107.5
11675108.0,32.197651,34.892708,32.5,32.5
5228280.0,1.28799,103.788834,2.5,102.5
2496253.0,13.795222,101.6764,12.5,102.5
3213503.0,32.17036,34.904101,32.5,32.5
2486144.0,3.550614,98.126432,2.5,97.5
1901399.0,22.231318,114.116222,22.5,112.5
2437243.0,25.360801,60.62281,27.5,62.5
10043827.0,18.360077,100.315729,17.5,102.5
2481800.0,22.463015,113.994881,22.5,112.5
2477927.0,56.579933,84.946907,57.5,82.5
2475410.0,18.759937,98.936606,17.5,97.5
2480506.0,51.65262,83.947443,52.5,82.5
2481713.0,19.016591,73.00594,17.5,72.5
2482048.0,23.55143,119.605682,22.5,117.5
2393738.0,27.850421,34.317544,27.5,32.5
2422538.0,15.794284,73.848661,17.5,72.5
7353254.0,10.572054,122.067946,12.5,122.5
5129293.0,23.590086,120.623075,22.5,122.5
5285637.0,56.917553,60.623153,57.5,62.5
7300505.0,22.872082,120.65476,22.5,122.5
6100954.0,52.804174,80.133489,52.5,82.5
1921150.0,22.370273,113.87033,22.5,112.5
2498415.0,8.840996,98.266414,7.5,97.5
2481121.0,-6.102828,106.761674,-7.5,107.5
2443722.0,3.540952,98.122938,2.5,97.5
2490755.0,22.449269,114.256734,22.5,112.5
5275373.0,24.994864,121.412861,22.5,122.5
5171038.0,7.975014,98.325569,7.5,97.5
5229410.0,12.81755,77.824913,12.5,77.5
5229493.0,51.897425,85.313096,52.5,87.5
7304374.0,22.870342,120.656048,22.5,122.5
2487866.0,57.077541,65.065941,57.5,67.5
5228803.0,1.367411,103.829249,2.5,102.5
1921009.0,22.380295,113.958781,22.5,112.5
9182765.0,31.933292,34.786488,32.5,32.5
2651706.0,21.878058,120.927376,22.5,122.5
2650594.0,41.715238,44.796582,42.5,42.5
2494543.0,57.911703,60.163718,57.5,62.5
6101224.0,1.367426,103.828771,2.5,102.5
2475923.0,30.441719,77.676804,32.5,77.5
2481890.0,29.608667,34.986334,27.5,32.5
9797180.0,30.310045,113.873818,32.5,112.5
1910629.0,3.555396,98.103909,2.5,97.5
8110522.0,-7.70126,112.530055,-7.5,112.5
5051775.0,22.996714,57.664751,22.5,57.5
5295472.0,25.131133,121.507553,27.5,122.5
2484710.0,22.423787,114.112514,22.5,112.5
4177874.0,25.131719,121.507797,27.5,122.5
7690055.0,55.185957,85.641051,57.5,87.5
9346360.0,35.386238,136.670158,37.5,137.5
2490737.0,51.365048,80.193303,52.5,82.5
2482515.0,51.422939,85.979219,52.5,87.5
1934211.0,22.380295,113.958781,22.5,112.5
2493091.0,43.422965,39.927375,42.5,37.5
5384604.0,41.715275,44.796581,42.5,42.5
7617494.0,13.122776,74.993319,12.5,72.5
5229126.0,24.328692,120.551516,22.5,122.5
2437394.0,23.001922,120.211409,22.5,122.5
7262595.0,25.016906,121.552147,27.5,122.5
1949008.0,22.518403,114.365529,22.5,112.5
5231438.0,35.426603,139.228207,37.5,137.5
1911736.0,22.562538,114.315097,22.5,112.5
9705453.0,60.161306,59.954322,62.5,57.5
5228328.0,26.027345,76.446747,27.5,77.5
3001879.0,34.778887,32.406472,32.5,32.5
9705453.0,54.772921,83.062709,52.5,82.5
2493028.0,1.321924,103.816533,2.5,102.5
2426861.0,18.71724,108.957505,17.5,107.5
2489005.0,21.336842,76.506083,22.5,77.5
7690055.0,55.599046,73.901184,57.5,72.5
5295073.0,41.697027,46.578606,42.5,47.5
2480706.0,8.333369,98.638249,7.5,97.5
2492765.0,-6.052598,106.966517,-7.5,107.5
5229167.0,19.140264,72.958997,17.5,72.5
7341397.0,24.991798,121.653001,22.5,122.5
4605680.0,17.885988,83.449516,17.5,82.5
11038189.0,25.169432,121.581318,27.5,122.5
2447349.0,18.301964,109.575772,17.5,107.5
2436603.0,3.478481,98.089451,2.5,97.5
9300456.0,34.986553,135.661306,32.5,137.5
3152634.0,11.709213,78.191376,12.5,77.5
5401760.0,23.82782,120.800667,22.5,122.5
7852114.0,36.065908,120.33844,37.5,122.5
9600020.0,13.794963,101.675492,12.5,102.5
4486826.0,32.777706,35.119492,32.5,37.5
7497537.0,5.41027,100.776948,7.5,102.5
2494543.0,57.185446,85.821695,57.5,87.5
8189568.0,35.35613,136.612637,37.5,137.5
2493455.0,30.268056,120.06629,32.5,122.5
2491534.0,51.409939,85.998129,52.5,87.5
9579626.0,18.959008,72.795471,17.5,72.5
1727100.0,23.125208,57.62222,22.5,57.5
5230801.0,19.141906,72.964628,17.5,72.5
2680281.0,32.12215,118.586418,32.5,117.5
1311454.0,24.926071,121.256874,22.5,122.5
9273219.0,31.538679,120.482695,32.5,122.5
2498112.0,36.261767,139.487973,37.5,137.5
5575022.0,21.957344,120.820228,22.5,122.5
2481714.0,12.80469,80.241398,12.5,82.5
2778478.0,34.997862,32.341597,32.5,32.5
5356354.0,34.923442,32.341403,32.5,32.5
2492634.0,14.329576,101.305478,12.5,102.5
10896049.0,3.257392,113.160801,2.5,112.5
9761484.0,44.680883,37.799732,42.5,37.5
1935410.0,22.236638,113.859495,22.5,112.5
2498285.0,34.821592,135.691834,32.5,137.5
6065809.0,11.891788,77.771567,12.5,77.5
5231198.0,53.348521,83.535995,52.5,82.5
7690055.0,56.016096,69.485597,57.5,67.5
2650536.0,22.070006,120.837167,22.5,122.5
2498347.0,36.809115,126.341795,37.5,127.5
7282135.0,35.042607,33.123194,37.5,32.5
2435035.0,4.372213,73.65438,2.5,72.5
6100818.0,19.880855,99.116907,17.5,97.5
5231198.0,56.879303,60.519874,57.5,62.5
3940982.0,24.8973,121.298553,22.5,122.5
3084027.0,25.124506,121.75059,27.5,122.5
11047823.0,23.407855,120.580422,22.5,122.5
2161506.0,9.77864,100.010187,7.5,102.5
2480899.0,7.086083,99.600425,7.5,97.5
6198302.0,1.263802,103.817278,2.5,102.5
5844992.0,39.768369,116.323549,37.5,117.5
5231190.0,56.952594,72.640664,57.5,72.5
2480259.0,22.505215,114.110388,22.5,112.5
11038189.0,23.541885,120.685543,22.5,122.5
5239490.0,33.069313,35.114991,32.5,37.5
1818991.0,25.225601,121.647253,27.5,122.5
8008808.0,9.672759,123.905318,7.5,122.5
2481938.0,12.782749,80.236628,12.5,82.5
2158184.0,6.878565,81.060161,7.5,82.5
5231198.0,34.394156,132.454053,32.5,132.5
11047823.0,25.161706,121.705289,27.5,122.5
2498347.0,41.26426,141.151788,42.5,142.5
5673987.0,13.617917,74.670517,12.5,72.5
1730180.0,36.611183,139.887542,37.5,137.5
6130512.0,12.7986,78.305546,12.5,77.5
1924713.0,22.785235,113.958103,22.5,112.5
2490737.0,52.023713,85.869036,52.5,87.5
5219173.0,31.963364,118.775513,32.5,117.5
2491518.0,13.744109,100.811165,12.5,102.5
9451184.0,17.454561,78.360281,17.5,77.5
2482515.0,57.093016,65.540352,57.5,67.5
1932607.0,-9.001044,116.752622,-7.5,117.5
3191227.0,25.167942,121.556325,27.5,122.5
2493086.0,19.830027,99.083333,17.5,97.5
5231198.0,23.291728,113.717669,22.5,112.5
5877908.0,29.45336,119.89259,27.5,117.5
2436603.0,3.123346,101.633487,2.5,102.5
2130398.0,35.14217,137.001219,37.5,137.5
9273219.0,11.071058,77.053314,12.5,77.5
5232446.0,38.39112,141.401785,37.5,142.5
7732678.0,25.161885,121.705016,27.5,122.5
2495817.0,1.320859,103.769375,2.5,102.5
2484596.0,57.187315,85.826953,57.5,87.5
2486150.0,40.0125,116.391869,42.5,117.5
9537238.0,19.123558,108.654067,17.5,107.5
2497509.0,53.563123,83.916709,52.5,82.5
2490310.0,22.506803,114.11138,22.5,112.5
1427783.0,7.042247,100.505325,7.5,102.5
1919589.0,1.346522,103.761414,2.5,102.5
5231198.0,54.737872,83.050757,52.5,82.5
5395843.0,25.478844,84.910764,27.5,82.5
2956174.0,12.311931,77.276921,12.5,77.5
2492462.0,39.883887,116.402197,37.5,117.5
2456135.0,14.707959,121.081437,12.5,122.5
2494543.0,56.713714,61.132335,57.5,62.5
2437278.0,3.708732,101.7374,2.5,102.5
2385538.0,27.847196,34.314782,27.5,32.5
2422105.0,19.944427,110.18895,17.5,112.5
3592289.0,22.860931,120.662657,22.5,122.5
4062031.0,22.638503,120.27555,22.5,122.5
5231396.0,20.018394,99.062772,22.5,97.5
2969284.0,22.656022,120.35008,22.5,122.5
3084700.0,12.3132,79.71798,12.5,77.5
4047496.0,24.374772,120.912619,22.5,122.5
2498112.0,19.015496,73.006286,17.5,72.5
2484605.0,56.717282,60.776854,57.5,62.5
2482492.0,56.015335,69.480923,57.5,67.5
2407210.0,3.497969,73.526539,2.5,72.5
2727853.0,24.244456,120.974211,22.5,122.5
9616058.0,23.291414,113.719524,22.5,112.5
2474377.0,30.268056,120.06629,32.5,122.5
2876873.0,23.060938,120.742864,22.5,122.5
2398682.0,17.885988,83.449516,17.5,82.5
3898574.0,31.933933,34.78368,32.5,32.5
1423263.0,1.424297,103.838591,2.5,102.5
5211169.0,16.323137,100.732645,17.5,102.5
10670284.0,26.809833,128.270876,27.5,127.5
9178169.0,35.671347,139.692189,37.5,137.5
1928915.0,22.537439,114.25755,22.5,112.5
5401760.0,24.646818,120.987423,22.5,122.5
2436615.0,22.657561,120.263778,22.5,122.5
2490737.0,55.18948,61.285561,57.5,62.5
5380041.0,6.011722,80.780379,7.5,82.5
2494441.0,40.013544,116.37955,42.5,117.5
9761484.0,56.024119,92.953158,57.5,92.5
1341978.0,1.354917,103.686373,2.5,102.5
2480500.0,18.609231,99.1605,17.5,97.5
2487879.0,57.450701,60.207412,57.5,62.5
6100851.0,14.079657,101.257353,12.5,102.5
5231198.0,34.721324,112.603569,32.5,112.5
2173953.0,1.385712,103.820157,2.5,102.5
5739298.0,56.99659,86.14562,57.5,87.5
2492680.0,10.04137,76.325748,12.5,77.5
2494543.0,56.658669,90.574997,57.5,92.5
2377008.0,1.227949,103.748278,2.5,102.5
3044318.0,35.929619,119.5961,37.5,117.5
2480437.0,8.748994,98.254983,7.5,97.5
2466557.0,6.990381,80.403453,7.5,82.5
9537647.0,53.815626,87.422846,52.5,87.5
5211169.0,14.654892,121.067309,12.5,122.5
4358103.0,29.547253,34.953087,27.5,32.5
2169064.0,1.297279,103.901747,2.5,102.5
9362027.0,36.815855,126.284495,37.5,127.5
6097771.0,32.052117,118.553612,32.5,117.5
2287705.0,35.074956,32.317505,37.5,32.5
5730578.0,25.018326,121.999305,27.5,122.5
9649901.0,7.866636,80.712757,7.5,82.5
3033261.0,31.933508,34.783837,32.5,32.5
5806412.0,11.943974,108.407383,12.5,107.5
2441535.0,7.904268,80.679819,7.5,82.5
2486151.0,11.467395,77.794523,12.5,77.5
5391861.0,24.188755,120.613522,22.5,122.5
2493598.0,22.692364,120.309074,22.5,122.5
5228311.0,1.399255,103.807758,2.5,102.5
3074918.0,23.827891,120.800745,22.5,122.5
2480863.0,22.392448,113.9734,22.5,112.5
2173953.0,1.440398,103.735588,2.5,102.5
2487871.0,54.766678,83.051483,52.5,82.5
5739315.0,44.679543,37.797537,42.5,37.5
2034822.0,1.334624,103.817803,2.5,102.5
6101224.0,1.332212,103.728068,2.5,102.5
5404991.0,23.592721,120.379399,22.5,122.5
5228816.0,24.022593,89.098108,22.5,87.5
5229490.0,56.031329,92.949575,57.5,92.5
2490307.0,18.653065,99.13903,17.5,97.5
6957732.0,10.714992,99.319356,12.5,97.5
2437396.0,2.960756,101.69625,2.5,102.5
2482515.0,56.814518,60.538935,57.5,62.5
1428645.0,1.3347,103.922722,2.5,102.5
2437394.0,3.716315,101.740137,2.5,102.5
2495681.0,30.284883,77.97573,32.5,77.5
7627205.0,31.934835,34.783802,32.5,32.5
5742390.0,32.305595,34.875051,32.5,32.5
5137790.0,22.960484,57.677508,22.5,57.5
2496468.0,11.891788,77.771567,12.5,77.5
1428645.0,8.395218,80.625289,7.5,82.5
8332393.0,21.370947,76.64796,22.5,77.5
7554384.0,25.049925,121.418467,27.5,122.5
7992764.0,1.377882,103.952491,2.5,102.5
9750846.0,23.831903,120.847946,22.5,122.5
9273219.0,30.267652,113.803451,32.5,112.5
1317388.0,18.369078,100.35337,17.5,102.5
2475532.0,31.073927,121.22843,32.5,122.5
2057451.0,1.442423,103.736058,2.5,102.5
2928531.0,25.085192,121.574304,27.5,122.5
5844385.0,35.83795,126.679955,37.5,127.5
6088419.0,1.446822,103.731998,2.5,102.5
9797180.0,24.452947,54.605555,22.5,52.5
2474377.0,35.947119,139.82329,37.5,137.5
10332233.0,1.281117,103.869912,2.5,102.5
2486132.0,35.715576,51.415793,37.5,52.5
2487866.0,56.902011,60.655271,57.5,62.5
2650655.0,24.834262,121.525688,22.5,122.5
4257845.0,23.55707,120.656133,22.5,122.5
9273219.0,23.135265,120.243012,22.5,122.5
2477927.0,53.35888,84.58463,52.5,82.5
1094209.0,22.572327,114.269924,22.5,112.5
8135150.0,35.960942,140.112672,37.5,142.5
2487866.0,56.80191,60.780651,57.5,62.5
1910629.0,5.577524,115.983524,7.5,117.5
2434708.0,-7.329222,112.790846,-7.5,112.5
2880756.0,34.904983,32.840745,32.5,32.5
2739071.0,31.643322,120.726274,32.5,122.5
2494146.0,36.369165,127.386534,37.5,127.5
5231198.0,51.917939,85.831456,52.5,87.5
7753992.0,40.864464,29.128377,42.5,27.5
2925788.0,10.715941,99.319879,12.5,97.5
2495414.0,17.420675,78.544583,17.5,77.5
5130813.0,5.395272,100.261064,7.5,102.5
2482492.0,56.553976,60.873966,57.5,62.5
10043827.0,1.352137,103.822902,2.5,102.5
3616228.0,22.2002,120.89148,22.5,122.5
2490733.0,22.675511,113.848758,22.5,112.5
2470685.0,2.961687,101.695667,2.5,102.5
2470685.0,13.72904,100.537737,12.5,102.5
2426759.0,30.018807,122.303121,32.5,122.5
1913105.0,22.229469,114.114541,22.5,112.5
2482515.0,56.106083,69.469738,57.5,67.5
2481890.0,43.41753,39.924436,42.5,37.5
2477927.0,51.939567,85.321156,52.5,87.5
2498112.0,35.837734,126.689802,37.5,127.5
8332393.0,22.523556,113.988911,22.5,112.5
2481890.0,44.464317,38.067122,42.5,37.5
2350050.0,3.156959,101.644647,2.5,102.5
2473599.0,11.46057,107.336194,12.5,107.5
2484916.0,43.554234,144.823683,42.5,142.5
5231223.0,35.867732,139.45545,37.5,137.5
10704098.0,31.549868,120.483067,32.5,122.5
2168408.0,24.114713,120.498927,22.5,122.5
2489527.0,21.792786,100.967189,22.5,102.5
1932814.0,22.560271,114.146569,22.5,112.5
5844992.0,31.444336,120.213558,32.5,122.5
5140534.0,1.343475,103.779406,2.5,102.5
6100944.0,39.884658,116.413788,37.5,117.5
2490310.0,3.54526,98.112937,2.5,97.5
5187093.0,13.635895,121.047814,12.5,122.5
7290072.0,29.936212,118.013024,27.5,117.5
5231198.0,39.932305,116.451378,37.5,117.5
5033758.0,4.669038,101.195314,2.5,102.5
2436535.0,5.435158,100.254377,7.5,102.5
1932814.0,22.441563,114.288697,22.5,112.5
5230300.0,22.409324,114.104524,22.5,112.5
2486149.0,5.410651,100.777304,7.5,102.5
5137861.0,8.902245,76.778555,7.5,77.5
2436615.0,24.951222,121.53397,22.5,122.5
1920374.0,19.141906,72.964628,17.5,72.5
5334186.0,41.723727,44.791777,42.5,42.5
5204019.0,32.702211,131.301318,32.5,132.5
2492680.0,14.232605,100.57913,12.5,102.5
6101224.0,30.318232,113.888169,32.5,112.5
5229133.0,22.821777,72.092391,22.5,72.5
1341976.0,23.101243,120.272503,22.5,122.5
2480331.0,3.141963,113.035789,2.5,112.5
1919589.0,1.319423,103.750388,2.5,102.5
2493972.0,12.000611,93.007095,12.5,92.5
5226075.0,13.807089,123.90764,12.5,122.5
2498285.0,31.193544,104.42231,32.5,102.5
2490310.0,36.397183,127.410395,37.5,127.5
1311160.0,1.334624,103.817803,2.5,102.5
2426893.0,8.384651,99.590589,7.5,97.5
10432842.0,1.227184,103.750784,2.5,102.5
2437243.0,28.464539,80.776861,27.5,82.5
9616058.0,23.29142,113.719502,22.5,112.5
5217144.0,32.127426,119.084731,32.5,117.5
5391845.0,32.777785,35.119564,32.5,37.5
5535797.0,25.158114,121.709667,27.5,122.5
2493467.0,35.614339,110.66631,37.5,112.5
2493598.0,1.320859,103.769375,2.5,102.5
2441333.0,-0.904663,119.824799,-2.5,117.5
2017298.0,1.347366,103.761291,2.5,102.5
3172300.0,44.468703,38.230969,42.5,37.5
5960770.0,7.82076,98.967946,7.5,97.5
5330311.0,25.161589,121.705444,27.5,122.5
2487843.0,39.929474,116.392463,37.5,117.5
2482048.0,35.650248,139.465363,37.5,137.5
2482613.0,61.024146,69.04607,62.5,67.5
5301991.0,24.854508,121.5513,22.5,122.5
1412590.0,-6.287325,105.84048,-7.5,107.5
2477968.0,56.80708,60.645722,57.5,62.5
4079429.0,25.131664,121.507544,27.5,122.5
1700699.0,1.368854,103.827235,2.5,102.5
2481800.0,22.275362,114.295667,22.5,112.5
6100870.0,13.223034,77.755507,12.5,77.5
2482487.0,35.669269,139.700104,37.5,137.5
2923582.0,25.131531,121.507325,27.5,122.5
2491544.0,30.325082,113.886025,32.5,112.5
2495681.0,35.669266,139.700299,37.5,137.5
6101224.0,37.87418,112.523705,37.5,112.5
2480876.0,35.671174,139.706288,37.5,137.5
2495486.0,-7.310796,112.823271,-7.5,112.5
2443002.0,1.426634,103.838202,2.5,102.5
2920037.0,25.131572,121.507347,27.5,122.5
2495455.0,44.473019,38.220061,42.5,37.5
1317388.0,1.29393,103.896702,2.5,102.5
2306577.0,25.0183,121.999213,27.5,122.5
2747488.0,43.255495,76.995582,42.5,77.5
8294007.0,35.961895,119.420372,37.5,117.5
4408790.0,43.186282,76.886562,42.5,77.5
2491530.0,30.267692,120.056413,32.5,122.5
7261386.0,1.306913,103.820735,2.5,102.5
7299714.0,24.835862,121.739642,22.5,122.5
2498034.0,19.245019,73.183336,17.5,72.5
3172077.0,35.023483,138.39296,37.5,137.5
2482487.0,35.669369,139.700898,37.5,137.5
7358042.0,23.584182,120.609446,22.5,122.5
2492846.0,22.834383,120.209047,22.5,122.5
2494543.0,57.450504,60.207412,57.5,62.5
7262595.0,24.992036,121.384292,22.5,122.5
5382478.0,17.42179,78.546828,17.5,77.5
9752617.0,22.340357,114.197742,22.5,112.5
2470685.0,-7.984825,113.773033,-7.5,112.5
2482451.0,9.790369,76.304696,7.5,77.5
2966855.0,1.254286,103.849249,2.5,102.5
5380041.0,27.677003,85.301988,27.5,87.5
7316804.0,25.128039,121.518997,27.5,122.5
4562510.0,32.160688,35.136036,32.5,37.5
3169317.0,31.679497,35.102783,32.5,37.5
9182765.0,32.304066,34.879775,32.5,32.5
10720467.0,1.398178,103.806335,2.5,102.5
2480876.0,11.817847,75.432531,12.5,77.5
2486144.0,-7.311006,112.823256,-7.5,112.5
9687165.0,36.394386,127.410489,37.5,127.5
2422538.0,13.364189,103.864521,12.5,102.5
2296807.0,31.909976,34.813493,32.5,32.5
2407362.0,22.339781,120.370743,22.5,122.5
4687389.0,10.813128,79.606647,12.5,77.5
10704098.0,37.459187,126.950168,37.5,127.5
2474628.0,1.278152,103.864359,2.5,102.5
2480863.0,31.253151,121.57298,32.5,122.5
5229493.0,53.631039,88.138232,52.5,87.5
2868323.0,-7.140625,110.870078,-7.5,112.5
5788854.0,22.511116,114.134799,22.5,112.5
11945016.0,41.601165,46.66481,42.5,47.5
2490255.0,40.015671,116.400208,42.5,117.5
4408732.0,24.556004,117.990051,22.5,117.5
7340196.0,4.956417,100.479182,2.5,102.5
2477927.0,55.060337,82.872557,57.5,82.5
2496347.0,12.311931,77.276921,12.5,77.5
2495414.0,56.814155,60.53946,57.5,62.5
2715729.0,25.083866,121.196229,27.5,122.5
2272583.0,18.50596,110.0372,17.5,112.5
2440656.0,11.452135,99.633599,12.5,97.5
1924298.0,5.394571,100.260135,7.5,102.5
2480242.0,24.636802,121.822895,22.5,122.5
5228199.0,30.258114,120.116643,32.5,122.5
9705453.0,56.016171,69.486333,57.5,67.5
2475452.0,15.725755,73.988481,17.5,72.5
3033077.0,35.678006,139.702655,37.5,137.5
2484605.0,55.367047,86.185627,57.5,87.5
5172806.0,12.879448,80.082383,12.5,82.5
2470685.0,-6.16149,106.879844,-7.5,107.5
6100851.0,30.993806,117.86561,32.5,117.5
7346444.0,5.413983,100.782075,7.5,102.5
2490303.0,22.505215,114.110388,22.5,112.5
4262612.0,23.467822,120.917799,22.5,122.5
2482451.0,30.469556,73.481667,32.5,72.5
2480905.0,25.407018,81.847236,27.5,82.5
1897685.0,15.78199,73.984261,17.5,72.5
2481938.0,2.96154,101.695586,2.5,102.5
2909527.0,1.38471,103.755201,2.5,102.5
2486151.0,8.520705,76.907678,7.5,77.5
6718427.0,18.305253,109.571278,17.5,107.5
5378650.0,24.987584,121.558782,22.5,122.5
2441052.0,43.042758,76.943972,42.5,77.5
3179997.0,24.880737,121.150027,22.5,122.5
2495681.0,26.217017,127.694145,27.5,127.5
2867888.0,25.156402,121.707274,27.5,122.5
2484916.0,57.184587,85.825356,57.5,87.5
9761484.0,53.761557,87.113239,52.5,87.5
2407167.0,27.847252,34.31424,27.5,32.5
5858758.0,31.792102,35.15826,32.5,37.5
1936969.0,31.844979,34.989049,32.5,32.5
2490292.0,22.861722,72.061417,22.5,72.5
2495414.0,1.311037,103.876503,2.5,102.5
2946519.0,1.304209,103.860654,2.5,102.5
5724885.0,13.005006,80.274418,12.5,82.5
4025407.0,24.322259,120.97026,22.5,122.5
5579379.0,24.854426,121.739388,22.5,122.5
2494422.0,41.701205,44.752547,42.5,42.5
2481713.0,23.36194,120.407623,22.5,122.5
5816059.0,8.384793,99.590677,7.5,97.5
6133271.0,24.685111,121.136172,22.5,122.5
9480191.0,35.67749,139.749874,37.5,137.5
2475531.0,-6.103982,106.761976,-7.5,107.5
6100921.0,31.443104,120.211854,32.5,122.5
6100921.0,39.841037,116.217532,37.5,117.5
5229163.0,12.82371,80.231721,12.5,82.5
2482515.0,52.304682,85.393429,52.5,87.5
4267065.0,10.126493,104.778878,12.5,102.5
2493031.0,3.211966,113.124455,2.5,112.5
1911736.0,1.31384,103.815914,2.5,102.5
9752617.0,25.119166,121.476865,27.5,122.5
6718402.0,3.718719,101.685147,2.5,102.5
5229131.0,12.918313,77.680097,12.5,77.5
1091685.0,31.677308,35.332489,32.5,37.5
2398510.0,27.847646,34.314157,27.5,32.5
2480934.0,1.344322,103.813447,2.5,102.5
2494543.0,51.941134,85.312771,52.5,87.5
2482054.0,35.239372,139.147582,37.5,137.5
2480876.0,1.446538,103.723614,2.5,102.5
3793742.0,23.5898,120.62314,22.5,122.5
8214667.0,35.920097,139.829979,37.5,137.5
2757184.0,23.837572,120.77967,22.5,122.5
5231747.0,13.5277,100.422459,12.5,102.5
6101223.0,25.103895,55.239372,27.5,57.5
3084698.0,-7.316561,112.756969,-7.5,112.5
2177741.0,18.658136,73.777069,17.5,72.5
2474377.0,25.09067,121.223915,27.5,122.5
4485843.0,37.717498,140.187916,37.5,142.5
2494146.0,35.980335,119.404114,37.5,117.5
6101070.0,18.641597,73.80965,17.5,72.5
5228199.0,40.019902,116.383895,42.5,117.5
5332421.0,23.567648,120.609069,22.5,122.5
2688176.0,24.807667,120.969464,22.5,122.5
2651706.0,23.171347,121.256417,22.5,122.5
5332927.0,23.538669,120.688862,22.5,122.5
5231630.0,54.928819,82.934443,52.5,82.5
1317388.0,12.875367,80.234149,12.5,82.5
2492680.0,19.124544,108.654842,17.5,107.5
6065824.0,35.711752,139.770698,37.5,137.5
10352494.0,32.046257,34.803533,32.5,32.5
2882631.0,24.520349,121.293695,22.5,122.5
2858963.0,35.159425,32.773431,37.5,32.5
2889304.0,23.505607,120.695249,22.5,122.5
2493970.0,30.469556,73.481667,32.5,72.5
3889017.0,17.421879,78.546591,17.5,77.5
2484916.0,56.713744,61.132415,57.5,62.5
2494543.0,56.581843,84.955574,57.5,82.5
2493108.0,20.039006,99.167568,22.5,97.5
3074251.0,21.940488,120.798578,22.5,122.5
2487877.0,56.907183,60.55635,57.5,62.5
4393034.0,31.792102,35.15826,32.5,37.5
2476004.0,3.463775,98.183063,2.5,97.5
2481713.0,-7.310823,112.823343,-7.5,112.5
2474732.0,22.446097,88.301392,22.5,87.5
2487871.0,35.426003,139.234586,37.5,137.5
1341978.0,10.782703,106.693278,12.5,107.5
5229490.0,37.910405,40.165089,37.5,42.5
2257005.0,1.213842,103.836487,2.5,102.5
2480876.0,25.091113,121.581167,27.5,122.5
9705453.0,55.168256,61.256325,57.5,62.5
6101031.0,23.169988,113.200101,22.5,112.5
7346344.0,25.156832,121.70725,27.5,122.5
5685614.0,25.011178,121.532944,27.5,122.5
5219243.0,30.580515,47.610051,32.5,47.5
3033558.0,41.71785,44.787752,42.5,42.5
5231223.0,25.018248,121.503676,27.5,122.5
2480863.0,29.769283,121.639175,27.5,122.5
2498061.0,37.29824,127.072012,37.5,127.5
2166475.0,1.347218,103.762428,2.5,102.5
2495696.0,42.894978,71.40227,42.5,72.5
2486121.0,-6.084379,106.84372,-7.5,107.5
8374394.0,1.21287,103.835907,2.5,102.5
3039454.0,47.6669,2.26047,47.5,2.5
5769068.0,52.9323,-6.2311,52.5,-7.5
2533401.0,56.384856,9.89984,57.5,7.5
2487879.0,61.998259,23.017286,62.5,22.5
9705453.0,61.998259,23.017286,62.5,22.5
6100954.0,61.998259,23.017286,62.5,22.5
2477968.0,61.998259,23.017286,62.5,22.5
5231198.0,61.998259,23.017286,62.5,22.5
5229490.0,61.998259,23.017286,62.5,22.5
8211070.0,61.998259,23.017286,62.5,22.5
2495414.0,61.998259,23.017286,62.5,22.5
9409796.0,61.998259,23.017286,62.5,22.5
5739298.0,65.32296,21.633,67.5,22.5
1860072.0,38.4929,15.917,37.5,17.5
2157233.0,62.436653,22.1765,62.5,22.5
2494543.0,59.69751,16.63321,57.5,17.5
5220126.0,52.335525,7.744023,52.5,7.5
9752149.0,47.895742,7.687016,47.5,7.5
9705453.0,61.082589,28.150475,62.5,27.5
9537647.0,60.319882,22.222179,62.5,22.5
2480449.0,60.197412,25.113368,62.5,27.5
2487603.0,60.178619,25.045083,62.5,27.5
2487603.0,61.082589,28.150475,62.5,27.5
2487866.0,65.951137,29.224578,67.5,27.5
2492956.0,65.951137,29.224578,67.5,27.5
8211070.0,62.877037,27.684604,62.5,27.5
2477872.0,60.748415,26.987656,62.5,27.5
2494686.0,63.55492,27.218909,62.5,27.5
2494543.0,61.224374,23.738591,62.5,22.5
6092830.0,63.55492,27.218909,62.5,27.5
2480449.0,61.224374,23.738591,62.5,22.5
2495414.0,61.356678,22.927253,62.5,22.5
5229490.0,60.403699,23.273387,62.5,22.5
2477968.0,61.509946,23.815925,62.5,22.5
5231198.0,61.454797,21.716119,62.5,22.5
5229490.0,64.914279,25.558603,62.5,27.5
2494543.0,63.03609,22.315763,62.5,22.5
2487879.0,60.178619,25.045083,62.5,27.5
9705453.0,60.178619,25.045083,62.5,27.5
6092830.0,64.805289,25.404778,62.5,27.5
5229490.0,62.613896,24.0828,62.5,22.5
2487871.0,60.178619,25.045083,62.5,27.5
5229493.0,62.613896,24.0828,62.5,22.5
9752149.0,60.987865,21.57245,62.5,22.5
2487879.0,64.914279,25.558603,62.5,27.5
9705453.0,60.624442,22.319602,62.5,22.5
5229490.0,64.146423,28.250541,62.5,27.5
5229493.0,62.877037,27.684604,62.5,27.5
2490737.0,63.55492,27.218909,62.5,27.5
2477968.0,62.877037,27.684604,62.5,27.5
2487871.0,60.624442,22.319602,62.5,22.5
2487871.0,64.914279,25.558603,62.5,27.5
2487879.0,60.624442,22.319602,62.5,22.5
5231630.0,61.509946,23.815925,62.5,22.5
5231630.0,63.55492,27.218909,62.5,27.5
2487879.0,61.082589,28.150475,62.5,27.5
5229490.0,61.082589,28.150475,62.5,27.5
2490719.0,61.454797,21.716119,62.5,22.5
5229493.0,61.262028,21.581256,62.5,22.5
2494543.0,60.319882,22.222179,62.5,22.5
5229493.0,61.082589,28.150475,62.5,27.5
2494543.0,64.805289,25.404778,62.5,27.5
5229490.0,61.262028,21.581256,62.5,22.5
9705453.0,64.146423,28.250541,62.5,27.5
2487879.0,61.224374,23.738591,62.5,22.5
2490719.0,61.262028,21.581256,62.5,22.5
2477968.0,60.748415,26.987656,62.5,27.5
2487871.0,60.197412,25.113368,62.5,27.5
2491534.0,60.197412,25.113368,62.5,27.5
2494543.0,60.178619,25.045083,62.5,27.5
2487879.0,64.146423,28.250541,62.5,27.5
2487871.0,61.224374,23.738591,62.5,22.5
8211070.0,65.723401,24.62299,67.5,22.5
9705453.0,61.224374,23.738591,62.5,22.5
2477968.0,60.403699,23.273387,62.5,22.5
9705453.0,64.914279,25.558603,62.5,27.5
5231190.0,60.987865,21.57245,62.5,22.5
6092830.0,60.184081,21.02378,62.5,22.5
2484596.0,60.319882,22.222179,62.5,22.5
2491534.0,65.120196,25.338563,67.5,27.5
2477872.0,62.821154,22.973743,62.5,22.5
2487603.0,60.624442,22.319602,62.5,22.5
5229490.0,62.877037,27.684604,62.5,27.5
5231198.0,60.987865,21.57245,62.5,22.5
5231630.0,60.748415,26.987656,62.5,27.5
2487879.0,63.293899,27.432041,62.5,27.5
2477968.0,62.821154,22.973743,62.5,22.5
5229490.0,65.723401,24.62299,67.5,22.5
2477968.0,65.723401,24.62299,67.5,22.5
9705453.0,63.293899,27.432041,62.5,27.5
9409796.0,64.146423,28.250541,62.5,27.5
6100954.0,62.877037,27.684604,62.5,27.5
2487871.0,63.293899,27.432041,62.5,27.5
6100954.0,64.146423,28.250541,62.5,27.5
2494543.0,63.55492,27.218909,62.5,27.5
5229490.0,60.624442,22.319602,62.5,22.5
5229493.0,65.723401,24.62299,67.5,22.5
2487879.0,65.951137,29.224578,67.5,27.5
2498343.0,60.197412,25.113368,62.5,27.5
2480637.0,61.262028,21.581256,62.5,22.5
9705453.0,63.55492,27.218909,62.5,27.5
9409796.0,60.624442,22.319602,62.5,22.5
2481139.0,61.224374,23.738591,62.5,22.5
9409796.0,65.723401,24.62299,67.5,22.5
2482492.0,60.624442,22.319602,62.5,22.5
9761484.0,60.197412,25.113368,62.5,27.5
2495414.0,64.146423,28.250541,62.5,27.5
5231198.0,64.146423,28.250541,62.5,27.5
5229493.0,61.224374,23.738591,62.5,22.5
2487879.0,63.55492,27.218909,62.5,27.5
9409796.0,60.403699,23.273387,62.5,22.5
2487603.0,60.197412,25.113368,62.5,27.5
2494543.0,61.356678,22.927253,62.5,22.5
5229490.0,65.951137,29.224578,67.5,27.5
2480449.0,60.319882,22.222179,62.5,22.5
5229490.0,63.293899,27.432041,62.5,27.5
9444556.0,61.262028,21.581256,62.5,22.5
2491534.0,62.821154,22.973743,62.5,22.5
2482492.0,60.403699,23.273387,62.5,22.5
5229493.0,60.624442,22.319602,62.5,22.5
2477968.0,64.805289,25.404778,62.5,27.5
2487879.0,60.197412,25.113368,62.5,27.5
2491534.0,61.224374,23.738591,62.5,22.5
2487603.0,61.224374,23.738591,62.5,22.5
9705453.0,60.197412,25.113368,62.5,27.5
9752149.0,60.624442,22.319602,62.5,22.5
5229493.0,63.293899,27.432041,62.5,27.5
9409796.0,61.082589,28.150475,62.5,27.5
2482492.0,61.262028,21.581256,62.5,22.5
9409796.0,61.262028,21.581256,62.5,22.5
5229490.0,65.120196,25.338563,67.5,27.5
5229493.0,60.197412,25.113368,62.5,27.5
2481172.0,60.197412,25.113368,62.5,27.5
2490737.0,60.184081,21.02378,62.5,22.5
2482492.0,61.082589,28.150475,62.5,27.5
2482613.0,63.03609,22.315763,62.5,22.5
5229490.0,60.197412,25.113368,62.5,27.5
2495414.0,61.224374,23.738591,62.5,22.5
5231190.0,62.877037,27.684604,62.5,27.5
2436756.0,61.509946,23.815925,62.5,22.5
6100954.0,61.082589,28.150475,62.5,27.5
5229493.0,63.03609,22.315763,62.5,22.5
2490719.0,60.403699,23.273387,62.5,22.5
2484596.0,63.03609,22.315763,62.5,22.5
2487871.0,60.319882,22.222179,62.5,22.5
2494543.0,60.748415,26.987656,62.5,27.5
2490737.0,60.403699,23.273387,62.5,22.5
2487879.0,60.319882,22.222179,62.5,22.5
8211070.0,60.197412,25.113368,62.5,27.5
2495000.0,61.262028,21.581256,62.5,22.5
2495414.0,60.178619,25.045083,62.5,27.5
2487866.0,63.03609,22.315763,62.5,22.5
2484605.0,65.120196,25.338563,67.5,27.5
9705453.0,60.319882,22.222179,62.5,22.5
5231198.0,64.914279,25.558603,62.5,27.5
5220126.0,60.197412,25.113368,62.5,27.5
2487883.0,60.403699,23.273387,62.5,22.5
2434806.0,60.178619,25.045083,62.5,27.5
2498347.0,61.356678,22.927253,62.5,22.5
2495000.0,60.748415,26.987656,62.5,27.5
5231190.0,65.951137,29.224578,67.5,27.5
5231198.0,65.723401,24.62299,67.5,22.5
2487603.0,63.293899,27.432041,62.5,27.5
2477968.0,65.120196,25.338563,67.5,27.5
9409796.0,62.877037,27.684604,62.5,27.5
2487866.0,61.262028,21.581256,62.5,22.5
9705453.0,65.951137,29.224578,67.5,27.5
2481139.0,60.178619,25.045083,62.5,27.5
8211070.0,65.120196,25.338563,67.5,27.5
2484596.0,61.262028,21.581256,62.5,22.5
2487603.0,65.951137,29.224578,67.5,27.5
2481172.0,60.178619,25.045083,62.5,27.5
5231198.0,61.082589,28.150475,62.5,27.5
2482492.0,65.120196,25.338563,67.5,27.5
5845582.0,61.262028,21.581256,62.5,22.5
9444556.0,60.319882,22.222179,62.5,22.5
2482492.0,60.197412,25.113368,62.5,27.5
2481172.0,60.319882,22.222179,62.5,22.5
5229493.0,61.356678,22.927253,62.5,22.5
2482492.0,63.03609,22.315763,62.5,22.5
9409796.0,60.197412,25.113368,62.5,27.5
2487871.0,62.877037,27.684604,62.5,27.5
5845582.0,60.624442,22.319602,62.5,22.5
2498347.0,60.987865,21.57245,62.5,22.5
5232162.0,61.224374,23.738591,62.5,22.5
6100954.0,61.224374,23.738591,62.5,22.5
2487879.0,62.877037,27.684604,62.5,27.5
2494686.0,62.877037,27.684604,62.5,27.5
9409796.0,61.224374,23.738591,62.5,22.5
2490719.0,64.805289,25.404778,62.5,27.5
2491534.0,60.319882,22.222179,62.5,22.5
2491534.0,63.55492,27.218909,62.5,27.5
6100954.0,60.624442,22.319602,62.5,22.5
2487871.0,60.748415,26.987656,62.5,27.5
2487603.0,60.403699,23.273387,62.5,22.5
2495414.0,63.55492,27.218909,62.5,27.5
2477968.0,60.624442,22.319602,62.5,22.5
2487883.0,65.120196,25.338563,67.5,27.5
2491534.0,64.805289,25.404778,62.5,27.5
6100954.0,61.262028,21.581256,62.5,22.5
2487879.0,60.748415,26.987656,62.5,27.5
8211070.0,61.224374,23.738591,62.5,22.5
2481890.0,60.197412,25.113368,62.5,27.5
2487883.0,61.262028,21.581256,62.5,22.5
9761484.0,61.224374,23.738591,62.5,22.5
2487883.0,63.03609,22.315763,62.5,22.5
2487603.0,60.319882,22.222179,62.5,22.5
2495414.0,61.082589,28.150475,62.5,27.5
9409796.0,65.951137,29.224578,67.5,27.5
2482492.0,60.178619,25.045083,62.5,27.5
2477968.0,60.197412,25.113368,62.5,27.5
6092830.0,61.082589,28.150475,62.5,27.5
6100954.0,61.356678,22.927253,62.5,22.5
5231198.0,61.224374,23.738591,62.5,22.5
2477872.0,60.319882,22.222179,62.5,22.5
9409796.0,61.356678,22.927253,62.5,22.5
5845582.0,63.03609,22.315763,62.5,22.5
6100954.0,60.319882,22.222179,62.5,22.5
5231190.0,61.224374,23.738591,62.5,22.5
2487871.0,61.262028,21.581256,62.5,22.5
2487871.0,63.03609,22.315763,62.5,22.5
2490719.0,65.120196,25.338563,67.5,27.5
5845582.0,62.877037,27.684604,62.5,27.5
2487879.0,61.262028,21.581256,62.5,22.5
2498273.0,60.184081,21.02378,62.5,22.5
5229490.0,62.821154,22.973743,62.5,22.5
2490737.0,65.120196,25.338563,67.5,27.5
5231438.0,60.178619,25.045083,62.5,27.5
9705453.0,61.262028,21.581256,62.5,22.5
2484596.0,60.748415,26.987656,62.5,27.5
2498326.0,60.184081,21.02378,62.5,22.5
5229490.0,61.224374,23.738591,62.5,22.5
2484596.0,60.403699,23.273387,62.5,22.5
5845582.0,64.146423,28.250541,62.5,27.5
8211070.0,60.178619,25.045083,62.5,27.5
2487603.0,65.120196,25.338563,67.5,27.5
2491534.0,64.914279,25.558603,62.5,27.5
9409796.0,61.509946,23.815925,62.5,22.5
2477968.0,65.951137,29.224578,67.5,27.5
2495414.0,65.951137,29.224578,67.5,27.5
5845582.0,65.951137,29.224578,67.5,27.5
2477968.0,62.613896,24.0828,62.5,22.5
9809229.0,60.184081,21.02378,62.5,22.5
2490719.0,61.224374,23.738591,62.5,22.5
5231190.0,61.356678,22.927253,62.5,22.5
6092830.0,60.197412,25.113368,62.5,27.5
5845582.0,60.178619,25.045083,62.5,27.5
6100954.0,61.454797,21.716119,62.5,22.5
5231198.0,61.356678,22.927253,62.5,22.5
5229493.0,62.821154,22.973743,62.5,22.5
2491534.0,64.146423,28.250541,62.5,27.5
6092830.0,61.224374,23.738591,62.5,22.5
2494543.0,60.624442,22.319602,62.5,22.5
2490719.0,61.356678,22.927253,62.5,22.5
2487883.0,60.748415,26.987656,62.5,27.5
9705453.0,61.509946,23.815925,62.5,22.5
8211070.0,64.805289,25.404778,62.5,27.5
6100954.0,65.120196,25.338563,67.5,27.5
5219243.0,60.319882,22.222179,62.5,22.5
5229493.0,60.178619,25.045083,62.5,27.5
9705453.0,61.454797,21.716119,62.5,22.5
5845582.0,63.293899,27.432041,62.5,27.5
5231198.0,61.262028,21.581256,62.5,22.5
9409796.0,65.120196,25.338563,67.5,27.5
5229490.0,60.178619,25.045083,62.5,27.5
9761484.0,61.356678,22.927253,62.5,22.5
2487866.0,60.748415,26.987656,62.5,27.5
9537647.0,60.184081,21.02378,62.5,22.5
5231198.0,65.951137,29.224578,67.5,27.5
5231190.0,63.293899,27.432041,62.5,27.5
2487866.0,64.805289,25.404778,62.5,27.5
2480449.0,60.403699,23.273387,62.5,22.5
2477968.0,60.987865,21.57245,62.5,22.5
5231198.0,63.293899,27.432041,62.5,27.5
9705453.0,62.877037,27.684604,62.5,27.5
2487866.0,62.821154,22.973743,62.5,22.5
6092830.0,62.877037,27.684604,62.5,27.5
2480449.0,60.987865,21.57245,62.5,22.5
2484596.0,60.178619,25.045083,62.5,27.5
2494543.0,61.082589,28.150475,62.5,27.5
9409796.0,61.454797,21.716119,62.5,22.5
2477872.0,63.03609,22.315763,62.5,22.5
2490719.0,60.197412,25.113368,62.5,27.5
5231630.0,60.197412,25.113368,62.5,27.5
2484605.0,63.55492,27.218909,62.5,27.5
2484596.0,60.624442,22.319602,62.5,22.5
2495000.0,61.224374,23.738591,62.5,22.5
2487879.0,61.454797,21.716119,62.5,22.5
2480537.0,60.319882,22.222179,62.5,22.5
9761484.0,60.178619,25.045083,62.5,27.5
5231198.0,60.624442,22.319602,62.5,22.5
2494543.0,65.723401,24.62299,67.5,22.5
6100954.0,62.821154,22.973743,62.5,22.5
5229490.0,60.319882,22.222179,62.5,22.5
2487603.0,62.877037,27.684604,62.5,27.5
2487879.0,60.403699,23.273387,62.5,22.5
2481890.0,60.178619,25.045083,62.5,27.5
2487866.0,61.082589,28.150475,62.5,27.5
2498326.0,60.197412,25.113368,62.5,27.5
2481172.0,60.184081,21.02378,62.5,22.5
9629160.0,64.914279,25.558603,62.5,27.5
2477968.0,60.178619,25.045083,62.5,27.5
5845582.0,61.082589,28.150475,62.5,27.5
5229490.0,61.356678,22.927253,62.5,22.5
2487871.0,60.403699,23.273387,62.5,22.5
2484596.0,65.120196,25.338563,67.5,27.5
5229493.0,63.55492,27.218909,62.5,27.5
2480449.0,60.184081,21.02378,62.5,22.5
9409796.0,62.821154,22.973743,62.5,22.5
2434806.0,60.184081,21.02378,62.5,22.5
9705453.0,60.748415,26.987656,62.5,27.5
2482492.0,60.987865,21.57245,62.5,22.5
2491534.0,61.262028,21.581256,62.5,22.5
2490719.0,60.319882,22.222179,62.5,22.5
2484596.0,60.197412,25.113368,62.5,27.5
2491534.0,61.082589,28.150475,62.5,27.5
2494686.0,61.356678,22.927253,62.5,22.5
2495696.0,64.805289,25.404778,62.5,27.5
6092830.0,61.356678,22.927253,62.5,22.5
2494771.0,63.03609,22.315763,62.5,22.5
2494543.0,65.120196,25.338563,67.5,27.5
9705453.0,60.403699,23.273387,62.5,22.5
2487866.0,65.120196,25.338563,67.5,27.5
5229490.0,63.55492,27.218909,62.5,27.5
2477968.0,61.082589,28.150475,62.5,27.5
2484605.0,60.178619,25.045083,62.5,27.5
5229490.0,64.805289,25.404778,62.5,27.5
2482492.0,62.821154,22.973743,62.5,22.5
2480537.0,60.184081,21.02378,62.5,22.5
9444556.0,60.184081,21.02378,62.5,22.5
2487879.0,64.805289,25.404778,62.5,27.5
2478548.0,63.293899,27.432041,62.5,27.5
5229493.0,60.748415,26.987656,62.5,27.5
9761484.0,60.184081,21.02378,62.5,22.5
2490719.0,60.987865,21.57245,62.5,22.5
5231198.0,65.120196,25.338563,67.5,27.5
9409796.0,60.178619,25.045083,62.5,27.5
2477968.0,61.224374,23.738591,62.5,22.5
5229490.0,60.184081,21.02378,62.5,22.5
2498343.0,60.184081,21.02378,62.5,22.5
9705453.0,64.805289,25.404778,62.5,27.5
2480449.0,65.120196,25.338563,67.5,27.5
2494543.0,64.914279,25.558603,62.5,27.5
6100954.0,60.178619,25.045083,62.5,27.5
2487603.0,60.748415,26.987656,62.5,27.5
2477968.0,64.914279,25.558603,62.5,27.5
5229490.0,61.509946,23.815925,62.5,22.5
2498347.0,60.184081,21.02378,62.5,22.5
5231190.0,65.120196,25.338563,67.5,27.5
2477968.0,64.146423,28.250541,62.5,27.5
2492462.0,60.178619,25.045083,62.5,27.5
6100954.0,64.805289,25.404778,62.5,27.5
5229490.0,61.454797,21.716119,62.5,22.5
9809229.0,61.356678,22.927253,62.5,22.5
5231190.0,62.821154,22.973743,62.5,22.5
9409796.0,60.319882,22.222179,62.5,22.5
2498238.0,60.184081,21.02378,62.5,22.5
2487879.0,65.723401,24.62299,67.5,22.5
9705453.0,62.821154,22.973743,62.5,22.5
6100954.0,63.55492,27.218909,62.5,27.5
2490719.0,60.178619,25.045083,62.5,27.5
5231198.0,62.821154,22.973743,62.5,22.5
2482492.0,60.319882,22.222179,62.5,22.5
2498247.0,60.184081,21.02378,62.5,22.5
2481139.0,61.454797,21.716119,62.5,22.5
2495414.0,61.509946,23.815925,62.5,22.5
9409796.0,64.805289,25.404778,62.5,27.5
2498285.0,60.184081,21.02378,62.5,22.5
2482492.0,61.356678,22.927253,62.5,22.5
9705453.0,65.723401,24.62299,67.5,22.5
2487871.0,65.120196,25.338563,67.5,27.5
2494543.0,64.146423,28.250541,62.5,27.5
5845582.0,61.224374,23.738591,62.5,22.5
8211070.0,60.987865,21.57245,62.5,22.5
2484916.0,65.723401,24.62299,67.5,22.5
2487879.0,65.120196,25.338563,67.5,27.5
5220126.0,60.987865,21.57245,62.5,22.5
9409796.0,63.55492,27.218909,62.5,27.5
2490719.0,60.624442,22.319602,62.5,22.5
5231190.0,60.178619,25.045083,62.5,27.5
2495414.0,62.877037,27.684604,62.5,27.5
2490737.0,64.914279,25.558603,62.5,27.5
2482492.0,60.748415,26.987656,62.5,27.5
5231198.0,60.178619,25.045083,62.5,27.5
9705453.0,65.120196,25.338563,67.5,27.5
2494543.0,62.877037,27.684604,62.5,27.5
6100954.0,61.509946,23.815925,62.5,22.5
2482492.0,63.55492,27.218909,62.5,27.5
2482492.0,64.805289,25.404778,62.5,27.5
2477968.0,60.319882,22.222179,62.5,22.5
2494686.0,63.03609,22.315763,62.5,22.5
2487879.0,61.356678,22.927253,62.5,22.5
6100954.0,60.184081,21.02378,62.5,22.5
9705453.0,61.356678,22.927253,62.5,22.5
2498326.0,60.178619,25.045083,62.5,27.5
2491534.0,60.403699,23.273387,62.5,22.5
2494543.0,65.951137,29.224578,67.5,27.5
9409796.0,60.184081,21.02378,62.5,22.5
2491534.0,62.877037,27.684604,62.5,27.5
2495414.0,64.805289,25.404778,62.5,27.5
5231198.0,64.805289,25.404778,62.5,27.5
2481890.0,60.184081,21.02378,62.5,22.5
2477968.0,63.55492,27.218909,62.5,27.5
5231198.0,63.55492,27.218909,62.5,27.5
2487603.0,61.356678,22.927253,62.5,22.5
9537647.0,60.178619,25.045083,62.5,27.5
2482492.0,60.184081,21.02378,62.5,22.5
2494543.0,63.293899,27.432041,62.5,27.5
5229490.0,60.987865,21.57245,62.5,22.5
2498326.0,61.224374,23.738591,62.5,22.5
8211070.0,64.914279,25.558603,62.5,27.5
5231198.0,61.509946,23.815925,62.5,22.5
5845582.0,63.55492,27.218909,62.5,27.5
2482492.0,61.454797,21.716119,62.5,22.5
5845582.0,61.356678,22.927253,62.5,22.5
2481743.0,60.184081,21.02378,62.5,22.5
6065824.0,60.184081,21.02378,62.5,22.5
2491534.0,65.951137,29.224578,67.5,27.5
2487866.0,60.624442,22.319602,62.5,22.5
2498343.0,60.319882,22.222179,62.5,22.5
2491534.0,63.293899,27.432041,62.5,27.5
6100954.0,60.987865,21.57245,62.5,22.5
2494686.0,60.178619,25.045083,62.5,27.5
2484596.0,61.082589,28.150475,62.5,27.5
7982160.0,60.184081,21.02378,62.5,22.5
2481139.0,60.184081,21.02378,62.5,22.5
2498347.0,60.319882,22.222179,62.5,22.5
2487879.0,60.987865,21.57245,62.5,22.5
2495414.0,62.821154,22.973743,62.5,22.5
6092830.0,60.178619,25.045083,62.5,27.5
2487883.0,61.082589,28.150475,62.5,27.5
2477968.0,61.262028,21.581256,62.5,22.5
9761484.0,60.319882,22.222179,62.5,22.5
2495414.0,65.723401,24.62299,67.5,22.5
9705453.0,60.987865,21.57245,62.5,22.5
2477968.0,63.03609,22.315763,62.5,22.5
9409796.0,60.987865,21.57245,62.5,22.5
2491534.0,60.624442,22.319602,62.5,22.5
9409796.0,60.436839,22.205432,62.5,22.5
2490719.0,60.325518,22.234156,62.5,22.5
5229490.0,60.195158,24.966832,62.5,22.5
2484596.0,60.248621,24.981568,62.5,22.5
2491534.0,64.843819,25.415673,62.5,27.5
2490719.0,60.195158,24.966832,62.5,22.5
5231198.0,61.313968,23.729279,62.5,22.5
2498343.0,60.330861,22.230444,62.5,22.5
2490719.0,64.807913,25.40072,62.5,27.5
2494543.0,60.179562,24.663776,62.5,22.5
2687927.0,62.25378,25.756432,62.5,27.5
2684178.0,62.25378,25.756432,62.5,27.5
2495414.0,64.843819,25.415673,62.5,27.5
9705453.0,60.179562,24.663776,62.5,22.5
5275149.0,62.25378,25.756432,62.5,27.5
6100954.0,60.322724,22.223651,62.5,22.5
2490719.0,60.437009,22.204703,62.5,22.5
9705453.0,60.312652,22.201568,62.5,22.5
2477968.0,60.323508,22.228209,62.5,22.5
2477968.0,60.320923,22.225562,62.5,22.5
2491534.0,60.4292,22.177185,62.5,22.5
2487866.0,60.082307,24.391682,62.5,22.5
2491534.0,60.37222,23.081663,62.5,22.5
2487879.0,60.312362,22.201241,62.5,22.5
2487866.0,61.313968,23.729279,62.5,22.5
5284884.0,62.25378,25.756432,62.5,27.5
2491534.0,60.323227,22.228292,62.5,22.5
5229490.0,60.427465,22.181636,62.5,22.5
2686212.0,62.25378,25.756432,62.5,27.5
8197849.0,62.25378,25.756432,62.5,27.5
9705453.0,60.37222,23.081663,62.5,22.5
5231198.0,60.4292,22.177185,62.5,22.5
2478548.0,60.081376,24.390865,62.5,22.5
9705453.0,60.139403,24.446973,62.5,22.5
2481172.0,60.335682,22.229139,62.5,22.5
5284884.0,60.178911,24.664395,62.5,22.5
6092830.0,60.079487,24.376475,62.5,22.5
9705453.0,60.24725,24.983573,62.5,22.5
8620875.0,62.25378,25.756432,62.5,27.5
5231198.0,60.247179,24.983519,62.5,22.5
2487603.0,64.807294,25.405503,62.5,27.5
5231198.0,60.24725,24.983573,62.5,22.5
9705453.0,60.312089,22.203341,62.5,22.5
7249709.0,62.25378,25.756432,62.5,27.5
2498343.0,60.083596,24.368013,62.5,22.5
2439261.0,60.283623,25.029954,62.5,27.5
2684709.0,60.178911,24.664395,62.5,22.5
6092830.0,60.08243,24.392223,62.5,22.5
3434172.0,62.25378,25.756432,62.5,27.5
2495696.0,64.806343,25.397879,62.5,27.5
2482613.0,64.652722,24.528299,62.5,22.5
2608920.0,62.25378,25.756432,62.5,27.5
5231438.0,60.098083,24.384616,62.5,22.5
2494422.0,64.821667,25.38517,62.5,27.5
5219243.0,61.524495,24.428194,62.5,22.5
2487879.0,60.247236,24.983583,62.5,22.5
2487871.0,60.311779,22.203539,62.5,22.5
5286325.0,60.183965,24.662571,62.5,22.5
5285637.0,60.178911,24.664395,62.5,22.5
5229490.0,64.264334,24.818632,62.5,22.5
2487879.0,60.429462,22.177735,62.5,22.5
2495000.0,60.08243,24.392223,62.5,22.5
2487879.0,60.139403,24.446973,62.5,22.5
9761484.0,60.329144,22.233728,62.5,22.5
9409796.0,60.31904,22.219606,62.5,22.5
9705453.0,60.429212,22.17728,62.5,22.5
2487871.0,60.08243,24.392223,62.5,22.5
5241128.0,62.258843,25.732046,62.5,27.5
5229490.0,60.135664,24.445163,62.5,22.5
5334242.0,62.25378,25.756432,62.5,27.5
2490719.0,60.247256,24.983123,62.5,22.5
2484596.0,62.25378,25.756432,62.5,27.5
2487603.0,60.312513,22.202437,62.5,22.5
9705453.0,62.25378,25.756432,62.5,27.5
2477968.0,60.323057,22.225158,62.5,22.5
2490719.0,60.4292,22.177185,62.5,22.5
2477968.0,62.25378,25.756432,62.5,27.5
2494543.0,60.247202,24.985525,62.5,22.5
2490719.0,60.326463,22.233771,62.5,22.5
2487871.0,64.893843,25.571512,62.5,27.5
2494543.0,61.013976,24.891618,62.5,22.5
2487879.0,64.276518,24.962304,62.5,22.5
2498347.0,60.263971,25.820089,62.5,27.5
2495414.0,60.137261,24.446182,62.5,22.5
2482492.0,60.327548,22.236831,62.5,22.5
2494543.0,64.893852,25.571703,62.5,27.5
5845582.0,61.013957,24.891624,62.5,22.5
9409796.0,60.319364,22.223666,62.5,22.5
2494543.0,60.178471,24.662823,62.5,22.5
2491534.0,60.135664,24.445163,62.5,22.5
9705453.0,60.327804,22.234679,62.5,22.5
2494543.0,60.135664,24.445163,62.5,22.5
2494543.0,60.328051,22.234246,62.5,22.5
2526716.0,62.258843,25.732046,62.5,27.5
2882835.0,62.25378,25.756432,62.5,27.5
2484596.0,60.326866,22.235386,62.5,22.5
5231190.0,60.25388,24.979369,62.5,22.5
2484596.0,60.31319,22.226406,62.5,22.5
3021037.0,60.178911,24.664395,62.5,22.5
6092830.0,64.821441,25.386778,62.5,27.5
3012167.0,60.178911,24.664395,62.5,22.5
5845582.0,60.247254,24.983565,62.5,22.5
2484596.0,60.312564,22.225709,62.5,22.5
3120946.0,60.178911,24.664395,62.5,22.5
2608167.0,60.185477,24.664118,62.5,22.5
5220126.0,60.139293,24.446814,62.5,22.5
2605261.0,62.25378,25.756432,62.5,27.5
5231198.0,60.179902,24.658418,62.5,22.5
2593105.0,62.258843,25.732046,62.5,27.5
2477968.0,64.822825,25.386715,62.5,27.5
2888605.0,62.25378,25.756432,62.5,27.5
2607131.0,62.25378,25.756432,62.5,27.5
2482515.0,60.24792,24.982336,62.5,22.5
2605326.0,62.258843,25.732046,62.5,27.5
2888723.0,62.25378,25.756432,62.5,27.5
2608944.0,62.25378,25.756432,62.5,27.5
2487603.0,60.24725,24.983573,62.5,22.5
2491534.0,60.312165,22.201156,62.5,22.5
2487879.0,61.313968,23.729279,62.5,22.5
2606780.0,62.25378,25.756432,62.5,27.5
2490719.0,60.434152,22.172165,62.5,22.5
5229493.0,60.08243,24.392223,62.5,22.5
2542395.0,60.183276,24.662932,62.5,22.5
2606859.0,62.25378,25.756432,62.5,27.5
2548374.0,62.258843,25.732046,62.5,27.5
5285637.0,62.25378,25.756432,62.5,27.5
2490719.0,60.220459,25.140498,62.5,27.5
2494686.0,60.434107,22.172161,62.5,22.5
2481172.0,60.076711,24.369734,62.5,22.5
5845582.0,60.255922,24.869719,62.5,22.5
7247635.0,62.25378,25.756432,62.5,27.5
2605685.0,62.25378,25.756432,62.5,27.5
5229490.0,60.255721,24.978021,62.5,22.5
2482492.0,60.314256,22.228932,62.5,22.5
9409796.0,60.17789,24.974314,62.5,22.5
2605335.0,62.25378,25.756432,62.5,27.5
2882833.0,62.258843,25.732046,62.5,27.5
2481139.0,60.076711,24.369734,62.5,22.5
2943190.0,62.25378,25.756432,62.5,27.5
2562487.0,62.25378,25.756432,62.5,27.5
2521089.0,62.258843,25.732046,62.5,27.5
2876213.0,62.25378,25.756432,62.5,27.5
8211070.0,60.255857,24.977743,62.5,22.5
2482515.0,60.24456,24.990406,62.5,22.5
5231198.0,64.276518,24.962304,62.5,22.5
2491534.0,60.320487,22.211894,62.5,22.5
2494543.0,60.434128,22.172142,62.5,22.5
9761484.0,60.079013,24.370186,62.5,22.5
9409796.0,60.322812,22.213413,62.5,22.5
6092830.0,60.434128,22.172142,62.5,22.5
2498261.0,60.076711,24.369734,62.5,22.5
2491534.0,60.312731,22.225236,62.5,22.5
5229490.0,60.335765,22.992745,62.5,22.5
2490719.0,60.320772,22.211619,62.5,22.5
2487883.0,64.893798,25.571495,62.5,27.5
5231198.0,61.013967,24.891643,62.5,22.5
9409796.0,60.321675,22.208527,62.5,22.5
9409796.0,61.123016,21.52901,62.5,22.5
9761484.0,63.108309,21.609531,62.5,22.5
2490719.0,61.013961,24.891611,62.5,22.5
2491534.0,60.256075,24.977604,62.5,22.5
2477968.0,60.317854,22.222904,62.5,22.5
9752149.0,64.843819,25.415673,62.5,27.5
2494686.0,63.106388,21.611309,62.5,22.5
2491534.0,60.318817,22.226073,62.5,22.5
7720839.0,62.25378,25.756432,62.5,27.5
2487879.0,60.434104,22.172286,62.5,22.5
9705453.0,60.243197,24.994602,62.5,22.5
3118274.0,60.18293,24.66364,62.5,22.5
5229493.0,64.276518,24.962304,62.5,22.5
9218477.0,62.25378,25.756432,62.5,27.5
2487866.0,64.893813,25.571728,62.5,27.5
9705453.0,64.843819,25.415673,62.5,27.5
9705453.0,61.013963,24.891644,62.5,22.5
7624816.0,62.25378,25.756432,62.5,27.5
3172358.0,62.25378,25.756432,62.5,27.5
2494441.0,60.258073,24.977464,62.5,22.5
2487879.0,64.843819,25.415673,62.5,27.5
8669905.0,62.25378,25.756432,62.5,27.5
2487879.0,60.324966,22.233846,62.5,22.5
2487603.0,60.437366,22.202731,62.5,22.5
3040249.0,62.25378,25.756432,62.5,27.5
2481139.0,62.725663,21.167398,62.5,22.5
5331916.0,62.25378,25.756432,62.5,27.5
3040249.0,60.18293,24.66364,62.5,22.5
2487871.0,60.130953,24.45586,62.5,22.5
2495414.0,60.24339,24.992663,62.5,22.5
5229490.0,60.436839,22.205432,62.5,22.5
2477968.0,60.13619,24.445562,62.5,22.5
2532944.0,62.25378,25.756432,62.5,27.5
6100954.0,60.255177,24.974932,62.5,22.5
9148577.0,62.25378,25.756432,62.5,27.5
2490719.0,60.437351,22.203021,62.5,22.5
5229490.0,60.134803,24.449567,62.5,22.5
9409796.0,60.134803,24.449567,62.5,22.5
9118014.0,62.25378,25.756432,62.5,27.5
2606511.0,60.178911,24.664395,62.5,22.5
2477968.0,60.318317,22.204103,62.5,22.5
9444556.0,64.242543,24.974613,62.5,22.5
2491534.0,60.326664,22.243247,62.5,22.5
2477968.0,60.179261,24.661741,62.5,22.5
10474267.0,60.178911,24.664395,62.5,22.5
7247635.0,60.178911,24.664395,62.5,22.5
2495696.0,60.390143,23.121106,62.5,22.5
2605342.0,60.178911,24.664395,62.5,22.5
4485421.0,60.26206,24.090994,62.5,22.5
2491534.0,60.314971,22.206476,62.5,22.5
2477968.0,60.43414,22.172238,62.5,22.5
9705453.0,60.179261,24.661741,62.5,22.5
9444556.0,60.314834,22.206404,62.5,22.5
2553117.0,62.25378,25.756432,62.5,27.5
3012167.0,62.25378,25.756432,62.5,27.5
2491534.0,60.318059,22.207745,62.5,22.5
9705453.0,60.434107,22.172161,62.5,22.5
9705453.0,60.325189,22.233669,62.5,22.5
7916380.0,62.25378,25.756432,62.5,27.5
2492462.0,60.258037,24.977441,62.5,22.5
2878688.0,62.25378,25.756432,62.5,27.5
5219243.0,60.31618,22.209327,62.5,22.5
2987999.0,60.18293,24.66364,62.5,22.5
5231198.0,60.139113,24.446801,62.5,22.5
2487603.0,61.313968,23.729279,62.5,22.5
2494686.0,60.37222,23.081663,62.5,22.5
2986129.0,62.25378,25.756432,62.5,27.5
2491534.0,64.893813,25.571521,62.5,27.5
5229490.0,62.25378,25.756432,62.5,27.5
5845582.0,60.37222,23.081663,62.5,22.5
2491534.0,60.317146,22.227105,62.5,22.5
2491534.0,60.318213,22.20816,62.5,22.5
2487871.0,60.434107,22.172161,62.5,22.5
2477968.0,60.139333,24.447676,62.5,22.5
2482492.0,60.326017,22.234765,62.5,22.5
9705453.0,60.435177,22.199198,62.5,22.5
5229490.0,60.327798,22.24455,62.5,22.5
2487879.0,60.43258,22.193041,62.5,22.5
2520859.0,60.115057,24.44231,62.5,22.5
5231190.0,60.390143,23.121106,62.5,22.5
2490719.0,61.313968,23.729279,62.5,22.5
9705453.0,60.312444,22.203789,62.5,22.5
8211070.0,60.178911,24.664395,62.5,22.5
2491534.0,64.276518,24.962304,62.5,22.5
2491534.0,60.324634,22.233211,62.5,22.5
2481172.0,60.432263,22.193571,62.5,22.5
5231190.0,60.119934,24.441134,62.5,22.5
3189846.0,62.25378,25.756432,62.5,27.5
2484596.0,60.313379,22.204669,62.5,22.5
5229493.0,62.258843,25.732046,62.5,27.5
10932974.0,62.258843,25.732046,62.5,27.5
5229490.0,61.313968,23.729279,62.5,22.5
2494543.0,60.390143,23.121106,62.5,22.5
2480537.0,60.327615,22.243541,62.5,22.5
2480524.0,60.390143,23.121106,62.5,22.5
6100954.0,60.120032,24.439224,62.5,22.5
2480449.0,60.106523,22.966496,62.5,22.5
5372952.0,62.25378,25.756432,62.5,27.5
9809229.0,60.37222,23.081663,62.5,22.5
2491534.0,60.323485,22.229092,62.5,22.5
2490719.0,60.42769,22.183555,62.5,22.5
2481890.0,60.097041,24.436065,62.5,22.5
9705453.0,60.313206,22.205492,62.5,22.5
9705453.0,60.324884,22.234163,62.5,22.5
2487879.0,60.43548,22.19982,62.5,22.5
2494329.0,60.12888,24.450794,62.5,22.5
9761484.0,62.258843,25.732046,62.5,27.5
5420852.0,62.25378,25.756432,62.5,27.5
2498347.0,60.325903,22.247404,62.5,22.5
2487879.0,62.258843,25.732046,62.5,27.5
2495000.0,60.435177,22.199198,62.5,22.5
2495414.0,60.119873,24.442578,62.5,22.5
5845582.0,60.390143,23.121106,62.5,22.5
2487879.0,60.244711,24.989858,62.5,22.5
2491534.0,60.322014,22.240085,62.5,22.5
2490719.0,64.893853,25.571531,62.5,27.5
6100954.0,64.264334,24.818632,62.5,22.5
5231198.0,60.390143,23.121106,62.5,22.5
2605963.0,62.25378,25.756432,62.5,27.5
2498347.0,60.37222,23.081663,62.5,22.5
2609145.0,60.178911,24.664395,62.5,22.5
2487871.0,60.276038,24.963568,62.5,22.5
2491534.0,60.3209,22.240564,62.5,22.5
2491534.0,60.313084,22.204646,62.5,22.5
2480537.0,60.328419,22.241732,62.5,22.5
2490719.0,60.139606,24.447308,62.5,22.5
2552308.0,62.25378,25.756432,62.5,27.5
2484916.0,60.275958,24.963853,62.5,22.5
3021037.0,62.25378,25.756432,62.5,27.5
5231190.0,60.179904,24.658421,62.5,22.5
10700730.0,62.25378,25.756432,62.5,27.5
2494422.0,60.258073,24.977464,62.5,22.5
2480537.0,60.32206,22.238871,62.5,22.5
2545089.0,62.25378,25.756432,62.5,27.5
2487879.0,60.324771,22.234027,62.5,22.5
3033191.0,62.25378,25.756432,62.5,27.5
2491534.0,60.328051,22.23924,62.5,22.5
2491534.0,60.321152,22.223703,62.5,22.5
2487879.0,60.179261,24.661741,62.5,22.5
8211070.0,62.559284,24.089694,62.5,22.5
8367739.0,62.25378,25.756432,62.5,27.5
5229493.0,60.276807,24.961102,62.5,22.5
2491534.0,60.322291,22.237581,62.5,22.5
2498343.0,60.24296,25.787615,62.5,27.5
8620875.0,60.178911,24.664395,62.5,22.5
2498326.0,60.079013,24.370186,62.5,22.5
2487879.0,64.893901,25.571605,62.5,27.5
8104397.0,64.82596,25.306146,62.5,27.5
7487512.0,62.25378,25.756432,62.5,27.5
2494543.0,64.82596,25.306146,62.5,27.5
5231190.0,60.24473,24.989686,62.5,22.5
2605963.0,60.178911,24.664395,62.5,22.5
2490719.0,60.244931,24.990856,62.5,22.5
2490719.0,60.390143,23.121106,62.5,22.5
2480449.0,63.58919,24.094766,62.5,22.5
2494543.0,62.25378,25.756432,62.5,27.5
5231438.0,60.37222,23.081663,62.5,22.5
2491534.0,60.313658,22.204818,62.5,22.5
10932974.0,60.178911,24.664395,62.5,22.5
2219853.0,60.178911,24.664395,62.5,22.5
2487879.0,60.313182,22.205081,62.5,22.5
2482492.0,64.294804,25.078971,62.5,27.5
2605831.0,60.178911,24.664395,62.5,22.5
2484596.0,62.815588,21.17461,62.5,22.5
9409796.0,62.25378,25.756432,62.5,27.5
2480449.0,60.429793,22.188656,62.5,22.5
2494422.0,60.098049,24.435179,62.5,22.5
6100954.0,62.25378,25.756432,62.5,27.5
2492462.0,60.37222,23.081663,62.5,22.5
8211070.0,60.390143,23.121106,62.5,22.5
2609167.0,62.25378,25.756432,62.5,27.5
9705453.0,60.323239,22.230083,62.5,22.5
9409796.0,60.428066,22.182512,62.5,22.5
2482492.0,60.098948,24.442369,62.5,22.5
9537647.0,60.331051,22.231377,62.5,22.5
2682503.0,62.25378,25.756432,62.5,27.5
2477872.0,60.319187,22.242487,62.5,22.5
5229490.0,64.843819,25.415673,62.5,27.5
2491534.0,60.328589,22.243307,62.5,22.5
2477968.0,60.324402,22.233653,62.5,22.5
2491534.0,60.328723,22.242713,62.5,22.5
2477872.0,64.654124,24.53495,62.5,22.5
2553068.0,62.25378,25.756432,62.5,27.5
5231190.0,64.843819,25.415673,62.5,27.5
2491534.0,60.327785,22.239534,62.5,22.5
6092830.0,60.26827,24.959382,62.5,22.5
2494771.0,64.654124,24.53495,62.5,22.5
2678415.0,62.25378,25.756432,62.5,27.5
5845582.0,64.843819,25.415673,62.5,27.5
3220735.0,62.25378,25.756432,62.5,27.5
2482492.0,64.654124,24.53495,62.5,22.5
7830431.0,62.25378,25.756432,62.5,27.5
5220126.0,60.276494,24.964012,62.5,22.5
5231198.0,64.843819,25.415673,62.5,27.5
2480449.0,60.326596,22.226601,62.5,22.5
5281668.0,62.25378,25.756432,62.5,27.5
2494686.0,60.260314,24.974224,62.5,22.5
2494543.0,64.843819,25.415673,62.5,27.5
5219243.0,60.409626,22.36107,62.5,22.5
6092830.0,64.82596,25.306146,62.5,27.5
5231630.0,64.82596,25.306146,62.5,27.5
2605831.0,62.25378,25.756432,62.5,27.5
9409796.0,60.37222,23.081663,62.5,22.5
2491534.0,64.82596,25.306146,62.5,27.5
9537647.0,60.079013,24.370186,62.5,22.5
2605342.0,62.25378,25.756432,62.5,27.5
2482492.0,60.37222,23.081663,62.5,22.5
2487871.0,60.312797,22.204708,62.5,22.5
2433753.0,62.130396,24.511324,62.5,22.5
9537647.0,60.42659,22.186293,62.5,22.5
2484596.0,60.095735,24.42347,62.5,22.5
3188736.0,60.178911,24.664395,62.5,22.5
7982160.0,60.076711,24.369734,62.5,22.5
5229490.0,64.276518,24.962304,62.5,22.5
2606030.0,62.25378,25.756432,62.5,27.5
6100954.0,60.37222,23.081663,62.5,22.5
2487603.0,60.095735,24.42347,62.5,22.5
2494686.0,64.82596,25.306146,62.5,27.5
2491719.0,64.826044,25.307822,62.5,27.5
2987999.0,60.178911,24.664395,62.5,22.5
2490719.0,60.24296,25.787615,62.5,27.5
3040249.0,60.178911,24.664395,62.5,22.5
5284884.0,62.65729,17.62639,62.5,17.5
3173338.0,57.4864,12.07596,57.5,12.5
9761484.0,56.60455,16.70008,57.5,17.5
3189846.0,62.6557,17.63051,62.5,17.5
6100954.0,59.86541,17.61749,57.5,17.5
5285637.0,62.65685,17.62373,62.5,17.5
10474267.0,62.6555,17.62902,62.5,17.5
2592659.0,62.65504,17.63007,62.5,17.5
2562487.0,62.6555,17.62902,62.5,17.5
3040249.0,62.65667,17.62635,62.5,17.5
5229490.0,60.67493,17.21564,62.5,17.5
6100954.0,56.6689,12.87623,57.5,12.5
5229490.0,57.69391,11.93621,57.5,12.5
2605326.0,62.6557,17.63051,62.5,17.5
9797180.0,56.35725,16.40928,57.5,17.5
2605814.0,62.6555,17.62902,62.5,17.5
2608941.0,62.6557,17.63051,62.5,17.5
5273123.0,62.6555,17.62902,62.5,17.5
9761484.0,59.30391,18.04679,57.5,17.5
2482515.0,56.67241,12.91358,57.5,12.5
9282206.0,59.86299,18.80811,57.5,17.5
9761484.0,56.66824,12.87359,57.5,12.5
8012439.0,57.48478,12.07388,57.5,12.5
5289423.0,57.48478,12.07388,57.5,12.5
5220126.0,56.64589,16.4798,57.5,17.5
2490719.0,55.52209,13.24701,57.5,12.5
2876213.0,57.48478,12.07388,57.5,12.5
2605963.0,57.48478,12.07388,57.5,12.5
7251037.0,62.6557,17.63051,62.5,17.5
9118014.0,62.6555,17.62902,62.5,17.5
5372952.0,62.65575,17.62911,62.5,17.5
2987999.0,57.48478,12.07388,57.5,12.5
2705308.0,57.48478,12.07388,57.5,12.5
6100954.0,59.27687,15.20761,57.5,17.5
5229490.0,56.6689,12.87623,57.5,12.5
2495414.0,57.69391,11.93621,57.5,12.5
8200663.0,57.48653,12.07622,57.5,12.5
2490737.0,57.48711,12.0761,57.5,12.5
2605335.0,62.6557,17.63051,62.5,17.5
2490719.0,59.62749,16.58635,57.5,17.5
2605963.0,62.6557,17.63051,62.5,17.5
6100954.0,57.49016,15.02249,57.5,17.5
7251342.0,62.6555,17.62902,62.5,17.5
5232437.0,56.07311,14.61933,57.5,12.5
5414995.0,57.4864,12.07596,57.5,12.5
8197849.0,62.6557,17.63051,62.5,17.5
2608920.0,62.6555,17.62902,62.5,17.5
2490737.0,59.29164,18.08931,57.5,17.5
3120946.0,57.48478,12.07388,57.5,12.5
12229553.0,62.65667,17.62635,62.5,17.5
10711935.0,62.6557,17.63051,62.5,17.5
2606859.0,62.6557,17.63051,62.5,17.5
9282206.0,59.51619,16.4354,57.5,17.5
9282206.0,57.49016,15.02249,57.5,17.5
2606544.0,62.6555,17.62902,62.5,17.5
2605342.0,62.6555,17.62902,62.5,17.5
2498326.0,59.33751,18.89783,57.5,17.5
10242289.0,62.6557,17.63051,62.5,17.5
9797180.0,56.60455,16.70008,57.5,17.5
2681972.0,57.48478,12.07388,57.5,12.5
2487866.0,63.303087,9.076312,62.5,7.5
2482515.0,60.37067,6.093643,62.5,7.5
9705453.0,58.533052,6.340293,57.5,7.5
5845582.0,58.533052,6.340293,57.5,7.5
5229490.0,58.533052,6.340293,57.5,7.5
2494543.0,58.533052,6.340293,57.5,7.5
9705453.0,63.303087,9.076312,62.5,7.5
5231190.0,58.533052,6.340293,57.5,7.5
2492462.0,58.533052,6.340293,57.5,7.5
2491534.0,63.303087,9.076312,62.5,7.5
5229493.0,60.37067,6.093643,62.5,7.5
5229490.0,58.338822,8.546734,57.5,7.5
9705453.0,60.37067,6.093643,62.5,7.5
2487866.0,58.533052,6.340293,57.5,7.5
2490719.0,63.303087,9.076312,62.5,7.5
2482059.0,58.97562,9.821236,57.5,7.5
2495000.0,58.97562,9.821236,57.5,7.5
9705453.0,59.388382,5.988933,57.5,7.5
2494686.0,58.533052,6.340293,57.5,7.5
5231438.0,60.44759,5.470531,62.5,7.5
2487879.0,59.388382,5.988933,57.5,7.5
2487879.0,62.178501,5.758838,62.5,7.5
2482515.0,58.97562,9.821236,57.5,7.5
5229490.0,58.97562,9.821236,57.5,7.5
2498238.0,58.97562,9.821236,57.5,7.5
2490719.0,58.533052,6.340293,57.5,7.5
2498247.0,58.97562,9.821236,57.5,7.5
2494543.0,59.417782,5.396976,57.5,7.5
9797180.0,58.97562,9.821236,57.5,7.5
5229490.0,59.581535,10.817868,57.5,12.5
7982160.0,62.178501,5.758838,62.5,7.5
2484596.0,62.178501,5.758838,62.5,7.5
5229490.0,60.37067,6.093643,62.5,7.5
9761484.0,60.429214,5.461321,62.5,7.5
5845582.0,62.178501,5.758838,62.5,7.5
2487871.0,60.37067,6.093643,62.5,7.5
9705453.0,59.581535,10.817868,57.5,12.5
2487879.0,59.024512,10.073457,57.5,12.5
2491534.0,62.809933,7.151541,62.5,7.5
2490719.0,60.37067,6.093643,62.5,7.5
2477968.0,62.178501,5.758838,62.5,7.5
2492462.0,58.97562,9.821236,57.5,7.5
5231190.0,59.581535,10.817868,57.5,12.5
2494543.0,62.178501,5.758838,62.5,7.5
5231438.0,62.178501,5.758838,62.5,7.5
2484916.0,60.37067,6.093643,62.5,7.5
8211070.0,62.178501,5.758838,62.5,7.5
2481700.0,60.316467,5.077509,62.5,7.5
2481139.0,60.429214,5.461321,62.5,7.5
2487866.0,62.178501,5.758838,62.5,7.5
2480637.0,60.37067,6.093643,62.5,7.5
2492462.0,59.388382,5.988933,57.5,7.5
9705453.0,59.865368,10.83717,57.5,12.5
2490719.0,58.97562,9.821236,57.5,7.5
2487843.0,59.388382,5.988933,57.5,7.5
5231198.0,59.865368,10.83717,57.5,12.5
9705453.0,60.357725,5.366151,62.5,7.5
2474831.0,60.248436,5.259909,62.5,7.5
5229490.0,59.024512,10.073457,57.5,12.5
2481342.0,58.97562,9.821236,57.5,7.5
2492462.0,59.024512,10.073457,57.5,12.5
2490266.0,58.97562,9.821236,57.5,7.5
9705453.0,69.507261,30.078729,67.5,32.5
2487866.0,69.507261,30.078729,67.5,32.5
9537647.0,59.271034,10.444859,57.5,12.5
9705453.0,59.024512,10.073457,57.5,12.5
2487866.0,60.587502,9.135285,62.5,7.5
2491534.0,60.791466,11.327175,62.5,12.5
5845582.0,59.243548,10.984027,57.5,12.5
2487879.0,59.865368,10.83717,57.5,12.5
2495000.0,59.877411,10.85031,57.5,12.5
2481047.0,59.271034,10.444859,57.5,12.5
2477968.0,59.024512,10.073457,57.5,12.5
5845582.0,59.271034,10.444859,57.5,12.5
5231190.0,59.024512,10.073457,57.5,12.5
2487879.0,59.243548,10.984027,57.5,12.5
5231198.0,59.024512,10.073457,57.5,12.5
5229490.0,59.422989,6.056443,57.5,7.5
2494543.0,59.243548,10.984027,57.5,12.5
2484596.0,60.587502,9.135285,62.5,7.5
5231198.0,63.701646,11.202812,62.5,12.5
9752149.0,64.789948,11.297781,62.5,12.5
2487871.0,62.379398,6.590814,62.5,7.5
2487879.0,59.382282,10.411883,57.5,12.5
5231190.0,60.248411,5.26372,62.5,7.5
5845582.0,64.789948,11.297781,62.5,12.5
2487603.0,60.390179,5.331197,62.5,7.5
2484605.0,59.386127,10.410763,57.5,12.5
2487843.0,59.382282,10.411883,57.5,12.5
2480537.0,59.386127,10.410763,57.5,12.5
2487866.0,59.382282,10.411883,57.5,12.5
9705453.0,59.382282,10.411883,57.5,12.5
2487879.0,60.248411,5.26372,62.5,7.5
2492462.0,64.789948,11.297781,62.5,12.5
2494543.0,59.382282,10.411883,57.5,12.5
9705453.0,63.701646,11.202812,62.5,12.5
2492462.0,62.379398,6.590814,62.5,7.5
2477968.0,59.865368,10.83717,57.5,12.5
5229490.0,60.44759,5.470531,62.5,7.5
2491534.0,59.911624,11.086186,57.5,12.5
5231190.0,62.178501,5.758838,62.5,7.5
5229490.0,62.178501,5.758838,62.5,7.5
6100954.0,59.386127,10.410763,57.5,12.5
2482492.0,62.178501,5.758838,62.5,7.5
2490255.0,58.97562,9.821236,57.5,7.5
5231198.0,59.382282,10.411883,57.5,12.5
5231190.0,60.44759,5.470531,62.5,7.5
5229490.0,60.357725,5.366151,62.5,7.5
9705453.0,59.243548,10.984027,57.5,12.5
2490719.0,59.024512,10.073457,57.5,12.5
9809229.0,60.357725,5.366151,62.5,7.5
5231198.0,59.243548,10.984027,57.5,12.5
2487879.0,58.185207,6.740256,57.5,7.5
2482513.0,59.022747,10.015173,57.5,12.5
5229493.0,70.586273,24.767765,72.5,22.5
2498347.0,59.022747,10.015173,57.5,12.5
5845582.0,60.44759,5.470531,62.5,7.5
2495414.0,59.865368,10.83717,57.5,12.5
2487603.0,59.877411,10.85031,57.5,12.5
2492462.0,60.357725,5.366151,62.5,7.5
2491534.0,59.243548,10.984027,57.5,12.5
2484916.0,59.024512,10.073457,57.5,12.5
5231190.0,59.382282,10.411883,57.5,12.5
2494543.0,69.507261,30.078729,67.5,32.5
2498261.0,59.442585,10.432842,57.5,12.5
5231198.0,62.178501,5.758838,62.5,7.5
2498347.0,66.182487,13.281327,67.5,12.5
2492462.0,62.178501,5.758838,62.5,7.5
2484916.0,59.388382,5.988933,57.5,7.5
9705453.0,59.911624,11.086186,57.5,12.5
2491534.0,62.178501,5.758838,62.5,7.5
2484916.0,58.830448,6.28419,57.5,7.5
2491534.0,64.789948,11.297781,62.5,12.5
2490781.0,60.390179,5.331197,62.5,7.5
2436756.0,69.507261,30.078729,67.5,32.5
9705453.0,62.178501,5.758838,62.5,7.5
2487843.0,59.911624,11.086186,57.5,12.5
9282206.0,62.178501,5.758838,62.5,7.5
2498343.0,59.442585,10.432842,57.5,12.5
5845582.0,59.877411,10.85031,57.5,12.5
2487843.0,62.178501,5.758838,62.5,7.5
9705453.0,60.395676,9.184367,62.5,7.5
2494686.0,59.243548,10.984027,57.5,12.5
2477968.0,58.185207,6.740256,57.5,7.5
5845582.0,59.898445,10.845052,57.5,12.5
2490719.0,60.357725,5.366151,62.5,7.5
2492462.0,59.243548,10.984027,57.5,12.5
2494422.0,58.185207,6.740256,57.5,7.5
2484916.0,60.395676,9.184367,62.5,7.5
2490719.0,59.243548,10.984027,57.5,12.5
9705453.0,58.185207,6.740256,57.5,7.5
5231190.0,59.898445,10.845052,57.5,12.5
2481139.0,60.384686,5.330794,62.5,7.5
2481139.0,58.338822,8.546734,57.5,7.5
2492462.0,58.185207,6.740256,57.5,7.5
9809229.0,58.533052,6.340293,57.5,7.5
9705453.0,62.878194,7.145815,62.5,7.5
6100954.0,59.887596,10.826728,57.5,12.5
2487879.0,63.701646,11.202812,62.5,12.5
2490719.0,62.878194,7.145815,62.5,7.5
2494329.0,59.898445,10.845052,57.5,12.5
5231190.0,58.338822,8.546734,57.5,7.5
2480637.0,62.178501,5.758838,62.5,7.5
2482515.0,63.038986,7.783657,62.5,7.5
2482515.0,58.338822,8.546734,57.5,7.5
2481890.0,62.178501,5.758838,62.5,7.5
2487871.0,62.178501,5.758838,62.5,7.5
2490719.0,60.44759,5.470531,62.5,7.5
5229490.0,59.865368,10.83717,57.5,12.5
2492462.0,58.338822,8.546734,57.5,7.5
2487866.0,62.878194,7.145815,62.5,7.5
2484596.0,59.897125,10.863381,57.5,12.5
2490719.0,59.865368,10.83717,57.5,12.5
2491534.0,62.878194,7.145815,62.5,7.5
9761484.0,59.887596,10.826728,57.5,12.5
5231190.0,63.701646,11.202812,62.5,12.5
9705453.0,60.44759,5.470531,62.5,7.5
2474377.0,59.898445,10.845052,57.5,12.5
9809229.0,60.393082,5.325869,62.5,7.5
2494543.0,62.878194,7.145815,62.5,7.5
2484916.0,58.185207,6.740256,57.5,7.5
2487603.0,59.897125,10.863381,57.5,12.5
2484916.0,62.178501,5.758838,62.5,7.5
2490719.0,63.038986,7.783657,62.5,7.5
2491534.0,58.338822,8.546734,57.5,7.5
9761484.0,62.178501,5.758838,62.5,7.5
9809229.0,62.178501,5.758838,62.5,7.5
2490719.0,62.178501,5.758838,62.5,7.5
2435035.0,58.338822,8.546734,57.5,7.5
5231190.0,60.379064,5.3259,62.5,7.5
2474377.0,59.442585,10.432842,57.5,12.5
2481139.0,60.379064,5.3259,62.5,7.5
9705453.0,60.379064,5.3259,62.5,7.5
2491534.0,63.701646,11.202812,62.5,12.5
5231190.0,62.379398,6.590814,62.5,7.5
2492462.0,59.887596,10.826728,57.5,12.5
9705453.0,58.830448,6.28419,57.5,7.5
2481299.0,58.689655,5.551385,57.5,7.5
2487866.0,58.829872,6.27763,57.5,7.5
2487871.0,58.185207,6.740256,57.5,7.5
2487879.0,60.010042,11.204833,62.5,12.5
2482515.0,60.44759,5.470531,62.5,7.5
2477968.0,58.830448,6.28419,57.5,7.5
2490719.0,58.185207,6.740256,57.5,7.5
9705453.0,58.829872,6.27763,57.5,7.5
2484916.0,59.442585,10.432842,57.5,12.5
2477968.0,58.829872,6.27763,57.5,7.5
2494329.0,60.357725,5.366151,62.5,7.5
2490719.0,60.379064,5.3259,62.5,7.5
2482515.0,60.379064,5.3259,62.5,7.5
2487866.0,60.010042,11.204833,62.5,12.5
5231438.0,59.887596,10.826728,57.5,12.5
5229490.0,60.379064,5.3259,62.5,7.5
2477968.0,58.519865,8.923351,57.5,7.5
9705453.0,58.338822,8.546734,57.5,7.5
2487879.0,58.519865,8.923351,57.5,7.5
9705453.0,58.519865,8.923351,57.5,7.5
2494543.0,60.010042,11.204833,62.5,12.5
5231190.0,58.519865,8.923351,57.5,7.5
2494543.0,58.519865,8.923351,57.5,7.5
2487603.0,62.809933,7.151541,62.5,7.5
2490719.0,62.379398,6.590814,62.5,7.5
2491534.0,60.010042,11.204833,62.5,12.5
2484916.0,59.887596,10.826728,57.5,12.5
5845582.0,60.010042,11.204833,62.5,12.5
5228199.0,59.887596,10.826728,57.5,12.5
2484916.0,60.248411,5.26372,62.5,7.5
2477968.0,59.911624,11.086186,57.5,12.5
2492462.0,60.248411,5.26372,62.5,7.5
2487879.0,59.911624,11.086186,57.5,12.5
2477968.0,60.509983,7.881989,62.5,7.5
2477968.0,60.010042,11.204833,62.5,12.5
5231190.0,59.877411,10.85031,57.5,12.5
9705453.0,62.379398,6.590814,62.5,7.5
9705453.0,60.010042,11.204833,62.5,12.5
9444556.0,60.509983,7.881989,62.5,7.5
5229490.0,60.248411,5.26372,62.5,7.5
8211070.0,59.911624,11.086186,57.5,12.5
5231438.0,59.388382,5.988933,57.5,7.5
5231198.0,59.877411,10.85031,57.5,12.5
9705453.0,60.248411,5.26372,62.5,7.5
2487879.0,62.379398,6.590814,62.5,7.5
2484916.0,60.509983,7.881989,62.5,7.5
2498352.0,58.97562,9.821236,57.5,7.5
5231190.0,59.270247,11.079323,57.5,12.5
9705453.0,59.270247,11.079323,57.5,12.5
2492462.0,59.270247,11.079323,57.5,12.5
2484916.0,58.519865,8.923351,57.5,7.5
2487866.0,58.830448,6.28419,57.5,7.5
5229490.0,59.270247,11.079323,57.5,12.5
2487871.0,58.519865,8.923351,57.5,7.5
2490719.0,59.270247,11.079323,57.5,12.5
2494543.0,60.37067,6.093643,62.5,7.5
2491534.0,59.270247,11.079323,57.5,12.5
5231198.0,59.270247,11.079323,57.5,12.5
2477968.0,60.37067,6.093643,62.5,7.5
2490719.0,60.248411,5.26372,62.5,7.5
2487866.0,59.911624,11.086186,57.5,12.5
9797180.0,62.178501,5.758838,62.5,7.5
6100954.0,58.338822,8.546734,57.5,7.5
8211070.0,60.37067,6.093643,62.5,7.5
2484916.0,59.270247,11.079323,57.5,12.5
2487879.0,60.37067,6.093643,62.5,7.5
8211070.0,59.833876,10.782018,57.5,12.5
2487879.0,59.833876,10.782018,57.5,12.5
5231198.0,59.833876,10.782018,57.5,12.5
5229493.0,60.010042,11.204833,62.5,12.5
2482515.0,59.877411,10.85031,57.5,12.5
2484916.0,59.833876,10.782018,57.5,12.5
5229490.0,60.010042,11.204833,62.5,12.5
2482492.0,58.829872,6.27763,57.5,7.5
5229490.0,59.877411,10.85031,57.5,12.5
5229490.0,59.833876,10.782018,57.5,12.5
5231198.0,60.010042,11.204833,62.5,12.5
9705453.0,59.833876,10.782018,57.5,12.5
2482492.0,58.830448,6.28419,57.5,7.5
2487879.0,59.877411,10.85031,57.5,12.5
2487871.0,60.010042,11.204833,62.5,12.5
9705453.0,59.877411,10.85031,57.5,12.5
2484916.0,60.010042,11.204833,62.5,12.5
2494422.0,59.877411,10.85031,57.5,12.5
2492462.0,59.003895,5.634806,57.5,7.5
5231198.0,59.911624,11.086186,57.5,12.5
2490719.0,59.911624,11.086186,57.5,12.5
2494543.0,59.321845,5.399377,57.5,7.5
2487871.0,59.911624,11.086186,57.5,12.5
2490719.0,59.877411,10.85031,57.5,12.5
5229490.0,59.911624,11.086186,57.5,12.5
2484916.0,59.877411,10.85031,57.5,12.5
2490719.0,59.003895,5.634806,57.5,7.5
2477968.0,59.877411,10.85031,57.5,12.5
2487871.0,59.877411,10.85031,57.5,12.5
2484916.0,59.911624,11.086186,57.5,12.5
2487879.0,58.533052,6.340293,57.5,7.5
2494686.0,59.833876,10.782018,57.5,12.5
2487879.0,58.338822,8.546734,57.5,7.5
5231190.0,63.038986,7.783657,62.5,7.5
2490719.0,59.833876,10.782018,57.5,12.5
2487883.0,59.833876,10.782018,57.5,12.5
2481312.0,67.296402,14.39592,67.5,12.5
2477968.0,59.382282,10.411883,57.5,12.5
5845582.0,59.561654,9.199125,57.5,7.5
2481890.0,67.296402,14.39592,67.5,12.5
2487871.0,59.388016,6.01418,57.5,7.5
2498273.0,67.296402,14.39592,67.5,12.5
2481139.0,67.296402,14.39592,67.5,12.5
5229490.0,63.303087,9.076312,62.5,7.5
2487879.0,59.561654,9.199125,57.5,7.5
5845582.0,59.911624,11.086186,57.5,12.5
2494543.0,59.561654,9.199125,57.5,7.5
2492462.0,59.136094,11.065109,57.5,12.5
2494543.0,59.006847,5.641198,57.5,7.5
2492462.0,58.519865,8.923351,57.5,7.5
2494543.0,59.136094,11.065109,57.5,12.5
2481700.0,59.009022,5.648469,57.5,7.5
2480449.0,59.355453,5.639814,57.5,7.5
9705453.0,59.136094,11.065109,57.5,12.5
2490719.0,59.422989,6.056443,57.5,7.5
2487879.0,59.136094,11.065109,57.5,12.5
2487603.0,62.178501,5.758838,62.5,7.5
2490719.0,59.136094,11.065109,57.5,12.5
2487879.0,60.357725,5.366151,62.5,7.5
5229490.0,58.519865,8.923351,57.5,7.5
5231190.0,60.357725,5.366151,62.5,7.5
2482515.0,67.283073,14.446634,67.5,12.5
2494543.0,60.631798,8.56151,62.5,7.5
9761484.0,67.283073,14.446634,67.5,12.5
2498375.0,58.97562,9.821236,57.5,7.5
2490719.0,59.006847,5.641198,57.5,7.5
9705453.0,59.561654,9.199125,57.5,7.5
5229490.0,59.561654,9.199125,57.5,7.5
5229490.0,67.283073,14.446634,67.5,12.5
2495093.0,67.283073,14.446634,67.5,12.5
2481890.0,71.061981,28.251564,72.5,27.5
5231190.0,67.284676,14.401436,67.5,12.5
2498326.0,58.97562,9.821236,57.5,7.5
2494422.0,58.533052,6.340293,57.5,7.5
2482515.0,59.006847,5.641198,57.5,7.5
5231190.0,71.063855,28.246471,72.5,27.5
5231198.0,67.284676,14.401436,67.5,12.5
2492462.0,59.006847,5.641198,57.5,7.5
9415596.0,58.97562,9.821236,57.5,7.5
2494543.0,59.270247,11.079323,57.5,12.5
9705453.0,59.898445,10.845052,57.5,12.5
2498273.0,58.97562,9.821236,57.5,7.5
5229490.0,59.006847,5.641198,57.5,7.5
2481172.0,58.97562,9.821236,57.5,7.5
9761484.0,58.97562,9.821236,57.5,7.5
2490719.0,59.898445,10.845052,57.5,12.5
2481890.0,58.97562,9.821236,57.5,7.5
2482515.0,60.074059,11.138036,62.5,12.5
2481861.0,58.97562,9.821236,57.5,7.5
2487879.0,59.898445,10.845052,57.5,12.5
2481139.0,58.97562,9.821236,57.5,7.5
2487879.0,59.270247,11.079323,57.5,12.5
5229490.0,59.898445,10.845052,57.5,12.5
2494329.0,60.37067,6.093643,62.5,7.5
2494543.0,55.9927,40.3248,57.5,42.5
2433753.0,60.181,25.03,62.5,27.5
2480537.0,60.528175,22.084945,62.5,22.5
2494771.0,62.626,29.697,62.5,27.5
2498326.0,60.542399,21.335339,62.5,22.5
2494771.0,62.628,29.695,62.5,27.5
8211070.0,66.523964,25.748687,67.5,27.5
5219243.0,60.110161,25.018642,62.5,27.5
2480537.0,60.586147,21.972661,62.5,22.5
5219243.0,60.193548,24.893915,62.5,22.5
8211070.0,66.524022,25.748592,67.5,27.5
2494771.0,62.627003,29.697317,62.5,27.5
2487866.0,63.085232,21.611664,62.5,22.5
2433753.0,62.98336,28.087258,62.5,27.5
5845582.0,60.661485,21.289976,62.5,22.5
2494543.0,63.087058,21.609723,62.5,22.5
5229490.0,60.428,22.201,62.5,22.5
9409796.0,60.428,22.201,62.5,22.5
5220126.0,66.524071,25.748479,67.5,27.5
2165401.0,60.933789,26.831394,62.5,27.5
5219219.0,61.499149,23.583045,62.5,22.5
2480537.0,60.539156,21.438375,62.5,22.5
5229490.0,60.427986,22.200604,62.5,22.5
2435767.0,61.207488,23.777956,62.5,22.5
2435240.0,59.457983,9.34819,57.5,7.5
5219073.0,69.072537,19.848387,67.5,17.5
2435240.0,65.077918,13.301439,67.5,12.5
2435240.0,63.161079,11.225774,62.5,12.5
2435240.0,69.244898,19.967737,67.5,17.5
5219073.0,62.346662,7.347075,62.5,7.5
2435240.0,66.381524,14.296015,67.5,12.5
2435240.0,66.157379,13.781653,67.5,12.5
5219073.0,66.356631,14.62412,67.5,12.5
5219073.0,62.1571,7.437253,62.5,7.5
5219073.0,62.333608,7.522563,62.5,7.5
2435240.0,68.672294,17.15601,67.5,17.5
5219073.0,64.302999,10.893535,62.5,12.5
2435240.0,66.39828,14.252826,67.5,12.5
2435240.0,66.462519,14.296916,67.5,12.5
2435240.0,63.397256,11.072715,62.5,12.5
2435240.0,66.385828,14.035583,67.5,12.5
2435240.0,64.611327,12.361095,62.5,12.5
2435240.0,67.150615,15.925841,67.5,17.5
5219073.0,62.270292,8.028917,62.5,7.5
5219173.0,59.987661,11.388659,57.5,12.5
2435240.0,66.897326,14.821402,67.5,12.5
2435240.0,66.423514,13.977748,67.5,12.5
2435240.0,59.891041,8.691862,57.5,7.5
2435240.0,58.97892,9.377195,57.5,7.5
5219073.0,65.659183,12.754512,67.5,12.5
2435240.0,59.757237,8.816327,57.5,7.5
5219073.0,62.335775,7.528736,62.5,7.5
2435240.0,61.507713,11.038865,62.5,12.5
5219073.0,66.238239,14.134355,67.5,12.5
2435240.0,66.382386,14.294547,67.5,12.5
5219073.0,62.15708,7.437284,62.5,7.5
2435240.0,69.457493,18.346739,67.5,17.5
5219073.0,62.327759,8.067448,62.5,7.5
2435240.0,59.975234,8.772933,57.5,7.5
5219073.0,62.15715,7.437406,62.5,7.5
2435240.0,60.110852,10.246652,62.5,12.5
2435240.0,59.948997,9.336998,57.5,7.5
5231630.0,58.686911,38.514194,57.5,37.5
2484916.0,55.63789,37.55402,57.5,37.5
2484916.0,55.5497,37.09878,57.5,37.5
9616058.0,45.12031,38.6359,47.5,37.5
5231630.0,57.57916,41.07613,57.5,42.5
2482515.0,44.92376,37.36916,42.5,37.5
2482515.0,55.73948,37.45482,57.5,37.5
2482613.0,55.8437,37.606653,57.5,37.5
2495414.0,58.184675,40.184495,57.5,42.5
2481890.0,45.13384,38.60928,47.5,37.5
9705453.0,55.707214,37.527111,57.5,37.5
2487879.0,55.5968,37.685717,57.5,37.5
9705453.0,55.08065,36.639083,57.5,37.5
2490737.0,55.746345,37.642873,57.5,37.5
2495414.0,55.86874,37.65044,57.5,37.5
2477968.0,55.66095,38.03668,57.5,37.5
9415596.0,55.884111,44.094153,57.5,42.5
2487871.0,55.707825,37.528736,57.5,37.5
2481139.0,55.67039,37.67838,57.5,37.5
9444556.0,55.415775,38.563172,57.5,37.5
2493367.0,42.32765,48.06585,42.5,47.5
2495414.0,55.712125,37.580794,57.5,37.5
9752617.0,45.15142,38.58494,47.5,37.5
2495414.0,55.704356,37.522156,57.5,37.5
9705453.0,55.745946,37.64335,57.5,37.5
2494543.0,55.707825,37.528736,57.5,37.5
5845582.0,55.766092,37.493528,57.5,37.5
2484605.0,56.3254,39.40939,57.5,37.5
9705453.0,55.89517,37.61975,57.5,37.5
5231209.0,44.13049,46.65603,42.5,47.5
2498255.0,42.3299,48.06972,42.5,47.5
2495414.0,58.184027,40.184259,57.5,42.5
2490737.0,55.5968,37.685717,57.5,37.5
9705453.0,60.04405,30.30476,62.5,32.5
8773033.0,55.63774,37.55319,57.5,37.5
2495414.0,55.719669,37.607306,57.5,37.5
2487866.0,56.36005,41.0401,57.5,42.5
2484916.0,55.55678,37.10163,57.5,37.5
2482492.0,59.84904,31.5848,57.5,32.5
2490669.0,43.10165,47.46392,42.5,47.5
2481181.0,44.91177,37.32877,42.5,37.5
2490737.0,55.60986,37.69749,57.5,37.5
9705453.0,55.75144,37.44579,57.5,37.5
5231198.0,58.18353,40.184003,57.5,42.5
2494543.0,55.5968,37.685717,57.5,37.5
9705453.0,60.04788,30.30167,62.5,32.5
5229493.0,55.080658,36.639042,57.5,37.5
5231438.0,55.86634,37.64794,57.5,37.5
5231190.0,55.66085,38.03683,57.5,37.5
9616058.0,55.884111,44.094153,57.5,42.5
2487879.0,55.66505,37.66779,57.5,37.5
2482513.0,43.09199,47.46412,42.5,47.5
2482048.0,42.32988,48.0696,42.5,47.5
9282206.0,55.612767,37.684964,57.5,37.5
5231198.0,60.04614,30.31147,62.5,32.5
2490719.0,55.63793,37.55401,57.5,37.5
2495414.0,55.71881,37.608241,57.5,37.5
2487883.0,56.36005,41.0401,57.5,42.5
2494543.0,55.55643,37.10163,57.5,37.5
2495696.0,45.11346,38.65889,47.5,37.5
2484596.0,57.57917,41.07613,57.5,42.5
2481139.0,55.719236,37.651474,57.5,37.5
5231190.0,43.1016,47.464,42.5,47.5
2498343.0,44.91265,37.32855,42.5,37.5
9761484.0,55.744692,37.439544,57.5,37.5
2495414.0,58.184388,40.184409,57.5,42.5
2482515.0,55.707214,37.527111,57.5,37.5
2482515.0,55.5968,37.685717,57.5,37.5
5231198.0,55.080669,36.639022,57.5,37.5
9761484.0,55.86821,37.64733,57.5,37.5
2487879.0,55.66093,38.03675,57.5,37.5
2480589.0,55.884111,44.094153,57.5,42.5
2480637.0,55.707825,37.528736,57.5,37.5
2495414.0,55.66988,37.6759,57.5,37.5
2482513.0,43.064,47.45978,42.5,47.5
2491557.0,42.32994,48.06985,42.5,47.5
2494686.0,58.686353,38.512222,57.5,37.5
2480637.0,55.681081,37.461425,57.5,37.5
9705453.0,55.63787,37.55401,57.5,37.5
9705453.0,55.61063,37.69682,57.5,37.5
2487871.0,55.54952,37.0991,57.5,37.5
2482513.0,45.12128,38.63264,47.5,37.5
5229490.0,45.06108,38.75006,47.5,37.5
9015784.0,57.57895,41.07601,57.5,42.5
9705453.0,55.718667,37.648275,57.5,37.5
2480537.0,44.90118,37.44286,42.5,37.5
2480537.0,45.14848,38.58939,47.5,37.5
2494441.0,55.707214,37.527111,57.5,37.5
5231190.0,55.746096,37.643152,57.5,37.5
9705453.0,55.87052,37.65404,57.5,37.5
2484605.0,55.6609,38.03678,57.5,37.5
2490737.0,55.707825,37.528736,57.5,37.5
2481139.0,55.67087,37.6794,57.5,37.5
2495414.0,55.76653,37.4896,57.5,37.5
6100954.0,55.394786,38.531942,57.5,37.5
2482515.0,55.8949,37.61985,57.5,37.5
2498343.0,42.32763,48.06586,42.5,47.5
2482515.0,55.75138,37.44571,57.5,37.5
2495414.0,58.183633,40.183965,57.5,42.5
2484916.0,55.5968,37.685717,57.5,37.5
5231190.0,60.04456,30.30249,62.5,32.5
2484605.0,55.080422,36.638606,57.5,37.5
2482492.0,55.66095,38.03672,57.5,37.5
2495000.0,55.884111,44.094153,57.5,42.5
2495414.0,55.720596,37.604838,57.5,37.5
2494543.0,55.66295,37.66654,57.5,37.5
2481890.0,43.1009,47.46404,42.5,47.5
2482515.0,55.73901,37.46134,57.5,37.5
2482515.0,45.14624,38.59244,47.5,37.5
5845582.0,55.707214,37.527111,57.5,37.5
2487843.0,55.080661,36.639128,57.5,37.5
5231198.0,55.746177,37.643048,57.5,37.5
9761484.0,55.86876,37.65049,57.5,37.5
2494543.0,55.66098,38.03669,57.5,37.5
2495000.0,55.783017,37.356111,57.5,37.5
5231198.0,55.707825,37.528736,57.5,37.5
5231198.0,55.67084,37.67943,57.5,37.5
2480449.0,55.397522,38.529153,57.5,37.5
2495414.0,55.89474,37.61962,57.5,37.5
2494422.0,42.32765,48.06585,42.5,47.5
2482515.0,55.76071,37.46494,57.5,37.5
2495414.0,58.183832,40.184089,57.5,42.5
2477927.0,55.5968,37.685717,57.5,37.5
2482515.0,60.04437,30.30437,62.5,32.5
8069880.0,55.080528,36.639597,57.5,37.5
2494771.0,55.884111,44.094153,57.5,42.5
2482515.0,55.719669,37.607306,57.5,37.5
2484596.0,56.35857,41.04266,57.5,42.5
2490737.0,55.66054,37.66458,57.5,37.5
9274012.0,43.10091,47.46403,42.5,47.5
2487603.0,55.61097,37.69127,57.5,37.5
9705453.0,58.686331,38.513422,57.5,37.5
9705453.0,55.68207,37.46319,57.5,37.5
5231198.0,55.63788,37.554,57.5,37.5
9705453.0,55.58285,37.70598,57.5,37.5
2487866.0,55.54956,37.09914,57.5,37.5
9616058.0,45.131,38.62216,47.5,37.5
8214667.0,45.05838,38.74534,47.5,37.5
9629160.0,57.57968,41.07734,57.5,42.5
9761484.0,55.716519,37.647321,57.5,37.5
9797180.0,44.89061,37.53384,42.5,37.5
9705453.0,55.63903,37.56354,57.5,37.5
9761484.0,55.747983,37.435339,57.5,37.5
9705453.0,58.183611,40.184102,57.5,42.5
2495414.0,55.5968,37.685717,57.5,37.5
2482515.0,60.04794,30.30178,62.5,32.5
2487866.0,55.080733,36.638922,57.5,37.5
2487879.0,55.86771,37.64865,57.5,37.5
9705453.0,55.66092,38.03678,57.5,37.5
2473958.0,55.884111,44.094153,57.5,42.5
2487603.0,55.707825,37.528736,57.5,37.5
9705453.0,55.66657,37.67112,57.5,37.5
2482513.0,43.09015,47.46367,42.5,47.5
5228199.0,42.32992,48.06972,42.5,47.5
2490719.0,60.04614,30.31147,62.5,32.5
2490737.0,55.63784,37.55316,57.5,37.5
5231190.0,55.719669,37.607306,57.5,37.5
2484596.0,56.36005,41.0401,57.5,42.5
9705453.0,55.55655,37.10132,57.5,37.5
2495414.0,45.1127,38.6608,47.5,37.5
2484605.0,59.84875,31.58421,57.5,32.5
9761484.0,55.719236,37.651474,57.5,37.5
2480482.0,43.1016,47.464,42.5,47.5
2498343.0,44.91176,37.32877,42.5,37.5
2482515.0,55.6099,37.69749,57.5,37.5
9705453.0,60.04614,30.31147,62.5,32.5
2494543.0,55.63789,37.55402,57.5,37.5
9809229.0,55.71881,37.608241,57.5,37.5
2487871.0,56.36005,41.0401,57.5,42.5
2477968.0,55.55619,37.10071,57.5,37.5
9797180.0,45.11442,38.65609,47.5,37.5
2494543.0,57.57915,41.07612,57.5,42.5
2482515.0,55.719236,37.651474,57.5,37.5
2482513.0,43.12957,47.47018,42.5,47.5
2482513.0,44.92719,37.34621,42.5,37.5
2494543.0,55.711039,37.575071,57.5,37.5
9797180.0,45.15046,38.5866,47.5,37.5
2482492.0,55.707214,37.527111,57.5,37.5
2487879.0,55.745946,37.64335,57.5,37.5
2494686.0,55.87059,37.65455,57.5,37.5
2490719.0,55.707825,37.528736,57.5,37.5
2487879.0,55.766417,37.493056,57.5,37.5
9761484.0,55.390611,38.514175,57.5,37.5
6100954.0,56.32541,39.40937,57.5,37.5
2492462.0,55.89519,37.61928,57.5,37.5
7634625.0,44.13127,46.65581,42.5,47.5
2480482.0,42.32763,48.06585,42.5,47.5
9761484.0,55.743336,37.442033,57.5,37.5
2495414.0,58.18454,40.184463,57.5,42.5
9761484.0,45.06108,38.75005,47.5,37.5
2487879.0,55.707214,37.527111,57.5,37.5
9705453.0,55.5968,37.685717,57.5,37.5
2487879.0,55.08065,36.639083,57.5,37.5
2482515.0,55.86834,37.65019,57.5,37.5
2487871.0,55.6609,38.03682,57.5,37.5
2480449.0,55.884111,44.094153,57.5,42.5
2487866.0,55.707825,37.528736,57.5,37.5
2484916.0,55.66988,37.6759,57.5,37.5
9537647.0,55.390542,38.517217,57.5,37.5
2482065.0,42.32994,48.06985,42.5,47.5
2494543.0,58.686331,38.512994,57.5,37.5
2487879.0,55.63789,37.55402,57.5,37.5
8773033.0,55.746875,37.480178,57.5,37.5
9705453.0,55.5497,37.09872,57.5,37.5
2495471.0,45.12071,38.63454,47.5,37.5
5231630.0,57.57895,41.07601,57.5,42.5
2495414.0,55.716997,37.647049,57.5,37.5
2490669.0,44.92469,37.37305,42.5,37.5
9705453.0,55.75148,37.44591,57.5,37.5
2495414.0,58.18353,40.184003,57.5,42.5
2487603.0,55.5968,37.685717,57.5,37.5
2477968.0,60.04783,30.30156,62.5,32.5
2494543.0,55.080589,36.638778,57.5,37.5
5231198.0,55.8663,37.64781,57.5,37.5
5231198.0,55.6609,38.03667,57.5,37.5
9761484.0,55.884111,44.094153,57.5,42.5
9705453.0,55.66408,37.6671,57.5,37.5
9761484.0,43.10089,47.46408,42.5,47.5
2493367.0,42.32988,48.06959,42.5,47.5
2495000.0,58.702531,38.523122,57.5,37.5
9705453.0,55.68032,37.46042,57.5,37.5
9809229.0,42.82071,47.65662,42.5,47.5
2492462.0,55.60779,37.68581,57.5,37.5
2494543.0,55.58807,37.57458,57.5,37.5
9752617.0,45.06209,38.75411,47.5,37.5
9705453.0,57.58203,41.07683,57.5,42.5
2494422.0,44.17474,46.69439,42.5,47.5
2490737.0,55.83738,37.60533,57.5,37.5
2482515.0,55.7499,37.50374,57.5,37.5
5229490.0,58.685414,38.514581,57.5,37.5
9705453.0,55.68171,37.4626,57.5,37.5
5231198.0,55.63886,37.56374,57.5,37.5
5231198.0,55.59287,37.69278,57.5,37.5
2484596.0,55.54989,37.09517,57.5,37.5
9809229.0,45.14738,38.60842,47.5,37.5
2491557.0,45.05989,38.74721,47.5,37.5
2477872.0,57.58127,41.07546,57.5,42.5
2495414.0,55.71296,37.64742,57.5,37.5
2495696.0,44.89076,37.53483,42.5,37.5
5232162.0,55.079942,36.640969,57.5,37.5
2487879.0,55.63906,37.56329,57.5,37.5
2494543.0,55.84217,37.61214,57.5,37.5
9629160.0,58.734839,38.716783,57.5,37.5
2487879.0,55.68032,37.46042,57.5,37.5
2484916.0,55.73695,37.80447,57.5,37.5
5228228.0,42.8269,47.65839,42.5,47.5
2490737.0,55.76102,37.83891,57.5,37.5
9705453.0,55.60779,37.68582,57.5,37.5
2494543.0,55.58805,37.57463,57.5,37.5
9705453.0,55.76623,37.48912,57.5,37.5
2495455.0,45.06215,38.75534,47.5,37.5
2482515.0,44.17471,46.69439,42.5,47.5
2494543.0,55.83739,37.60531,57.5,37.5
9705453.0,55.7499,37.50374,57.5,37.5
5229493.0,58.687717,38.511233,57.5,37.5
9761484.0,55.68171,37.4626,57.5,37.5
5231190.0,42.8207,47.65662,42.5,47.5
2494543.0,55.60675,37.70091,57.5,37.5
8773033.0,55.58715,37.57345,57.5,37.5
2490737.0,45.18949,38.55599,47.5,37.5
2498343.0,45.06157,38.7502,47.5,37.5
5845582.0,57.58125,41.07551,57.5,42.5
2474377.0,55.713319,37.648108,57.5,37.5
2480637.0,55.84227,37.61107,57.5,37.5
2482492.0,58.687717,38.511233,57.5,37.5
2487879.0,55.68171,37.4626,57.5,37.5
9797180.0,55.88707,37.37483,57.5,37.5
5231630.0,55.60675,37.70091,57.5,37.5
2490737.0,55.549442,37.083008,57.5,37.5
5231190.0,45.16505,38.59281,47.5,37.5
2494422.0,45.06096,38.74932,47.5,37.5
2494771.0,57.57968,41.07734,57.5,42.5
9761484.0,55.713319,37.648108,57.5,37.5
2495455.0,44.89602,37.56192,42.5,37.5
2477968.0,55.63948,37.56258,57.5,37.5
5229493.0,55.84216,37.61214,57.5,37.5
9537647.0,55.67108,37.68038,57.5,37.5
2482492.0,55.973183,36.0285,57.5,37.5
2480637.0,55.73658,37.80327,57.5,37.5
5231198.0,55.7723,37.82927,57.5,37.5
5229493.0,59.85169,31.60972,57.5,32.5
9761484.0,55.57545,38.08888,57.5,37.5
9761484.0,55.4454,37.58807,57.5,37.5
2495414.0,55.7649,37.48259,57.5,37.5
2482515.0,55.90926,36.83029,57.5,37.5
2480353.0,44.15999,46.71774,42.5,47.5
9705453.0,55.882628,37.673436,57.5,37.5
5231190.0,42.32988,48.06959,42.5,47.5
2484916.0,55.70763,37.51553,57.5,37.5
2495414.0,55.66086,38.03676,57.5,37.5
2484916.0,55.750647,37.489097,57.5,37.5
2482492.0,55.775239,37.783128,57.5,37.5
9761484.0,55.67108,37.68038,57.5,37.5
2487879.0,55.974369,36.030303,57.5,37.5
5231198.0,55.73385,37.80068,57.5,37.5
2487879.0,55.7723,37.82934,57.5,37.5
2490719.0,59.85119,31.60724,57.5,32.5
2498326.0,55.57404,38.08958,57.5,37.5
2495414.0,55.58791,37.57999,57.5,37.5
2482515.0,55.764639,37.482703,57.5,37.5
6100954.0,55.91134,36.82344,57.5,37.5
2475532.0,44.15999,46.71774,42.5,47.5
9705453.0,55.883017,37.673314,57.5,37.5
2480910.0,42.32996,48.06957,42.5,47.5
5845582.0,55.70352,37.50823,57.5,37.5
9705453.0,55.67485,37.69324,57.5,37.5
5229493.0,55.66093,38.03677,57.5,37.5
9705453.0,55.750569,37.490319,57.5,37.5
9705453.0,55.782036,37.779297,57.5,37.5
2484916.0,55.58703,37.57415,57.5,37.5
2480637.0,55.6704,37.67847,57.5,37.5
9705453.0,55.76298,37.48166,57.5,37.5
9705453.0,55.968228,36.024144,57.5,37.5
2495414.0,55.831989,37.455672,57.5,37.5
2482492.0,56.707548,38.882459,57.5,37.5
9761484.0,44.9835,38.87499,42.5,37.5
2482515.0,55.780444,37.728889,57.5,37.5
2487879.0,59.84913,31.58486,57.5,32.5
2498326.0,55.57655,38.08041,57.5,37.5
2487603.0,55.44301,37.5876,57.5,37.5
5232464.0,55.66521,37.67195,57.5,37.5
2484596.0,55.707214,37.527111,57.5,37.5
9761484.0,55.881894,37.668925,57.5,37.5
2482065.0,42.33083,48.07426,42.5,47.5
2495414.0,55.70883,37.5169,57.5,37.5
2494543.0,55.71355,38.96589,57.5,37.5
2481172.0,55.671151,37.685571,57.5,37.5
5231190.0,55.080631,36.638972,57.5,37.5
2487879.0,55.77415,37.783419,57.5,37.5
2498261.0,55.67108,37.68038,57.5,37.5
5231190.0,55.7341,37.8006,57.5,37.5
5229490.0,42.47403,47.91515,42.5,47.5
2482513.0,55.7724,37.83161,57.5,37.5
2487879.0,55.800696,37.50946,57.5,37.5
2482515.0,59.84985,31.60065,57.5,32.5
6092830.0,55.707825,37.528736,57.5,37.5
2487879.0,55.588,37.58021,57.5,37.5
2495414.0,55.76537,37.48503,57.5,37.5
2478523.0,44.15999,46.71774,42.5,47.5
9761484.0,55.883025,37.673503,57.5,37.5
2482515.0,55.67485,37.69324,57.5,37.5
5229490.0,55.66095,38.03679,57.5,37.5
9705453.0,55.749044,37.492453,57.5,37.5
5231198.0,55.782033,37.779319,57.5,37.5
2490737.0,55.58437,37.57835,57.5,37.5
6100954.0,55.67063,37.67917,57.5,37.5
6092830.0,55.973703,36.029736,57.5,37.5
2480637.0,55.726817,37.447619,57.5,37.5
5231630.0,59.85248,31.61353,57.5,32.5
2481139.0,55.57545,38.08888,57.5,37.5
9797180.0,55.4454,37.58807,57.5,37.5
2490737.0,55.66041,37.66456,57.5,37.5
2494543.0,55.707214,37.527111,57.5,37.5
2487603.0,55.882681,37.673586,57.5,37.5
2482048.0,42.32984,48.0692,42.5,47.5
2482492.0,55.70883,37.5169,57.5,37.5
9761484.0,55.671151,37.685571,57.5,37.5
2484916.0,55.774292,37.783686,57.5,37.5
2484916.0,55.58716,37.57345,57.5,37.5
5231190.0,55.76298,37.48103,57.5,37.5
2487866.0,55.96519,36.00523,57.5,37.5
2487879.0,55.8315,37.456756,57.5,37.5
2482492.0,56.74571,38.96234,57.5,37.5
2482515.0,44.97958,38.8723,42.5,37.5
2495414.0,55.748453,37.640202,57.5,37.5
5229493.0,55.46959,37.17332,57.5,37.5
2490669.0,42.80832,47.60837,42.5,47.5
9705453.0,55.780747,37.726522,57.5,37.5
2495414.0,55.677067,37.675853,57.5,37.5
2487879.0,55.57565,38.0771,57.5,37.5
5231198.0,55.44274,37.58423,57.5,37.5
2482513.0,43.167,47.47284,42.5,47.5
2490737.0,55.707214,37.527111,57.5,37.5
9705453.0,55.881992,37.665906,57.5,37.5
2482515.0,42.37973,47.99709,42.5,47.5
9705453.0,55.70917,37.51679,57.5,37.5
2487603.0,55.774111,37.783392,57.5,37.5
2487603.0,55.58724,37.57355,57.5,37.5
7982160.0,55.67108,37.68031,57.5,37.5
2495414.0,55.76303,37.48154,57.5,37.5
2494543.0,55.96735,36.00969,57.5,37.5
9705453.0,55.8315,37.456756,57.5,37.5
5229490.0,56.715951,38.910745,57.5,37.5
5229490.0,44.97969,38.87237,42.5,37.5
9444556.0,55.46988,37.17313,57.5,37.5
9752617.0,42.81241,47.60505,42.5,47.5
2487879.0,55.780489,37.729025,57.5,37.5
2482515.0,55.677067,37.675853,57.5,37.5
2487866.0,55.57605,38.07841,57.5,37.5
5845582.0,55.44272,37.58659,57.5,37.5
2498261.0,55.6666,37.67273,57.5,37.5
5229493.0,55.424861,37.202225,57.5,37.5
5229490.0,43.13035,47.47038,42.5,47.5
2484916.0,55.707214,37.527111,57.5,37.5
9761484.0,55.881978,37.666281,57.5,37.5
9813242.0,42.37959,47.99765,42.5,47.5
2484916.0,55.70917,37.51679,57.5,37.5
2478548.0,55.774114,37.783408,57.5,37.5
2494543.0,55.58724,37.57357,57.5,37.5
2498261.0,55.67122,37.68038,57.5,37.5
2482515.0,55.76296,37.48153,57.5,37.5
2487871.0,55.96751,36.01163,57.5,37.5
5231198.0,55.831953,37.455511,57.5,37.5
5229490.0,56.697751,38.830666,57.5,37.5
2480482.0,44.98129,38.87353,42.5,37.5
9705453.0,55.780489,37.729025,57.5,37.5
9705453.0,55.57605,38.07841,57.5,37.5
5229490.0,55.44266,37.58705,57.5,37.5
6065824.0,55.66526,37.67207,57.5,37.5
2478548.0,55.707214,37.527111,57.5,37.5
9761484.0,55.881978,37.667128,57.5,37.5
9809229.0,42.36068,48.0379,42.5,47.5
5231198.0,55.70917,37.51679,57.5,37.5
2487883.0,55.71096,38.9651,57.5,37.5
8773033.0,55.774128,37.783392,57.5,37.5
9705453.0,55.58558,37.57815,57.5,37.5
2482515.0,55.67063,37.67917,57.5,37.5
2495000.0,55.972186,36.028822,57.5,37.5
2482492.0,56.697751,38.830666,57.5,37.5
2494686.0,44.98361,38.87668,42.5,37.5
2482515.0,55.726833,37.447844,57.5,37.5
2482492.0,59.85248,31.61353,57.5,32.5
9797180.0,55.57617,38.08791,57.5,37.5
2490737.0,55.44314,37.58773,57.5,37.5
2480637.0,55.65881,37.66276,57.5,37.5
2490719.0,55.707214,37.527111,57.5,37.5
9761484.0,55.882267,37.672344,57.5,37.5
2482059.0,42.33077,48.07382,42.5,47.5
2482515.0,55.70883,37.5169,57.5,37.5
9537647.0,55.671151,37.685571,57.5,37.5
9705453.0,55.774275,37.783697,57.5,37.5
9705453.0,55.58715,37.57345,57.5,37.5
5231190.0,55.76269,37.48357,57.5,37.5
5229493.0,55.96587,36.00801,57.5,37.5
2482515.0,55.8315,37.456756,57.5,37.5
5229490.0,56.74571,38.96234,57.5,37.5
2495414.0,55.7494,37.503714,57.5,37.5
2494422.0,44.97946,38.87222,42.5,37.5
2482515.0,55.748368,37.63759,57.5,37.5
2482515.0,57.452522,41.506087,57.5,42.5
2477968.0,55.46959,37.17331,57.5,37.5
2482513.0,42.73116,47.66426,42.5,47.5
2495414.0,55.780953,37.725703,57.5,37.5
5231198.0,55.677189,37.676072,57.5,37.5
2498326.0,55.57524,38.07557,57.5,37.5
2482513.0,55.44134,37.57728,57.5,37.5
2482515.0,43.18059,47.47184,42.5,47.5
2492462.0,55.707214,37.527111,57.5,37.5
5229490.0,42.43403,47.93652,42.5,47.5
2487879.0,55.70917,37.51679,57.5,37.5
9705453.0,55.79305,37.438761,57.5,37.5
2477968.0,55.774125,37.783397,57.5,37.5
2495414.0,55.67903,37.45981,57.5,37.5
2482515.0,55.73695,37.80447,57.5,37.5
2482513.0,42.83527,47.63202,42.5,47.5
2495414.0,55.76276,37.83904,57.5,37.5
2487879.0,55.60779,37.68582,57.5,37.5
5231190.0,55.61212,37.53463,57.5,37.5
2487879.0,55.58841,37.57938,57.5,37.5
2482515.0,55.76588,37.48885,57.5,37.5
9752149.0,44.16469,46.71682,42.5,47.5
6100954.0,55.83615,37.59867,57.5,37.5
5845582.0,55.74838,37.49863,57.5,37.5
2494686.0,55.745269,37.64408,57.5,37.5
9705453.0,55.73813,37.8029,57.5,37.5
2490669.0,42.54502,47.86894,42.5,47.5
2482515.0,55.77077,37.83749,57.5,37.5
9705453.0,55.800696,37.50946,57.5,37.5
2494543.0,59.84907,31.58491,57.5,32.5
9705453.0,55.61245,37.53575,57.5,37.5
9705453.0,55.58839,37.57999,57.5,37.5
5231190.0,55.76489,37.487,57.5,37.5
9797180.0,44.16253,46.71715,42.5,47.5
9705453.0,55.678509,37.705334,57.5,37.5
5231630.0,55.747397,37.4936,57.5,37.5
2492462.0,55.745626,37.643807,57.5,37.5
2498326.0,55.67108,37.68038,57.5,37.5
2487879.0,55.73813,37.8029,57.5,37.5
2490669.0,42.49212,47.9059,42.5,47.5
6100954.0,55.77138,37.83452,57.5,37.5
2482515.0,55.800696,37.50946,57.5,37.5
5229490.0,59.84948,31.58824,57.5,32.5
2484596.0,55.707825,37.528736,57.5,37.5
9705453.0,55.58802,37.58021,57.5,37.5
2495414.0,55.76498,37.48686,57.5,37.5
2480449.0,44.16206,46.71725,42.5,47.5
9705453.0,55.883344,37.673408,57.5,37.5
2487879.0,55.678509,37.705334,57.5,37.5
2482515.0,55.66094,38.03679,57.5,37.5
2494543.0,55.74805,37.491969,57.5,37.5
9015784.0,55.745342,37.644128,57.5,37.5
9761484.0,55.67907,37.45966,57.5,37.5
5229493.0,55.73846,37.804,57.5,37.5
2490669.0,42.64772,47.71974,42.5,47.5
9705453.0,55.76345,37.83908,57.5,37.5
2484916.0,55.6078,37.68583,57.5,37.5
2495414.0,55.6123,37.53464,57.5,37.5
2494543.0,55.5884,37.57996,57.5,37.5
2495414.0,55.76552,37.48875,57.5,37.5
2498347.0,44.16438,46.71687,42.5,47.5
2482515.0,55.68302,37.7084,57.5,37.5
2487879.0,55.748044,37.496261,57.5,37.5
2480524.0,55.744636,37.644731,57.5,37.5
2490719.0,55.73846,37.804,57.5,37.5
6100954.0,42.62886,47.74326,42.5,47.5
2484916.0,55.76984,37.83783,57.5,37.5
2495414.0,55.800696,37.50946,57.5,37.5
9705453.0,59.84907,31.58491,57.5,32.5
2482515.0,55.61245,37.53577,57.5,37.5
2484916.0,55.58839,37.57999,57.5,37.5
5231190.0,55.7654,37.48815,57.5,37.5
2498343.0,44.16374,46.71697,42.5,47.5
9705453.0,55.748281,37.495747,57.5,37.5
2477927.0,55.58715,37.57345,57.5,37.5
2482515.0,59.101342,37.933469,57.5,37.5
5231190.0,55.762731,37.484731,57.5,37.5
2494543.0,55.829086,37.461364,57.5,37.5
2482515.0,55.748081,37.503919,57.5,37.5
2474377.0,44.97747,38.8717,42.5,37.5
9761484.0,55.747108,37.636372,57.5,37.5
5231198.0,55.703906,37.580741,57.5,37.5
2494543.0,57.45616,41.51223,57.5,42.5
2477968.0,55.4655,37.17618,57.5,37.5
2494543.0,55.792697,37.350892,57.5,37.5
2495696.0,42.71841,47.66337,42.5,47.5
2495414.0,55.780694,37.728314,57.5,37.5
2495414.0,55.860644,37.449944,57.5,37.5
2495414.0,55.676931,37.674014,57.5,37.5
2490669.0,43.20348,47.47012,42.5,47.5
2487871.0,55.707214,37.527111,57.5,37.5
2480637.0,55.793261,37.438325,57.5,37.5
2487879.0,55.748469,37.505647,57.5,37.5
2482492.0,55.748792,37.63267,57.5,37.5
9705453.0,55.702073,37.580448,57.5,37.5
5229490.0,57.45679,41.5143,57.5,42.5
2477968.0,55.46306,37.18446,57.5,37.5
9705453.0,55.73458,37.80009,57.5,37.5
5229490.0,42.71082,47.64368,42.5,47.5
6100954.0,44.912792,38.004164,42.5,37.5
2487603.0,55.860644,37.449944,57.5,37.5
2484605.0,56.70026,38.90247,57.5,37.5
2487879.0,55.677986,37.671069,57.5,37.5
2495414.0,55.54509,37.07386,57.5,37.5
5229490.0,45.2437,38.48639,47.5,37.5
5231198.0,55.793958,37.419253,57.5,37.5
2477968.0,59.84894,31.58479,57.5,32.5
2482515.0,55.707895,37.643542,57.5,37.5
2482515.0,43.23754,47.46579,42.5,47.5
2495414.0,55.786417,37.442114,57.5,37.5
2490669.0,45.33028,37.91827,47.5,37.5
2495414.0,55.803853,37.453144,57.5,37.5
2487879.0,55.58715,37.57344,57.5,37.5
2495414.0,59.100944,37.931494,57.5,37.5
2495414.0,55.76273,37.48353,57.5,37.5
5229493.0,55.831542,37.456686,57.5,37.5
2482515.0,56.74571,38.96234,57.5,37.5
9705453.0,55.748558,37.503856,57.5,37.5
2494441.0,44.97747,38.8717,42.5,37.5
2495414.0,57.45614,41.51211,57.5,42.5
2487603.0,55.46612,37.17733,57.5,37.5
2494543.0,55.785531,37.353636,57.5,37.5
5231209.0,42.73116,47.66426,42.5,47.5
9705453.0,55.780644,37.728003,57.5,37.5
5231190.0,55.677189,37.676072,57.5,37.5
9761484.0,55.57469,38.07181,57.5,37.5
2482513.0,43.18359,47.4717,42.5,47.5
2480537.0,55.707214,37.527111,57.5,37.5
2482065.0,42.54479,47.86935,42.5,47.5
5231630.0,55.71131,37.52306,57.5,37.5
2487879.0,55.793058,37.438722,57.5,37.5
6100954.0,59.101386,37.933211,57.5,37.5
2495414.0,55.76299,37.48615,57.5,37.5
9761484.0,55.829131,37.4596,57.5,37.5
2482492.0,55.747719,37.505431,57.5,37.5
9761484.0,44.97703,38.8717,42.5,37.5
9705453.0,55.748144,37.638846,57.5,37.5
2495414.0,55.704182,37.580726,57.5,37.5
5231198.0,57.45641,41.51353,57.5,42.5
2487883.0,55.46357,37.17835,57.5,37.5
2484916.0,55.73848,37.80378,57.5,37.5
5229490.0,55.792847,37.351008,57.5,37.5
2482513.0,42.71784,47.66207,42.5,47.5
2487879.0,55.78065,37.728006,57.5,37.5
9705453.0,55.860644,37.449944,57.5,37.5
2490719.0,56.70026,38.90247,57.5,37.5
9705453.0,55.676931,37.674014,57.5,37.5
2498265.0,55.6621,37.67118,57.5,37.5
5229490.0,43.216,47.46939,42.5,47.5
2487866.0,55.707214,37.527111,57.5,37.5
2477968.0,55.788228,37.441219,57.5,37.5
2477968.0,55.792994,37.439294,57.5,37.5
5231190.0,59.100328,37.935444,57.5,37.5
5231190.0,55.76296,37.4861,57.5,37.5
2474377.0,55.838242,37.465664,57.5,37.5
2484916.0,55.748453,37.505522,57.5,37.5
2482515.0,55.749561,37.632767,57.5,37.5
2482515.0,55.702073,37.580448,57.5,37.5
9705453.0,57.452522,41.506087,57.5,42.5
2477968.0,55.46356,37.18197,57.5,37.5
9705453.0,55.73686,37.80192,57.5,37.5
5845582.0,55.783378,37.356747,57.5,37.5
2482513.0,42.71268,47.64905,42.5,47.5
5231198.0,55.860644,37.449944,57.5,37.5
2494543.0,56.70026,38.90247,57.5,37.5
2482515.0,55.676931,37.674014,57.5,37.5
9705453.0,55.54642,37.07568,57.5,37.5
6100954.0,59.84872,31.5827,57.5,32.5
2490669.0,43.23567,47.46607,42.5,47.5
2480637.0,55.786417,37.442114,57.5,37.5
2482513.0,45.33028,37.91827,47.5,37.5
2482515.0,55.803331,37.444419,57.5,37.5
2482492.0,55.74566,37.48381,57.5,37.5
9705453.0,55.623828,37.72265,57.5,37.5
2495414.0,55.777803,37.655092,57.5,37.5
2495414.0,55.780792,37.7213,57.5,37.5
2473421.0,61.43206,46.374,62.5,47.5
9797180.0,45.28597,38.39313,47.5,37.5
9705453.0,55.543617,37.535778,57.5,37.5
2484916.0,55.90192,37.56387,57.5,37.5
2495414.0,55.779739,37.718133,57.5,37.5
2495414.0,55.58787,37.58033,57.5,37.5
9705453.0,61.26197,46.84846,62.5,47.5
5231190.0,55.642356,37.731114,57.5,37.5
9705453.0,55.541214,37.531272,57.5,37.5
2482492.0,55.750581,37.487958,57.5,37.5
2495414.0,55.44688,37.57454,57.5,37.5
2484916.0,55.9034,37.56464,57.5,37.5
9705453.0,53.29716,42.00332,52.5,42.5
2484916.0,55.58519,37.58534,57.5,37.5
2487879.0,61.26197,46.84846,62.5,47.5
2498015.0,55.641886,37.72755,57.5,37.5
2477968.0,57.45785,41.52385,57.5,42.5
9705453.0,55.750669,37.483031,57.5,37.5
2482515.0,55.44501,37.56792,57.5,37.5
9705453.0,55.90194,37.56396,57.5,37.5
2482515.0,55.777478,37.717039,57.5,37.5
9705453.0,55.5873,37.58206,57.5,37.5
2487866.0,61.26197,46.84846,62.5,47.5
7982160.0,55.641914,37.727767,57.5,37.5
9705453.0,57.45775,41.52325,57.5,42.5
2494543.0,55.750622,37.484567,57.5,37.5
2484605.0,55.44688,37.57454,57.5,37.5
9705453.0,55.599417,37.715417,57.5,37.5
9705453.0,55.90351,37.56467,57.5,37.5
9705453.0,55.848278,37.39999,57.5,37.5
2495000.0,53.29716,42.00332,52.5,42.5
2487879.0,55.58401,37.58633,57.5,37.5
2494543.0,61.26197,46.84846,62.5,47.5
2477968.0,55.642253,37.725186,57.5,37.5
2487603.0,55.5878,37.59157,57.5,37.5
2482515.0,57.45785,41.52385,57.5,42.5
5231198.0,55.750308,37.479033,57.5,37.5
2484916.0,55.74572,37.4837,57.5,37.5
5231198.0,55.621739,37.722069,57.5,37.5
6100954.0,55.778928,37.653933,57.5,37.5
2490719.0,55.73409,37.80043,57.5,37.5
2482515.0,55.781278,37.723906,57.5,37.5
5231630.0,61.43206,46.374,62.5,47.5
9616058.0,45.28614,38.3946,47.5,37.5
5231190.0,55.54445,37.536175,57.5,37.5
9752617.0,45.06228,38.75876,47.5,37.5
2495414.0,55.782608,37.721728,57.5,37.5
2482515.0,55.90179,37.56391,57.5,37.5
2490737.0,55.74747,37.48101,57.5,37.5
9705453.0,55.780964,37.719831,57.5,37.5
2482515.0,55.58787,37.58033,57.5,37.5
2484605.0,61.26197,46.84846,62.5,47.5
9537647.0,55.639256,37.739292,57.5,37.5
2480537.0,45.28444,38.38024,47.5,37.5
2482515.0,55.541203,37.532081,57.5,37.5
2494543.0,55.44522,37.5613,57.5,37.5
2494543.0,55.90194,37.56396,57.5,37.5
9705453.0,55.778839,37.717492,57.5,37.5
2487879.0,55.5873,37.58204,57.5,37.5
5229493.0,61.26197,46.84846,62.5,47.5
2487879.0,55.642356,37.731047,57.5,37.5
2495414.0,55.540811,37.530689,57.5,37.5
2487603.0,55.750611,37.486325,57.5,37.5
2477927.0,55.74729,37.48387,57.5,37.5
2482515.0,55.780797,37.721011,57.5,37.5
2473682.0,61.43206,46.374,62.5,47.5
9752617.0,45.2848,38.38332,47.5,37.5
5231190.0,55.74505,37.498061,57.5,37.5
9761484.0,55.541792,37.533933,57.5,37.5
2487603.0,55.44615,37.57744,57.5,37.5
2495414.0,55.600103,37.715583,57.5,37.5
2487879.0,55.90351,37.56467,57.5,37.5
2494543.0,55.848278,37.39999,57.5,37.5
9761484.0,55.88408,37.67889,57.5,37.5
9705453.0,55.58401,37.58633,57.5,37.5
5231198.0,55.642558,37.724042,57.5,37.5
9705453.0,55.58777,37.5915,57.5,37.5
5229490.0,57.45785,41.52385,57.5,42.5
2487879.0,55.748447,37.475975,57.5,37.5
2482515.0,55.747314,37.493464,57.5,37.5
2495414.0,55.731444,37.63913,57.5,37.5
9705453.0,57.45679,41.5143,57.5,42.5
2482492.0,55.46157,37.18424,57.5,37.5
5231198.0,55.73458,37.80009,57.5,37.5
5231198.0,42.71064,47.64287,42.5,47.5
2482513.0,44.912792,38.004164,42.5,37.5
2490737.0,56.70026,38.90247,57.5,37.5
2494543.0,55.677986,37.671069,57.5,37.5
6100954.0,55.5465,37.07166,57.5,37.5
2495696.0,45.25684,38.45525,47.5,37.5
2487879.0,55.793958,37.419253,57.5,37.5
5845582.0,59.84894,31.58479,57.5,32.5
5231630.0,57.58364,41.07642,57.5,42.5
9761484.0,55.707895,37.643542,57.5,37.5
2482513.0,43.24102,47.46595,42.5,47.5
2477968.0,55.785953,37.441481,57.5,37.5
9797180.0,45.27511,38.19295,47.5,37.5
9705453.0,55.803775,37.453436,57.5,37.5
9761484.0,56.14547,40.43794,57.5,42.5
2494543.0,55.74682,37.48649,57.5,37.5
2482515.0,55.624725,37.719089,57.5,37.5
7982160.0,55.731527,37.647361,57.5,37.5
2487879.0,55.73423,37.80045,57.5,37.5
9705453.0,55.78085,37.723831,57.5,37.5
9809229.0,45.26668,38.44165,47.5,37.5
2487603.0,55.795967,37.415506,57.5,37.5
2490737.0,57.58427,41.07897,57.5,42.5
2481139.0,55.708525,37.633953,57.5,37.5
6100954.0,55.544689,37.535886,57.5,37.5
2482515.0,55.781214,37.438592,57.5,37.5
9752149.0,45.28105,38.35002,47.5,37.5
5231630.0,55.793597,37.439425,57.5,37.5
5231198.0,55.777806,37.716653,57.5,37.5
9761484.0,56.16906,40.41778,57.5,42.5
9705453.0,55.747122,37.488228,57.5,37.5
2490737.0,55.624883,37.721964,57.5,37.5
9761484.0,55.731527,37.647361,57.5,37.5
2494543.0,57.45679,41.5143,57.5,42.5
2495414.0,55.73458,37.80009,57.5,37.5
9705453.0,56.70026,38.90247,57.5,37.5
2482515.0,55.677986,37.671069,57.5,37.5
9705453.0,55.54701,37.07119,57.5,37.5
5231198.0,45.2632,38.4464,47.5,37.5
9705453.0,55.793958,37.419253,57.5,37.5
2490737.0,59.84901,31.58479,57.5,32.5
5229490.0,57.58363,41.07645,57.5,42.5
2481139.0,55.707895,37.643542,57.5,37.5
2481181.0,43.27563,47.47392,42.5,47.5
2495414.0,55.544756,37.5358,57.5,37.5
2494543.0,55.785778,37.440581,57.5,37.5
9752617.0,45.28086,38.27534,47.5,37.5
5231190.0,55.803778,37.453264,57.5,37.5
9761484.0,56.14731,40.4367,57.5,42.5
2487603.0,55.74681,37.48641,57.5,37.5
2495414.0,55.622067,37.725956,57.5,37.5
2481139.0,55.731527,37.647361,57.5,37.5
5229493.0,57.45679,41.5143,57.5,42.5
2482515.0,55.73458,37.80009,57.5,37.5
2494543.0,55.5488,37.06888,57.5,37.5
2494422.0,45.26564,38.44305,47.5,37.5
2487603.0,55.795617,37.415281,57.5,37.5
5229493.0,59.84901,31.58479,57.5,32.5
2487879.0,57.58418,41.07903,57.5,42.5
2482515.0,55.708525,37.633953,57.5,37.5
9761484.0,55.544378,37.536508,57.5,37.5
2482492.0,55.785778,37.440581,57.5,37.5
9616058.0,45.281,38.34777,47.5,37.5
2482515.0,55.803417,37.453897,57.5,37.5
2482513.0,55.777647,37.717608,57.5,37.5
2495414.0,55.749722,37.480406,57.5,37.5
2487879.0,55.623136,37.723358,57.5,37.5
2482515.0,55.778956,37.654108,57.5,37.5
2495414.0,55.731527,37.647361,57.5,37.5
5231198.0,55.73423,37.80045,57.5,37.5
2495414.0,55.781908,37.72395,57.5,37.5
9705453.0,61.43206,46.374,62.5,47.5
9809229.0,45.27935,38.42495,47.5,37.5
2484916.0,55.795967,37.415506,57.5,37.5
2477968.0,57.58389,41.07925,57.5,42.5
2495414.0,55.707147,37.623297,57.5,37.5
9705453.0,55.54535,37.536764,57.5,37.5
9752149.0,45.07859,38.70733,47.5,37.5
2495414.0,55.7773,37.714936,57.5,37.5
2495414.0,55.800081,37.485408,57.5,37.5
2491534.0,55.44572,37.57862,57.5,37.5
6100954.0,55.600494,37.7156,57.5,37.5
2495414.0,55.90375,37.56487,57.5,37.5
9705453.0,55.847193,37.39843,57.5,37.5
2495414.0,55.88339,37.67829,57.5,37.5
2487603.0,55.5854,37.59229,57.5,37.5
2487603.0,55.613369,37.684781,57.5,37.5
5231198.0,57.45857,41.52577,57.5,42.5
5231198.0,55.881572,37.664689,57.5,37.5
2492462.0,55.759325,37.561125,57.5,37.5
2495414.0,55.774125,37.783381,57.5,37.5
2495414.0,55.802847,37.490475,57.5,37.5
9705453.0,55.44521,37.58663,57.5,37.5
2482513.0,55.644103,37.744517,57.5,37.5
2494543.0,55.7833,37.77879,57.5,37.5
2484916.0,55.845459,37.39652,57.5,37.5
9705453.0,55.88313,37.67674,57.5,37.5
2498326.0,55.57879,38.06674,57.5,37.5
2482515.0,55.881589,37.662828,57.5,37.5
9809229.0,42.66261,47.71318,42.5,47.5
2494543.0,55.781956,37.779164,57.5,37.5
2495414.0,55.802303,37.488039,57.5,37.5
2487879.0,55.445,37.5802,57.5,37.5
2490737.0,55.644553,37.744089,57.5,37.5
5231438.0,55.7833,37.77879,57.5,37.5
2494543.0,55.845998,37.396953,57.5,37.5
2482515.0,55.88339,37.67829,57.5,37.5
9761484.0,55.57885,38.06681,57.5,37.5
2482515.0,55.58542,37.59229,57.5,37.5
2484916.0,55.613381,37.683192,57.5,37.5
2490737.0,57.45773,41.50969,57.5,42.5
5231198.0,55.881772,37.66335,57.5,37.5
2490669.0,42.59012,47.81305,42.5,47.5
2477927.0,55.781958,37.779153,57.5,37.5
6100954.0,55.44611,37.57808,57.5,37.5
2482515.0,55.600531,37.716003,57.5,37.5
5231198.0,55.90351,37.56467,57.5,37.5
2484916.0,55.848064,37.398965,57.5,37.5
9705453.0,55.88398,37.67885,57.5,37.5
9705453.0,55.5847,37.59122,57.5,37.5
5845582.0,55.642592,37.725561,57.5,37.5
2477872.0,55.58845,37.59118,57.5,37.5
5231198.0,57.45785,41.52385,57.5,42.5
2487879.0,55.881961,37.665953,57.5,37.5
6092830.0,55.744481,37.473692,57.5,37.5
2487879.0,55.805792,37.487072,57.5,37.5
2487879.0,56.33796,41.02917,57.5,42.5
2484605.0,59.122519,37.901969,57.5,37.5
2482515.0,59.84899,31.58477,57.5,32.5
2482492.0,55.782,37.77942,57.5,37.5
9761484.0,56.135589,40.442031,57.5,42.5
9705453.0,55.6433,38.05861,57.5,37.5
2477968.0,55.678503,37.671133,57.5,37.5
9797180.0,55.588656,38.067775,57.5,37.5
9761484.0,55.66057,37.67088,57.5,37.5
2490669.0,43.28956,47.45829,42.5,47.5
2495414.0,55.700253,37.526142,57.5,37.5
9761484.0,55.880503,37.658317,57.5,37.5
2482492.0,55.870592,37.509414,57.5,37.5
2484596.0,59.572031,30.099811,57.5,32.5
2482515.0,55.64907,37.51534,57.5,37.5
9705453.0,55.89769,37.56346,57.5,37.5
2490719.0,59.84901,31.58481,57.5,32.5
2487871.0,55.32272,36.69828,57.5,37.5
6100954.0,55.873244,37.510997,57.5,37.5
6100954.0,55.679867,37.676253,57.5,37.5
2495696.0,45.28389,38.3755,47.5,37.5
5229490.0,43.44677,46.99609,42.5,47.5
9705453.0,55.710944,37.535569,57.5,37.5
2490719.0,42.66292,47.433,42.5,47.5
2487603.0,55.6587,37.50567,57.5,37.5
2495414.0,55.89823,37.56526,57.5,37.5
5231190.0,59.84901,31.58481,57.5,32.5
2487879.0,55.32283,36.69826,57.5,37.5
2484916.0,55.64369,38.05883,57.5,37.5
2482513.0,55.873189,37.509903,57.5,37.5
2495414.0,55.679744,37.675619,57.5,37.5
9616058.0,45.28403,38.37681,47.5,37.5
2484916.0,59.065322,37.862517,57.5,37.5
2482515.0,43.43358,47.01307,42.5,47.5
6092830.0,55.710944,37.535569,57.5,37.5
9705453.0,55.866339,37.508994,57.5,37.5
2495414.0,59.563464,30.113222,57.5,32.5
2480500.0,42.67461,47.46867,42.5,47.5
2482492.0,55.65468,37.50741,57.5,37.5
2477968.0,56.33572,41.04645,57.5,42.5
2482515.0,55.89837,37.56737,57.5,37.5
5231198.0,59.84901,31.58481,57.5,32.5
9705453.0,55.32283,36.69826,57.5,37.5
2482515.0,56.32537,39.40941,57.5,37.5
2487871.0,55.65612,38.06656,57.5,37.5
2474377.0,56.135589,40.442031,57.5,42.5
2495000.0,55.64373,38.05891,57.5,37.5
2482515.0,55.873381,37.510322,57.5,37.5
2482515.0,55.679744,37.675619,57.5,37.5
9629160.0,59.063561,37.861172,57.5,37.5
2482513.0,43.43017,47.01809,42.5,47.5
8773033.0,55.710944,37.535569,57.5,37.5
2487879.0,55.866378,37.508653,57.5,37.5
5231190.0,59.561656,30.106056,57.5,32.5
2495696.0,42.70609,47.59267,42.5,47.5
2487879.0,55.65339,37.51234,57.5,37.5
2477872.0,55.89736,37.55926,57.5,37.5
2482515.0,55.32274,36.69837,57.5,37.5
2480637.0,45.28509,38.36231,47.5,37.5
5845582.0,55.539308,37.527728,57.5,37.5
2480389.0,42.71465,47.42444,42.5,47.5
2487866.0,56.33711,41.04103,57.5,42.5
2494543.0,59.84899,31.58477,57.5,32.5
5231198.0,56.32537,39.40941,57.5,37.5
9705453.0,55.64378,38.05872,57.5,37.5
2477968.0,55.64327,38.05872,57.5,37.5
5231198.0,55.679647,37.675061,57.5,37.5
5229490.0,59.061558,37.859561,57.5,37.5
2495414.0,43.42711,47.02542,42.5,47.5
2494543.0,55.710944,37.535569,57.5,37.5
5229493.0,55.867147,37.507042,57.5,37.5
2482515.0,59.568947,30.104772,57.5,32.5
9705453.0,55.791864,37.435192,57.5,37.5
2490737.0,55.65304,37.51224,57.5,37.5
6092830.0,56.33711,41.04103,57.5,42.5
2487879.0,59.84899,31.58477,57.5,32.5
2487879.0,56.32537,39.40941,57.5,37.5
2495000.0,55.64374,38.05873,57.5,37.5
2487871.0,55.64327,38.05871,57.5,37.5
2495414.0,55.678847,37.673697,57.5,37.5
5229490.0,55.59365,38.06389,57.5,37.5
9537647.0,55.66688,37.67282,57.5,37.5
2487866.0,59.065389,37.862247,57.5,37.5
2490669.0,43.42631,47.02849,42.5,47.5
2487603.0,55.710944,37.535569,57.5,37.5
9705453.0,55.866906,37.506792,57.5,37.5
2480449.0,59.568947,30.104772,57.5,32.5
2477872.0,55.794311,37.439056,57.5,37.5
9705453.0,55.65331,37.51243,57.5,37.5
2477872.0,56.33671,41.03881,57.5,42.5
9705453.0,59.84899,31.58477,57.5,32.5
5229493.0,55.77425,37.78364,57.5,37.5
9705453.0,56.32537,39.40941,57.5,37.5
2494543.0,55.64376,38.05877,57.5,37.5
2492462.0,56.135589,40.442031,57.5,42.5
2487879.0,55.64327,38.05867,57.5,37.5
2482515.0,55.678503,37.671133,57.5,37.5
2481819.0,55.592069,38.064811,57.5,37.5
2490669.0,43.40099,47.13983,42.5,47.5
2484596.0,55.705075,37.533931,57.5,37.5
2495414.0,55.867161,37.505594,57.5,37.5
2498261.0,59.56425,30.112703,57.5,32.5
2484916.0,55.793011,37.438842,57.5,37.5
2484916.0,55.65335,37.51234,57.5,37.5
2482515.0,55.8971,37.56188,57.5,37.5
2495000.0,55.32277,36.69817,57.5,37.5
2494543.0,57.58042,41.07918,57.5,42.5
2495414.0,55.872417,37.509658,57.5,37.5
9705453.0,55.679714,37.676028,57.5,37.5
2480487.0,45.28398,38.36183,47.5,37.5
2482515.0,43.44786,46.99487,42.5,47.5
5231198.0,55.540767,37.530667,57.5,37.5
2487879.0,55.710944,37.535569,57.5,37.5
2497266.0,42.71434,47.42458,42.5,47.5
2487603.0,56.33711,41.04103,57.5,42.5
2495414.0,59.84901,31.58481,57.5,32.5
5229490.0,56.32537,39.40941,57.5,37.5
2494543.0,55.65609,38.06646,57.5,37.5
2474831.0,56.135589,40.442031,57.5,42.5
2477872.0,55.64327,38.05872,57.5,37.5
2490737.0,55.873383,37.510356,57.5,37.5
2490737.0,55.679575,37.675189,57.5,37.5
2494543.0,59.065211,37.861881,57.5,37.5
2482515.0,43.42784,47.02316,42.5,47.5
2477927.0,55.710944,37.535569,57.5,37.5
2487879.0,55.867122,37.507011,57.5,37.5
2482492.0,59.566303,30.113806,57.5,32.5
2494543.0,55.65315,37.51223,57.5,37.5
9705453.0,55.89674,37.55997,57.5,37.5
5229490.0,55.32277,36.69817,57.5,37.5
2494422.0,45.28404,38.36222,47.5,37.5
9705453.0,55.540767,37.530667,57.5,37.5
5229165.0,42.71452,47.4245,42.5,47.5
2477968.0,55.805497,37.486594,57.5,37.5
2481139.0,55.640772,37.7441,57.5,37.5
2495414.0,55.78252,37.77925,57.5,37.5
2494543.0,55.849231,37.397257,57.5,37.5
2482515.0,55.88313,37.67674,57.5,37.5
9761484.0,55.58062,38.06934,57.5,37.5
2498261.0,55.6621,37.67118,57.5,37.5
2494422.0,55.707214,37.527111,57.5,37.5
9761484.0,55.881975,37.662694,57.5,37.5
5229490.0,42.66904,47.71023,42.5,47.5
2495414.0,55.805528,37.48665,57.5,37.5
9761484.0,55.640758,37.743842,57.5,37.5
2490719.0,55.78252,37.77925,57.5,37.5
2494771.0,56.734183,37.171033,57.5,37.5
8773033.0,55.849231,37.397257,57.5,37.5
6100954.0,55.88313,37.67674,57.5,37.5
2474377.0,55.58424,38.07416,57.5,37.5
2498326.0,55.66056,37.67072,57.5,37.5
5229493.0,55.707214,37.527111,57.5,37.5
9761484.0,55.881544,37.661075,57.5,37.5
9797180.0,42.71792,47.67017,42.5,47.5
2494543.0,55.805869,37.486992,57.5,37.5
2487866.0,56.33796,41.02917,57.5,42.5
5231198.0,55.782,37.77942,57.5,37.5
2473682.0,57.549134,39.737013,57.5,37.5
2498261.0,56.135589,40.442031,57.5,42.5
2487879.0,55.88342,37.67615,57.5,37.5
2498326.0,55.587779,38.070555,57.5,37.5
2498261.0,55.66057,37.67088,57.5,37.5
2495414.0,55.880886,37.658761,57.5,37.5
9705453.0,55.872883,37.509897,57.5,37.5
2494543.0,59.570583,30.109261,57.5,32.5
9616058.0,42.80634,47.61014,42.5,47.5
2495414.0,55.64909,37.51545,57.5,37.5
9705453.0,55.805897,37.486944,57.5,37.5
2498326.0,55.6406,37.743392,57.5,37.5
2477968.0,56.33796,41.02917,57.5,42.5
6100954.0,55.782,37.77942,57.5,37.5
9705453.0,55.848858,37.397318,57.5,37.5
2495414.0,55.88313,37.67674,57.5,37.5
9761484.0,55.583,38.07307,57.5,37.5
7982160.0,55.66057,37.67088,57.5,37.5
9761484.0,55.881086,37.6595,57.5,37.5
2495414.0,55.872878,37.510019,57.5,37.5
2484916.0,59.570506,30.1098,57.5,32.5
9809229.0,42.79164,47.63508,42.5,47.5
2487879.0,55.809139,37.487664,57.5,37.5
2487603.0,56.33796,41.02917,57.5,42.5
5229490.0,59.84899,31.58477,57.5,32.5
2484916.0,55.77407,37.78349,57.5,37.5
2490719.0,55.64377,38.05879,57.5,37.5
2475532.0,56.135589,40.442031,57.5,42.5
2487866.0,55.64326,38.05864,57.5,37.5
9705453.0,55.678897,37.670972,57.5,37.5
9705453.0,55.59146,38.06609,57.5,37.5
2498326.0,55.66057,37.67088,57.5,37.5
2482513.0,43.40025,47.14307,42.5,47.5
2481047.0,55.703089,37.531142,57.5,37.5
2482515.0,55.880908,37.659028,57.5,37.5
2490737.0,55.869283,37.506258,57.5,37.5
2487866.0,59.571986,30.099692,57.5,32.5
2487603.0,55.65254,37.51076,57.5,37.5
2482492.0,54.03496,39.60383,52.5,37.5
2487879.0,55.89714,37.56165,57.5,37.5
2494441.0,45.28517,38.36227,47.5,37.5
5231198.0,55.536644,37.525833,57.5,37.5
2480389.0,42.5429,47.42589,42.5,47.5
2494543.0,59.84911,31.58476,57.5,32.5
2482513.0,55.592247,37.652375,57.5,37.5
9705453.0,55.58587,37.5928,57.5,37.5
2498017.0,55.616589,37.676519,57.5,37.5
9705453.0,45.28614,38.36186,47.5,37.5
2482515.0,55.537839,37.520789,57.5,37.5
2495414.0,61.43227,46.37296,62.5,47.5
2495414.0,55.89451,37.6282,57.5,37.5
9705453.0,55.32284,36.69854,57.5,37.5
5231198.0,55.12786,37.90172,57.5,37.5
5231198.0,59.8492,31.58468,57.5,32.5
5231198.0,55.592247,37.652375,57.5,37.5
2494543.0,57.58024,41.07909,57.5,42.5
2494543.0,56.70477,38.8977,57.5,37.5
2495414.0,55.71231,37.50705,57.5,37.5
9444556.0,55.89086,37.37719,57.5,37.5
2482515.0,55.710857,37.572104,57.5,37.5
9705453.0,55.58818,37.59023,57.5,37.5
2494543.0,55.615083,37.680525,57.5,37.5
2480537.0,45.20437,38.22617,47.5,37.5
2490719.0,55.87435,37.65631,57.5,37.5
2482515.0,61.43227,46.37296,62.5,47.5
2487879.0,55.12802,37.90134,57.5,37.5
2487879.0,59.8492,31.58468,57.5,32.5
9705453.0,55.592247,37.652375,57.5,37.5
2482492.0,56.70446,38.8943,57.5,37.5
2487879.0,55.710857,37.572104,57.5,37.5
5231198.0,55.58615,37.59327,57.5,37.5
2498112.0,55.616947,37.675656,57.5,37.5
6100954.0,55.539192,37.522389,57.5,37.5
9705453.0,59.84911,31.58476,57.5,32.5
5229490.0,45.28576,38.36204,47.5,37.5
2482513.0,55.536694,37.523086,57.5,37.5
5739315.0,42.54072,47.42666,42.5,47.5
5229490.0,61.43206,46.374,62.5,47.5
9761484.0,55.89695,37.62434,57.5,37.5
2487866.0,55.32292,36.69822,57.5,37.5
2494543.0,55.12477,37.89327,57.5,37.5
2477968.0,59.84915,31.58481,57.5,32.5
2487879.0,55.592247,37.652375,57.5,37.5
2482515.0,57.58026,41.07908,57.5,42.5
6100954.0,55.70462,37.51188,57.5,37.5
9705453.0,55.709655,37.568986,57.5,37.5
2482515.0,55.59089,37.58603,57.5,37.5
2487879.0,55.495208,37.205658,57.5,37.5
9761484.0,55.879492,37.657311,57.5,37.5
2480537.0,45.1898,38.08903,47.5,37.5
5231198.0,55.87265,37.65609,57.5,37.5
2490719.0,55.424861,37.202225,57.5,37.5
2482515.0,55.780236,37.728208,57.5,37.5
5231190.0,55.876122,37.513125,57.5,37.5
2487879.0,55.760508,37.563867,57.5,37.5
2495000.0,55.71423,38.96576,57.5,37.5
2490737.0,54.08426,39.80778,52.5,37.5
2487879.0,55.90559,37.56656,57.5,37.5
2487866.0,55.495208,37.205658,57.5,37.5
2487879.0,55.874506,37.657158,57.5,37.5
2482513.0,55.873044,37.512247,57.5,37.5
2481172.0,59.564017,30.114425,57.5,32.5
2487866.0,55.65921,37.50616,57.5,37.5
2480524.0,54.03496,39.60383,52.5,37.5
2484916.0,55.89714,37.56165,57.5,37.5
2484916.0,55.32279,36.69873,57.5,37.5
2487879.0,45.28517,38.36227,47.5,37.5
9705453.0,55.536789,37.526214,57.5,37.5
2480649.0,42.54293,47.42586,42.5,47.5
9705453.0,55.89718,37.56158,57.5,37.5
5231198.0,55.32254,36.69843,57.5,37.5
9705453.0,45.28509,38.36231,47.5,37.5
6100954.0,55.537336,37.528392,57.5,37.5
2484918.0,42.54293,47.42586,42.5,47.5
5231198.0,61.43227,46.37296,62.5,47.5
5231630.0,55.12802,37.90134,57.5,37.5
5845582.0,59.8492,31.58467,57.5,32.5
2482515.0,55.592247,37.652375,57.5,37.5
2494543.0,56.70423,38.89269,57.5,37.5
5231198.0,55.71231,37.50705,57.5,37.5
9705453.0,55.710857,37.572104,57.5,37.5
2487879.0,55.5864,37.59205,57.5,37.5
2480637.0,55.615386,37.680461,57.5,37.5
2487866.0,61.43206,46.374,62.5,47.5
9705453.0,55.89819,37.62414,57.5,37.5
2482515.0,55.32286,36.6981,57.5,37.5
9705453.0,55.780817,37.728936,57.5,37.5
9629160.0,57.58089,41.07933,57.5,42.5
2482515.0,55.70897,37.5106,57.5,37.5
9705453.0,55.876072,37.512944,57.5,37.5
2482492.0,55.760508,37.563867,57.5,37.5
2487866.0,55.71506,38.96553,57.5,37.5
9705453.0,55.709284,37.566728,57.5,37.5
9705453.0,55.6008,38.05576,57.5,37.5
2477968.0,55.495208,37.205658,57.5,37.5
2498015.0,55.874856,37.657606,57.5,37.5
2497921.0,45.18612,37.89798,47.5,37.5
5231190.0,59.84913,31.58486,57.5,32.5
9705453.0,55.89846,37.6244,57.5,37.5
5229490.0,55.32284,36.69861,57.5,37.5
2473958.0,55.12503,37.89627,57.5,37.5
2477968.0,57.58087,41.07933,57.5,42.5
9705453.0,55.70738,37.51107,57.5,37.5
2487879.0,55.876053,37.512956,57.5,37.5
2477968.0,55.71661,38.96499,57.5,37.5
2495414.0,55.709284,37.566728,57.5,37.5
9705453.0,55.59384,38.06372,57.5,37.5
9705453.0,55.59162,37.5845,57.5,37.5
5229493.0,55.495208,37.205658,57.5,37.5
9761484.0,55.875172,37.657275,57.5,37.5
2480637.0,45.18603,37.90037,47.5,37.5
9705453.0,55.87265,37.65609,57.5,37.5
5845582.0,59.84913,31.58486,57.5,32.5
5231198.0,55.424861,37.202225,57.5,37.5
5231190.0,55.780525,37.7278,57.5,37.5
9705453.0,55.875422,37.511817,57.5,37.5
2487866.0,55.760508,37.563867,57.5,37.5
2487866.0,55.71423,38.96576,57.5,37.5
2487603.0,54.08386,39.80862,52.5,37.5
9705453.0,55.679236,37.675867,57.5,37.5
2495414.0,55.90559,37.56656,57.5,37.5
2494441.0,55.495208,37.205658,57.5,37.5
5229490.0,43.45079,46.99296,42.5,47.5
5231198.0,55.874511,37.657281,57.5,37.5
2495414.0,55.873075,37.512622,57.5,37.5
6100954.0,59.563517,30.111044,57.5,32.5
2490719.0,55.65929,37.50622,57.5,37.5
2482515.0,55.89819,37.62414,57.5,37.5
2487871.0,55.32286,36.6981,57.5,37.5
2495414.0,55.780056,37.728508,57.5,37.5
5229490.0,57.58109,41.07722,57.5,42.5
2482515.0,55.876156,37.513067,57.5,37.5
2482515.0,55.760508,37.563867,57.5,37.5
2487879.0,55.71506,38.96553,57.5,37.5
2480524.0,54.08453,39.80589,52.5,37.5
9761484.0,55.709817,37.560228,57.5,37.5
2490737.0,55.495208,37.205658,57.5,37.5
9761484.0,55.874767,37.657667,57.5,37.5
2480537.0,45.19588,37.82035,47.5,37.5
2477968.0,59.84906,31.58477,57.5,32.5
2482492.0,55.89801,37.62419,57.5,37.5
2477968.0,55.32578,36.69427,57.5,37.5
2495414.0,55.781917,37.727264,57.5,37.5
9015784.0,57.58075,41.07504,57.5,42.5
5231198.0,55.876122,37.513114,57.5,37.5
2492462.0,55.760508,37.563867,57.5,37.5
2487883.0,55.71423,38.96576,57.5,37.5
2487866.0,54.08426,39.80778,52.5,37.5
2482492.0,55.495208,37.205658,57.5,37.5
9705453.0,55.874497,37.657064,57.5,37.5
5229490.0,45.17936,37.72049,47.5,37.5
2482515.0,55.87305,37.512247,57.5,37.5
5229493.0,59.571203,30.107731,57.5,32.5
2482515.0,55.89788,37.62478,57.5,37.5
5229493.0,55.32292,36.69822,57.5,37.5
9705453.0,55.12512,37.89535,57.5,37.5
2484916.0,57.57995,41.07954,57.5,42.5
5231198.0,55.70738,37.51107,57.5,37.5
5231630.0,55.71961,38.96022,57.5,37.5
2484916.0,55.709655,37.568986,57.5,37.5
2484916.0,55.59162,37.5845,57.5,37.5
9705453.0,55.495208,37.205658,57.5,37.5
9761484.0,55.876925,37.657286,57.5,37.5
9752617.0,45.20301,38.04638,47.5,37.5
2487879.0,55.87265,37.65609,57.5,37.5
5231198.0,59.84913,31.58486,57.5,32.5
2495414.0,55.89819,37.62414,57.5,37.5
2494422.0,55.32282,36.69742,57.5,37.5
2495414.0,55.780756,37.725397,57.5,37.5
5229493.0,57.58116,41.07718,57.5,42.5
2495414.0,55.876156,37.513019,57.5,37.5
2482513.0,55.760508,37.563867,57.5,37.5
2477968.0,55.71475,38.96566,57.5,37.5
2494543.0,54.08426,39.80778,52.5,37.5
2490719.0,55.495208,37.205658,57.5,37.5
9761484.0,55.874519,37.657217,57.5,37.5
9809229.0,45.19105,37.78594,47.5,37.5
9705453.0,61.43227,46.37296,62.5,47.5
9705453.0,55.89467,37.62781,57.5,37.5
2487879.0,55.32292,36.69822,57.5,37.5
2482492.0,55.12653,37.8913,57.5,37.5
2482515.0,59.8492,31.58468,57.5,32.5
2490737.0,55.592247,37.652375,57.5,37.5
9705453.0,57.58025,41.0791,57.5,42.5
5231198.0,55.70267,37.51266,57.5,37.5
2487879.0,55.709655,37.568986,57.5,37.5
2487879.0,55.59045,37.58707,57.5,37.5
6092830.0,55.495208,37.205658,57.5,37.5
9752617.0,45.17665,38.15912,47.5,37.5
5229490.0,55.87435,37.65631,57.5,37.5
9705453.0,55.12802,37.90134,57.5,37.5
5229490.0,59.8492,31.58468,57.5,32.5
2495414.0,55.592247,37.652375,57.5,37.5
2487879.0,55.58615,37.59328,57.5,37.5
8000602.0,55.616611,37.6761,57.5,37.5
2495414.0,55.539297,37.522419,57.5,37.5
5231190.0,55.715928,37.586636,57.5,37.5
5229490.0,61.43227,46.37296,62.5,47.5
2487866.0,55.12788,37.9014,57.5,37.5
5231190.0,59.84911,31.58476,57.5,32.5
6100954.0,55.592247,37.652375,57.5,37.5
5231630.0,56.70477,38.89778,57.5,37.5
9705453.0,55.71231,37.50705,57.5,37.5
2495414.0,55.710857,37.572104,57.5,37.5
2482515.0,55.58798,37.59201,57.5,37.5
5229493.0,55.59795,37.706747,57.5,37.5
9616058.0,45.20712,38.23565,47.5,37.5
2494686.0,55.87457,37.655,57.5,37.5
9705453.0,55.831481,37.454764,57.5,37.5
2482492.0,55.56325,37.10491,57.5,37.5
2495455.0,45.10784,38.67033,47.5,37.5
2487871.0,59.065556,37.862525,57.5,37.5
9705453.0,55.89919,37.56693,57.5,37.5
2495455.0,45.26993,38.34681,47.5,37.5
5229490.0,55.8807,37.83959,57.5,37.5
2494543.0,55.538575,37.519611,57.5,37.5
2484916.0,55.71256,37.33769,57.5,37.5
2495414.0,55.831164,37.457119,57.5,37.5
2495000.0,55.57398,38.10077,57.5,37.5
2487879.0,55.871014,37.273289,57.5,37.5
9705453.0,55.760508,37.563867,57.5,37.5
2494543.0,55.79415,37.420322,57.5,37.5
2490737.0,55.881972,37.674842,57.5,37.5
2482515.0,55.710839,37.56109,57.5,37.5
2494543.0,55.90058,37.56496,57.5,37.5
2477968.0,55.74754,37.4876,57.5,37.5
5231198.0,55.534425,37.512017,57.5,37.5
2494543.0,55.56359,37.10242,57.5,37.5
2482513.0,45.1047,38.67629,47.5,37.5
2495414.0,59.100553,37.932203,57.5,37.5
9705453.0,55.89228,37.62555,57.5,37.5
2482515.0,55.080253,36.639883,57.5,37.5
9761484.0,55.763106,37.477503,57.5,37.5
9797180.0,45.27657,38.35201,47.5,37.5
5229490.0,43.62819,46.75409,42.5,47.5
2482492.0,55.88204,37.81858,57.5,37.5
5231198.0,55.538672,37.521436,57.5,37.5
2487871.0,55.71274,37.33774,57.5,37.5
2487879.0,55.73067,37.8022,57.5,37.5
2494543.0,60.04714,30.31105,62.5,32.5
5229493.0,42.346,47.60715,42.5,47.5
9761484.0,55.88212,37.66992,57.5,37.5
5231198.0,55.56365,37.1024,57.5,37.5
2490669.0,45.10192,38.67974,47.5,37.5
6100954.0,59.100256,37.931431,57.5,37.5
2495414.0,55.89386,37.6283,57.5,37.5
2482492.0,55.079792,36.639419,57.5,37.5
2487603.0,55.75867,37.47758,57.5,37.5
2491557.0,45.28555,38.36017,47.5,37.5
2480500.0,43.61029,46.75503,42.5,47.5
2487866.0,55.8838,37.81853,57.5,37.5
9705453.0,55.71084,37.33787,57.5,37.5
9705453.0,55.73067,37.8022,57.5,37.5
5231198.0,60.0464,30.31145,62.5,32.5
2480649.0,42.43044,47.4019,42.5,47.5
2495414.0,55.88228,37.67177,57.5,37.5
9705453.0,55.424861,37.202225,57.5,37.5
2494771.0,59.062472,37.859736,57.5,37.5
2482515.0,55.681814,37.619594,57.5,37.5
2487843.0,55.080728,36.639225,57.5,37.5
2495414.0,55.680092,37.676317,57.5,37.5
9705453.0,55.76321,37.4775,57.5,37.5
2495414.0,43.58897,46.73434,42.5,47.5
2482515.0,55.877792,37.520928,57.5,37.5
2487603.0,55.73111,37.80194,57.5,37.5
2482515.0,60.0442,30.30336,62.5,32.5
9705453.0,55.88326,37.6746,57.5,37.5
2494422.0,45.09944,38.68077,47.5,37.5
2482492.0,55.424861,37.202225,57.5,37.5
2482515.0,59.061811,37.859497,57.5,37.5
2494422.0,55.92354,37.82483,57.5,37.5
2490737.0,55.760508,37.563867,57.5,37.5
2482515.0,55.89366,37.62896,57.5,37.5
5229490.0,55.080328,36.638808,57.5,37.5
2487879.0,55.756275,37.477714,57.5,37.5
5231190.0,45.28555,38.36048,47.5,37.5
2482513.0,43.59684,46.73934,42.5,47.5
2487879.0,55.88378,37.81854,57.5,37.5
9705453.0,55.878644,37.525358,57.5,37.5
2487879.0,55.71089,37.33781,57.5,37.5
2487879.0,55.73091,37.80195,57.5,37.5
9705453.0,60.04631,30.3115,62.5,32.5
5229165.0,42.54072,47.42667,42.5,47.5
5231198.0,55.88315,37.67477,57.5,37.5
2495414.0,55.831444,37.454856,57.5,37.5
9705453.0,55.56309,37.1041,57.5,37.5
2482515.0,45.10586,38.6738,47.5,37.5
9705453.0,59.065467,37.862269,57.5,37.5
2482515.0,55.89246,37.62475,57.5,37.5
2495414.0,55.76377,37.47758,57.5,37.5
2494543.0,55.89733,37.56214,57.5,37.5
9752617.0,45.2739,38.35116,47.5,37.5
2487879.0,55.88007,37.83761,57.5,37.5
5229490.0,55.538436,37.521328,57.5,37.5
2487866.0,55.7126,37.33777,57.5,37.5
2487603.0,55.73063,37.80189,57.5,37.5
2480389.0,42.34599,47.60716,42.5,47.5
9705453.0,55.88176,37.66922,57.5,37.5
2494543.0,55.424861,37.202225,57.5,37.5
2482513.0,55.874025,37.510969,57.5,37.5
5231198.0,55.080647,36.639142,57.5,37.5
2477872.0,54.084,39.81044,52.5,37.5
6100954.0,55.679236,37.675867,57.5,37.5
9705453.0,55.76335,37.48477,57.5,37.5
9705453.0,55.90559,37.56656,57.5,37.5
5229490.0,43.53321,46.99299,42.5,47.5
2487879.0,55.873094,37.511758,57.5,37.5
5231190.0,55.73409,37.80043,57.5,37.5
2477968.0,60.04779,30.30152,62.5,32.5
2495414.0,55.88346,37.67592,57.5,37.5
2487879.0,55.65929,37.50634,57.5,37.5
5845582.0,55.424861,37.202225,57.5,37.5
2482515.0,55.87405,37.510986,57.5,37.5
9705453.0,55.71423,38.96576,57.5,37.5
2494543.0,55.08065,36.639083,57.5,37.5
2484916.0,54.08386,39.80862,52.5,37.5
2487879.0,55.679236,37.675867,57.5,37.5
2482515.0,55.76335,37.48584,57.5,37.5
5231198.0,55.90559,37.56656,57.5,37.5
6100954.0,43.53105,46.99283,42.5,47.5
2482515.0,55.875033,37.656961,57.5,37.5
9705453.0,55.873092,37.511775,57.5,37.5
9362027.0,59.568494,30.105486,57.5,32.5
9705453.0,55.88373,37.67418,57.5,37.5
9705453.0,55.65927,37.50624,57.5,37.5
2487879.0,55.424861,37.202225,57.5,37.5
2482492.0,55.682464,37.618758,57.5,37.5
9705453.0,55.080675,36.639081,57.5,37.5
5231198.0,54.08533,39.80531,52.5,37.5
2482515.0,55.679278,37.676906,57.5,37.5
2482515.0,55.76343,37.47751,57.5,37.5
2490669.0,43.58596,46.73419,42.5,47.5
2482513.0,55.876336,37.517225,57.5,37.5
2482515.0,55.7334,37.80138,57.5,37.5
9705453.0,60.04501,30.30214,62.5,32.5
2482515.0,55.88326,37.6746,57.5,37.5
2487879.0,55.57398,38.10077,57.5,37.5
9015784.0,55.867167,37.274297,57.5,37.5
5229490.0,55.79415,37.420322,57.5,37.5
9705453.0,55.881956,37.674819,57.5,37.5
9761484.0,55.710367,37.565589,57.5,37.5
5229493.0,55.751547,37.478853,57.5,37.5
9705453.0,55.57398,38.10077,57.5,37.5
2477968.0,55.86555,37.280842,57.5,37.5
9705453.0,55.794114,37.420133,57.5,37.5
9705453.0,55.883172,37.674478,57.5,37.5
2498015.0,55.710568,37.567235,57.5,37.5
5231198.0,55.751769,37.478433,57.5,37.5
2484916.0,55.45902,37.17827,57.5,37.5
9616058.0,45.17959,37.71506,47.5,37.5
6092830.0,55.424861,37.202225,57.5,37.5
2481139.0,55.681583,37.620356,57.5,37.5
5229493.0,55.080506,36.639539,57.5,37.5
2484605.0,54.08542,39.80515,52.5,37.5
2482513.0,55.679092,37.675878,57.5,37.5
9761484.0,55.76335,37.477306,57.5,37.5
2482513.0,43.58321,46.73416,42.5,47.5
2495414.0,55.876336,37.517203,57.5,37.5
2487879.0,55.73382,37.80061,57.5,37.5
5231198.0,60.04787,30.30172,62.5,32.5
9761484.0,55.88339,37.675,57.5,37.5
2482513.0,55.64677,37.51954,57.5,37.5
5229490.0,55.424861,37.202225,57.5,37.5
5231190.0,59.062122,37.859583,57.5,37.5
6100954.0,55.681419,37.619842,57.5,37.5
2487879.0,55.080592,36.638878,57.5,37.5
2495414.0,55.680097,37.672003,57.5,37.5
9705453.0,55.756058,37.477736,57.5,37.5
2495414.0,43.59684,46.73934,42.5,47.5
2477968.0,55.89424,37.81841,57.5,37.5
2487879.0,55.87865,37.525342,57.5,37.5
9705453.0,55.73091,37.80195,57.5,37.5
2482515.0,60.04276,30.31146,62.5,32.5
9705453.0,42.54072,47.42666,42.5,47.5
2495414.0,55.88326,37.6746,57.5,37.5
2482515.0,55.831244,37.457236,57.5,37.5
9705453.0,55.57389,38.10138,57.5,37.5
9705453.0,55.867636,37.274061,57.5,37.5
2487879.0,55.796075,37.415375,57.5,37.5
6100954.0,55.881478,37.675667,57.5,37.5
2494543.0,55.869433,37.422956,57.5,37.5
5231190.0,59.84895,31.5849,57.5,32.5
2487879.0,55.59156,37.58467,57.5,37.5
2482515.0,55.90036,37.5637,57.5,37.5
2487879.0,55.74978,37.48061,57.5,37.5
5231190.0,55.534631,37.512328,57.5,37.5
2495414.0,55.832178,37.455444,57.5,37.5
2482513.0,55.55917,38.11978,57.5,37.5
2477968.0,55.56183,37.10784,57.5,37.5
6065824.0,45.10897,38.66814,47.5,37.5
2487879.0,59.065522,37.861989,57.5,37.5
2477968.0,55.869433,37.422956,57.5,37.5
5231198.0,55.8993,37.56703,57.5,37.5
2480537.0,45.26546,38.34026,47.5,37.5
2487879.0,55.88587,37.84409,57.5,37.5
5845582.0,55.538561,37.519472,57.5,37.5
2477968.0,55.7125,37.33765,57.5,37.5
2487879.0,55.831314,37.457125,57.5,37.5
9797180.0,55.57438,38.10272,57.5,37.5
2487603.0,55.5585,37.10243,57.5,37.5
9705453.0,55.796075,37.415375,57.5,37.5
2495414.0,55.882492,37.673508,57.5,37.5
2484916.0,55.869433,37.422956,57.5,37.5
2484605.0,59.85035,31.59278,57.5,32.5
2494543.0,55.59155,37.58467,57.5,37.5
2495414.0,55.90095,37.56366,57.5,37.5
5231198.0,45.25182,38.33211,47.5,37.5
2474377.0,55.749839,37.475742,57.5,37.5
5845582.0,55.535072,37.510275,57.5,37.5
9705453.0,55.831269,37.457269,57.5,37.5
9705453.0,55.57224,38.11202,57.5,37.5
2484605.0,55.874117,37.272408,57.5,37.5
2487603.0,55.55834,37.11335,57.5,37.5
5231198.0,45.11145,38.66336,47.5,37.5
2482515.0,55.882008,37.67445,57.5,37.5
9705453.0,55.869433,37.422956,57.5,37.5
9705453.0,55.90095,37.56366,57.5,37.5
5229490.0,45.25266,38.33267,47.5,37.5
9761484.0,55.74915,37.475197,57.5,37.5
2487871.0,55.89062,37.84416,57.5,37.5
9705453.0,55.536667,37.513514,57.5,37.5
2482515.0,55.831444,37.454856,57.5,37.5
5231630.0,55.56331,37.10491,57.5,37.5
5229490.0,45.10681,38.67222,47.5,37.5
2477968.0,59.065378,37.861603,57.5,37.5
2495414.0,55.89068,37.6223,57.5,37.5
2490737.0,55.89769,37.56217,57.5,37.5
2495455.0,45.27268,38.35025,47.5,37.5
9705453.0,55.88007,37.83761,57.5,37.5
9705453.0,55.538622,37.519772,57.5,37.5
9705453.0,55.71255,37.33774,57.5,37.5
2482515.0,55.73517,37.79575,57.5,37.5
5231198.0,55.831942,37.455467,57.5,37.5
6100954.0,55.55917,38.11978,57.5,37.5
2494543.0,55.760508,37.563867,57.5,37.5
2487866.0,55.56126,37.11014,57.5,37.5
9761484.0,45.11016,38.66589,47.5,37.5
2487879.0,55.869433,37.422956,57.5,37.5
2487879.0,55.90095,37.56366,57.5,37.5
5229493.0,45.26407,38.3397,47.5,37.5
2477968.0,55.88871,37.84418,57.5,37.5
9761484.0,55.537136,37.516797,57.5,37.5
2484605.0,53.27997,42.04482,52.5,42.5
9705453.0,55.707825,37.528736,57.5,37.5
5231198.0,55.677656,37.676756,57.5,37.5
2494543.0,55.426058,38.555253,57.5,37.5
2490737.0,55.697975,37.520219,57.5,37.5
2487603.0,55.861044,37.437917,57.5,37.5
9761484.0,55.715928,37.586636,57.5,37.5
2487879.0,55.828894,37.455381,57.5,37.5
9705453.0,55.766744,37.480014,57.5,37.5
2490669.0,43.65449,46.72934,42.5,47.5
9797180.0,55.46372,37.17445,57.5,37.5
5231198.0,55.877428,37.527467,57.5,37.5
5231198.0,55.73799,37.7958,57.5,37.5
9705453.0,55.88571,37.68145,57.5,37.5
9761484.0,55.88138,37.66095,57.5,37.5
2495414.0,44.17537,46.71502,42.5,47.5
2497306.0,55.707825,37.528736,57.5,37.5
2495414.0,55.67795,37.680467,57.5,37.5
2495414.0,55.42689,38.55886,57.5,37.5
2482515.0,55.697975,37.520219,57.5,37.5
5231198.0,55.629067,37.728775,57.5,37.5
9705453.0,55.075783,37.762378,57.5,37.5
9705453.0,55.861044,37.437917,57.5,37.5
2482515.0,55.715928,37.586636,57.5,37.5
9705453.0,55.829078,37.455231,57.5,37.5
2495414.0,55.76636,37.47941,57.5,37.5
2490669.0,43.64612,46.74117,42.5,47.5
2477927.0,55.45916,37.17793,57.5,37.5
2495414.0,55.876783,37.527058,57.5,37.5
2487879.0,55.73799,37.7958,57.5,37.5
2482515.0,55.88612,37.68162,57.5,37.5
5231190.0,55.88188,37.66414,57.5,37.5
2495455.0,44.17508,46.71508,42.5,47.5
2487603.0,55.869231,37.448894,57.5,37.5
9705453.0,55.751369,37.638392,57.5,37.5
2482515.0,55.767875,37.559186,57.5,37.5
2495414.0,55.713153,37.581701,57.5,37.5
2487866.0,55.46303,37.17464,57.5,37.5
9761484.0,55.872075,37.656989,57.5,37.5
2498347.0,45.14167,37.63544,47.5,37.5
2494441.0,55.707825,37.528736,57.5,37.5
2482515.0,55.631194,37.719281,57.5,37.5
2473958.0,55.076372,37.770419,57.5,37.5
2482515.0,55.877953,37.526253,57.5,37.5
9761484.0,55.89244,37.68495,57.5,37.5
2495414.0,55.626883,37.722214,57.5,37.5
2495414.0,55.711619,37.585883,57.5,37.5
2492462.0,55.68113,37.46064,57.5,37.5
2494543.0,55.46303,37.17464,57.5,37.5
2482492.0,44.87192,37.44441,42.5,37.5
2482513.0,55.624431,37.722444,57.5,37.5
5231198.0,55.68758,37.46173,57.5,37.5
2490737.0,55.47326,37.17098,57.5,37.5
5231190.0,55.878097,37.5264,57.5,37.5
6100954.0,55.89268,37.685,57.5,37.5
6100954.0,55.625383,37.721758,57.5,37.5
2498261.0,56.07602,40.42838,57.5,42.5
9705453.0,55.68738,37.46124,57.5,37.5
2491534.0,55.47326,37.17098,57.5,37.5
2477968.0,44.84061,37.4092,42.5,37.5
2482515.0,55.57398,38.10077,57.5,37.5
2484916.0,55.870628,37.273394,57.5,37.5
2487879.0,55.794114,37.420133,57.5,37.5
2487879.0,55.883161,37.674489,57.5,37.5
9761484.0,55.713208,37.573581,57.5,37.5
9705453.0,55.45902,37.17827,57.5,37.5
2480482.0,45.17997,37.69993,47.5,37.5
5229490.0,53.27998,42.04482,52.5,42.5
2487879.0,55.707825,37.528736,57.5,37.5
5231190.0,55.677656,37.676756,57.5,37.5
6100954.0,55.426036,38.555103,57.5,37.5
9705453.0,55.697975,37.520219,57.5,37.5
2494543.0,55.8617,37.44075,57.5,37.5
2482515.0,55.828286,37.454575,57.5,37.5
9705453.0,55.767131,37.481536,57.5,37.5
2482513.0,43.65711,46.7247,42.5,47.5
5229490.0,55.46965,37.17006,57.5,37.5
5231190.0,55.877503,37.527428,57.5,37.5
2484916.0,55.73796,37.79743,57.5,37.5
9761484.0,55.88438,37.67927,57.5,37.5
2495414.0,55.88097,37.65974,57.5,37.5
10095118.0,44.17737,46.71611,42.5,47.5
2487871.0,55.871764,37.275347,57.5,37.5
2487603.0,55.793717,37.420144,57.5,37.5
2487879.0,55.869231,37.448894,57.5,37.5
2482515.0,55.750775,37.64049,57.5,37.5
2495414.0,55.765769,37.559989,57.5,37.5
2495414.0,55.883128,37.674878,57.5,37.5
9761484.0,55.715218,37.578728,57.5,37.5
2487866.0,55.45891,37.17807,57.5,37.5
2480637.0,55.873389,37.657406,57.5,37.5
2482513.0,45.17467,37.67625,47.5,37.5
2487866.0,55.869433,37.279875,57.5,37.5
2477968.0,55.794114,37.420133,57.5,37.5
5231198.0,55.883133,37.674894,57.5,37.5
9705453.0,55.712844,37.576496,57.5,37.5
2482613.0,55.45902,37.17827,57.5,37.5
2482515.0,45.17974,37.69762,47.5,37.5
2482515.0,55.793619,37.420364,57.5,37.5
9705453.0,55.869231,37.448894,57.5,37.5
2495414.0,55.751148,37.638756,57.5,37.5
5231190.0,55.765781,37.559989,57.5,37.5
9761484.0,55.716883,37.580766,57.5,37.5
2477927.0,55.46303,37.17464,57.5,37.5
2480537.0,55.873267,37.655714,57.5,37.5
2481181.0,45.17191,37.66487,47.5,37.5
9705453.0,55.752066,37.637209,57.5,37.5
9761484.0,55.630892,37.7308,57.5,37.5
9705453.0,55.713153,37.581701,57.5,37.5
2492462.0,55.67893,37.45988,57.5,37.5
2477968.0,55.46303,37.17464,57.5,37.5
2482515.0,55.871386,37.658544,57.5,37.5
2480487.0,45.0037,37.44363,47.5,37.5
2487603.0,53.29829,42.00647,52.5,42.5
9705453.0,55.6772,37.6761,57.5,37.5
2480637.0,55.42567,38.5542,57.5,37.5
2490737.0,55.4634,37.17938,57.5,37.5
2482492.0,55.598953,37.715731,57.5,37.5
9705453.0,55.700253,37.526142,57.5,37.5
2495414.0,55.75771,37.83922,57.5,37.5
5231198.0,55.856861,37.437914,57.5,37.5
2495414.0,55.76046,37.56486,57.5,37.5
2484916.0,55.715928,37.586636,57.5,37.5
9761484.0,55.829117,37.459708,57.5,37.5
2495414.0,55.76735,37.482931,57.5,37.5
9616058.0,45.23464,38.30403,47.5,37.5
2482515.0,43.67632,46.71434,42.5,47.5
2487879.0,55.47149,37.17042,57.5,37.5
2487879.0,55.73878,37.8022,57.5,37.5
9761484.0,55.87779,37.65744,57.5,37.5
5231198.0,54.08458,39.80797,52.5,37.5
2481819.0,44.17793,46.72324,42.5,47.5
2487866.0,53.29839,42.00636,52.5,42.5
2494543.0,55.4631,37.18003,57.5,37.5
2482515.0,55.781561,37.437653,57.5,37.5
2487879.0,54.00713,39.71331,52.5,37.5
9705453.0,55.75657,37.83425,57.5,37.5
5231438.0,55.4203,38.54843,57.5,37.5
5229493.0,45.20349,38.29391,47.5,37.5
2484605.0,55.529703,37.509669,57.5,37.5
2480637.0,55.73851,37.80375,57.5,37.5
2492462.0,55.707825,37.528736,57.5,37.5
2482515.0,55.676147,37.680547,57.5,37.5
5229490.0,55.697975,37.520219,57.5,37.5
9705453.0,55.628281,37.724944,57.5,37.5
2495000.0,55.086258,37.770939,57.5,37.5
2487603.0,55.715928,37.586636,57.5,37.5
2495414.0,55.830694,37.456608,57.5,37.5
9705453.0,55.76566,37.4785,57.5,37.5
2482513.0,43.63725,46.7477,42.5,47.5
9705453.0,55.459,37.17819,57.5,37.5
5231190.0,55.876367,37.526414,57.5,37.5
5231198.0,55.89292,37.68542,57.5,37.5
9761484.0,55.88187,37.66762,57.5,37.5
2481890.0,44.17298,46.71543,42.5,47.5
2494422.0,55.707825,37.528736,57.5,37.5
2495414.0,55.675175,37.682328,57.5,37.5
2487879.0,55.627886,37.722586,57.5,37.5
2482515.0,55.074133,37.762517,57.5,37.5
2495414.0,55.715928,37.586636,57.5,37.5
9705453.0,55.830736,37.456656,57.5,37.5
6100954.0,43.63089,46.75202,42.5,47.5
6092830.0,55.46072,37.18441,57.5,37.5
5231198.0,55.876367,37.526419,57.5,37.5
2487879.0,55.89292,37.68542,57.5,37.5
2480482.0,44.16262,46.71715,42.5,47.5
2480524.0,53.29452,42.01252,52.5,42.5
2495414.0,55.707825,37.528736,57.5,37.5
9809229.0,55.6772,37.6761,57.5,37.5
2487879.0,55.425792,38.554361,57.5,37.5
2477968.0,55.4634,37.17938,57.5,37.5
2482515.0,55.700253,37.526142,57.5,37.5
2482613.0,56.85114,38.7061,57.5,37.5
2482515.0,55.856592,37.441722,57.5,37.5
2487879.0,55.76046,37.56486,57.5,37.5
2487879.0,55.715928,37.586636,57.5,37.5
2490737.0,55.827378,37.455769,57.5,37.5
9705453.0,55.76751,37.48248,57.5,37.5
2482515.0,45.23516,38.30495,47.5,37.5
2482513.0,43.66649,46.71593,42.5,47.5
2482515.0,55.90659,37.83986,57.5,37.5
2490737.0,55.47143,37.1704,57.5,37.5
2495414.0,55.880411,37.53115,57.5,37.5
2487879.0,55.73782,37.7977,57.5,37.5
6100954.0,55.87902,37.65778,57.5,37.5
2494543.0,54.08458,39.80797,52.5,37.5
2498009.0,44.17787,46.72252,42.5,47.5
2494543.0,53.28101,42.02307,52.5,42.5
2482515.0,55.707825,37.528736,57.5,37.5
9705453.0,55.677661,37.676744,57.5,37.5
9705453.0,55.42595,38.55556,57.5,37.5
9444556.0,55.46998,37.17311,57.5,37.5
6100954.0,55.831989,37.451053,57.5,37.5
2494543.0,55.697975,37.520219,57.5,37.5
2482515.0,55.857703,37.443536,57.5,37.5
9705453.0,55.76046,37.56486,57.5,37.5
5231198.0,55.715928,37.586636,57.5,37.5
2495414.0,55.828569,37.4548,57.5,37.5
5231438.0,55.76739,37.48218,57.5,37.5
2495414.0,43.66443,46.71695,42.5,47.5
2494543.0,55.90633,37.83997,57.5,37.5
2491534.0,55.46953,37.17006,57.5,37.5
2482515.0,55.8788,37.528183,57.5,37.5
9705453.0,55.73782,37.7977,57.5,37.5
2482515.0,55.88065,37.6588,57.5,37.5
2482515.0,54.08533,39.80531,52.5,37.5
2481819.0,44.17785,46.7222,42.5,47.5
5845582.0,55.707825,37.528736,57.5,37.5
9705453.0,55.677286,37.680525,57.5,37.5
2482515.0,55.42655,38.55781,57.5,37.5
2482492.0,55.697975,37.520219,57.5,37.5
2492462.0,55.632636,37.719861,57.5,37.5
2494543.0,55.086572,37.770628,57.5,37.5
6100954.0,55.861128,37.437122,57.5,37.5
9705453.0,55.715928,37.586636,57.5,37.5
2482515.0,55.830658,37.456469,57.5,37.5
2482515.0,55.76564,37.47902,57.5,37.5
5229490.0,43.63971,46.74588,42.5,47.5
2487866.0,55.45884,37.17778,57.5,37.5
2482515.0,55.876247,37.526608,57.5,37.5
9705453.0,55.73517,37.79575,57.5,37.5
9705453.0,55.89292,37.68542,57.5,37.5
5231198.0,55.88188,37.66414,57.5,37.5
2480863.0,44.17138,46.71571,42.5,47.5
2482492.0,55.58503,37.5918,57.5,37.5
2482515.0,56.302775,36.773714,57.5,37.5
2474377.0,55.68596,37.7009,57.5,37.5
2482492.0,55.88753,37.68039,57.5,37.5
2482492.0,55.64367,38.05908,57.5,37.5
2482515.0,55.716037,37.586191,57.5,37.5
2484916.0,56.33327,41.04755,57.5,42.5
2477968.0,55.61368,37.68997,57.5,37.5
2484916.0,55.58617,37.59338,57.5,37.5
5231190.0,55.68559,37.70075,57.5,37.5
9761484.0,55.88759,37.68088,57.5,37.5
2482515.0,55.64367,38.05908,57.5,37.5
2482515.0,55.787014,37.783064,57.5,37.5
2482515.0,55.719288,37.590325,57.5,37.5
2487871.0,56.33327,41.04755,57.5,42.5
9705453.0,55.61367,37.68997,57.5,37.5
2484916.0,53.29842,42.00643,52.5,42.5
5229490.0,55.42364,38.55248,57.5,37.5
2487603.0,55.46333,37.18001,57.5,37.5
5231198.0,55.700253,37.526142,57.5,37.5
2480524.0,54.00713,39.71331,52.5,37.5
6100954.0,55.75767,37.83711,57.5,37.5
6100954.0,55.760508,37.563867,57.5,37.5
5231198.0,55.857144,37.437822,57.5,37.5
2482515.0,55.76046,37.56486,57.5,37.5
2482515.0,55.828906,37.459736,57.5,37.5
9705453.0,55.76767,37.48477,57.5,37.5
2482492.0,55.42181,38.55066,57.5,37.5
2495455.0,45.23443,38.30259,47.5,37.5
5229490.0,43.68054,46.71505,42.5,47.5
5231198.0,55.532083,37.510903,57.5,37.5
9705453.0,55.73878,37.8022,57.5,37.5
2494543.0,55.87705,37.65816,57.5,37.5
2495000.0,54.08458,39.80797,52.5,37.5
2494422.0,44.17762,46.71889,42.5,47.5
2484596.0,53.2984,42.00628,52.5,42.5
9705453.0,55.760469,37.564194,57.5,37.5
2477968.0,55.46266,37.18455,57.5,37.5
2477968.0,55.782408,37.438542,57.5,37.5
9705453.0,54.00713,39.71331,52.5,37.5
2482513.0,55.756,37.83737,57.5,37.5
5231198.0,55.4203,38.54843,57.5,37.5
2497306.0,45.19586,38.29969,47.5,37.5
2482613.0,55.46266,37.18455,57.5,37.5
9705453.0,55.782597,37.438906,57.5,37.5
2490737.0,55.7038,37.50789,57.5,37.5
9705453.0,56.32536,39.40948,57.5,37.5
9616058.0,55.75448,37.83845,57.5,37.5
2482515.0,55.75637,37.54185,57.5,37.5
2487879.0,55.420208,38.549197,57.5,37.5
2495696.0,45.17911,38.31008,47.5,37.5
2495414.0,55.73812,37.81658,57.5,37.5
6092830.0,55.46056,37.18422,57.5,37.5
2487879.0,55.782597,37.438906,57.5,37.5
2495414.0,55.70372,37.50766,57.5,37.5
2487879.0,56.32535,39.40946,57.5,37.5
2487879.0,55.75182,37.83838,57.5,37.5
9705453.0,55.75073,37.50734,57.5,37.5
5229490.0,55.417997,38.548136,57.5,37.5
2480637.0,45.17847,38.31074,47.5,37.5
2482515.0,55.782742,37.443375,57.5,37.5
2494543.0,56.306936,36.754175,57.5,37.5
5231198.0,56.32534,39.40946,57.5,37.5
2490737.0,55.75916,37.83209,57.5,37.5
2487866.0,55.64367,38.05906,57.5,37.5
9705453.0,55.411992,38.53685,57.5,37.5
9616058.0,45.1686,38.33791,47.5,37.5
2482492.0,55.782628,37.438928,57.5,37.5
9705453.0,56.308061,36.753597,57.5,37.5
9705453.0,55.70376,37.50773,57.5,37.5
5231190.0,56.32536,39.40945,57.5,37.5
5231198.0,55.74902,37.82328,57.5,37.5
9705453.0,55.6437,38.05891,57.5,37.5
2482492.0,55.417047,38.547622,57.5,37.5
2482515.0,45.17817,38.3111,47.5,37.5
5229490.0,55.782742,37.443375,57.5,37.5
5231630.0,56.306303,36.757858,57.5,37.5
2494543.0,56.32535,39.40944,57.5,37.5
2494543.0,55.64368,38.05906,57.5,37.5
9015784.0,55.410894,38.5247,57.5,37.5
2495414.0,55.58415,37.59327,57.5,37.5
2494543.0,55.788083,37.444878,57.5,37.5
2494543.0,56.304353,36.760911,57.5,37.5
5229490.0,56.32533,39.40943,57.5,37.5
2482515.0,55.68582,37.69098,57.5,37.5
2487879.0,55.64367,38.05908,57.5,37.5
2487879.0,55.716037,37.586191,57.5,37.5
2477968.0,56.33327,41.04755,57.5,42.5
9282206.0,55.61167,37.68612,57.5,37.5
2477968.0,55.782803,37.443064,57.5,37.5
2487879.0,56.304203,36.76135,57.5,37.5
5845582.0,56.32535,39.40943,57.5,37.5
2490737.0,55.64367,38.05906,57.5,37.5
5231198.0,55.716037,37.586191,57.5,37.5
2494686.0,55.407719,38.523928,57.5,37.5
2482515.0,55.68474,37.46192,57.5,37.5
2477968.0,55.746308,37.498119,57.5,37.5
2482513.0,57.624999,39.838745,57.5,37.5
2494543.0,55.782786,37.355853,57.5,37.5
2477968.0,55.90382,37.83719,57.5,37.5
2482515.0,55.751058,37.628261,57.5,37.5
2495414.0,55.707236,37.586633,57.5,37.5
2482515.0,56.32535,39.40942,57.5,37.5
9761484.0,55.836792,37.464864,57.5,37.5
2487879.0,55.806856,37.474144,57.5,37.5
2484916.0,55.76762,37.48509,57.5,37.5
2477968.0,55.966647,36.01955,57.5,37.5
5229490.0,57.02027,39.2712,57.5,37.5
2490669.0,43.69469,46.71619,42.5,47.5
2495414.0,55.881058,37.532467,57.5,37.5
2495414.0,55.86127,37.63446,57.5,37.5
2487603.0,55.87679,37.65866,57.5,37.5
2498036.0,44.19244,46.71868,42.5,47.5
2480637.0,55.684611,37.460342,57.5,37.5
2495414.0,55.745008,37.498089,57.5,37.5
2482492.0,55.90209,37.83652,57.5,37.5
2484605.0,55.751058,37.628261,57.5,37.5
5229490.0,56.32535,39.40942,57.5,37.5
2474377.0,55.838375,37.465967,57.5,37.5
9705453.0,55.806872,37.474219,57.5,37.5
2495414.0,55.76763,37.48508,57.5,37.5
2494686.0,55.97163,36.02898,57.5,37.5
2495414.0,57.16221,39.35323,57.5,37.5
2482513.0,43.70883,46.71611,42.5,47.5
2495414.0,55.883775,37.530767,57.5,37.5
2484916.0,55.73851,37.80375,57.5,37.5
9761484.0,55.85427,37.63467,57.5,37.5
2482048.0,44.18861,46.71684,42.5,47.5
2484596.0,55.90207,37.83652,57.5,37.5
5845582.0,55.751058,37.628261,57.5,37.5
2495414.0,55.64543,37.52037,57.5,37.5
9705453.0,56.32535,39.40942,57.5,37.5
9761484.0,55.838453,37.466,57.5,37.5
9761484.0,55.767639,37.488231,57.5,37.5
2482492.0,55.977381,36.038003,57.5,37.5
2482492.0,57.27049,39.53117,57.5,37.5
2482513.0,43.85476,46.65013,42.5,47.5
9705453.0,55.880128,37.528789,57.5,37.5
5229490.0,55.85436,37.6329,57.5,37.5
2480353.0,44.18833,46.71679,42.5,47.5
9705453.0,55.58415,37.59328,57.5,37.5
5231630.0,56.304281,36.761131,57.5,37.5
2482515.0,56.32535,39.40945,57.5,37.5
2482515.0,55.68889,37.69411,57.5,37.5
2487871.0,55.64367,38.05908,57.5,37.5
9705453.0,55.716037,37.586191,57.5,37.5
2487866.0,56.33327,41.04755,57.5,42.5
2487879.0,55.47326,37.17098,57.5,37.5
2494422.0,55.61354,37.68883,57.5,37.5
9705453.0,55.7464,37.501511,57.5,37.5
2482492.0,55.58711,37.59247,57.5,37.5
9761484.0,55.68302,37.7084,57.5,37.5
2495414.0,55.8911,37.68448,57.5,37.5
9705453.0,55.784128,37.779297,57.5,37.5
2495414.0,55.722786,37.591334,57.5,37.5
2484916.0,55.806592,37.473989,57.5,37.5
2487879.0,56.33578,41.03123,57.5,42.5
2490737.0,55.841575,37.466497,57.5,37.5
2487879.0,55.61402,37.68952,57.5,37.5
2482515.0,55.68935,37.46545,57.5,37.5
2482515.0,55.748831,37.496033,57.5,37.5
6100954.0,57.62471,39.836366,57.5,37.5
2477968.0,55.90554,37.83823,57.5,37.5
2487879.0,55.751058,37.628261,57.5,37.5
5231198.0,55.707236,37.586633,57.5,37.5
2490719.0,55.782022,37.779294,57.5,37.5
9705453.0,55.806811,37.473597,57.5,37.5
2484916.0,55.96769,36.01024,57.5,37.5
9761484.0,55.835456,37.453789,57.5,37.5
5231198.0,55.880672,37.532372,57.5,37.5
9705453.0,55.86533,37.64462,57.5,37.5
2487879.0,55.58415,37.59328,57.5,37.5
2494686.0,56.304211,36.761108,57.5,37.5
9761484.0,55.68603,37.70098,57.5,37.5
2482515.0,55.88747,37.68,57.5,37.5
2477968.0,55.64367,38.05908,57.5,37.5
2495414.0,55.716037,37.586191,57.5,37.5
2487883.0,56.33327,41.04755,57.5,42.5
2487603.0,55.47326,37.17098,57.5,37.5
2484916.0,55.61366,37.68999,57.5,37.5
9705453.0,55.6877,37.46312,57.5,37.5
2487879.0,55.749878,37.496292,57.5,37.5
2482515.0,57.62471,39.836366,57.5,37.5
9705453.0,55.90487,37.83745,57.5,37.5
2490737.0,55.751058,37.628261,57.5,37.5
5231190.0,55.707236,37.586633,57.5,37.5
5229493.0,55.782036,37.779294,57.5,37.5
2490737.0,55.833261,37.461558,57.5,37.5
2477968.0,55.806472,37.473553,57.5,37.5
5229490.0,55.967925,36.025858,57.5,37.5
2495414.0,56.74571,38.96234,57.5,37.5
2490669.0,43.69127,46.7161,42.5,47.5
5231190.0,55.880667,37.53235,57.5,37.5
9761484.0,55.86126,37.63452,57.5,37.5
9761484.0,44.18212,46.71599,42.5,47.5
2487879.0,53.29838,42.00637,52.5,42.5
5231198.0,55.42349,38.5524,57.5,37.5
2487883.0,55.46333,37.18001,57.5,37.5
2494543.0,54.00713,39.71331,52.5,37.5
2482515.0,55.75771,37.83474,57.5,37.5
6100954.0,55.859931,37.436856,57.5,37.5
5231190.0,55.76046,37.56486,57.5,37.5
9761484.0,55.76764,37.48509,57.5,37.5
2492462.0,55.4203,38.54843,57.5,37.5
2480537.0,45.21725,38.29387,47.5,37.5
9705453.0,55.531086,37.510153,57.5,37.5
2487603.0,55.73878,37.8022,57.5,37.5
9705453.0,55.87705,37.65816,57.5,37.5
5231198.0,55.865372,37.43335,57.5,37.5
2482515.0,55.788053,37.452931,57.5,37.5
2487879.0,43.00364,47.23776,42.5,47.5
2482515.0,55.545456,37.536422,57.5,37.5
9752617.0,45.08417,38.69099,47.5,37.5
9705453.0,55.704997,37.582858,57.5,37.5
2482515.0,55.87225,37.65708,57.5,37.5
2495414.0,55.88761,37.66099,57.5,37.5
5229490.0,55.40791,38.52384,57.5,37.5
2490669.0,43.04044,47.27767,42.5,47.5
2498343.0,42.32989,48.06972,42.5,47.5
6100954.0,55.861908,37.436417,57.5,37.5
2482515.0,55.88371,37.60537,57.5,37.5
5739315.0,43.00364,47.23776,42.5,47.5
2487879.0,55.547894,37.537161,57.5,37.5
2498036.0,45.05193,38.81991,47.5,37.5
2487879.0,55.704997,37.582858,57.5,37.5
9705453.0,55.70352,37.50823,57.5,37.5
2495414.0,55.804489,37.514008,57.5,37.5
2487879.0,55.792892,37.441264,57.5,37.5
9761484.0,55.87216,37.6567,57.5,37.5
6100954.0,55.88761,37.66099,57.5,37.5
2473958.0,55.391683,38.515119,57.5,37.5
2490737.0,55.12427,37.90761,57.5,37.5
2495414.0,43.03989,47.27701,42.5,47.5
2481890.0,42.32989,48.06972,42.5,47.5
2487879.0,55.58617,37.59338,57.5,37.5
9705453.0,55.68558,37.70082,57.5,37.5
2482515.0,55.88763,37.68096,57.5,37.5
2482492.0,55.786672,37.782658,57.5,37.5
9705453.0,55.719762,37.592175,57.5,37.5
2482515.0,55.808847,37.478275,57.5,37.5
2482492.0,56.33327,41.04755,57.5,42.5
2487879.0,55.61366,37.68997,57.5,37.5
9705453.0,55.748158,37.496461,57.5,37.5
2482515.0,55.90742,37.83545,57.5,37.5
2482513.0,55.707236,37.586633,57.5,37.5
2482515.0,55.8911,37.68448,57.5,37.5
2487879.0,55.784125,37.779297,57.5,37.5
5231198.0,55.806564,37.473844,57.5,37.5
5231630.0,56.33578,41.03123,57.5,42.5
2480637.0,55.842572,37.454094,57.5,37.5
2482515.0,55.86574,37.64642,57.5,37.5
5231198.0,55.6149,37.68955,57.5,37.5
2482515.0,55.74622,37.50057,57.5,37.5
9705453.0,55.58617,37.59339,57.5,37.5
2481139.0,55.68558,37.70082,57.5,37.5
9705453.0,55.89066,37.68419,57.5,37.5
2487879.0,55.784739,37.780769,57.5,37.5
9761484.0,55.7213,37.589203,57.5,37.5
2495414.0,55.806553,37.473833,57.5,37.5
2487866.0,56.33286,41.0357,57.5,42.5
5845582.0,55.61392,37.68962,57.5,37.5
2495414.0,55.74635,37.50115,57.5,37.5
2482515.0,55.58708,37.5927,57.5,37.5
2482515.0,55.68533,37.70813,57.5,37.5
2482515.0,55.89082,37.68432,57.5,37.5
2494686.0,55.784672,37.780575,57.5,37.5
2482515.0,55.72335,37.589759,57.5,37.5
2487879.0,55.806581,37.473914,57.5,37.5
2494543.0,56.33578,41.03123,57.5,42.5
2477927.0,55.841697,37.466531,57.5,37.5
9705453.0,55.61398,37.68952,57.5,37.5
2495696.0,55.495208,37.205658,57.5,37.5
2494543.0,55.90209,37.82443,57.5,37.5
2492462.0,55.760394,37.564903,57.5,37.5
2494543.0,55.782806,37.356014,57.5,37.5
5231190.0,55.64633,37.52065,57.5,37.5
6100954.0,56.32535,39.4094,57.5,37.5
2494543.0,55.841642,37.466697,57.5,37.5
2487879.0,55.767264,37.490094,57.5,37.5
2477872.0,55.977989,36.038711,57.5,37.5
9705453.0,57.68694,40.04145,57.5,42.5
2481890.0,44.97583,38.87154,42.5,37.5
2490669.0,43.97857,46.59196,42.5,47.5
9705453.0,55.877256,37.519331,57.5,37.5
2487879.0,55.85505,37.62947,57.5,37.5
9752617.0,44.1327,46.65541,42.5,47.5
5231190.0,56.32549,39.4097,57.5,37.5
2487871.0,55.495208,37.205658,57.5,37.5
2495414.0,55.763508,37.563336,57.5,37.5
9705453.0,55.64648,37.51942,57.5,37.5
5231190.0,56.32536,39.40941,57.5,37.5
2490737.0,55.841581,37.466806,57.5,37.5
9705453.0,55.766878,37.491617,57.5,37.5
2490737.0,44.9595,38.87195,42.5,37.5
2482513.0,43.98788,46.59043,42.5,47.5
2492462.0,55.85409,37.62793,57.5,37.5
9797180.0,44.13258,46.65544,42.5,47.5
2494422.0,55.495208,37.205658,57.5,37.5
2482515.0,55.90213,37.82639,57.5,37.5
2492462.0,55.751058,37.628261,57.5,37.5
5231198.0,55.64651,37.52105,57.5,37.5
2487879.0,56.32534,39.4094,57.5,37.5
5231198.0,55.841653,37.466842,57.5,37.5
9705453.0,55.767239,37.489256,57.5,37.5
2484596.0,55.9782,36.03915,57.5,37.5
5229490.0,57.25784,39.55479,57.5,37.5
9797180.0,44.97704,38.87165,42.5,37.5
2480500.0,43.97279,46.59293,42.5,47.5
6100954.0,55.877817,37.520522,57.5,37.5
9705453.0,55.85439,37.63271,57.5,37.5
2498261.0,44.18746,46.71668,42.5,47.5
5231198.0,56.32543,39.4094,57.5,37.5
5845582.0,55.495208,37.205658,57.5,37.5
2490737.0,55.763508,37.563336,57.5,37.5
5231198.0,55.70328,37.50833,57.5,37.5
2482515.0,55.805692,37.433775,57.5,37.5
2482515.0,55.64748,37.51953,57.5,37.5
5231198.0,56.32535,39.40951,57.5,37.5
2487603.0,55.766319,37.493356,57.5,37.5
2494422.0,45.16875,38.33822,47.5,37.5
9752617.0,44.95345,38.86483,42.5,37.5
2480449.0,44.01312,46.58276,42.5,47.5
7634625.0,44.12783,46.65538,42.5,47.5
5229490.0,56.32543,39.40942,57.5,37.5
5231630.0,55.495208,37.205658,57.5,37.5
2495414.0,55.550278,37.539264,57.5,37.5
5231190.0,55.762556,37.563308,57.5,37.5
2482515.0,55.70344,37.50824,57.5,37.5
9761484.0,55.808203,37.441836,57.5,37.5
6100954.0,55.64807,37.5195,57.5,37.5
2478548.0,56.3253,39.40943,57.5,37.5
2482515.0,55.765983,37.494428,57.5,37.5
2480537.0,45.17034,38.3414,47.5,37.5
9797180.0,44.94216,38.84909,42.5,37.5
2482513.0,44.04024,46.56924,42.5,47.5
2480537.0,42.4457,47.93029,42.5,47.5
2495471.0,43.9905,46.5898,42.5,47.5
9705453.0,55.788067,37.447331,57.5,37.5
2490669.0,43.02781,47.2669,42.5,47.5
5229493.0,45.21197,38.31225,47.5,37.5
9705453.0,60.05197,30.30713,62.5,32.5
5231198.0,55.8747,37.65594,57.5,37.5
2498015.0,55.725401,37.596251,57.5,37.5
2494543.0,56.34701,41.02825,57.5,42.5
5231198.0,55.782928,37.447408,57.5,37.5
2482515.0,55.731527,37.647361,57.5,37.5
2482513.0,43.02886,47.43364,42.5,47.5
9705453.0,55.848728,37.401546,57.5,37.5
5845582.0,55.61399,37.6896,57.5,37.5
5231198.0,55.788056,37.447292,57.5,37.5
2482513.0,43.02809,47.26721,42.5,47.5
9752617.0,45.20942,38.30527,47.5,37.5
2494543.0,60.04966,30.30298,62.5,32.5
2490737.0,55.8747,37.65594,57.5,37.5
9761484.0,55.725401,37.596251,57.5,37.5
9705453.0,56.34701,41.02825,57.5,42.5
9705453.0,55.782928,37.447408,57.5,37.5
5231190.0,43.02825,47.43549,42.5,47.5
2494543.0,55.61405,37.68954,57.5,37.5
2482492.0,56.015572,36.187883,57.5,37.5
2495414.0,55.786572,37.447572,57.5,37.5
2490719.0,60.04789,30.30176,62.5,32.5
2482515.0,55.725088,37.598965,57.5,37.5
8773033.0,55.806833,37.474214,57.5,37.5
2477968.0,56.35498,41.06198,57.5,42.5
2482515.0,55.782522,37.447247,57.5,37.5
5232162.0,55.77425,37.78364,57.5,37.5
9761484.0,55.724888,37.656584,57.5,37.5
2474377.0,44.91141,37.32888,42.5,37.5
2495414.0,60.0465,30.3148,62.5,32.5
2494543.0,55.614,37.6906,57.5,37.5
2495414.0,55.78895,37.450383,57.5,37.5
2492462.0,55.911281,37.551761,57.5,37.5
2490719.0,43.00812,47.25063,42.5,47.5
9752617.0,45.15325,38.58115,47.5,37.5
2495414.0,55.704997,37.582858,57.5,37.5
2495414.0,60.05222,30.31391,62.5,32.5
2487879.0,55.87307,37.65822,57.5,37.5
9705453.0,55.89204,37.62537,57.5,37.5
2498015.0,55.72408,37.595085,57.5,37.5
2498326.0,55.390267,38.514561,57.5,37.5
2481890.0,43.05686,47.3211,42.5,47.5
2487879.0,56.3254,39.40939,57.5,37.5
5231198.0,55.495208,37.205658,57.5,37.5
9705453.0,55.548508,37.536008,57.5,37.5
2482513.0,55.70352,37.50823,57.5,37.5
2482515.0,55.801914,37.510447,57.5,37.5
2477968.0,55.793133,37.441719,57.5,37.5
9705453.0,55.64908,37.51544,57.5,37.5
2490737.0,55.40791,38.52384,57.5,37.5
2490737.0,45.17338,38.35714,47.5,37.5
2490737.0,55.12503,37.89627,57.5,37.5
2480449.0,44.97643,38.8716,42.5,37.5
2482513.0,42.34135,47.96055,42.5,47.5
9705453.0,56.3254,39.40938,57.5,37.5
2495000.0,55.495208,37.205658,57.5,37.5
9705453.0,55.550006,37.538342,57.5,37.5
5231198.0,55.762589,37.563269,57.5,37.5
6100954.0,55.70352,37.50823,57.5,37.5
2494543.0,55.802833,37.444217,57.5,37.5
2487879.0,55.64911,37.51547,57.5,37.5
2487603.0,55.765342,37.495994,57.5,37.5
2480524.0,55.407133,38.523928,57.5,37.5
5229493.0,45.17336,38.35656,47.5,37.5
5231198.0,55.12503,37.89627,57.5,37.5
2498112.0,44.94186,38.84902,42.5,37.5
9809229.0,42.39985,47.94586,42.5,47.5
9705453.0,55.788883,37.447042,57.5,37.5
9809229.0,43.02686,47.26622,42.5,47.5
9616058.0,45.21354,38.31904,47.5,37.5
2482515.0,60.05207,30.30732,62.5,32.5
2498015.0,55.87502,37.65707,57.5,37.5
9705453.0,55.724759,37.594691,57.5,37.5
2482492.0,56.34585,41.02105,57.5,42.5
2482513.0,43.02301,47.4172,42.5,47.5
2482515.0,55.850468,37.398325,57.5,37.5
2487879.0,55.61491,37.68955,57.5,37.5
2482515.0,55.788883,37.447042,57.5,37.5
2494422.0,43.00867,47.25286,42.5,47.5
9797180.0,45.21441,38.33241,47.5,37.5
2490719.0,60.05226,30.31385,62.5,32.5
9761484.0,55.87469,37.65692,57.5,37.5
9761484.0,55.72408,37.595085,57.5,37.5
9705453.0,56.34585,41.02105,57.5,42.5
2480500.0,43.02848,47.40139,42.5,47.5
9705453.0,55.61491,37.68955,57.5,37.5
2495414.0,55.68935,37.46545,57.5,37.5
2495414.0,55.748508,37.496494,57.5,37.5
9705453.0,55.90569,37.83831,57.5,37.5
2495414.0,55.751058,37.628261,57.5,37.5
2482515.0,55.707236,37.586633,57.5,37.5
9761484.0,55.89177,37.68478,57.5,37.5
2482492.0,55.783986,37.779486,57.5,37.5
9705453.0,55.806561,37.473864,57.5,37.5
2494543.0,55.835353,37.446033,57.5,37.5
2482515.0,55.880408,37.531156,57.5,37.5
9761484.0,55.86539,37.64503,57.5,37.5
2494543.0,56.32541,39.40941,57.5,37.5
6100954.0,55.88465,37.60704,57.5,37.5
5229490.0,55.495208,37.205658,57.5,37.5
2487879.0,55.548475,37.536122,57.5,37.5
2487603.0,55.70352,37.50823,57.5,37.5
2495414.0,55.802053,37.510575,57.5,37.5
9705453.0,55.793225,37.4417,57.5,37.5
9761484.0,55.392539,38.508681,57.5,37.5
5231438.0,45.17758,38.40644,47.5,37.5
2480537.0,55.12503,37.89627,57.5,37.5
2474377.0,44.97643,38.87158,42.5,37.5
2490669.0,42.33851,47.96193,42.5,47.5
2482515.0,56.32544,39.4094,57.5,37.5
2494543.0,55.495208,37.205658,57.5,37.5
5231190.0,55.550064,37.539358,57.5,37.5
2482515.0,55.763067,37.564114,57.5,37.5
2487879.0,55.70352,37.50823,57.5,37.5
2495000.0,55.802783,37.444406,57.5,37.5
2495414.0,55.64832,37.51924,57.5,37.5
9705453.0,55.765656,37.495072,57.5,37.5
2480537.0,55.40791,38.52384,57.5,37.5
2494422.0,45.17336,38.35585,47.5,37.5
5229490.0,55.12503,37.89627,57.5,37.5
2494422.0,44.94182,38.84896,42.5,37.5
2482515.0,44.04437,46.56685,42.5,47.5
5229490.0,42.41964,47.94394,42.5,47.5
9752149.0,43.95488,46.59761,42.5,47.5
2478548.0,56.32541,39.40939,57.5,37.5
2487879.0,55.861081,37.43825,57.5,37.5
2495414.0,55.88378,37.60571,57.5,37.5
9705453.0,55.547903,37.537017,57.5,37.5
2481181.0,45.05104,38.83282,47.5,37.5
2482513.0,55.802833,37.511058,57.5,37.5
9705453.0,55.793697,37.439569,57.5,37.5
2495414.0,55.87216,37.6567,57.5,37.5
2494543.0,55.40791,38.52384,57.5,37.5
2482515.0,55.12503,37.89627,57.5,37.5
2482513.0,43.03949,47.2766,42.5,47.5
9809229.0,42.38109,47.99374,42.5,47.5
5229490.0,56.007939,36.087547,57.5,37.5
9705453.0,55.787075,37.447367,57.5,37.5
2495696.0,43.02848,47.26711,42.5,47.5
9705453.0,60.04857,30.3021,62.5,32.5
2495414.0,55.725401,37.596251,57.5,37.5
5231198.0,56.34734,41.03091,57.5,42.5
9705453.0,55.782522,37.447247,57.5,37.5
2482515.0,55.728045,37.656715,57.5,37.5
2482515.0,43.02756,47.43739,42.5,47.5
2498343.0,44.91042,37.32925,42.5,37.5
2482515.0,60.04719,30.31107,62.5,32.5
2480589.0,55.61405,37.68952,57.5,37.5
2495414.0,56.01972,36.22005,57.5,37.5
2487879.0,55.861042,37.437861,57.5,37.5
9705453.0,55.751536,37.638196,57.5,37.5
2494543.0,56.339358,38.144136,57.5,37.5
5231198.0,55.720596,37.604838,57.5,37.5
2482515.0,55.806836,37.474256,57.5,37.5
2487866.0,56.35498,41.06198,57.5,42.5
2494686.0,55.78201,37.77951,57.5,37.5
2482515.0,55.72431,37.659027,57.5,37.5
9761484.0,44.91141,37.32888,42.5,37.5
2494543.0,55.633444,37.721883,57.5,37.5
2482515.0,60.04725,30.31534,62.5,32.5
2482515.0,55.859931,37.436856,57.5,37.5
2490719.0,55.611,37.69119,57.5,37.5
5229493.0,56.014467,36.199556,57.5,37.5
9705453.0,55.861042,37.437861,57.5,37.5
2495414.0,60.04789,30.30175,62.5,32.5
2492462.0,55.753107,37.635365,57.5,37.5
9705453.0,55.725088,37.598965,57.5,37.5
2484916.0,55.806569,37.473939,57.5,37.5
2484596.0,56.35498,41.06198,57.5,42.5
9705453.0,55.781444,37.447039,57.5,37.5
2482515.0,55.7736,37.78235,57.5,37.5
7982160.0,55.724888,37.656584,57.5,37.5
6065824.0,44.91141,37.32888,42.5,37.5
2494329.0,55.627983,37.722397,57.5,37.5
5231190.0,60.04672,30.31577,62.5,32.5
5229493.0,55.61099,37.69119,57.5,37.5
9705453.0,59.84934,31.58461,57.5,32.5
5229490.0,56.01066,36.3441,57.5,37.5
2495414.0,55.861856,37.436508,57.5,37.5
2487879.0,55.752616,37.637694,57.5,37.5
5231190.0,55.720596,37.604838,57.5,37.5
9705453.0,55.807875,37.467328,57.5,37.5
2482492.0,56.35498,41.06198,57.5,42.5
5229490.0,57.68609,40.04051,57.5,42.5
9761484.0,55.76071,37.46494,57.5,37.5
2477927.0,55.78201,37.77951,57.5,37.5
2495414.0,55.723769,37.655899,57.5,37.5
2482065.0,44.91141,37.32888,42.5,37.5
5845582.0,55.629067,37.728792,57.5,37.5
6100954.0,55.859928,37.437214,57.5,37.5
5231198.0,55.611,37.6912,57.5,37.5
5845582.0,56.32541,39.40939,57.5,37.5
9705453.0,55.861081,37.43825,57.5,37.5
6100954.0,55.88392,37.60581,57.5,37.5
2482515.0,55.548703,37.535494,57.5,37.5
2494543.0,55.70352,37.50823,57.5,37.5
9705453.0,55.802469,37.511014,57.5,37.5
2477968.0,55.793908,37.439322,57.5,37.5
5231198.0,55.392272,38.511042,57.5,37.5
2482492.0,55.12503,37.89627,57.5,37.5
2498343.0,44.99893,38.8588,42.5,37.5
2494441.0,42.33158,47.96721,42.5,47.5
2487879.0,59.84952,31.58485,57.5,32.5
2482492.0,56.01066,36.3441,57.5,37.5
2481139.0,55.76272,37.47523,57.5,37.5
6100954.0,55.861856,37.436508,57.5,37.5
2490737.0,55.70143,37.34332,57.5,37.5
9761484.0,59.563547,30.113761,57.5,32.5
9705453.0,55.752616,37.637694,57.5,37.5
2495414.0,55.807911,37.467228,57.5,37.5
2494543.0,55.867769,37.274103,57.5,37.5
2487866.0,56.35857,41.04266,57.5,42.5
2498326.0,55.76071,37.46494,57.5,37.5
5229490.0,55.78209,37.77941,57.5,37.5
2481139.0,55.722976,37.657392,57.5,37.5
2498180.0,44.91141,37.32888,42.5,37.5
9616058.0,55.632903,37.720139,57.5,37.5
9761484.0,55.85046,37.62859,57.5,37.5
2482515.0,55.859919,37.437206,57.5,37.5
2487879.0,55.611,37.69121,57.5,37.5
5231190.0,55.707289,37.586664,57.5,37.5
5231198.0,59.85167,31.594,57.5,32.5
6100954.0,55.61244,37.53553,57.5,37.5
2494543.0,55.7109,37.33998,57.5,37.5
9705453.0,59.564675,30.115089,57.5,32.5
2495414.0,55.76578,37.49375,57.5,37.5
9761484.0,44.99893,38.85881,42.5,37.5
2490669.0,44.08937,46.60135,42.5,47.5
9761484.0,55.84315,37.62151,57.5,37.5
2495414.0,55.707729,37.588151,57.5,37.5
2498036.0,45.15482,38.5745,47.5,37.5
2487866.0,55.71095,37.33994,57.5,37.5
2487879.0,59.570464,30.110292,57.5,32.5
9705453.0,55.76563,37.49458,57.5,37.5
8077224.0,44.09101,46.60641,42.5,47.5
2492462.0,55.84489,37.61557,57.5,37.5
2490737.0,55.711373,37.581849,57.5,37.5
2497306.0,45.15416,38.57777,47.5,37.5
5845582.0,55.704356,37.522156,57.5,37.5
2484916.0,55.707825,37.528736,57.5,37.5
2482515.0,55.76558,37.49457,57.5,37.5
5231190.0,55.89779,37.62383,57.5,37.5
9797180.0,44.09479,46.64928,42.5,47.5
2482613.0,55.84216,37.61216,57.5,37.5
6100954.0,59.84998,31.58233,57.5,32.5
2495414.0,55.91137,36.8234,57.5,37.5
5229490.0,55.76239,37.47496,57.5,37.5
2482492.0,55.70334,37.34308,57.5,37.5
2498326.0,59.564964,30.112794,57.5,32.5
2477968.0,55.806836,37.4741,57.5,37.5
2474377.0,55.76071,37.46494,57.5,37.5
2490669.0,44.07954,46.55748,42.5,47.5
9705453.0,55.623106,37.723144,57.5,37.5
2487879.0,55.84206,37.63035,57.5,37.5
2487879.0,55.866444,37.4318,57.5,37.5
2495414.0,55.788053,37.452931,57.5,37.5
2477872.0,55.911711,37.556881,57.5,37.5
5229490.0,43.00611,47.24693,42.5,47.5
9797180.0,45.15227,38.58354,47.5,37.5
2482515.0,55.704997,37.582858,57.5,37.5
5231190.0,60.05216,30.31361,62.5,32.5
9705453.0,55.87275,37.65788,57.5,37.5
2495414.0,55.89166,37.62234,57.5,37.5
2490737.0,55.3932,38.519753,57.5,37.5
2482513.0,43.04513,47.28915,42.5,47.5
2474377.0,42.32989,48.06972,42.5,47.5
2482515.0,55.706843,37.585463,57.5,37.5
5229490.0,59.85087,31.58228,57.5,32.5
2477968.0,55.70379,37.34312,57.5,37.5
2498343.0,59.564331,30.112583,57.5,32.5
2494771.0,56.339358,38.144136,57.5,37.5
2482492.0,55.767094,37.494664,57.5,37.5
2481139.0,55.76071,37.46494,57.5,37.5
2482513.0,44.07968,46.55896,42.5,47.5
9705453.0,55.623886,37.722628,57.5,37.5
2484916.0,55.8436,37.62552,57.5,37.5
2495414.0,59.84927,31.58461,57.5,32.5
2482515.0,55.997492,36.480953,57.5,37.5
2482515.0,55.76272,37.47523,57.5,37.5
2477968.0,55.70144,37.34337,57.5,37.5
2474377.0,59.563661,30.113808,57.5,32.5
2492462.0,55.752616,37.637694,57.5,37.5
2487879.0,55.807919,37.467269,57.5,37.5
2490737.0,55.874169,37.272397,57.5,37.5
2498261.0,55.76071,37.46494,57.5,37.5
2487879.0,55.78261,37.77923,57.5,37.5
2482515.0,55.721203,37.65412,57.5,37.5
6065824.0,44.91177,37.32877,42.5,37.5
2490719.0,55.632706,37.720294,57.5,37.5
9761484.0,55.84209,37.63033,57.5,37.5
2490737.0,55.859936,37.437344,57.5,37.5
2482515.0,59.84958,31.58246,57.5,32.5
6100954.0,55.99655,36.49138,57.5,37.5
9761484.0,55.76221,37.4761,57.5,37.5
2487603.0,55.70369,37.34318,57.5,37.5
2498326.0,59.563183,30.114108,57.5,32.5
2495414.0,55.807986,37.464758,57.5,37.5
5845582.0,55.873933,37.272344,57.5,37.5
2498285.0,55.76071,37.46494,57.5,37.5
9705453.0,55.78272,37.7792,57.5,37.5
2495414.0,55.721203,37.65412,57.5,37.5
5231198.0,55.630425,37.717003,57.5,37.5
9705453.0,55.84206,37.63033,57.5,37.5
2482515.0,55.712125,37.580794,57.5,37.5
2481912.0,45.15242,38.58291,47.5,37.5
5231198.0,55.704356,37.522156,57.5,37.5
2482492.0,55.707825,37.528736,57.5,37.5
2487879.0,55.765764,37.493847,57.5,37.5
5231198.0,55.89797,37.62399,57.5,37.5
2480500.0,44.12483,46.65738,42.5,47.5
2495414.0,55.706843,37.585463,57.5,37.5
2494543.0,59.85787,31.59262,57.5,32.5
2477968.0,55.70908,37.34299,57.5,37.5
2498285.0,59.567261,30.108567,57.5,32.5
9705453.0,55.765158,37.4958,57.5,37.5
5229490.0,44.08472,46.57196,42.5,47.5
2482513.0,55.627983,37.723572,57.5,37.5
2487879.0,55.84366,37.62541,57.5,37.5
5231198.0,55.707289,37.586664,57.5,37.5
2494686.0,59.85905,31.59158,57.5,32.5
2495000.0,55.71057,37.34302,57.5,37.5
2481139.0,59.564053,30.114531,57.5,32.5
2490737.0,55.766056,37.494,57.5,37.5
2490669.0,44.08783,46.57699,42.5,47.5
2482515.0,55.625064,37.721814,57.5,37.5
9705453.0,55.84364,37.62524,57.5,37.5
2498252.0,50.305452,5.568309,52.5,7.5
2498036.0,50.745743,3.425417,52.5,2.5
2477968.0,64.893871,25.57169,62.5,27.5
5229490.0,63.129774,21.617767,62.5,22.5
6100954.0,64.100016,24.583952,62.5,22.5
6092830.0,60.154552,24.860994,62.5,22.5
2490719.0,60.315434,22.222363,62.5,22.5
2478548.0,64.253631,27.771157,62.5,27.5
2433753.0,62.990955,22.971966,62.5,22.5
2491534.0,60.301021,22.202339,62.5,22.5
2494771.0,64.681589,24.48509,62.5,22.5
2477968.0,60.247285,24.983233,62.5,22.5
2494543.0,60.390664,23.123807,62.5,22.5
2487866.0,64.276434,24.962603,62.5,22.5
6100954.0,63.127469,21.609874,62.5,22.5
5229493.0,60.313836,22.22295,62.5,22.5
9409796.0,60.390664,23.123807,62.5,22.5
2480449.0,60.178503,24.942863,62.5,22.5
2487866.0,62.536416,28.037162,62.5,27.5
2487883.0,62.536416,28.037162,62.5,27.5
2433753.0,62.014897,21.292515,62.5,22.5
2490719.0,63.130024,21.617873,62.5,22.5
2477968.0,60.315058,22.22085,62.5,22.5
2487603.0,60.410885,22.269325,62.5,22.5
9705453.0,60.300363,22.204067,62.5,22.5
5229493.0,64.816909,25.30579,62.5,27.5
2440965.0,60.220832,21.329168,62.5,22.5
9409796.0,60.294749,22.211355,62.5,22.5
8211070.0,61.261617,24.044821,62.5,22.5
9409796.0,64.264334,24.818632,62.5,22.5
2494422.0,60.335722,22.992764,62.5,22.5
2477968.0,62.536416,28.037162,62.5,27.5
5229493.0,60.29905,22.221456,62.5,22.5
5220126.0,61.122164,24.027559,62.5,22.5
2487879.0,60.30437,22.227355,62.5,22.5
9409796.0,60.29905,22.221456,62.5,22.5
2490719.0,60.308765,22.230908,62.5,22.5
2495414.0,64.265055,24.830093,62.5,22.5
6092830.0,64.807881,25.535343,62.5,27.5
2494543.0,60.464975,25.083913,62.5,27.5
5845582.0,62.855508,27.661073,62.5,27.5
9444556.0,60.378884,23.096145,62.5,22.5
5231190.0,60.308576,22.230985,62.5,22.5
7982160.0,60.179259,24.942879,62.5,22.5
2440965.0,61.136664,24.024727,62.5,22.5
2433753.0,62.301184,24.050643,62.5,22.5
9705453.0,60.304335,22.227708,62.5,22.5
5845582.0,60.390664,23.123807,62.5,22.5
2494686.0,64.807881,25.535343,62.5,27.5
5220126.0,61.127026,23.90516,62.5,22.5
9409796.0,60.320294,22.217104,62.5,22.5
5231190.0,61.503001,23.760464,62.5,22.5
9705453.0,60.30432,22.2274,62.5,22.5
2490719.0,60.378884,23.096145,62.5,22.5
2491534.0,60.297493,22.207693,62.5,22.5
2494543.0,64.807881,25.535343,62.5,27.5
5229490.0,61.503001,23.760464,62.5,22.5
2487879.0,60.296053,22.204843,62.5,22.5
2487603.0,60.390664,23.123807,62.5,22.5
9752149.0,60.398651,23.095319,62.5,22.5
9409796.0,61.503001,23.760464,62.5,22.5
9705453.0,60.390664,23.123807,62.5,22.5
2487871.0,60.29905,22.221456,62.5,22.5
2487871.0,60.308862,22.23095,62.5,22.5
9705453.0,60.38982,23.099086,62.5,22.5
9761484.0,60.247896,25.025865,62.5,27.5
2487879.0,62.331631,24.628325,62.5,22.5
9415596.0,60.672955,25.643074,62.5,27.5
9705453.0,60.29699,22.210549,62.5,22.5
2487866.0,62.331631,24.628325,62.5,22.5
2491719.0,60.672955,25.643074,62.5,27.5
2608994.0,60.392205,25.431727,62.5,27.5
2477804.0,62.872105,27.591593,62.5,27.5
9705453.0,60.40975,22.267925,62.5,22.5
2494686.0,60.147508,24.876835,62.5,22.5
2482492.0,60.957286,21.440474,62.5,22.5
2477968.0,60.300362,22.201957,62.5,22.5
2482492.0,60.301789,22.194868,62.5,22.5
2487883.0,64.808412,25.329096,62.5,27.5
2608090.0,60.392189,25.431826,62.5,27.5
2491534.0,60.31684,22.22397,62.5,22.5
5231198.0,62.855508,27.661073,62.5,27.5
2477872.0,60.302129,22.213901,62.5,22.5
2487871.0,60.38982,23.099086,62.5,22.5
2491534.0,60.317048,22.224023,62.5,22.5
2491534.0,60.297068,22.208728,62.5,22.5
2484596.0,64.808412,25.329096,62.5,27.5
5229490.0,60.464975,25.083913,62.5,27.5
5229490.0,62.855508,27.661073,62.5,27.5
2493367.0,60.295763,22.20475,62.5,22.5
9705453.0,62.331631,24.628325,62.5,22.5
9761484.0,60.464975,25.083913,62.5,27.5
2608167.0,60.392189,25.431826,62.5,27.5
2484596.0,60.243896,21.950923,62.5,22.5
9409796.0,62.855508,27.661073,62.5,27.5
2480637.0,60.410837,22.269182,62.5,22.5
2494543.0,60.154547,24.860941,62.5,22.5
2490719.0,60.957286,21.440474,62.5,22.5
2493367.0,64.878839,25.210472,62.5,27.5
2482492.0,60.672955,25.643074,62.5,27.5
5845582.0,60.957286,21.440474,62.5,22.5
2491534.0,60.40975,22.267925,62.5,22.5
2477968.0,60.144796,24.873704,62.5,22.5
5229490.0,60.957286,21.440474,62.5,22.5
2491534.0,60.3139,22.219055,62.5,22.5
2490719.0,60.398651,23.095319,62.5,22.5
2491534.0,62.855508,27.661073,62.5,27.5
2477968.0,60.957286,21.440474,62.5,22.5
9705453.0,60.296884,22.214004,62.5,22.5
2487603.0,62.872105,27.591593,62.5,27.5
2490719.0,60.303213,22.20485,62.5,22.5
2494686.0,64.816124,25.317913,62.5,27.5
9409796.0,61.313968,23.729279,62.5,22.5
2480449.0,60.957286,21.440474,62.5,22.5
6100954.0,60.957286,21.440474,62.5,22.5
2477872.0,64.815235,25.320555,62.5,27.5
5229493.0,62.331631,24.628325,62.5,22.5
2477968.0,62.872105,27.591593,62.5,27.5
2477968.0,60.296436,22.213853,62.5,22.5
2490737.0,61.211569,28.713093,62.5,27.5
5231190.0,60.15486,24.778534,62.5,22.5
2477968.0,60.312633,22.22169,62.5,22.5
8104397.0,64.816124,25.317913,62.5,27.5
2482492.0,60.3008,22.207229,62.5,22.5
2608167.0,59.986808,23.396547,57.5,22.5
2494441.0,60.390664,23.123807,62.5,22.5
2490719.0,62.855508,27.661073,62.5,27.5
9761484.0,60.179859,24.941635,62.5,22.5
2498326.0,60.15486,24.778534,62.5,22.5
6100954.0,60.312472,22.22464,62.5,22.5
2686276.0,59.986808,23.396547,57.5,22.5
2494422.0,60.258097,24.977506,62.5,22.5
2490737.0,64.803001,25.408444,62.5,27.5
7247635.0,59.986808,23.396547,57.5,22.5
5232437.0,60.179926,24.941016,62.5,22.5
2487879.0,63.126979,21.609521,62.5,22.5
5231198.0,60.390664,23.123807,62.5,22.5
2487879.0,62.855508,27.661073,62.5,27.5
5220126.0,60.302987,22.227516,62.5,22.5
2495000.0,61.207041,28.714873,62.5,27.5
9705453.0,62.855508,27.661073,62.5,27.5
2495093.0,64.271453,24.928846,62.5,22.5
9409796.0,60.458335,25.097452,62.5,27.5
9705453.0,60.308892,22.219242,62.5,22.5
5229493.0,60.299953,22.223157,62.5,22.5
5231198.0,60.308563,22.231045,62.5,22.5
6100954.0,60.458335,25.097452,62.5,27.5
2487879.0,60.308892,22.219242,62.5,22.5
2477968.0,60.299318,22.222725,62.5,22.5
2491534.0,60.309849,22.230379,62.5,22.5
9705453.0,60.304612,22.226834,62.5,22.5
2484605.0,64.800142,25.405142,62.5,27.5
9444556.0,61.313968,23.729279,62.5,22.5
2433753.0,63.11909,21.620384,62.5,22.5
2487879.0,60.295763,22.20475,62.5,22.5
2487883.0,61.210262,28.70322,62.5,27.5
2606557.0,59.986808,23.396547,57.5,22.5
2433753.0,62.359765,24.397906,62.5,22.5
9409796.0,64.074304,24.544017,62.5,22.5
2487871.0,60.15486,24.778534,62.5,22.5
5231190.0,60.390664,23.123807,62.5,22.5
2477872.0,60.297396,22.225949,62.5,22.5
2494329.0,60.391924,23.120628,62.5,22.5
2480637.0,60.305446,22.228193,62.5,22.5
2490737.0,64.800882,25.406364,62.5,27.5
2494543.0,62.855508,27.661073,62.5,27.5
2492462.0,60.242994,25.007312,62.5,27.5
6100954.0,61.313968,23.729279,62.5,22.5
2498343.0,60.179928,24.940895,62.5,22.5
2490737.0,63.12648,21.611013,62.5,22.5
2487879.0,60.295683,22.205172,62.5,22.5
5845582.0,60.391924,23.120628,62.5,22.5
2494686.0,60.458335,25.097452,62.5,27.5
2491534.0,60.308902,22.219566,62.5,22.5
9705453.0,60.299318,22.222725,62.5,22.5
9705453.0,60.30984,22.230465,62.5,22.5
5231190.0,62.904046,27.615914,62.5,27.5
9409796.0,60.398651,23.095319,62.5,22.5
2487871.0,64.807882,25.400604,62.5,27.5
2495455.0,60.388717,23.148125,62.5,22.5
2490719.0,60.297884,22.214402,62.5,22.5
2491534.0,60.409242,22.268007,62.5,22.5
2481172.0,60.153465,24.865973,62.5,22.5
2542395.0,64.798355,25.374395,62.5,27.5
2482492.0,61.06344,21.627706,62.5,22.5
9409796.0,61.122335,21.52751,62.5,22.5
2480449.0,60.702986,25.400579,62.5,27.5
9705453.0,60.957286,21.440474,62.5,22.5
2477968.0,60.299594,22.199975,62.5,22.5
9409796.0,61.06344,21.627706,62.5,22.5
2495414.0,61.122335,21.52751,62.5,22.5
5231198.0,60.388717,23.148125,62.5,22.5
9409796.0,60.295209,22.216362,62.5,22.5
5229493.0,62.904046,27.615914,62.5,27.5
2494543.0,60.388717,23.148125,62.5,22.5
2491534.0,60.300786,22.203479,62.5,22.5
2543885.0,64.798739,25.374486,62.5,27.5
2484605.0,60.197448,24.892311,62.5,22.5
9705453.0,60.299809,22.202435,62.5,22.5
2494543.0,60.957286,21.440474,62.5,22.5
2433753.0,62.353068,24.545388,62.5,22.5
9705453.0,64.212562,28.995576,62.5,27.5
2490719.0,60.391924,23.120628,62.5,22.5
2498326.0,60.179212,24.941593,62.5,22.5
2487879.0,60.310621,22.218508,62.5,22.5
2487879.0,60.294492,22.210733,62.5,22.5
2487603.0,60.398651,23.095319,62.5,22.5
9705453.0,61.122335,21.52751,62.5,22.5
2487879.0,60.957286,21.440474,62.5,22.5
5845582.0,60.298686,22.234301,62.5,22.5
2494441.0,60.391924,23.120628,62.5,22.5
5845582.0,60.309923,22.220572,62.5,22.5
2493367.0,60.294137,22.210789,62.5,22.5
5231190.0,60.391924,23.120628,62.5,22.5
9705453.0,60.296731,22.209587,62.5,22.5
2477968.0,60.398651,23.095319,62.5,22.5
2494543.0,60.391924,23.120628,62.5,22.5
2493367.0,60.293487,22.208142,62.5,22.5
2494543.0,61.013952,24.891583,62.5,22.5
2487879.0,60.30513,22.229052,62.5,22.5
2477968.0,60.296806,22.21028,62.5,22.5
7982160.0,60.246231,25.024332,62.5,27.5
5220126.0,60.957286,21.440474,62.5,22.5
2491534.0,60.296731,22.20994,62.5,22.5
2487883.0,60.639443,27.290322,62.5,27.5
2433753.0,62.258422,24.562421,62.5,22.5
2490719.0,60.296884,22.214004,62.5,22.5
2548374.0,64.799912,25.378011,62.5,27.5
9705453.0,60.297478,22.214628,62.5,22.5
5845582.0,61.122335,21.52751,62.5,22.5
2491534.0,60.388717,23.148125,62.5,22.5
2477968.0,60.409242,22.268007,62.5,22.5
6100954.0,60.310726,22.219006,62.5,22.5
2484916.0,62.904046,27.615914,62.5,27.5
2487879.0,60.40975,22.267925,62.5,22.5
9362027.0,60.149828,24.87531,62.5,22.5
2494771.0,64.68067,24.484752,62.5,22.5
2477872.0,62.872105,27.591593,62.5,27.5
2487879.0,60.310714,22.230067,62.5,22.5
2482613.0,64.68067,24.484752,62.5,22.5
2487866.0,62.872105,27.591593,62.5,27.5
6092830.0,64.824462,25.47302,62.5,27.5
9705453.0,60.307146,22.229767,62.5,22.5
2477968.0,60.297399,22.210165,62.5,22.5
5219243.0,62.237067,24.848941,62.5,22.5
2490719.0,60.301529,22.200439,62.5,22.5
2493367.0,60.293757,22.20965,62.5,22.5
9705453.0,60.389833,25.650072,62.5,27.5
9705453.0,60.296753,22.210266,62.5,22.5
2491534.0,62.124159,25.653979,62.5,27.5
2495000.0,64.210001,28.994432,62.5,27.5
8214667.0,60.179699,24.941283,62.5,22.5
2494686.0,64.68067,24.484752,62.5,22.5
2487883.0,62.872105,27.591593,62.5,27.5
2492462.0,60.243275,25.00447,62.5,27.5
6092830.0,60.301788,22.201533,62.5,22.5
9705453.0,60.294198,22.211549,62.5,22.5
2490719.0,60.244807,24.980385,62.5,22.5
2490719.0,60.297373,22.210987,62.5,22.5
2487871.0,60.408912,22.269808,62.5,22.5
9705453.0,60.300887,22.233522,62.5,22.5
2495414.0,60.389833,25.650072,62.5,27.5
9015784.0,60.200167,25.10538,62.5,27.5
9705453.0,60.297317,22.215856,62.5,22.5
2477968.0,60.389833,25.650072,62.5,27.5
6092830.0,60.409199,22.267979,62.5,22.5
2495414.0,61.484299,21.796611,62.5,22.5
2482492.0,60.299953,22.238049,62.5,22.5
9409796.0,60.293188,22.211442,62.5,22.5
2494686.0,64.824462,25.47302,62.5,27.5
2491534.0,60.305178,22.228603,62.5,22.5
2487883.0,61.313968,23.729279,62.5,22.5
2495000.0,64.218338,28.970448,62.5,27.5
2482054.0,60.179924,24.940899,62.5,22.5
2490719.0,63.122168,21.617616,62.5,22.5
5219243.0,60.428715,22.233733,62.5,22.5
2491534.0,61.162574,21.5407,62.5,22.5
9409796.0,60.957286,21.440474,62.5,22.5
5229490.0,60.391924,23.120628,62.5,22.5
2477872.0,60.279666,24.066587,62.5,22.5
2494200.0,60.458335,25.097452,62.5,27.5
2494543.0,64.824462,25.47302,62.5,27.5
2487879.0,60.309009,22.218187,62.5,22.5
9705453.0,60.299232,22.224865,62.5,22.5
9705453.0,60.310417,22.230007,62.5,22.5
2491534.0,60.30019,22.232373,62.5,22.5
9015784.0,60.458335,25.097452,62.5,27.5
6100954.0,60.391924,23.120628,62.5,22.5
2490719.0,60.30891,22.219418,62.5,22.5
5229493.0,60.299553,22.223184,62.5,22.5
2487603.0,60.310402,22.230252,62.5,22.5
9705453.0,61.313968,23.729279,62.5,22.5
9409796.0,61.097326,21.850583,62.5,22.5
9705453.0,60.306447,22.228738,62.5,22.5
2487871.0,62.872105,27.591593,62.5,27.5
2495000.0,60.152077,24.429155,62.5,22.5
2491534.0,60.301046,22.201757,62.5,22.5
5231630.0,64.824462,25.47302,62.5,27.5
2487879.0,60.29424,22.209896,62.5,22.5
2487879.0,61.013909,24.891689,62.5,22.5
5229490.0,61.097326,21.850583,62.5,22.5
5229490.0,64.060864,24.554945,62.5,22.5
9705453.0,60.309014,22.218535,62.5,22.5
2480537.0,60.300238,22.225513,62.5,22.5
2487879.0,60.310417,22.230007,62.5,22.5
9070104.0,60.152654,24.407472,62.5,22.5
2487866.0,64.209996,28.994459,62.5,27.5
2495696.0,60.391924,23.120628,62.5,22.5
9705453.0,60.180186,24.941581,62.5,22.5
2491534.0,63.122191,21.617119,62.5,22.5
2482492.0,60.292798,22.206548,62.5,22.5
2434806.0,60.179245,24.969093,62.5,22.5
2477968.0,60.309993,22.217993,62.5,22.5
2491534.0,60.299657,22.22495,62.5,22.5
2495000.0,60.398651,23.095319,62.5,22.5
2498261.0,60.179689,24.940483,62.5,22.5
2491534.0,60.921218,22.053525,62.5,22.5
2487603.0,63.127785,21.625444,62.5,22.5
2480537.0,60.307739,22.229206,62.5,22.5
2490719.0,64.805782,25.423824,62.5,27.5
9761484.0,60.181995,24.931554,62.5,22.5
2491534.0,60.297089,22.212076,62.5,22.5
2478548.0,67.120714,27.494704,67.5,27.5
2498265.0,60.15486,24.778534,62.5,22.5
9705453.0,60.311966,22.208529,62.5,22.5
5229490.0,60.300438,22.230408,62.5,22.5
2477872.0,60.315534,22.234599,62.5,22.5
9705453.0,60.378884,23.096145,62.5,22.5
2495414.0,60.179692,24.939979,62.5,22.5
5845582.0,63.129744,21.614657,62.5,22.5
9809229.0,60.378884,23.096145,62.5,22.5
9409796.0,60.310213,22.222028,62.5,22.5
9409796.0,60.291362,22.208553,62.5,22.5
8214667.0,60.248244,25.02628,62.5,27.5
2498261.0,60.15486,24.778534,62.5,22.5
2490719.0,63.123622,21.612997,62.5,22.5
2490719.0,60.306975,22.230841,62.5,22.5
6100954.0,60.17985,24.944037,62.5,22.5
6092830.0,61.313968,23.729279,62.5,22.5
2491534.0,60.398651,23.095319,62.5,22.5
5229490.0,62.247838,25.708743,62.5,27.5
9705453.0,60.408912,22.269808,62.5,22.5
2490719.0,60.309913,22.218785,62.5,22.5
2491534.0,60.300343,22.233438,62.5,22.5
2490719.0,60.297706,22.215626,62.5,22.5
2433753.0,62.281546,24.691976,62.5,22.5
2477968.0,60.299021,22.220645,62.5,22.5
2484605.0,60.243178,24.982741,62.5,22.5
2482492.0,60.297577,22.206296,62.5,22.5
5229493.0,62.124159,25.653979,62.5,27.5
9705453.0,60.309667,22.218747,62.5,22.5
2482492.0,60.293389,22.210231,62.5,22.5
5231198.0,60.398651,23.095319,62.5,22.5
2495000.0,64.798119,25.373938,62.5,27.5
2492462.0,60.378884,23.096145,62.5,22.5
5231438.0,60.378884,23.096145,62.5,22.5
9705453.0,60.391924,23.120628,62.5,22.5
9705453.0,60.300104,22.203863,62.5,22.5
2482515.0,60.196538,24.930784,62.5,22.5
5229490.0,60.299224,22.200309,62.5,22.5
2487883.0,60.299449,22.199695,62.5,22.5
8211070.0,62.124159,25.653979,62.5,27.5
2433753.0,62.278993,24.039942,62.5,22.5
2490719.0,60.408875,22.26986,62.5,22.5
6100954.0,60.308498,22.221912,62.5,22.5
9705453.0,60.300109,22.233976,62.5,22.5
2487879.0,60.294105,22.209416,62.5,22.5
2491534.0,60.244793,24.980782,62.5,22.5
8068867.0,64.799317,25.375357,62.5,27.5
2477872.0,60.290684,22.208562,62.5,22.5
5845582.0,60.307428,22.205118,62.5,22.5
9705453.0,60.398651,23.095319,62.5,22.5
9761484.0,61.501559,23.762751,62.5,22.5
2482515.0,60.179538,24.943096,62.5,22.5
5231190.0,60.206242,24.973739,62.5,22.5
7982160.0,60.179247,24.942876,62.5,22.5
2487879.0,60.206242,24.973739,62.5,22.5
2487879.0,60.398651,23.095319,62.5,22.5
2487879.0,60.309658,22.219607,62.5,22.5
2487879.0,60.291075,22.208912,62.5,22.5
2498326.0,61.313968,23.729279,62.5,22.5
2494422.0,60.49955,22.025361,62.5,22.5
5229490.0,60.307983,22.201211,62.5,22.5
5231198.0,60.206242,24.973739,62.5,22.5
9809229.0,60.49955,22.025361,62.5,22.5
9629160.0,62.536416,28.037162,62.5,27.5
2477968.0,60.30748,22.231465,62.5,22.5
2482492.0,62.815536,21.175422,62.5,22.5
9537647.0,60.169423,24.960765,62.5,22.5
2490719.0,60.299429,22.221281,62.5,22.5
9705453.0,60.921218,22.053525,62.5,22.5
2498326.0,62.128092,25.67273,62.5,27.5
2490310.0,60.15486,24.778534,62.5,22.5
2477968.0,60.307893,22.205812,62.5,22.5
2491534.0,60.299666,22.231882,62.5,22.5
6100954.0,60.314256,22.233636,62.5,22.5
9705453.0,60.308369,22.208509,62.5,22.5
2495093.0,62.128092,25.67273,62.5,27.5
6092830.0,60.335767,22.992809,62.5,22.5
6100954.0,60.921218,22.053525,62.5,22.5
9705453.0,64.893713,25.571421,62.5,27.5
2490737.0,64.797751,25.406401,62.5,27.5
9705453.0,60.29702,22.211178,62.5,22.5
2477968.0,60.307536,22.232394,62.5,22.5
2490719.0,60.296792,22.210908,62.5,22.5
2495093.0,60.392213,25.431836,62.5,27.5
2487879.0,60.298983,22.220659,62.5,22.5
5220126.0,61.130705,24.010948,62.5,22.5
5229493.0,64.212562,28.995576,62.5,27.5
2491534.0,60.408875,22.26986,62.5,22.5
2491534.0,60.302206,22.232391,62.5,22.5
2477968.0,61.313968,23.729279,62.5,22.5
2490719.0,64.799673,25.405922,62.5,27.5
5231190.0,60.170822,24.941551,62.5,22.5
9705453.0,60.296586,22.212246,62.5,22.5
2477872.0,60.206829,24.952433,62.5,22.5
7952072.0,61.124752,23.891884,62.5,22.5
9629160.0,60.297006,22.205963,62.5,22.5
2487603.0,62.331631,24.628325,62.5,22.5
2487879.0,60.299133,22.221474,62.5,22.5
2494543.0,64.276238,24.959168,62.5,22.5
9705453.0,60.299206,22.22156,62.5,22.5
2491534.0,61.013977,24.891626,62.5,22.5
2433753.0,62.253598,24.432907,62.5,22.5
9705453.0,60.308335,22.221483,62.5,22.5
9705453.0,60.30371,22.228192,62.5,22.5
6092830.0,60.292407,22.209387,62.5,22.5
2484596.0,60.142906,24.442798,62.5,22.5
6100954.0,60.398651,23.095319,62.5,22.5
2491534.0,60.307347,22.206637,62.5,22.5
2495000.0,61.208608,28.718554,62.5,27.5
2494543.0,62.331631,24.628325,62.5,22.5
8316400.0,61.393554,23.951338,62.5,22.5
5845582.0,60.297761,22.199013,62.5,22.5
8211070.0,61.261718,24.041829,62.5,22.5
5845582.0,62.331631,24.628325,62.5,22.5
5231198.0,60.408643,22.268355,62.5,22.5
9705453.0,60.309261,22.219951,62.5,22.5
9705453.0,60.303601,22.230578,62.5,22.5
5229493.0,61.014208,24.891539,62.5,22.5
2498343.0,60.179807,24.942483,62.5,22.5
7952072.0,61.123789,23.894951,62.5,22.5
5229493.0,60.299805,22.203886,62.5,22.5
2490719.0,60.644262,27.230206,62.5,27.5
2494441.0,60.957286,21.440474,62.5,22.5
2487883.0,60.410897,22.26934,62.5,22.5
9705453.0,60.301814,22.228295,62.5,22.5
2498343.0,62.938652,21.184038,62.5,22.5
5231198.0,60.957286,21.440474,62.5,22.5
2490719.0,60.299492,22.221927,62.5,22.5
2487879.0,60.299339,22.203181,62.5,22.5
2487879.0,60.620072,25.487357,62.5,27.5
2487879.0,64.212562,28.995576,62.5,27.5
2492462.0,60.410852,22.26929,62.5,22.5
9705453.0,60.309633,22.220546,62.5,22.5
5229490.0,60.301572,22.229655,62.5,22.5
2487879.0,60.293525,22.209726,62.5,22.5
2487866.0,60.620072,25.487357,62.5,27.5
2494154.0,64.696523,24.493376,62.5,22.5
2487879.0,60.309543,22.220615,62.5,22.5
6100954.0,60.293642,22.213151,62.5,22.5
2477804.0,64.696523,24.493376,62.5,22.5
9409796.0,60.300398,22.221847,62.5,22.5
9705453.0,60.620072,25.487357,62.5,27.5
2491534.0,64.212562,28.995576,62.5,27.5
2494543.0,60.409469,22.275619,62.5,22.5
2433753.0,64.25768,23.941261,62.5,22.5
2433753.0,64.001542,24.769051,62.5,22.5
5231198.0,60.49955,22.025361,62.5,22.5
2490719.0,60.179111,24.940076,62.5,22.5
2491534.0,60.315959,22.224359,62.5,22.5
9705453.0,60.206242,24.973739,62.5,22.5
2487879.0,60.245331,24.979398,62.5,22.5
2482492.0,60.297163,22.205053,62.5,22.5
9705453.0,60.244945,24.980331,62.5,22.5
2487603.0,64.696523,24.493376,62.5,22.5
2482492.0,60.299149,22.204926,62.5,22.5
9537647.0,61.501559,23.762751,62.5,22.5
2490719.0,60.307308,22.231465,62.5,22.5
5229490.0,60.398651,23.095319,62.5,22.5
9409796.0,61.500686,23.763803,62.5,22.5
2487879.0,60.315143,22.221356,62.5,22.5
2436756.0,60.335048,22.256276,62.5,22.5
9629160.0,64.813832,25.31976,62.5,27.5
9705453.0,60.301161,22.20198,62.5,22.5
6100954.0,61.500686,23.763803,62.5,22.5
2440965.0,60.142836,24.44192,62.5,22.5
5220126.0,60.848811,26.600576,62.5,27.5
2482492.0,60.305809,22.220342,62.5,22.5
2494441.0,60.2581,24.977568,62.5,22.5
9761484.0,61.500686,23.763803,62.5,22.5
2487879.0,60.408891,22.269849,62.5,22.5
9761484.0,60.390664,23.123807,62.5,22.5
2480449.0,64.69157,24.426768,62.5,22.5
2482492.0,64.83422,25.369263,62.5,27.5
6092830.0,64.814982,25.319693,62.5,27.5
2165401.0,60.881272,26.697269,62.5,27.5
5219243.0,62.986521,22.940326,62.5,22.5
9705453.0,60.315908,22.22372,62.5,22.5
2477872.0,64.817449,25.3038,62.5,27.5
2487866.0,64.814982,25.319693,62.5,27.5
6100954.0,62.894356,27.642744,62.5,27.5
2487871.0,60.243943,21.951158,62.5,22.5
2491534.0,60.307774,22.20585,62.5,22.5
5229493.0,60.49955,22.025361,62.5,22.5
9705453.0,60.308424,22.23127,62.5,22.5
2487879.0,60.458335,25.097452,62.5,27.5
2490781.0,60.335749,22.992769,62.5,22.5
2477968.0,60.216917,24.846151,62.5,22.5
5845582.0,64.816498,25.320569,62.5,27.5
2491534.0,60.316053,22.225216,62.5,22.5
2490719.0,64.814982,25.319693,62.5,27.5
5229490.0,60.299656,22.222406,62.5,22.5
6092830.0,60.458335,25.097452,62.5,27.5
6428353.0,60.243126,25.008363,62.5,27.5
2491534.0,60.957286,21.440474,62.5,22.5
2477872.0,60.410999,22.269517,62.5,22.5
2487603.0,60.302382,22.229889,62.5,22.5
9705453.0,60.458335,25.097452,62.5,27.5
5231198.0,60.216917,24.846151,62.5,22.5
2490719.0,64.816498,25.320569,62.5,27.5
5231190.0,64.805662,25.436594,62.5,27.5
2487879.0,60.308567,22.231236,62.5,22.5
2490719.0,60.297151,22.212964,62.5,22.5
2487603.0,60.458352,22.281829,62.5,22.5
2482054.0,60.179732,24.941338,62.5,22.5
2487879.0,60.297546,22.214217,62.5,22.5
2487879.0,60.315434,22.222363,62.5,22.5
2490669.0,60.216917,24.846151,62.5,22.5
5232437.0,60.179633,24.940416,62.5,22.5
2477968.0,60.297386,22.214062,62.5,22.5
2487879.0,60.178184,24.940415,62.5,22.5
5219243.0,60.139527,24.446269,62.5,22.5
9705453.0,60.296673,22.205024,62.5,22.5
2482492.0,61.313968,23.729279,62.5,22.5
9761484.0,62.128092,25.67273,62.5,27.5
2490737.0,63.129211,21.614426,62.5,22.5
2487879.0,60.309004,22.220013,62.5,22.5
2487883.0,60.378884,23.096145,62.5,22.5
2477968.0,60.298255,22.206311,62.5,22.5
2487603.0,60.247243,24.983612,62.5,22.5
2494543.0,60.620072,25.487357,62.5,27.5
9537647.0,60.153188,24.87144,62.5,22.5
2487866.0,60.378884,23.096145,62.5,22.5
2477968.0,64.277258,24.962083,62.5,22.5
2482613.0,62.651569,27.599211,62.5,27.5
2491534.0,60.620072,25.487357,62.5,27.5
2495455.0,60.157939,24.875372,62.5,22.5
5229493.0,61.088627,21.865373,62.5,22.5
2490719.0,62.331631,24.628325,62.5,22.5
2490719.0,60.308279,22.221097,62.5,22.5
2498343.0,60.292711,22.21076,62.5,22.5
2433753.0,62.417429,24.387467,62.5,22.5
2484596.0,61.313968,23.729279,62.5,22.5
5229493.0,60.620072,25.487357,62.5,27.5
2487871.0,62.331631,24.628325,62.5,22.5
9761484.0,60.239393,24.981136,62.5,22.5
2490719.0,60.306942,22.205025,62.5,22.5
2487866.0,61.013952,24.891649,62.5,22.5
2487866.0,64.808412,25.329096,62.5,27.5
2484916.0,60.431088,22.163642,62.5,22.5
2494686.0,60.620072,25.487357,62.5,27.5
5845582.0,60.157497,24.87477,62.5,22.5
9705453.0,60.315171,22.222294,62.5,22.5
2491534.0,60.298251,22.204784,62.5,22.5
5229493.0,60.335749,22.992769,62.5,22.5
5229490.0,60.390664,23.123807,62.5,22.5
2478548.0,64.276265,24.962503,62.5,22.5
2490719.0,60.205402,24.899014,62.5,22.5
2487879.0,60.296307,22.203057,62.5,22.5
6100954.0,60.390664,23.123807,62.5,22.5
9705453.0,60.303744,22.229061,62.5,22.5
9409796.0,61.044439,21.936677,62.5,22.5
5231190.0,60.38988,25.65058,62.5,27.5
2498343.0,61.106506,21.447975,62.5,22.5
2493367.0,60.295742,22.204159,62.5,22.5
5393080.0,60.243116,25.008192,62.5,27.5
2481139.0,61.106506,21.447975,62.5,22.5
7952072.0,60.96374,21.518438,62.5,22.5
5231198.0,60.309049,22.220034,62.5,22.5
9705453.0,60.297944,22.206217,62.5,22.5
9409796.0,61.106506,21.447975,62.5,22.5
2491534.0,60.299133,22.221474,62.5,22.5
2495414.0,60.205402,24.899014,62.5,22.5
5845582.0,60.308207,22.221438,62.5,22.5
2487883.0,60.304268,22.228302,62.5,22.5
2495414.0,60.390664,23.123807,62.5,22.5
5231190.0,60.174509,24.942366,62.5,22.5
2487879.0,60.296123,22.204092,62.5,22.5
2487871.0,60.378884,23.096145,62.5,22.5
2487879.0,60.378884,23.096145,62.5,22.5
5231198.0,60.299121,22.221436,62.5,22.5
2490719.0,63.129127,21.614767,62.5,22.5
9705453.0,60.309004,22.220013,62.5,22.5
9705453.0,60.297893,22.20654,62.5,22.5
2487871.0,60.620072,25.487357,62.5,27.5
2487603.0,60.153241,24.864538,62.5,22.5
2495414.0,61.201177,21.72266,62.5,22.5
9761484.0,61.313968,23.729279,62.5,22.5
2490719.0,60.410869,22.269263,62.5,22.5
5231198.0,60.179339,24.940171,62.5,22.5
2477968.0,60.378884,23.096145,62.5,22.5
9705453.0,64.276518,24.962304,62.5,22.5
2487879.0,60.410839,22.26933,62.5,22.5
6100954.0,63.129495,21.613155,62.5,22.5
9409796.0,60.30197,22.20797,62.5,22.5
5220126.0,60.437252,25.067319,62.5,27.5
5229490.0,60.519344,25.600644,62.5,27.5
2498273.0,60.147609,24.852811,62.5,22.5
9705453.0,60.314483,22.221251,62.5,22.5
2888740.0,51.22334,2.94149,52.5,2.5
3034393.0,51.17085,4.45648,52.5,2.5
2880539.0,50.89664,4.75628,52.5,2.5
5341201.0,51.08901,2.57612,52.5,2.5
3082234.0,51.13376,4.13455,52.5,2.5
7736011.0,51.28172,3.04971,52.5,2.5
5330661.0,51.15368,3.0905,52.5,2.5
5330661.0,51.21708,3.19863,52.5,2.5
2855398.0,51.05617,3.75813,52.5,2.5
5285637.0,50.97453,5.03468,52.5,7.5
2685796.0,51.21591,5.54083,52.5,7.5
3109086.0,51.32184,4.24888,52.5,2.5
5285637.0,51.33189,4.49505,52.5,2.5
5333294.0,50.84838,4.7511,52.5,2.5
3172291.0,51.20303,2.97378,52.5,2.5
3109086.0,51.23004,2.9421,52.5,2.5
7738766.0,50.90809,3.73187,52.5,2.5
3024109.0,50.94732,5.00158,52.5,7.5
2927324.0,51.14692,4.46041,52.5,2.5
3082234.0,51.01097,4.47616,52.5,2.5
2889173.0,51.00768,3.76999,52.5,2.5
7736011.0,51.0749,4.7072,52.5,2.5
5365717.0,50.84849,4.75177,52.5,2.5
3003979.0,51.22667,2.94357,52.5,2.5
3109086.0,51.13721,2.70622,52.5,2.5
7903057.0,50.87294,4.80395,52.5,2.5
3146683.0,50.97958,4.79476,52.5,2.5
5330661.0,51.33329,3.23872,52.5,2.5
8200663.0,50.86505,4.71669,52.5,2.5
5365717.0,50.93029,4.44299,52.5,2.5
2677047.0,50.81853,4.44834,52.5,2.5
3109086.0,50.93326,4.44937,52.5,2.5
3147018.0,51.23064,2.94294,52.5,2.5
3173338.0,51.23108,2.94333,52.5,2.5
3053522.0,50.88923,4.73815,52.5,2.5
3147018.0,51.22993,2.94313,52.5,2.5
6109637.0,50.85061,4.75668,52.5,2.5
5365717.0,50.9799,4.46441,52.5,2.5
3109086.0,50.90382,4.70814,52.5,2.5
5330661.0,51.17944,4.3241,52.5,2.5
2996929.0,50.78503,3.21524,52.5,2.5
8012439.0,51.06621,3.679,52.5,2.5
3021496.0,51.02308,5.41997,52.5,7.5
9151957.0,51.22401,2.94244,52.5,2.5
5410411.0,51.19371,4.44229,52.5,2.5
3066965.0,51.2788,3.24485,52.5,2.5
5389029.0,50.85862,3.64359,52.5,2.5
5376648.0,50.97224,3.11949,52.5,2.5
6096602.0,51.2922,4.88574,52.5,2.5
3146683.0,50.89206,4.7316,52.5,2.5
3085381.0,51.22995,2.94304,52.5,2.5
3066965.0,51.22235,4.23418,52.5,2.5
3173338.0,50.93313,4.36875,52.5,2.5
3109086.0,51.08879,2.58392,52.5,2.5
3082234.0,51.05608,3.8482,52.5,2.5
3146683.0,50.88901,4.73756,52.5,2.5
5365717.0,50.80712,4.48028,52.5,2.5
2927324.0,50.93923,4.69729,52.5,2.5
3066965.0,51.01223,4.14977,52.5,2.5
3082234.0,51.0504,3.82587,52.5,2.5
5377060.0,51.22999,2.94295,52.5,2.5
5289972.0,51.22995,2.94219,52.5,2.5
2889173.0,51.10377,3.37726,52.5,2.5
5352251.0,51.19993,4.74939,52.5,2.5
5333294.0,51.10341,4.01588,52.5,2.5
5384741.0,51.06343,3.87968,52.5,2.5
3109086.0,51.08834,4.94557,52.5,2.5
5377060.0,50.90768,4.70706,52.5,2.5
4201607.0,50.85297,4.75794,52.5,2.5
3147168.0,51.23144,2.94257,52.5,2.5
2880539.0,51.3327,4.42753,52.5,2.5
2879098.0,51.20303,2.97378,52.5,2.5
3109086.0,51.0882,4.9449,52.5,2.5
7736011.0,50.90382,4.70816,52.5,2.5
2889173.0,51.22436,2.95567,52.5,2.5
8427624.0,50.88782,4.72937,52.5,2.5
2889173.0,51.04853,4.45595,52.5,2.5
2927324.0,50.84775,4.74504,52.5,2.5
3146683.0,50.88016,5.30376,52.5,7.5
7736011.0,51.07216,3.76949,52.5,2.5
3146791.0,51.14141,5.73961,52.5,7.5
2926130.0,51.1478,4.47437,52.5,2.5
3033865.0,51.0771,2.57862,52.5,2.5
3033865.0,51.24948,4.51306,52.5,2.5
7736011.0,51.32527,3.16849,52.5,2.5
3109086.0,51.28214,4.39839,52.5,2.5
3109086.0,50.8903,4.70707,52.5,2.5
3109086.0,51.09262,2.56978,52.5,2.5
2702084.0,51.33101,4.49395,52.5,2.5
3054368.0,50.84521,4.74456,52.5,2.5
9419993.0,51.34237,3.29513,52.5,2.5
3146683.0,50.88894,4.73605,52.5,2.5
5352251.0,50.84828,4.75091,52.5,2.5
4201607.0,51.11474,2.64226,52.5,2.5
3173338.0,50.88895,4.74503,52.5,2.5
2704523.0,51.14146,2.70901,52.5,2.5
3146683.0,51.22337,2.94141,52.5,2.5
3146683.0,50.88895,4.74503,52.5,2.5
3033865.0,50.84678,4.75483,52.5,2.5
5384741.0,50.88867,4.74505,52.5,2.5
3053522.0,51.17757,4.46985,52.5,2.5
2889173.0,51.1103,3.18656,52.5,2.5
3088481.0,51.23488,4.40808,52.5,2.5
2927324.0,50.90139,5.46473,52.5,7.5
5333294.0,50.9717,5.03115,52.5,7.5
3147018.0,51.23105,2.94353,52.5,2.5
3109086.0,51.34739,4.39757,52.5,2.5
3082234.0,51.04945,3.81447,52.5,2.5
2879098.0,50.89648,5.34054,52.5,7.5
3172077.0,51.01894,3.93724,52.5,2.5
3146683.0,51.00855,5.68973,52.5,7.5
2879098.0,51.0885,2.58199,52.5,2.5
8012439.0,51.019,4.46188,52.5,2.5
3003979.0,50.86625,4.15372,52.5,2.5
2928751.0,51.06643,2.67136,52.5,2.5
2889173.0,51.08455,3.42519,52.5,2.5
5377060.0,51.26701,3.20529,52.5,2.5
2685796.0,51.19976,4.74901,52.5,2.5
2926130.0,51.26335,3.17592,52.5,2.5
3146683.0,50.89483,4.72708,52.5,2.5
2705401.0,51.23006,2.94265,52.5,2.5
8427624.0,50.85056,4.75691,52.5,2.5
3172077.0,50.79106,4.36508,52.5,2.5
2685361.0,51.17486,4.41982,52.5,2.5
5389017.0,50.86429,4.72544,52.5,2.5
3172291.0,51.20997,4.55543,52.5,2.5
2684171.0,50.80897,4.51717,52.5,2.5
3172077.0,51.22833,2.94537,52.5,2.5
2890122.0,50.89237,4.73141,52.5,2.5
6096602.0,51.30798,4.51873,52.5,2.5
3172100.0,51.01375,3.74385,52.5,2.5
5415012.0,51.14967,4.46794,52.5,2.5
3146791.0,50.84897,4.35478,52.5,2.5
2684120.0,51.21656,3.19562,52.5,2.5
2705401.0,51.23143,2.94244,52.5,2.5
5285637.0,51.26946,4.75628,52.5,2.5
3173338.0,50.85002,4.75802,52.5,2.5
3114225.0,50.83478,4.63644,52.5,2.5
3050595.0,50.90778,4.70706,52.5,2.5
3109086.0,50.93178,4.45015,52.5,2.5
3146683.0,50.88888,4.74481,52.5,2.5
4201695.0,50.93319,4.36948,52.5,2.5
3082234.0,51.07525,3.97376,52.5,2.5
2705449.0,51.2236,2.93746,52.5,2.5
7736011.0,51.2656,3.00141,52.5,2.5
2890541.0,51.22419,2.93573,52.5,2.5
4201607.0,50.93319,4.36948,52.5,2.5
4201607.0,50.89083,4.73803,52.5,2.5
3173338.0,50.88895,4.74504,52.5,2.5
2855398.0,51.02972,3.04278,52.5,2.5
2880539.0,51.19829,4.74493,52.5,2.5
3021850.0,51.19804,4.74467,52.5,2.5
3146683.0,50.88738,4.7419,52.5,2.5
3146683.0,51.07943,4.70632,52.5,2.5
3082234.0,51.01065,3.72574,52.5,2.5
3109086.0,51.08888,2.56638,52.5,2.5
2927324.0,50.95244,3.96594,52.5,2.5
2658889.0,51.10825,2.59367,52.5,2.5
5285637.0,51.40235,4.43502,52.5,2.5
3172077.0,51.04023,3.78305,52.5,2.5
9182154.0,51.04015,3.78175,52.5,2.5
5352251.0,50.972,5.03156,52.5,7.5
5330661.0,51.29238,3.07409,52.5,2.5
5341497.0,50.93496,4.36698,52.5,2.5
3146683.0,50.89008,4.73892,52.5,2.5
3146791.0,50.88926,4.7383,52.5,2.5
2879098.0,51.13682,2.70415,52.5,2.5
2926130.0,51.17477,4.47125,52.5,2.5
3021850.0,51.24947,4.513,52.5,2.5
3109086.0,50.84956,4.75429,52.5,2.5
3169137.0,51.22317,2.94061,52.5,2.5
3172077.0,50.88966,4.73739,52.5,2.5
3109086.0,51.22496,2.9271,52.5,2.5
3172291.0,51.24947,4.51299,52.5,2.5
3172291.0,50.93611,3.10737,52.5,2.5
5330661.0,51.26259,3.18321,52.5,2.5
3109086.0,51.08288,2.55053,52.5,2.5
3173338.0,50.83342,4.33407,52.5,2.5
3172291.0,51.07687,4.71041,52.5,2.5
3109086.0,51.08278,2.55054,52.5,2.5
2867614.0,51.3598,3.34659,52.5,2.5
3197314.0,51.22497,2.94173,52.5,2.5
3109086.0,51.08083,2.71362,52.5,2.5
2889173.0,51.10995,3.36157,52.5,2.5
3169708.0,51.04748,3.7735,52.5,2.5
3172077.0,50.88985,4.73828,52.5,2.5
2687210.0,51.15762,4.63844,52.5,2.5
8427624.0,51.23186,2.94305,52.5,2.5
3169708.0,50.84769,4.74485,52.5,2.5
8351737.0,51.19949,4.41878,52.5,2.5
2926130.0,51.08863,2.58192,52.5,2.5
3109086.0,51.23684,5.15292,52.5,7.5
3033865.0,50.99646,4.38257,52.5,2.5
3109086.0,51.14854,2.71377,52.5,2.5
7736011.0,51.09215,2.57865,52.5,2.5
2927324.0,51.01179,4.85343,52.5,2.5
3146683.0,50.8491,4.75898,52.5,2.5
8012439.0,50.78915,3.9202,52.5,2.5
3109086.0,51.22551,2.93305,52.5,2.5
2928751.0,51.16856,3.16866,52.5,2.5
2888513.0,51.07521,2.66237,52.5,2.5
2889173.0,51.03496,3.82611,52.5,2.5
3146683.0,51.22477,2.92494,52.5,2.5
3146683.0,50.97395,5.03297,52.5,7.5
7736011.0,50.8308,4.33359,52.5,2.5
3109086.0,51.14865,2.71425,52.5,2.5
3173338.0,50.8826,4.71946,52.5,2.5
7736011.0,51.07514,4.70678,52.5,2.5
3146683.0,51.09213,2.57864,52.5,2.5
5330661.0,50.88489,2.69406,52.5,2.5
3173338.0,50.88827,4.72983,52.5,2.5
3066965.0,51.09227,3.49254,52.5,2.5
8200663.0,51.22496,2.92716,52.5,2.5
8012439.0,50.85462,4.75977,52.5,2.5
7736011.0,51.1288,2.65675,52.5,2.5
2880539.0,51.07203,4.94564,52.5,2.5
3109086.0,51.17627,2.78746,52.5,2.5
2889173.0,51.16777,3.16713,52.5,2.5
3173338.0,51.14145,5.73965,52.5,7.5
3145214.0,50.86512,5.00505,52.5,7.5
8427624.0,51.22496,2.92716,52.5,2.5
5330661.0,50.84372,4.74611,52.5,2.5
3173338.0,51.02635,3.66676,52.5,2.5
3109086.0,50.93071,4.45035,52.5,2.5
5281901.0,51.15417,5.07263,52.5,7.5
3082234.0,51.0607,3.51742,52.5,2.5
3172077.0,50.91014,4.71297,52.5,2.5
3066965.0,51.1774,4.47008,52.5,2.5
7736011.0,51.07884,2.55344,52.5,2.5
3146683.0,50.93033,4.44173,52.5,2.5
3173338.0,50.7346,4.24144,52.5,2.5
5289919.0,51.22329,2.93851,52.5,2.5
7978544.0,51.01272,5.05094,52.5,7.5
3003979.0,50.91977,5.31621,52.5,7.5
5330661.0,50.81436,5.10452,52.5,7.5
8200663.0,50.84876,4.13656,52.5,2.5
2883007.0,51.15829,4.63859,52.5,2.5
8427624.0,50.84782,4.74519,52.5,2.5
2650827.0,51.1217,4.37943,52.5,2.5
5284884.0,51.19879,4.74587,52.5,2.5
3034782.0,50.93333,3.77259,52.5,2.5
5598915.0,51.14859,4.46967,52.5,2.5
8200663.0,50.84747,4.75299,52.5,2.5
3109086.0,50.97536,5.03615,52.5,7.5
3109086.0,50.88462,4.33766,52.5,2.5
7127810.0,51.17212,4.40288,52.5,2.5
3109086.0,51.33993,3.22903,52.5,2.5
3109086.0,51.22481,2.92484,52.5,2.5
9202318.0,51.16911,4.40222,52.5,2.5
5284884.0,50.85297,4.87776,52.5,2.5
9151957.0,50.8492,4.75903,52.5,2.5
2927324.0,51.12322,4.25741,52.5,2.5
3169708.0,51.3366,4.24397,52.5,2.5
5285637.0,51.33696,4.44023,52.5,2.5
3172291.0,50.86903,4.06299,52.5,2.5
5341501.0,50.88078,4.70762,52.5,2.5
2879098.0,51.01541,3.74565,52.5,2.5
3066965.0,50.80902,5.52704,52.5,7.5
3172077.0,50.7484,4.16371,52.5,2.5
3146683.0,51.22478,2.92492,52.5,2.5
3033865.0,51.0891,2.57989,52.5,2.5
2927324.0,50.97602,4.82535,52.5,2.5
3146683.0,51.07648,4.71063,52.5,2.5
2927324.0,51.05762,3.67252,52.5,2.5
3146791.0,51.22454,2.93447,52.5,2.5
2677047.0,50.81939,4.44643,52.5,2.5
3146683.0,50.88968,4.73758,52.5,2.5
3173338.0,50.72757,4.23124,52.5,2.5
3173338.0,51.22498,2.92733,52.5,2.5
3085381.0,51.22995,2.94293,52.5,2.5
5410151.0,50.93259,4.03041,52.5,2.5
3146683.0,50.9607,3.12193,52.5,2.5
2704523.0,51.13836,2.71275,52.5,2.5
3109086.0,51.08914,2.5768,52.5,2.5
3172077.0,51.31304,4.22539,52.5,2.5
3173338.0,51.17598,4.43779,52.5,2.5
2685361.0,51.19933,4.74866,52.5,2.5
2927324.0,50.97973,4.46416,52.5,2.5
3188894.0,50.79019,4.50145,52.5,2.5
7736011.0,51.06686,3.76237,52.5,2.5
2888625.0,51.09811,4.03413,52.5,2.5
5377060.0,50.97671,5.03785,52.5,7.5
2888978.0,51.22561,2.94197,52.5,2.5
3855595.0,51.02598,4.49945,52.5,2.5
3146791.0,50.89036,4.73986,52.5,2.5
6096602.0,51.19858,4.74614,52.5,2.5
2880539.0,51.07378,4.95514,52.5,2.5
3088282.0,51.20461,4.37592,52.5,2.5
5333294.0,51.07689,4.7104,52.5,2.5
3146683.0,51.23014,2.94197,52.5,2.5
5285637.0,51.39907,4.83708,52.5,2.5
2685796.0,51.30061,4.72848,52.5,2.5
3109086.0,51.3266,3.16965,52.5,2.5
5330661.0,51.30965,3.13314,52.5,2.5
3109086.0,51.32347,3.15739,52.5,2.5
2880539.0,51.0727,4.95327,52.5,2.5
3066965.0,50.90586,4.95029,52.5,2.5
3033865.0,51.07688,4.71039,52.5,2.5
8427624.0,50.92927,4.44949,52.5,2.5
3172077.0,50.88989,4.73833,52.5,2.5
2534001.0,51.19901,4.39957,52.5,2.5
2880539.0,51.15826,4.63865,52.5,2.5
2927324.0,50.89994,4.75379,52.5,2.5
2880539.0,51.07675,4.95673,52.5,2.5
7736011.0,50.90397,4.70858,52.5,2.5
2685361.0,51.2159,5.5409,52.5,7.5
5285637.0,51.19864,4.74631,52.5,2.5
3109086.0,51.23638,5.15622,52.5,7.5
2928835.0,51.22593,2.9316,52.5,2.5
5285637.0,50.98317,5.23605,52.5,7.5
2702084.0,51.19865,4.74625,52.5,2.5
3109086.0,51.17061,4.45719,52.5,2.5
3033865.0,50.89104,4.73896,52.5,2.5
2988188.0,51.05397,4.70855,52.5,2.5
5285637.0,51.32718,4.49567,52.5,2.5
2685361.0,51.19989,4.74965,52.5,2.5
3109086.0,51.07478,4.70746,52.5,2.5
3066965.0,50.8643,4.72269,52.5,2.5
2889173.0,51.08106,3.43387,52.5,2.5
2879098.0,51.1513,4.47466,52.5,2.5
3172077.0,50.88856,4.74238,52.5,2.5
2996929.0,51.07662,4.71015,52.5,2.5
5330661.0,51.27667,3.04383,52.5,2.5
3146683.0,50.91018,4.71355,52.5,2.5
3109086.0,51.23985,4.38863,52.5,2.5
3053522.0,50.88894,4.73748,52.5,2.5
2880539.0,51.08922,3.30848,52.5,2.5
3066965.0,50.83981,3.83267,52.5,2.5
5285637.0,51.25919,4.49802,52.5,2.5
5330661.0,50.96684,3.69086,52.5,2.5
3117449.0,50.90273,4.70929,52.5,2.5
5410411.0,51.13091,2.75451,52.5,2.5
3146683.0,50.93846,4.43468,52.5,2.5
3021496.0,51.12131,4.45448,52.5,2.5
5284809.0,51.10372,3.31324,52.5,2.5
5285637.0,50.97621,5.24145,52.5,7.5
3109086.0,50.92906,4.45001,52.5,2.5
7736011.0,51.08162,4.95583,52.5,2.5
5285637.0,51.15853,4.6367,52.5,2.5
5333294.0,51.0675,3.4868,52.5,2.5
3146683.0,50.88886,4.7361,52.5,2.5
5384741.0,50.89093,4.73837,52.5,2.5
5285637.0,51.0075,5.4361,52.5,7.5
5330661.0,50.98074,4.46562,52.5,2.5
5365717.0,51.24949,4.51311,52.5,2.5
5330661.0,50.88488,2.69405,52.5,2.5
3146683.0,51.24948,4.51311,52.5,2.5
3146683.0,50.89079,4.74113,52.5,2.5
5330661.0,51.27878,3.24486,52.5,2.5
5284884.0,51.26061,4.49908,52.5,2.5
3855595.0,51.22535,2.92854,52.5,2.5
2705401.0,51.2248,2.92483,52.5,2.5
2889173.0,51.22042,2.9383,52.5,2.5
2880539.0,51.07593,4.93982,52.5,2.5
5352251.0,51.12551,4.25774,52.5,2.5
5330661.0,51.13567,2.75817,52.5,2.5
5284884.0,51.2159,5.5408,52.5,7.5
2996929.0,51.27142,3.22282,52.5,2.5
7736011.0,51.09014,2.58474,52.5,2.5
2889173.0,51.13204,4.12091,52.5,2.5
2928751.0,51.22237,4.23417,52.5,2.5
5330661.0,51.08775,4.78298,52.5,2.5
5365717.0,51.14851,4.46927,52.5,2.5
5289919.0,51.22439,2.93513,52.5,2.5
3172077.0,50.84783,4.74531,52.5,2.5
2855398.0,50.8643,4.71378,52.5,2.5
5356517.0,51.27686,3.2135,52.5,2.5
4201607.0,51.08073,5.7948,52.5,7.5
8298495.0,51.23108,2.94347,52.5,2.5
3197314.0,51.23169,2.95124,52.5,2.5
5284884.0,51.03996,3.69141,52.5,2.5
2498035.0,51.29528,4.22572,52.5,2.5
2479226.0,50.83927,5.19306,52.5,7.5
1311477.0,51.17144,4.37958,52.5,2.5
2498252.0,50.92742,4.32997,52.5,2.5
2479226.0,51.19791,4.40008,52.5,2.5
4372686.0,51.11545,2.61755,52.5,2.5
1311477.0,51.12899,5.52436,52.5,7.5
9752149.0,51.224,3.04391,52.5,2.5
5232437.0,51.27091,3.17805,52.5,2.5
2479226.0,50.81539,4.419,52.5,2.5
2498036.0,50.83854,3.18341,52.5,2.5
2498252.0,51.31615,3.16905,52.5,2.5
2498252.0,51.1252,4.74077,52.5,2.5
2498252.0,51.18894,3.89205,52.5,2.5
2498036.0,50.83754,2.88947,52.5,2.5
2498252.0,50.96414,3.68707,52.5,2.5
2479226.0,50.79761,3.30526,52.5,2.5
2498252.0,51.06369,2.87636,52.5,2.5
2486132.0,51.09805,3.98535,52.5,2.5
2498252.0,50.87954,5.63265,52.5,7.5
2498252.0,50.84009,2.90054,52.5,2.5
2498252.0,50.95055,4.4375,52.5,2.5
2498252.0,51.11843,3.38534,52.5,2.5
2479226.0,50.76671,3.44009,52.5,2.5
2479226.0,51.25709,4.49121,52.5,2.5
2479226.0,50.79759,3.30532,52.5,2.5
8190231.0,51.08147,4.369,52.5,2.5
2439261.0,50.93791,5.22995,52.5,7.5
4485843.0,50.89969,5.31978,52.5,7.5
2498344.0,50.97783,5.34124,52.5,7.5
2495414.0,50.84326,4.42978,52.5,2.5
10124612.0,51.21006,3.86298,52.5,2.5
4486243.0,50.8901,4.7432,52.5,2.5
9752149.0,50.74518,4.19406,52.5,2.5
2495414.0,50.87926,4.70051,52.5,2.5
5179027.0,50.80021,4.82308,52.5,2.5
4562917.0,51.2244,2.93511,52.5,2.5
2495414.0,50.88067,4.71116,52.5,2.5
2498252.0,51.02197,5.75381,52.5,7.5
9752149.0,50.98108,4.10865,52.5,2.5
2479226.0,51.19873,4.39825,52.5,2.5
5232437.0,51.16336,4.17732,52.5,2.5
5232437.0,51.29821,4.36396,52.5,2.5
9752149.0,50.98365,2.82829,52.5,2.5
5232437.0,50.84009,2.90054,52.5,2.5
2498252.0,51.12028,4.30236,52.5,2.5
2498252.0,51.19384,3.10022,52.5,2.5
2498252.0,51.31742,4.76291,52.5,2.5
2479226.0,51.16356,4.17733,52.5,2.5
2498344.0,50.83207,4.64051,52.5,2.5
4485843.0,51.0073,3.92458,52.5,2.5
2498252.0,51.18354,4.65394,52.5,2.5
2479226.0,50.76425,3.83583,52.5,2.5
9752149.0,50.92296,4.28043,52.5,2.5
9752149.0,51.02391,5.75207,52.5,7.5
4989904.0,51.01736,3.78575,52.5,2.5
2498252.0,50.98101,3.96875,52.5,2.5
2498252.0,50.95254,3.66606,52.5,2.5
2287615.0,51.13968,2.6885,52.5,2.5
5232437.0,51.14429,4.32094,52.5,2.5
2498388.0,51.18353,4.84454,52.5,2.5
2498252.0,51.1337,5.10014,52.5,7.5
7820753.0,51.14769,2.71019,52.5,2.5
2498252.0,50.81814,3.65808,52.5,2.5
2495414.0,51.20489,3.21299,52.5,2.5
9752149.0,51.14454,5.70002,52.5,7.5
2479226.0,50.87099,4.6993,52.5,2.5
4485843.0,51.24482,5.53779,52.5,7.5
1311477.0,50.82647,5.21717,52.5,7.5
2479226.0,50.84979,3.32405,52.5,2.5
1311477.0,50.93931,3.83228,52.5,2.5
5156102.0,51.29834,4.58013,52.5,2.5
2498344.0,50.84019,3.18378,52.5,2.5
2495414.0,51.2532,4.49009,52.5,2.5
5232437.0,51.20976,3.86358,52.5,2.5
1311477.0,50.99201,4.73737,52.5,2.5
2498252.0,50.83989,3.3218,52.5,2.5
2498252.0,51.11341,4.29914,52.5,2.5
4485843.0,50.91931,4.35967,52.5,2.5
2498252.0,50.94775,4.68316,52.5,2.5
2498252.0,50.78924,4.03414,52.5,2.5
2498252.0,51.2437,4.48891,52.5,2.5
2225776.0,51.10398,3.711,52.5,2.5
2498046.0,51.0923,3.53532,52.5,2.5
2498252.0,51.07774,2.82861,52.5,2.5
2498388.0,51.16679,4.34669,52.5,2.5
2020655.0,50.85514,4.74621,52.5,2.5
2479226.0,51.29458,4.48681,52.5,2.5
9751099.0,51.2839,4.40592,52.5,2.5
2479226.0,50.90357,4.76717,52.5,2.5
1311477.0,51.08373,4.39151,52.5,2.5
2479226.0,51.1958,4.4063,52.5,2.5
2153287.0,51.25361,4.08249,52.5,2.5
7820753.0,51.13998,2.68942,52.5,2.5
5232437.0,51.29841,4.3563,52.5,2.5
9752149.0,51.04786,2.62292,52.5,2.5
9752149.0,51.26257,3.13428,52.5,2.5
5232437.0,51.34204,4.33803,52.5,2.5
4372686.0,51.12212,2.63187,52.5,2.5
2149937.0,51.18919,3.19193,52.5,2.5
2436940.0,51.27264,4.19243,52.5,2.5
1311477.0,51.00312,3.75356,52.5,2.5
4989904.0,51.325,4.49548,52.5,2.5
1311477.0,51.18168,4.84203,52.5,2.5
5232437.0,51.29822,4.34559,52.5,2.5
2479226.0,50.8871,4.73072,52.5,2.5
5232437.0,50.83205,4.64079,52.5,2.5
4485843.0,51.08139,4.1271,52.5,2.5
4372686.0,51.15042,2.71329,52.5,2.5
9752149.0,50.96656,3.75641,52.5,2.5
2479226.0,50.82623,4.21217,52.5,2.5
5232452.0,50.84224,3.5867,52.5,2.5
2439261.0,51.19691,2.84692,52.5,2.5
5232437.0,50.90481,3.68303,52.5,2.5
4485843.0,51.11177,4.45757,52.5,2.5
2020655.0,50.89755,4.71678,52.5,2.5
9752149.0,50.83196,3.57412,52.5,2.5
2498252.0,51.08987,5.31898,52.5,7.5
5232437.0,50.95583,5.13143,52.5,7.5
1311477.0,51.08396,4.3916,52.5,2.5
4485843.0,51.20049,4.18668,52.5,2.5
2498252.0,50.9458,5.0092,52.5,7.5
5232437.0,51.0923,3.53532,52.5,2.5
2498252.0,50.84552,3.5851,52.5,2.5
2439261.0,51.18735,3.24393,52.5,2.5
2157203.0,51.06889,3.68917,52.5,2.5
2479226.0,50.86322,4.71329,52.5,2.5
5156102.0,50.87661,3.45592,52.5,2.5
2479226.0,51.17569,4.45428,52.5,2.5
2498252.0,50.98236,4.0098,52.5,2.5
5232452.0,50.95568,5.12988,52.5,7.5
1311477.0,51.01777,3.69758,52.5,2.5
9752149.0,51.3026,3.29908,52.5,2.5
9752149.0,50.98813,3.72204,52.5,2.5
2331942.0,51.22633,2.94354,52.5,2.5
2498036.0,51.03553,3.7188,52.5,2.5
5232437.0,51.29462,4.96285,52.5,2.5
2495414.0,50.87938,4.70013,52.5,2.5
9752149.0,51.05412,2.57962,52.5,2.5
1311477.0,50.88547,5.2463,52.5,7.5
2020655.0,50.89957,4.71761,52.5,2.5
2495414.0,51.23128,2.94822,52.5,2.5
9752149.0,51.36074,4.25164,52.5,2.5
5232437.0,51.29817,4.34565,52.5,2.5
2439261.0,51.11415,4.9162,52.5,2.5
5232437.0,51.30527,4.34394,52.5,2.5
5232437.0,51.22449,3.00169,52.5,2.5
5232437.0,51.2689,4.19177,52.5,2.5
2498252.0,50.96891,5.07833,52.5,7.5
5232437.0,51.12981,4.6195,52.5,2.5
2498252.0,51.05092,4.36998,52.5,2.5
2498388.0,50.93354,4.58212,52.5,2.5
2498344.0,51.06992,3.58446,52.5,2.5
5232437.0,50.83977,3.31806,52.5,2.5
2436940.0,51.14789,2.74103,52.5,2.5
2439261.0,51.16482,4.97032,52.5,2.5
2498252.0,51.34228,4.3384,52.5,2.5
9752149.0,50.92445,4.816,52.5,2.5
2435035.0,50.88048,4.06568,52.5,2.5
5232437.0,51.18568,3.27297,52.5,2.5
2495414.0,50.90154,4.31974,52.5,2.5
1311477.0,50.87221,3.2431,52.5,2.5
9752149.0,50.92738,4.19919,52.5,2.5
2498252.0,50.84173,5.12947,52.5,7.5
2439261.0,50.87542,3.41856,52.5,2.5
1311477.0,50.97411,3.7082,52.5,2.5
2498252.0,50.90295,3.53762,52.5,2.5
5232452.0,50.87974,3.63112,52.5,2.5
2498252.0,51.20838,3.12137,52.5,2.5
2149937.0,50.87672,4.70585,52.5,2.5
2498387.0,50.82964,4.64187,52.5,2.5
2498252.0,51.03833,3.66441,52.5,2.5
9752149.0,51.16986,3.57149,52.5,2.5
1311477.0,51.01788,3.6982,52.5,2.5
2436940.0,50.99959,4.37153,52.5,2.5
2498035.0,51.2919,4.22397,52.5,2.5
9752149.0,50.97426,4.28011,52.5,2.5
5232437.0,50.90739,4.85246,52.5,2.5
2149937.0,50.94777,4.68294,52.5,2.5
2495414.0,50.85524,4.37125,52.5,2.5
2479226.0,51.19744,3.21845,52.5,2.5
5232437.0,50.83974,4.6586,52.5,2.5
2479226.0,50.93986,4.06726,52.5,2.5
2479226.0,50.98231,4.00964,52.5,2.5
2479226.0,50.86626,4.68479,52.5,2.5
5232437.0,51.06692,2.67419,52.5,2.5
1311477.0,51.03721,4.10816,52.5,2.5
8745918.0,51.13252,3.19828,52.5,2.5
2479226.0,50.87959,4.12458,52.5,2.5
1311477.0,50.8996,3.45182,52.5,2.5
1311477.0,50.9298,4.03001,52.5,2.5
2498252.0,51.0923,3.53532,52.5,2.5
2498252.0,50.84673,4.66225,52.5,2.5
5156102.0,51.05486,4.8945,52.5,2.5
2498252.0,51.26308,3.17725,52.5,2.5
5232437.0,51.11543,2.75151,52.5,2.5
4485843.0,50.92291,4.06789,52.5,2.5
1311477.0,50.77346,3.87829,52.5,2.5
2149937.0,50.87673,4.70585,52.5,2.5
2498388.0,50.89799,4.60061,52.5,2.5
2498252.0,51.17148,4.32314,52.5,2.5
5232437.0,50.78172,3.8791,52.5,2.5
1311477.0,50.87774,5.00374,52.5,7.5
9751099.0,51.2279,2.9144,52.5,2.5
9752149.0,50.86623,4.97719,52.5,2.5
7820753.0,51.264,2.99481,52.5,2.5
2498252.0,50.94419,4.53017,52.5,2.5
9752149.0,51.21695,3.87223,52.5,2.5
2498035.0,51.0923,3.53532,52.5,2.5
2498036.0,50.90362,3.67557,52.5,2.5
2495414.0,50.82041,4.3954,52.5,2.5
2439261.0,50.89813,4.70689,52.5,2.5
1311477.0,51.30327,4.50984,52.5,2.5
2020655.0,50.89958,4.7176,52.5,2.5
2498036.0,51.0208,3.94186,52.5,2.5
9752149.0,50.96799,3.70262,52.5,2.5
1311477.0,51.00019,3.71348,52.5,2.5
2495414.0,50.84349,4.43026,52.5,2.5
2153287.0,50.93663,4.32452,52.5,2.5
2498252.0,51.08579,3.32586,52.5,2.5
2149937.0,50.93517,3.67869,52.5,2.5
2498252.0,50.98002,5.07798,52.5,7.5
2479226.0,50.85984,4.86666,52.5,2.5
9752149.0,51.02247,2.77291,52.5,2.5
2479226.0,50.94069,4.82589,52.5,2.5
2479226.0,50.89849,4.7634,52.5,2.5
2479226.0,51.1947,4.40531,52.5,2.5
2439261.0,50.85672,4.52575,52.5,2.5
5232437.0,51.29912,4.3507,52.5,2.5
2498252.0,50.97686,4.17618,52.5,2.5
5156102.0,51.14673,5.40041,52.5,7.5
2498252.0,51.29815,4.34565,52.5,2.5
4372686.0,51.13753,2.67835,52.5,2.5
2498252.0,50.83979,3.31806,52.5,2.5
2498252.0,51.27574,3.30254,52.5,2.5
2498252.0,51.298,4.22867,52.5,2.5
9761484.0,30.458154,-84.337015,32.5,-82.5
2495347.0,27.990282,-81.870235,27.5,-82.5
7341822.0,28.039749,-81.954082,27.5,-82.5
2493801.0,30.459379,-84.322033,32.5,-82.5
2481875.0,30.458957,-84.322092,32.5,-82.5
2478106.0,28.042917,-81.955154,27.5,-82.5
2480873.0,30.459023,-84.322218,32.5,-82.5
5231677.0,30.456615,-84.336755,32.5,-82.5
2482082.0,28.074328,-81.94303,27.5,-82.5
5229205.0,27.990972,-81.87056,27.5,-82.5
2480873.0,30.459047,-84.322155,32.5,-82.5
5232437.0,30.459542,-84.323075,32.5,-82.5
2482507.0,49.020673,-122.805979,47.5,-122.5
2495414.0,49.020673,-122.805979,47.5,-122.5
12248592.0,34.80176,-111.80524,32.5,-112.5
1947980.0,8.621311,-80.139711,7.5,-82.5
1902692.0,8.621311,-80.139711,7.5,-82.5
1948158.0,26.179819,-98.366518,27.5,-97.5
1950052.0,8.621311,-80.139711,7.5,-82.5
5132317.0,26.179819,-98.366518,27.5,-97.5
1950197.0,8.640193,-80.128853,7.5,-82.5
5128005.0,8.640193,-80.128853,7.5,-82.5
4299213.0,26.179819,-98.366518,27.5,-97.5
1901744.0,8.4481,-80.036598,7.5,-82.5
5142436.0,8.640193,-80.128853,7.5,-82.5
1907153.0,26.179819,-98.366518,27.5,-97.5
1895733.0,8.63999,-80.127283,7.5,-82.5
10638244.0,26.179819,-98.366518,27.5,-97.5
1930361.0,20.804663,-105.464931,22.5,-107.5
1950335.0,26.179819,-98.366518,27.5,-97.5
1914433.0,8.63999,-80.127283,7.5,-82.5
1919149.0,26.179819,-98.366518,27.5,-97.5
1943823.0,8.621311,-80.139711,7.5,-82.5
1915339.0,8.640193,-80.128853,7.5,-82.5
1951125.0,26.179819,-98.366518,27.5,-97.5
4301749.0,26.179819,-98.366518,27.5,-97.5
1923505.0,26.179819,-98.366518,27.5,-97.5
1944286.0,20.804663,-105.464931,22.5,-107.5
5715127.0,26.179819,-98.366518,27.5,-97.5
1919947.0,20.804663,-105.464931,22.5,-107.5
1925429.0,26.179819,-98.366518,27.5,-97.5
4300384.0,20.804663,-105.464931,22.5,-107.5
1942416.0,26.179819,-98.366518,27.5,-97.5
1942564.0,20.804663,-105.464931,22.5,-107.5
4300393.0,26.179819,-98.366518,27.5,-97.5
12206386.0,20.804663,-105.464931,22.5,-107.5
1900233.0,26.179819,-98.366518,27.5,-97.5
1945477.0,26.179819,-98.366518,27.5,-97.5
5137819.0,20.804663,-105.464931,22.5,-107.5
1892729.0,26.179819,-98.366518,27.5,-97.5
1945302.0,26.179819,-98.366518,27.5,-97.5
1919128.0,20.802768,-105.464906,22.5,-107.5
1942416.0,20.804663,-105.464931,22.5,-107.5
1919652.0,20.802768,-105.464906,22.5,-107.5
11701883.0,26.179819,-98.366518,27.5,-97.5
1946177.0,20.804663,-105.464931,22.5,-107.5
1919939.0,20.802768,-105.464906,22.5,-107.5
1948521.0,20.804663,-105.464931,22.5,-107.5
4300406.0,20.802768,-105.464906,22.5,-107.5
1930288.0,26.179819,-98.366518,27.5,-97.5
1944004.0,20.804663,-105.464931,22.5,-107.5
1948865.0,20.802768,-105.464906,22.5,-107.5
1950578.0,26.179819,-98.366518,27.5,-97.5
12170988.0,26.179819,-98.366518,27.5,-97.5
1920571.0,20.802768,-105.464906,22.5,-107.5
5142424.0,20.804663,-105.464931,22.5,-107.5
1942416.0,20.802768,-105.464906,22.5,-107.5
12170988.0,20.802768,-105.464906,22.5,-107.5
7661785.0,20.802768,-105.464906,22.5,-107.5
10278292.0,20.802768,-105.464906,22.5,-107.5
5141324.0,20.802768,-105.464906,22.5,-107.5
1944283.0,20.802768,-105.464906,22.5,-107.5
1900233.0,28.7293,-81.874702,27.5,-82.5
11701883.0,28.7293,-81.874702,27.5,-82.5
1944935.0,20.804663,-105.464931,22.5,-107.5
12208168.0,26.179819,-98.366518,27.5,-97.5
1937162.0,20.804663,-105.464931,22.5,-107.5
1944815.0,26.179819,-98.366518,27.5,-97.5
12239491.0,8.845343,-79.854536,7.5,-77.5
1914501.0,20.804663,-105.464931,22.5,-107.5
5133595.0,20.804663,-105.464931,22.5,-107.5
1923505.0,32.8494,-97.489799,32.5,-97.5
1919149.0,20.804663,-105.464931,22.5,-107.5
1932576.0,20.802768,-105.464906,22.5,-107.5
1902676.0,20.802768,-105.464906,22.5,-107.5
12247340.0,20.804663,-105.464931,22.5,-107.5
1949515.0,8.845343,-79.854536,7.5,-77.5
1920691.0,20.804663,-105.464931,22.5,-107.5
1949661.0,20.802768,-105.464906,22.5,-107.5
5130557.0,8.845343,-79.854536,7.5,-77.5
1930288.0,20.802768,-105.464906,22.5,-107.5
5137540.0,20.802768,-105.464906,22.5,-107.5
1951133.0,20.804663,-105.464931,22.5,-107.5
5925238.0,20.802768,-105.464906,22.5,-107.5
1929129.0,20.804663,-105.464931,22.5,-107.5
1937162.0,20.802768,-105.464906,22.5,-107.5
1900872.0,8.845343,-79.854536,7.5,-77.5
5133621.0,20.802768,-105.464906,22.5,-107.5
1909128.0,20.802768,-105.464906,22.5,-107.5
1900872.0,20.804663,-105.464931,22.5,-107.5
1927988.0,20.804663,-105.464931,22.5,-107.5
1948865.0,20.804663,-105.464931,22.5,-107.5
4299213.0,20.804663,-105.464931,22.5,-107.5
1946550.0,20.802768,-105.464906,22.5,-107.5
1944286.0,20.802768,-105.464906,22.5,-107.5
1919653.0,26.139751,-97.173126,27.5,-97.5
1892729.0,20.802768,-105.464906,22.5,-107.5
1919947.0,26.179819,-98.366518,27.5,-97.5
1928215.0,26.179819,-98.366518,27.5,-97.5
5128007.0,8.845343,-79.854536,7.5,-77.5
1900131.0,17.0164615,-96.6931952,17.5,-97.5
4299213.0,8.621311,-80.139711,7.5,-82.5
1924176.0,17.0164615,-96.6931952,17.5,-97.5
5128005.0,20.804663,-105.464931,22.5,-107.5
5131957.0,26.179819,-98.366518,27.5,-97.5
1917830.0,8.621311,-80.139711,7.5,-82.5
1902676.0,26.179819,-98.366518,27.5,-97.5
5128005.0,8.845343,-79.854536,7.5,-77.5
1946901.0,17.0164615,-96.6931952,17.5,-97.5
5133265.0,8.621311,-80.139711,7.5,-82.5
1892729.0,20.804663,-105.464931,22.5,-107.5
9964857.0,8.845343,-79.854536,7.5,-77.5
1942141.0,20.804663,-105.464931,22.5,-107.5
5128034.0,8.845343,-79.854536,7.5,-77.5
1902676.0,20.804663,-105.464931,22.5,-107.5
9478718.0,8.845343,-79.854536,7.5,-77.5
1951083.0,8.845343,-79.854536,7.5,-77.5
1929129.0,20.802768,-105.464906,22.5,-107.5
9392084.0,8.845343,-79.854536,7.5,-77.5
1915193.0,8.4481,-80.036598,7.5,-82.5
1923679.0,26.179819,-98.366518,27.5,-97.5
1914465.0,20.802768,-105.464906,22.5,-107.5
1902676.0,8.845343,-79.854536,7.5,-77.5
4300384.0,26.179819,-98.366518,27.5,-97.5
1930422.0,26.179819,-98.366518,27.5,-97.5
1900233.0,20.802768,-105.464906,22.5,-107.5
5715127.0,8.845343,-79.854536,7.5,-77.5
1922865.0,26.179819,-98.366518,27.5,-97.5
1950876.0,8.664558,-80.201424,7.5,-82.5
1932576.0,26.179819,-98.366518,27.5,-97.5
1946163.0,8.664558,-80.201424,7.5,-82.5
1894329.0,8.845343,-79.854536,7.5,-77.5
4299095.0,26.179819,-98.366518,27.5,-97.5
5129535.0,26.179819,-98.366518,27.5,-97.5
1918968.0,26.179819,-98.366518,27.5,-97.5
1946901.0,26.179819,-98.366518,27.5,-97.5
5133595.0,20.802768,-105.464906,22.5,-107.5
1927988.0,20.802768,-105.464906,22.5,-107.5
5140033.0,20.802768,-105.464906,22.5,-107.5
5128005.0,20.802768,-105.464906,22.5,-107.5
5140033.0,20.804663,-105.464931,22.5,-107.5
1895886.0,20.802768,-105.464906,22.5,-107.5
5133621.0,20.804663,-105.464931,22.5,-107.5
1919652.0,20.804663,-105.464931,22.5,-107.5
5137540.0,20.804663,-105.464931,22.5,-107.5
11701883.0,32.74541,-79.913205,32.5,-77.5
4299071.0,20.804663,-105.464931,22.5,-107.5
12191141.0,8.621311,-80.139711,7.5,-82.5
1900233.0,20.804663,-105.464931,22.5,-107.5
1918280.0,8.621311,-80.139711,7.5,-82.5
1895886.0,20.804663,-105.464931,22.5,-107.5
1900249.0,8.621311,-80.139711,7.5,-82.5
5129251.0,20.804663,-105.464931,22.5,-107.5
1899873.0,8.621311,-80.139711,7.5,-82.5
5141324.0,20.804663,-105.464931,22.5,-107.5
1948888.0,8.621311,-80.139711,7.5,-82.5
1950019.0,20.804663,-105.464931,22.5,-107.5
4299211.0,8.621311,-80.139711,7.5,-82.5
1949661.0,20.804663,-105.464931,22.5,-107.5
1950017.0,20.804663,-105.464931,22.5,-107.5
5350438.0,10.00056,-84.06685,12.5,-82.5
5137817.0,32.338998,-110.982385,32.5,-112.5
1920621.0,32.338998,-110.982385,32.5,-112.5
5140063.0,32.338998,-110.982385,32.5,-112.5
1920192.0,32.338998,-110.982385,32.5,-112.5
5133088.0,32.338998,-110.982385,32.5,-112.5
1936343.0,32.338998,-110.982385,32.5,-112.5
5714299.0,32.338998,-110.982385,32.5,-112.5
5141342.0,30.050126,-99.148571,32.5,-97.5
11701883.0,32.338998,-110.982385,32.5,-112.5
4299368.0,32.338998,-110.982385,32.5,-112.5
1920809.0,30.050126,-99.148571,32.5,-97.5
1920192.0,30.050126,-99.148571,32.5,-97.5
11701883.0,30.050126,-99.148571,32.5,-97.5
1920621.0,30.050126,-99.148571,32.5,-97.5
1950578.0,30.050126,-99.148571,32.5,-97.5
5130696.0,38.114101,-122.600098,37.5,-122.5
5128005.0,9.883196,-85.522816,7.5,-87.5
1904382.0,9.883196,-85.522816,7.5,-87.5
1950017.0,8.364038,-80.273465,7.5,-82.5
1949049.0,8.364038,-80.273465,7.5,-82.5
2484183.0,33.19534,-117.384758,32.5,-117.5
2115787.0,49.133574,-125.908121,47.5,-127.5
2481776.0,26.824508,-80.668194,27.5,-82.5
5229158.0,34.408676,-119.873009,32.5,-117.5
2684487.0,32.616491,-96.984908,32.5,-97.5
2481236.0,26.824508,-80.668194,27.5,-82.5
2531625.0,38.538057,-123.008093,37.5,-122.5
5358748.0,33.712053,-118.284103,32.5,-117.5
9809229.0,49.134057,-123.692009,47.5,-122.5
9476062.0,33.693089,-116.185961,32.5,-117.5
3045818.0,37.394111,-121.812947,37.5,-122.5
2431750.0,37.396658,-121.805425,37.5,-122.5
2431643.0,37.808033,-122.150817,37.5,-122.5
5232446.0,42.355838,-70.959134,42.5,-72.5
5204019.0,34.284966,-118.223639,32.5,-117.5
2489837.0,16.128028,-96.475393,17.5,-97.5
2498305.0,37.521068,-122.248951,37.5,-122.5
7341816.0,48.449697,-123.382035,47.5,-122.5
2490384.0,32.674955,-99.743258,32.5,-97.5
7691015.0,28.718619,-113.482742,27.5,-112.5
2498345.0,38.993545,-77.949633,37.5,-77.5
2078935.0,33.662463,-117.845367,32.5,-117.5
4339144.0,48.501762,-122.69147,47.5,-122.5
6284337.0,35.303145,-120.874222,37.5,-122.5
5855962.0,47.164213,-122.874209,47.5,-122.5
9362842.0,40.584805,-73.995849,42.5,-72.5
5325438.0,17.053474,-97.817187,17.5,-97.5
2404111.0,24.488682,-110.402061,22.5,-112.5
2436940.0,32.533061,-117.019278,32.5,-117.5
3118746.0,36.429879,-114.513598,37.5,-112.5
2437232.0,47.448475,-108.625698,47.5,-107.5
2959443.0,39.302245,-82.266823,37.5,-82.5
2245812.0,18.319704,-64.768553,17.5,-62.5
1898402.0,29.075418,-97.653131,27.5,-97.5
5331779.0,42.335364,-72.184752,42.5,-72.5
2490936.0,37.962431,-122.337235,37.5,-122.5
2498264.0,32.855813,-117.006515,32.5,-117.5
5219681.0,29.984805,-82.762332,27.5,-82.5
2488498.0,25.382141,-101.018859,27.5,-102.5
2490384.0,32.635035,-97.169252,32.5,-97.5
2978335.0,33.617144,-115.993872,32.5,-117.5
2498408.0,36.790949,-98.189638,37.5,-97.5
2482059.0,36.442673,-92.639699,37.5,-92.5
1580499.0,29.924937,-95.401456,27.5,-97.5
5221810.0,10.575175,-83.523478,12.5,-82.5
2256825.0,37.183008,-122.391369,37.5,-122.5
2688227.0,33.763395,-116.555717,32.5,-117.5
3118771.0,33.699249,-118.049251,32.5,-117.5
3168995.0,30.320678,-89.936693,32.5,-87.5
1920192.0,30.430373,-97.789424,32.5,-97.5
2394551.0,28.582414,-81.231917,27.5,-82.5
2490494.0,34.139804,-118.288458,32.5,-117.5
2498257.0,37.529463,-122.26269,37.5,-122.5
9476062.0,20.883025,-86.864508,22.5,-87.5
5219858.0,42.315966,-71.117505,42.5,-72.5
2498265.0,40.944485,-73.139863,42.5,-72.5
6519876.0,36.634747,-121.939842,37.5,-122.5
2888723.0,42.66452,-80.482184,42.5,-82.5
5229158.0,37.765555,-122.282331,37.5,-122.5
9362842.0,33.112985,-116.582007,32.5,-117.5
5275381.0,32.266978,-111.179063,32.5,-112.5
2292070.0,39.453751,-123.81491,37.5,-122.5
4339144.0,47.574908,-122.418608,47.5,-122.5
1898402.0,25.666435,-100.307452,27.5,-102.5
9752617.0,25.817394,-77.933567,27.5,-77.5
5131951.0,26.178625,-98.366464,27.5,-97.5
5364029.0,32.963871,-96.778414,32.5,-97.5
2222079.0,35.289287,-120.883558,37.5,-122.5
9809229.0,31.470034,-97.222352,32.5,-97.5
2984494.0,26.183588,-98.379922,27.5,-97.5
3152820.0,41.048781,-73.862594,42.5,-72.5
2474337.0,26.60248,-80.083791,27.5,-82.5
9630752.0,39.446148,-76.230483,37.5,-77.5
2480830.0,21.888132,-102.264192,22.5,-102.5
2489613.0,31.162528,-85.317069,32.5,-87.5
2496643.0,10.461337,-84.67363,12.5,-82.5
2772254.0,34.20664,-118.389325,32.5,-117.5
3082244.0,49.600405,-117.122222,47.5,-117.5
7341600.0,32.577933,-116.627737,32.5,-117.5
2490716.0,8.522398,-82.425038,7.5,-82.5
2480873.0,20.5136,-86.947722,22.5,-87.5
2441812.0,27.307654,-80.760316,27.5,-82.5
2498329.0,38.585806,-121.419872,37.5,-122.5
1310047.0,19.147782,-96.170749,17.5,-97.5
5051361.0,24.825869,-107.386056,22.5,-107.5
2490941.0,30.321717,-89.936105,32.5,-87.5
2481962.0,49.884893,-125.118881,47.5,-127.5
2882758.0,44.639566,-124.058033,42.5,-122.5
2278769.0,36.1775,-75.748225,37.5,-77.5
2738434.0,16.269817,-86.599525,17.5,-87.5
5229158.0,32.850116,-117.27165,32.5,-117.5
9362842.0,43.100602,-87.90515,42.5,-87.5
6518992.0,37.24694,-122.419742,37.5,-122.5
9362842.0,38.978413,-92.374078,37.5,-92.5
2442828.0,27.8836,-82.809059,27.5,-82.5
2534001.0,37.741988,-122.459655,37.5,-122.5
7542255.0,32.941945,-116.276153,32.5,-117.5
2490384.0,32.765603,-97.286731,32.5,-97.5
2490941.0,35.024594,-91.945111,37.5,-92.5
2650999.0,42.334793,-72.18442,42.5,-72.5
2498343.0,44.216627,-76.518202,42.5,-77.5
10442797.0,35.387418,-120.452197,37.5,-122.5
2203611.0,32.75192,-96.830628,32.5,-97.5
2928186.0,37.20617,-118.241562,37.5,-117.5
9761484.0,42.471595,-71.165733,42.5,-72.5
3084112.0,38.292454,-111.232437,37.5,-112.5
2480881.0,26.477295,-80.142205,27.5,-82.5
2498167.0,39.069737,-108.588748,37.5,-107.5
2480953.0,10.595117,-83.528253,12.5,-82.5
5229681.0,32.85361,-117.005783,32.5,-117.5
3172057.0,9.567613,-83.79998,7.5,-82.5
2927027.0,30.320678,-89.936693,32.5,-87.5
2882593.0,37.048425,-122.1363,37.5,-122.5
1043105.0,24.825869,-107.386056,22.5,-107.5
2488498.0,34.139722,-118.288549,32.5,-117.5
5229155.0,32.796765,-80.196507,32.5,-82.5
9761484.0,33.046381,-96.725044,32.5,-97.5
5232437.0,38.8427,-77.060153,37.5,-77.5
5859645.0,36.542983,-121.933655,37.5,-122.5
5384200.0,33.933974,-112.136992,32.5,-112.5
3084150.0,33.270917,-116.424942,32.5,-117.5
1415014.0,28.937884,-81.222849,27.5,-82.5
8323485.0,43.19275,-77.512803,42.5,-77.5
2302783.0,26.428292,-82.055917,27.5,-82.5
2553625.0,47.011469,-122.86193,47.5,-122.5
2695588.0,29.564446,-98.526665,27.5,-97.5
2484892.0,38.877882,-94.944417,37.5,-92.5
5380041.0,32.799922,-117.221973,32.5,-117.5
2256825.0,37.494938,-122.499017,37.5,-122.5
2256825.0,37.604478,-122.500292,37.5,-122.5
2495370.0,13.566524,-86.465531,12.5,-87.5
2272172.0,33.519622,-117.764488,32.5,-117.5
2289636.0,37.201197,-122.471062,37.5,-122.5
1936337.0,25.996579,-97.567558,27.5,-97.5
2683092.0,49.044558,-123.892033,47.5,-122.5
2498256.0,31.982123,-110.292486,32.5,-112.5
2701311.0,48.325505,-123.639053,47.5,-122.5
5466954.0,37.92691,-122.612884,37.5,-122.5
2433670.0,36.61203,-121.871908,37.5,-122.5
2426756.0,38.388664,-122.717621,37.5,-122.5
9362842.0,43.75468,-79.33288,42.5,-77.5
2431750.0,38.820202,-120.951116,37.5,-122.5
5855962.0,47.570842,-122.412605,47.5,-122.5
1944286.0,26.481879,-81.178253,27.5,-82.5
5387821.0,27.715587,-97.323067,27.5,-97.5
2481745.0,29.691338,-81.471836,27.5,-82.5
2306810.0,35.289206,-120.883594,37.5,-122.5
8096980.0,15.770207,-96.107667,17.5,-97.5
5334240.0,29.582204,-95.4096,27.5,-97.5
2384986.0,24.824782,-80.81616,22.5,-82.5
11376114.0,32.829047,-117.124794,32.5,-117.5
3321446.0,39.077507,-122.780127,37.5,-122.5
9606873.0,49.684124,-112.854318,47.5,-112.5
2492192.0,37.192861,-121.726225,37.5,-122.5
1919656.0,10.544781,-83.503942,12.5,-82.5
5414266.0,28.323237,-81.960913,27.5,-82.5
9761484.0,38.987648,-76.921684,37.5,-77.5
2498250.0,44.463398,-63.619482,42.5,-62.5
3172294.0,36.001263,-83.583905,37.5,-82.5
5295574.0,34.936415,-92.41442,32.5,-92.5
5232437.0,45.586945,-122.762628,47.5,-122.5
9224047.0,40.481135,-79.912308,42.5,-77.5
1027533.0,25.76136,-81.034704,27.5,-82.5
2888307.0,42.387665,-122.199875,42.5,-122.5
9362842.0,35.054654,-89.701242,37.5,-87.5
2441119.0,39.100628,-108.712853,37.5,-107.5
2480873.0,38.586201,-121.420282,37.5,-122.5
3084015.0,30.789686,-92.287617,32.5,-92.5
8177297.0,32.955713,-96.936317,32.5,-97.5
2431944.0,36.138295,-84.770756,37.5,-82.5
5384070.0,34.156888,-116.198391,32.5,-117.5
7362606.0,48.405754,-123.322139,47.5,-122.5
2482077.0,41.239123,-73.827735,42.5,-72.5
9362027.0,39.813675,-104.855244,37.5,-102.5
2273754.0,34.044047,-118.933333,32.5,-117.5
5967442.0,47.523219,-122.395741,47.5,-122.5
2334131.0,40.183987,-111.647392,42.5,-112.5
2482598.0,45.527805,-123.188102,47.5,-122.5
7341822.0,28.489133,-81.375409,27.5,-82.5
1341976.0,27.938792,-81.576225,27.5,-82.5
3084119.0,33.908374,-107.389363,32.5,-107.5
10862036.0,37.906262,-122.260372,37.5,-122.5
5221821.0,10.50084,-84.61257,12.5,-82.5
2957348.0,29.943143,-97.90518,27.5,-97.5
7532642.0,29.63703,-95.660126,27.5,-97.5
2394503.0,35.869805,-78.761725,37.5,-77.5
2498155.0,43.902105,-124.04663,42.5,-122.5
2498155.0,43.920387,-124.030448,42.5,-122.5
8292447.0,32.923472,-117.210922,32.5,-117.5
5371712.0,36.036435,-78.921564,37.5,-77.5
2475472.0,34.090827,-81.412758,32.5,-82.5
2889698.0,42.083667,-104.120785,42.5,-102.5
2291810.0,37.221294,-122.418333,37.5,-122.5
5228199.0,26.404747,-80.09869,27.5,-82.5
9630752.0,30.686258,-97.646048,32.5,-97.5
5035187.0,18.393263,-77.060448,17.5,-77.5
2482598.0,35.904546,-106.311376,37.5,-107.5
3085360.0,41.688217,-71.449352,42.5,-72.5
9389810.0,35.289767,-120.884631,37.5,-122.5
2487887.0,33.874908,-84.600064,32.5,-82.5
5714299.0,27.495425,-81.441156,27.5,-82.5
2300326.0,38.796619,-75.093044,37.5,-77.5
2484597.0,33.932717,-112.693831,32.5,-112.5
5231140.0,40.309345,-74.852662,42.5,-72.5
2157203.0,32.789325,-117.030769,32.5,-117.5
2928238.0,33.711326,-115.806904,32.5,-117.5
2490384.0,43.844616,-78.95986,42.5,-77.5
9606290.0,45.478744,-73.764572,47.5,-72.5
5231140.0,37.461337,-91.689795,37.5,-92.5
2480773.0,27.720779,-82.463893,27.5,-82.5
2489613.0,20.719189,-103.413048,22.5,-102.5
5275102.0,48.860783,-123.695153,47.5,-122.5
9761484.0,49.032918,-122.808565,47.5,-122.5
2482082.0,30.441153,-91.002844,32.5,-92.5
9127230.0,38.617112,-121.311342,37.5,-122.5
8085337.0,45.489497,-122.512316,47.5,-122.5
1425075.0,27.822162,-80.572326,27.5,-82.5
2474393.0,29.563745,-95.122038,27.5,-97.5
9362842.0,48.416538,-123.348975,47.5,-122.5
1341976.0,33.511937,-111.882788,32.5,-112.5
2478259.0,50.234754,-119.345727,52.5,-117.5
2492235.0,20.37448,-103.654763,22.5,-102.5
2498326.0,38.023271,-122.137919,37.5,-122.5
2480953.0,33.69662,-118.046861,32.5,-117.5
2272172.0,37.520839,-122.516747,37.5,-122.5
3084151.0,32.616454,-117.223567,32.5,-117.5
2480953.0,26.137507,-97.174912,27.5,-97.5
7340825.0,39.881109,-83.221178,37.5,-82.5
7376217.0,26.992088,-80.143928,27.5,-82.5
7341805.0,30.684781,-97.64033,32.5,-97.5
2561816.0,38.623145,-121.299146,37.5,-122.5
2424089.0,28.583239,-81.231018,27.5,-82.5
2498264.0,49.217475,-123.207777,47.5,-122.5
5218382.0,34.132328,-93.785055,32.5,-92.5
5830697.0,30.396601,-97.81332,32.5,-97.5
2498343.0,43.236823,-77.521662,42.5,-77.5
2481209.0,37.54159,-122.231317,37.5,-122.5
6519876.0,36.63377,-121.939812,37.5,-122.5
2481130.0,33.344128,-118.321783,32.5,-117.5
2481962.0,44.608076,-63.494481,42.5,-62.5
2291808.0,37.216293,-122.482114,37.5,-122.5
2291808.0,36.960594,-121.96334,37.5,-122.5
2498408.0,37.767345,-122.473305,37.5,-122.5
5295097.0,30.409908,-88.75887,32.5,-87.5
2480894.0,27.709212,-82.681945,27.5,-82.5
2874182.0,17.673015,-101.594833,17.5,-102.5
2480863.0,33.701772,-118.052478,32.5,-117.5
2480894.0,25.917313,-80.133134,27.5,-82.5
2306813.0,48.402714,-123.349783,47.5,-122.5
2272172.0,32.810189,-117.269775,32.5,-117.5
2482507.0,33.457505,-117.67212,32.5,-117.5
7690702.0,43.391253,-91.126528,42.5,-92.5
2480410.0,27.473202,-97.963667,27.5,-97.5
5339488.0,25.71905,-80.149292,27.5,-82.5
3343100.0,39.764117,-121.792178,37.5,-122.5
5339050.0,32.724681,-96.627312,32.5,-97.5
11376114.0,36.98758,-122.047583,37.5,-122.5
2480803.0,28.65588,-80.774035,27.5,-82.5
5229158.0,26.545872,-80.044725,27.5,-82.5
2767087.0,33.105011,-116.474158,32.5,-117.5
2495370.0,30.383838,-97.025877,32.5,-97.5
2431711.0,37.967095,-122.264733,37.5,-122.5
3120060.0,49.227753,-123.065872,47.5,-122.5
2390989.0,20.372648,-86.973841,22.5,-87.5
2484609.0,39.030492,-77.498503,37.5,-77.5
2494324.0,46.747178,-70.33922,47.5,-72.5
2498329.0,40.65482,-74.01699,42.5,-72.5
5370154.0,37.19048,-122.233878,37.5,-122.5
2498408.0,40.788953,-73.960842,42.5,-72.5
8681996.0,32.964855,-96.653393,32.5,-97.5
2478259.0,37.732256,-76.389856,37.5,-77.5
5219683.0,30.41788,-97.758719,32.5,-97.5
9761484.0,33.096814,-96.752214,32.5,-97.5
5284827.0,46.002944,-123.927483,47.5,-122.5
9630752.0,19.43442,-99.055225,17.5,-97.5
2874581.0,28.760583,-81.213653,27.5,-82.5
2705308.0,43.069272,-78.986327,42.5,-77.5
5190458.0,34.357241,-118.150036,32.5,-117.5
2490936.0,37.616514,-120.273818,37.5,-122.5
2440965.0,41.163972,-75.719247,42.5,-77.5
5229662.0,26.749168,-80.682279,27.5,-82.5
2493801.0,28.957205,-96.542248,27.5,-97.5
2490384.0,29.757065,-95.652183,27.5,-97.5
9510564.0,35.330763,-83.177238,37.5,-82.5
2482082.0,28.013493,-82.792376,27.5,-82.5
2422924.0,34.417425,-119.283762,32.5,-117.5
5333391.0,42.187174,-71.408678,42.5,-72.5
2492196.0,32.728621,-117.217241,32.5,-117.5
5788537.0,19.594456,-99.011951,17.5,-97.5
2495370.0,20.963233,-89.576753,22.5,-87.5
2440965.0,52.325737,-113.791379,52.5,-112.5
2483507.0,21.535813,-105.273297,22.5,-107.5
2484597.0,33.208925,-117.347495,32.5,-117.5
5959118.0,28.008889,-82.678528,27.5,-82.5
2480542.0,43.65193,-79.589166,42.5,-77.5
2490810.0,32.604745,-85.458083,32.5,-87.5
10047389.0,38.5394,-123.004156,37.5,-122.5
2050160.0,29.785035,-98.486176,27.5,-97.5
5231140.0,39.083802,-77.406542,37.5,-77.5
2544188.0,32.609467,-96.989894,32.5,-97.5
9149595.0,42.4696,-71.16703,42.5,-72.5
2488485.0,7.797641,-80.248526,7.5,-82.5
3089154.0,32.608097,-96.988717,32.5,-97.5
9761484.0,49.098633,-123.182853,47.5,-122.5
5294595.0,23.677283,-109.69773,22.5,-107.5
3170791.0,34.375699,-118.468203,32.5,-117.5
2431643.0,38.440255,-122.523859,37.5,-122.5
5220027.0,36.522287,-121.96332,37.5,-122.5
2553087.0,35.167513,-93.643395,37.5,-92.5
2480529.0,32.887809,-97.279171,32.5,-97.5
2705081.0,32.795517,-97.133583,32.5,-97.5
3117424.0,48.410863,-123.361548,47.5,-122.5
9761484.0,44.416403,-123.318917,42.5,-122.5
2929892.0,27.991037,-97.806662,27.5,-97.5
7341805.0,37.240147,-121.884265,37.5,-122.5
5230338.0,10.131677,-83.526355,12.5,-82.5
9752617.0,36.954383,-121.73465,37.5,-122.5
3036356.0,53.801941,-123.059159,52.5,-122.5
2482414.0,49.130041,-123.13681,47.5,-122.5
2292465.0,47.812748,-122.385314,47.5,-122.5
2333966.0,47.275395,-122.649925,47.5,-122.5
1538205.0,24.816336,-107.360131,22.5,-107.5
9685907.0,32.556097,-97.512213,32.5,-97.5
2480873.0,30.131346,-85.728149,32.5,-87.5
9752617.0,25.674612,-80.76667,27.5,-82.5
8168319.0,37.78687,-122.449255,37.5,-122.5
2538080.0,29.070239,-81.001319,27.5,-82.5
3321446.0,38.646946,-121.213892,37.5,-122.5
5331779.0,42.336117,-72.183817,42.5,-72.5
7340825.0,36.113665,-78.817576,37.5,-77.5
9149595.0,42.298042,-71.1277,42.5,-72.5
5219681.0,37.535204,-122.252168,37.5,-122.5
4303074.0,37.9815,-122.524353,37.5,-122.5
5229158.0,31.988235,-80.8488,32.5,-82.5
2474393.0,32.85963,-117.007886,32.5,-117.5
5128034.0,26.289159,-98.136395,27.5,-97.5
5145466.0,30.381142,-88.137969,32.5,-87.5
2928263.0,33.61726,-115.992737,32.5,-117.5
2481930.0,16.453194,-85.864028,17.5,-87.5
1920621.0,33.747988,-112.23176,32.5,-112.5
5859645.0,36.637511,-121.929984,37.5,-122.5
9476062.0,16.453122,-85.864396,17.5,-87.5
5228136.0,25.382684,-80.607177,27.5,-82.5
2441370.0,25.382684,-80.607177,27.5,-82.5
2451167.0,18.954731,-99.253552,17.5,-97.5
2278852.0,36.637639,-121.935457,37.5,-122.5
2394491.0,28.580017,-81.23731,27.5,-82.5
2434566.0,26.764166,-80.0507,27.5,-82.5
2435296.0,26.762099,-80.192944,27.5,-82.5
2293579.0,34.031083,-118.6802,32.5,-117.5
2491678.0,45.250042,-74.423266,47.5,-72.5
2478605.0,40.660284,-73.968953,42.5,-72.5
2482507.0,44.239843,-78.412661,42.5,-77.5
2292406.0,36.633738,-121.939803,37.5,-122.5
2498155.0,21.851838,-102.2877,22.5,-102.5
2474953.0,41.868633,-88.190473,42.5,-87.5
4339144.0,37.517336,-122.51442,37.5,-122.5
6519876.0,37.49392,-122.49919,37.5,-122.5
2882506.0,37.404114,-122.260822,37.5,-122.5
2225812.0,36.620558,-121.942345,37.5,-122.5
2424089.0,20.648979,-87.094388,22.5,-87.5
2481930.0,37.645542,-121.898225,37.5,-122.5
1327098.0,29.493589,-95.125245,27.5,-97.5
2222061.0,47.274258,-122.649483,47.5,-122.5
5051460.0,24.815197,-107.35922,22.5,-107.5
9752617.0,31.3349,-94.709799,32.5,-92.5
2482507.0,37.154427,-93.311448,37.5,-92.5
2292449.0,35.28965,-120.884528,37.5,-122.5
5229205.0,26.60285,-80.081339,27.5,-82.5
2482593.0,38.948435,-94.620968,37.5,-92.5
9415596.0,42.34364,-72.611352,42.5,-72.5
2442843.0,26.631595,-80.233605,27.5,-82.5
7282888.0,35.307579,-115.564667,37.5,-117.5
2437988.0,28.584196,-81.165689,27.5,-82.5
2157825.0,30.847517,-98.136597,32.5,-97.5
5844398.0,8.326217,-82.588519,7.5,-82.5
2498246.0,49.019239,-122.805114,47.5,-122.5
2278292.0,33.459883,-117.712455,32.5,-117.5
2481942.0,39.046444,-76.952748,37.5,-77.5
2476674.0,49.385815,-122.875566,47.5,-122.5
2481962.0,44.3941,-73.276803,42.5,-72.5
9362842.0,48.73373,-123.625892,47.5,-122.5
2481794.0,38.647676,-121.714939,37.5,-122.5
5608896.0,33.732937,-115.813988,32.5,-117.5
2427091.0,40.002381,-105.344271,42.5,-107.5
8328112.0,26.347885,-97.758031,27.5,-97.5
8168319.0,38.002931,-122.351713,37.5,-122.5
2292846.0,32.8414,-117.282037,32.5,-117.5
2703077.0,29.821106,-96.109969,27.5,-97.5
2474393.0,40.727262,-111.927425,42.5,-112.5
2487805.0,47.97855,-122.357062,47.5,-122.5
2482593.0,40.658363,-73.963937,42.5,-72.5
2481930.0,28.995394,-82.734553,27.5,-82.5
2882758.0,47.750342,-122.542264,47.5,-122.5
2431505.0,33.45808,-86.721497,32.5,-87.5
9761484.0,40.26788,-75.457564,42.5,-77.5
9046711.0,27.845707,-80.535799,27.5,-82.5
5375388.0,30.353605,-97.698463,32.5,-97.5
3152775.0,30.003119,-98.090822,32.5,-97.5
2498329.0,32.492561,-93.851277,32.5,-92.5
2480803.0,28.05487,-97.033608,27.5,-97.5
6369819.0,26.334602,-80.234644,27.5,-82.5
7341805.0,35.527061,-118.942686,37.5,-117.5
2487805.0,64.886414,-147.805725,62.5,-147.5
5193856.0,33.706228,-118.287006,32.5,-117.5
2847695.0,16.144856,-96.448373,17.5,-97.5
2684171.0,47.664178,-122.419527,47.5,-122.5
2224353.0,35.2897,-120.884072,37.5,-122.5
2302142.0,33.540175,-86.560342,32.5,-87.5
5249958.0,37.813402,-122.178302,37.5,-122.5
2480487.0,49.048236,-123.111688,47.5,-122.5
9630752.0,49.060535,-123.024362,47.5,-122.5
2289644.0,33.58908,-117.868217,32.5,-117.5
2384533.0,17.918426,-76.819945,17.5,-77.5
2226749.0,39.453258,-123.814461,37.5,-122.5
2256826.0,48.501479,-122.691487,47.5,-122.5
3040232.0,38.562778,-76.068528,37.5,-77.5
5188234.0,49.303565,-123.126468,47.5,-122.5
5223349.0,30.710987,-89.077888,32.5,-87.5
2481930.0,30.125543,-95.246525,32.5,-97.5
2498264.0,49.204125,-123.98254,47.5,-122.5
7976718.0,34.094939,-118.718522,32.5,-117.5
2480953.0,16.443263,-85.905727,17.5,-87.5
5863764.0,44.65919,-124.059493,42.5,-122.5
2279084.0,44.659323,-124.059595,42.5,-122.5
2480863.0,25.7788,-80.18615,27.5,-82.5
2928263.0,33.56117,-112.002297,32.5,-112.5
2474941.0,28.437487,-96.912435,27.5,-97.5
2490810.0,36.030948,-84.061175,37.5,-82.5
5232437.0,43.275416,-79.861327,42.5,-77.5
9761484.0,40.784622,-74.105758,42.5,-72.5
2480446.0,37.73415,-97.464972,37.5,-97.5
2498329.0,37.058271,-88.113335,37.5,-87.5
2601169.0,45.502247,-122.847931,47.5,-122.5
9476062.0,14.553445,-90.730055,12.5,-92.5
2369459.0,24.745158,-80.983147,22.5,-82.5
2490384.0,43.777636,-79.370443,42.5,-77.5
2474416.0,26.479791,-80.141749,27.5,-82.5
2482507.0,37.582527,-122.378929,37.5,-122.5
9630752.0,34.404838,-119.694017,32.5,-117.5
9752617.0,25.382684,-80.607177,27.5,-82.5
5228824.0,42.794233,-73.79314,42.5,-72.5
4299213.0,25.230608,-100.046641,27.5,-102.5
2481875.0,30.342505,-88.711503,32.5,-87.5
5274957.0,41.368621,-124.01652,42.5,-122.5
2480830.0,10.496647,-84.593267,12.5,-82.5
5295625.0,30.505344,-89.66447,32.5,-87.5
2695588.0,30.619905,-98.072705,32.5,-97.5
5229662.0,33.227331,-115.522787,32.5,-117.5
9685907.0,38.86971,-95.11482,37.5,-97.5
9809229.0,42.144699,-71.508658,42.5,-72.5
2302634.0,32.814338,-117.274628,32.5,-117.5
2695149.0,27.751325,-80.399162,27.5,-82.5
1918984.0,26.176569,-98.365904,27.5,-97.5
2432063.0,29.637301,-95.660873,27.5,-97.5
5127805.0,26.178003,-98.365494,27.5,-97.5
2482755.0,17.100997,-96.709656,17.5,-97.5
9685907.0,40.556275,-104.959572,42.5,-102.5
2704414.0,41.909631,-88.382912,42.5,-87.5
2481937.0,27.969657,-82.293497,27.5,-82.5
2272172.0,36.532105,-121.925828,37.5,-122.5
9630752.0,26.485492,-80.162198,27.5,-82.5
5231640.0,30.445715,-97.681238,32.5,-97.5
2480327.0,38.145945,-122.43488,37.5,-122.5
2695149.0,27.252656,-82.292747,27.5,-82.5
5231132.0,27.830194,-82.482183,27.5,-82.5
5228514.0,28.584924,-81.357698,27.5,-82.5
3034052.0,30.365096,-87.424473,32.5,-87.5
7341805.0,30.162448,-84.002984,32.5,-82.5
2122225.0,34.197415,-118.401686,32.5,-117.5
6686326.0,29.397895,-98.490188,27.5,-97.5
1048501.0,30.289222,-97.642805,32.5,-97.5
2476852.0,32.761297,-117.245376,32.5,-117.5
2487887.0,35.533855,-88.792501,37.5,-87.5
7244130.0,37.252728,-122.218705,37.5,-122.5
2869311.0,47.026681,-122.881347,47.5,-122.5
2481209.0,33.71101,-118.283293,32.5,-117.5
2481759.0,39.636531,-104.842649,37.5,-102.5
2480873.0,19.350826,-99.120671,17.5,-97.5
8332393.0,33.523144,-112.287472,32.5,-112.5
5371712.0,30.412363,-84.14045,32.5,-82.5
2688584.0,32.315211,-95.454331,32.5,-97.5
2407665.0,30.1811,-85.826883,32.5,-87.5
2498375.0,40.965547,-73.668494,42.5,-72.5
9809229.0,41.853032,-72.759051,42.5,-72.5
2150903.0,39.668453,-95.512915,37.5,-97.5
2481720.0,41.266186,-72.7072,42.5,-72.5
5231640.0,40.939799,-80.645202,42.5,-82.5
1316908.0,37.400997,-122.098586,37.5,-122.5
2482032.0,20.904644,-104.005912,22.5,-102.5
2498161.0,33.468091,-81.915048,32.5,-82.5
5231640.0,40.677329,-111.91378,42.5,-112.5
9149595.0,44.384738,-73.254342,42.5,-72.5
3635486.0,9.545055,-83.813447,7.5,-82.5
2481134.0,26.613431,-80.036673,27.5,-82.5
2480726.0,32.783662,-117.249473,32.5,-117.5
2888304.0,42.538345,-71.426837,42.5,-72.5
2495414.0,40.622747,-82.511465,42.5,-82.5
2536891.0,36.599598,-121.873924,37.5,-122.5
3086528.0,24.952403,-80.593025,22.5,-82.5
9362842.0,45.374622,-122.651172,47.5,-122.5
2498338.0,38.440003,-76.126083,37.5,-77.5
2431750.0,37.338854,-121.878714,37.5,-122.5
1943962.0,24.825869,-107.386056,22.5,-107.5
2484605.0,51.139495,-114.331036,52.5,-112.5
5137540.0,24.825869,-107.386056,22.5,-107.5
2494324.0,44.378266,-64.339554,42.5,-62.5
8763701.0,26.050329,-81.701917,27.5,-82.5
2482593.0,43.067607,-77.574832,42.5,-77.5
2483606.0,25.53315,-80.343658,27.5,-82.5
8293722.0,38.004711,-122.678122,37.5,-122.5
2498408.0,38.987649,-76.922087,37.5,-77.5
2226672.0,37.495319,-122.496117,37.5,-122.5
2482755.0,8.93128,-79.544397,7.5,-77.5
2480863.0,33.42163,-112.076339,32.5,-112.5
2882838.0,37.901097,-122.579489,37.5,-122.5
7531611.0,34.431113,-119.892905,32.5,-117.5
3321446.0,33.683295,-117.662326,32.5,-117.5
8365087.0,47.846257,-122.048823,47.5,-122.5
2495347.0,44.482152,-77.496765,42.5,-77.5
2483606.0,36.482728,-94.456806,37.5,-92.5
5284982.0,39.790378,-77.240541,37.5,-77.5
2889887.0,36.073811,-79.006278,37.5,-77.5
9510564.0,49.168617,-123.192663,47.5,-122.5
2436194.0,38.564478,-121.3945,37.5,-122.5
2490936.0,37.184317,-121.782656,37.5,-122.5
8014872.0,29.536013,-98.64708,27.5,-97.5
2498393.0,28.112801,-97.025994,27.5,-97.5
9761484.0,40.742591,-73.938574,42.5,-72.5
1722299.0,17.98161,-66.013245,17.5,-67.5
3152378.0,33.735114,-117.82879,32.5,-117.5
2498326.0,41.785746,-87.581396,42.5,-87.5
2888323.0,42.482902,-71.322963,42.5,-72.5
2393924.0,15.953718,-61.708925,17.5,-62.5
12180041.0,26.179835,-98.366493,27.5,-97.5
2182727.0,30.788121,-92.269982,32.5,-92.5
2927016.0,32.949546,-117.033928,32.5,-117.5
2493843.0,47.947024,-122.296471,47.5,-122.5
7341805.0,19.812639,-99.860817,17.5,-97.5
2333966.0,35.240217,-120.827997,37.5,-122.5
2442665.0,26.486287,-80.161789,27.5,-82.5
2429135.0,10.331142,-84.583053,12.5,-82.5
3196088.0,37.78633,-122.508208,37.5,-122.5
2436910.0,33.875655,-117.399521,32.5,-117.5
2285680.0,37.83181,-122.54043,37.5,-122.5
5137540.0,24.81648,-107.360475,22.5,-107.5
2484133.0,28.087736,-81.827081,27.5,-82.5
3172138.0,27.672325,-97.350357,27.5,-97.5
2292167.0,33.554613,-117.855354,32.5,-117.5
8214667.0,49.210868,-123.161987,47.5,-122.5
2498338.0,38.910309,-76.468686,37.5,-77.5
5337460.0,26.332933,-81.727525,27.5,-82.5
2481798.0,18.442372,-65.957213,17.5,-67.5
9362842.0,46.366128,-95.790147,47.5,-97.5
2703267.0,38.37882,-81.736572,37.5,-82.5
5189153.0,44.660526,-124.059853,42.5,-122.5
2434271.0,18.02323,-76.749162,17.5,-77.5
2487844.0,38.424763,-76.480682,37.5,-77.5
9127230.0,38.123967,-122.55303,37.5,-122.5
2490941.0,39.23562,-84.321397,37.5,-82.5
5450507.0,37.902711,-122.258549,37.5,-122.5
8169649.0,33.365651,-97.012133,32.5,-97.5
3084150.0,32.94162,-116.276297,32.5,-117.5
11344814.0,29.504625,-98.721698,27.5,-97.5
7288259.0,19.51247,-99.117133,17.5,-97.5
2149064.0,30.467037,-101.797333,32.5,-102.5
9362842.0,42.452737,-88.175372,42.5,-87.5
2926986.0,34.039366,-117.426149,32.5,-117.5
2498408.0,39.967762,-75.184953,37.5,-77.5
5231138.0,39.339204,-121.341036,37.5,-122.5
2720171.0,42.376562,-71.323508,42.5,-72.5
2930137.0,33.241774,-97.149302,32.5,-97.5
9656686.0,31.774943,-116.568109,32.5,-117.5
11044546.0,34.320693,-119.377772,32.5,-117.5
2219867.0,62.883356,-113.205003,62.5,-112.5
2481748.0,28.908313,-82.691413,27.5,-82.5
9485490.0,34.011074,-116.097894,32.5,-117.5
2498338.0,38.590702,-121.669924,37.5,-122.5
2483647.0,33.673464,-111.861402,32.5,-112.5
3461069.0,42.453772,-71.11148,42.5,-72.5
2482082.0,26.479193,-80.14254,27.5,-82.5
9537647.0,39.084092,-108.613986,37.5,-107.5
5209188.0,19.302599,-87.620442,17.5,-87.5
5387821.0,28.308048,-96.8041,27.5,-97.5
1428276.0,32.281679,-110.732322,32.5,-112.5
2498265.0,43.398674,-79.702354,42.5,-77.5
2706080.0,30.320678,-89.936693,32.5,-87.5
2693680.0,17.193606,-94.002042,17.5,-92.5
2694672.0,28.580341,-81.236405,27.5,-82.5
2694672.0,26.611592,-81.918404,27.5,-82.5
8332393.0,34.773368,-82.351872,32.5,-82.5
2537876.0,47.855445,-122.059534,47.5,-122.5
5384200.0,34.186621,-112.166905,32.5,-112.5
2256847.0,36.95662,-121.970208,37.5,-122.5
2481205.0,42.77754,-112.87605,42.5,-112.5
2495347.0,34.091333,-118.195648,32.5,-117.5
9930225.0,49.098379,-122.677876,47.5,-122.5
2279084.0,33.605408,-117.886025,32.5,-117.5
9362027.0,49.012632,-122.452076,47.5,-122.5
9579730.0,30.411822,-97.648781,32.5,-97.5
4388391.0,9.800892,-83.8545,7.5,-82.5
2489613.0,29.10019,-82.43285,27.5,-82.5
4408523.0,44.619176,-124.045165,42.5,-122.5
9752617.0,29.686608,-81.474789,27.5,-82.5
2684818.0,36.069195,-112.089783,37.5,-112.5
11701883.0,30.775013,-96.301253,32.5,-97.5
2441370.0,26.126589,-97.952917,27.5,-97.5
2113807.0,32.907422,-117.25622,32.5,-117.5
2928825.0,30.309028,-115.816092,32.5,-117.5
2256825.0,34.004083,-118.803615,32.5,-117.5
2651088.0,37.404778,-122.265533,37.5,-122.5
2482077.0,26.428537,-82.087326,27.5,-82.5
2482077.0,31.373503,-94.728227,32.5,-92.5
9409198.0,29.687301,-81.471746,27.5,-82.5
5129481.0,17.671666,-101.602802,17.5,-102.5
2306813.0,48.422537,-122.817542,47.5,-122.5
9485490.0,33.888592,-116.679778,32.5,-117.5
4848480.0,44.48758,-81.388258,42.5,-82.5
2478081.0,21.888291,-102.264278,22.5,-102.5
2483647.0,33.725438,-116.227385,32.5,-117.5
2964234.0,33.451256,-111.63098,32.5,-112.5
2487805.0,41.826203,-75.637086,42.5,-77.5
5285777.0,27.53117,-81.408188,27.5,-82.5
5353583.0,42.17332,-83.654228,42.5,-82.5
5229158.0,33.60673,-117.912408,32.5,-117.5
2008843.0,30.612785,-88.177559,32.5,-87.5
1949451.0,26.179698,-98.365725,27.5,-97.5
5308378.0,34.937456,-92.410426,32.5,-92.5
5219683.0,43.453208,-91.146555,42.5,-92.5
2490941.0,35.087139,-106.675644,37.5,-107.5
9409198.0,25.896481,-97.491721,27.5,-97.5
2484133.0,26.131208,-80.1035,27.5,-82.5
9630752.0,35.111103,-85.178998,37.5,-87.5
9362842.0,44.482117,-77.49682,42.5,-77.5
3343018.0,37.850001,-122.19603,37.5,-122.5
5231140.0,32.870877,-96.960196,32.5,-97.5
2256847.0,47.57217,-122.413313,47.5,-122.5
2222079.0,47.57217,-122.413313,47.5,-122.5
1898402.0,28.074026,-97.041326,27.5,-97.5
2534537.0,32.755888,-117.117225,32.5,-117.5
2482755.0,20.702177,-103.382837,22.5,-102.5
9537647.0,41.507612,-112.06903,42.5,-112.5
9581438.0,45.604667,-62.642182,47.5,-62.5
5231138.0,36.601067,-121.842943,37.5,-122.5
2394505.0,30.509497,-95.09131,32.5,-97.5
2483606.0,29.549345,-98.764703,27.5,-97.5
2292105.0,35.289706,-120.884347,37.5,-122.5
1540826.0,34.672142,-120.412605,32.5,-122.5
2487844.0,31.58228,-96.067939,32.5,-97.5
7341805.0,37.5784,-122.337635,37.5,-122.5
9127230.0,37.770287,-122.1286,37.5,-122.5
2480102.0,27.243495,-82.509573,27.5,-82.5
5132398.0,28.225637,-80.763178,27.5,-82.5
3951581.0,18.686682,-88.665321,17.5,-87.5
2480863.0,17.657525,-101.588517,17.5,-102.5
2273754.0,37.495172,-122.498487,37.5,-122.5
7804446.0,44.666775,-72.375458,42.5,-72.5
5772169.0,30.41788,-97.758719,32.5,-97.5
2480529.0,39.72694,-76.702372,37.5,-77.5
8959883.0,27.832766,-101.061813,27.5,-102.5
7280334.0,15.767413,-96.10706,17.5,-97.5
5231132.0,32.278987,-110.854999,32.5,-112.5
5285637.0,44.99028,-93.325739,42.5,-92.5
9149595.0,42.471608,-71.167572,42.5,-72.5
5232437.0,41.738726,-88.190517,42.5,-87.5
5231190.0,27.943415,-82.444715,27.5,-82.5
9752617.0,26.940967,-80.083391,27.5,-82.5
2544114.0,37.92342,-122.289215,37.5,-122.5
5364029.0,32.961863,-96.652882,32.5,-97.5
7341805.0,32.999422,-117.233505,32.5,-117.5
9752617.0,25.736488,-80.573508,27.5,-82.5
2498155.0,31.656077,-110.448527,32.5,-112.5
2476674.0,33.090625,-117.282852,32.5,-117.5
5359945.0,33.382892,-111.318755,32.5,-112.5
1894342.0,30.61926,-98.074532,32.5,-97.5
5231140.0,40.306265,-75.18447,42.5,-77.5
5243566.0,49.201197,-124.093147,47.5,-122.5
5231677.0,30.41788,-97.758719,32.5,-97.5
3053543.0,36.434879,-117.43579,37.5,-117.5
2487805.0,44.330875,-122.834747,42.5,-122.5
2490384.0,43.78091,-79.387479,42.5,-77.5
7341805.0,29.737459,-91.172495,27.5,-92.5
9761484.0,34.776598,-82.35481,32.5,-82.5
6066824.0,40.958085,-112.214557,42.5,-112.5
9520263.0,10.3434,-85.341912,12.5,-87.5
5376075.0,39.215755,-76.900383,37.5,-77.5
2490384.0,40.446526,-79.895975,42.5,-77.5
2964695.0,34.234938,-111.300942,32.5,-112.5
2490384.0,39.668228,-95.512601,37.5,-97.5
8323485.0,47.929436,-122.279938,47.5,-122.5
5274957.0,49.180233,-122.763375,47.5,-122.5
5231640.0,42.785012,-71.616957,42.5,-72.5
2381337.0,26.336769,-80.073159,27.5,-82.5
2498155.0,33.511671,-80.26802,32.5,-82.5
2476948.0,10.309171,-84.796195,12.5,-82.5
2498326.0,39.654261,-106.619536,37.5,-107.5
2295768.0,45.388467,-122.836978,47.5,-122.5
2498345.0,47.02596,-122.91051,47.5,-122.5
2878674.0,34.128583,-118.823963,32.5,-117.5
2476674.0,48.411404,-123.3265,47.5,-122.5
9362842.0,39.924565,-75.388087,37.5,-77.5
2487805.0,48.488168,-122.613315,47.5,-122.5
2478259.0,45.456025,-123.121116,47.5,-122.5
9685907.0,26.674671,-80.671876,27.5,-82.5
2498326.0,40.101003,-105.191217,42.5,-107.5
5231640.0,42.449565,-71.155474,42.5,-72.5
2498017.0,40.582332,-73.994354,42.5,-72.5
2480446.0,38.608239,-121.084246,37.5,-122.5
2495347.0,35.915613,-85.437603,37.5,-87.5
2882654.0,39.924563,-74.348242,37.5,-72.5
3107698.0,19.313553,-99.307412,17.5,-97.5
2291967.0,38.250752,-122.965277,37.5,-122.5
2481962.0,34.405652,-119.901456,32.5,-117.5
2273754.0,47.149017,-124.19462,47.5,-122.5
9752149.0,45.698242,-111.022799,47.5,-112.5
5209308.0,36.605613,-121.960197,37.5,-122.5
2482033.0,32.774616,-117.211423,32.5,-117.5
3032655.0,36.289957,-87.088231,37.5,-87.5
2482033.0,33.75782,-118.190878,32.5,-117.5
2498112.0,45.390087,-75.678158,47.5,-77.5
5959233.0,10.033363,-83.509436,12.5,-82.5
2278852.0,33.555415,-117.949005,32.5,-117.5
5229247.0,32.651568,-97.468805,32.5,-97.5
2498155.0,32.801655,-97.068141,32.5,-97.5
5859645.0,37.123885,-122.23792,37.5,-122.5
5914287.0,30.296114,-97.73297,32.5,-97.5
2488484.0,19.207073,-100.124042,17.5,-102.5
8225325.0,38.678759,-82.178725,37.5,-82.5
6284372.0,34.20848,-118.168741,32.5,-117.5
7525188.0,33.536491,-112.009533,32.5,-112.5
1311693.0,30.639661,-81.44199,32.5,-82.5
2487413.0,25.18581,-80.874268,27.5,-82.5
9752617.0,25.744047,-80.760772,27.5,-82.5
2007764.0,19.287099,-99.127046,17.5,-97.5
11701883.0,30.289295,-97.64287,32.5,-97.5
2868323.0,28.078578,-81.81952,27.5,-82.5
5229903.0,26.514992,-99.115712,27.5,-97.5
1929129.0,29.40698,-98.493872,27.5,-97.5
2928783.0,34.053639,-118.561928,32.5,-117.5
9685907.0,39.734592,-76.636812,37.5,-77.5
2478133.0,34.148341,-118.148845,32.5,-117.5
1920809.0,29.0751,-97.653539,27.5,-97.5
2498155.0,33.012419,-117.27488,32.5,-117.5
3084143.0,28.672238,-106.162208,27.5,-107.5
9149595.0,41.89395,-72.634214,42.5,-72.5
2480529.0,39.07396,-77.496822,37.5,-77.5
5231677.0,25.381816,-101.00121,27.5,-102.5
9485490.0,34.046008,-117.42095,32.5,-117.5
2480410.0,33.542265,-111.617068,32.5,-112.5
9605163.0,31.215799,-85.444322,32.5,-87.5
2498252.0,29.361987,-98.469959,27.5,-97.5
7944027.0,19.278441,-81.249274,17.5,-82.5
2393918.0,19.310304,-87.705091,17.5,-87.5
2481695.0,34.151608,-93.761397,32.5,-92.5
2482593.0,43.627567,-80.145522,42.5,-82.5
5219681.0,40.57967,-73.993973,42.5,-72.5
5007632.0,38.802708,-120.892342,37.5,-122.5
2226672.0,37.520004,-122.515404,37.5,-122.5
2474393.0,34.193813,-110.006081,32.5,-112.5
5858758.0,33.126584,-117.307242,32.5,-117.5
2495347.0,43.192753,-77.512763,42.5,-77.5
5189153.0,44.659703,-124.059578,42.5,-122.5
2487825.0,51.008912,-114.216726,52.5,-112.5
5228199.0,37.669947,-121.850862,37.5,-122.5
5188947.0,28.317627,-80.610191,27.5,-82.5
2498352.0,38.322444,-75.084783,37.5,-77.5
9752149.0,49.079018,-111.641393,47.5,-112.5
2440965.0,35.5779,-78.620517,37.5,-77.5
2381293.0,26.33966,-80.072204,27.5,-82.5
2481875.0,33.843705,-117.749642,32.5,-117.5
2431750.0,37.934431,-122.799519,37.5,-122.5
2481937.0,29.691147,-81.473814,27.5,-82.5
2478779.0,10.431388,-84.005614,12.5,-82.5
8542531.0,39.308894,-123.810158,37.5,-122.5
3678220.0,24.815415,-107.359318,22.5,-107.5
5668489.0,-22.88725,-48.490417,-22.5,-47.5
1902111.0,-31.549801,-61.070202,-32.5,-62.5
1935346.0,-31.549801,-61.070202,-32.5,-62.5
11701883.0,-31.549801,-61.070202,-32.5,-62.5
5130548.0,-31.549801,-61.070202,-32.5,-62.5
1950654.0,-31.549801,-61.070202,-32.5,-62.5
5142436.0,-31.549801,-61.070202,-32.5,-62.5
1920611.0,-31.549801,-61.070202,-32.5,-62.5
11729494.0,-31.549801,-61.070202,-32.5,-62.5
5137588.0,-31.549801,-61.070202,-32.5,-62.5
1896749.0,5.160025,-52.667319,7.5,-52.5
1949451.0,-31.549801,-61.070202,-32.5,-62.5
5140033.0,-31.549801,-61.070202,-32.5,-62.5
5294777.0,-2.704655,-42.872883,-2.5,-42.5
3169756.0,-36.540436,-56.690793,-37.5,-57.5
1114246.0,-37.780433,-57.46931,-37.5,-57.5
5116246.0,11.229731,-60.700093,12.5,-62.5
5137859.0,-38.091489,-61.933596,-37.5,-62.5
1429000.0,-34.591344,-58.56259,-32.5,-57.5
1309846.0,-34.670187,-58.655129,-32.5,-57.5
1901533.0,-20.522878,-41.861437,-22.5,-42.5
2928783.0,-0.065744,-78.463886,-2.5,-77.5
2481515.0,-54.992597,-68.232475,-52.5,-67.5
2481923.0,-26.306104,-49.15554,-27.5,-47.5
3108356.0,-54.830538,-68.56388,-52.5,-67.5
7279161.0,-34.492568,-58.480276,-32.5,-57.5
9210637.0,-31.538014,-61.068658,-32.5,-62.5
1048383.0,-31.535011,-61.06245,-32.5,-62.5
4989904.0,-41.0619,-71.563486,-42.5,-72.5
5338405.0,-31.297084,-57.951815,-32.5,-57.5
2490217.0,5.195765,-52.910263,7.5,-52.5
5229146.0,-38.734936,-72.637394,-37.5,-72.5
7475242.0,-50.952133,-72.922478,-52.5,-72.5
2481173.0,-30.193992,-71.431121,-32.5,-72.5
2476077.0,5.160215,-52.629563,7.5,-52.5
11701883.0,-34.583417,-58.417031,-32.5,-57.5
7274344.0,-36.746533,-72.966809,-37.5,-72.5
5229662.0,-15.737629,-47.864714,-17.5,-47.5
2489133.0,-3.948746,-38.276104,-2.5,-37.5
1342364.0,-33.053972,-71.433058,-32.5,-72.5
6272749.0,-29.014131,-49.444587,-27.5,-47.5
4300406.0,-29.014141,-49.444587,-27.5,-47.5
5714302.0,-29.274047,-59.602314,-27.5,-57.5
1902114.0,-22.068455,-45.539867,-22.5,-47.5
5846430.0,-12.128703,-77.036823,-12.5,-77.5
2427994.0,-24.362855,-47.030405,-22.5,-47.5
2482934.0,-29.614026,-53.952447,-27.5,-52.5
2433536.0,-25.665877,-54.442293,-27.5,-52.5
9305555.0,-34.413876,-58.918728,-32.5,-57.5
4989894.0,-31.538414,-61.067094,-32.5,-62.5
4013639.0,0.100243,-78.626471,2.5,-77.5
3795588.0,-34.538547,-58.443664,-32.5,-57.5
9685907.0,-26.540677,-48.870016,-27.5,-47.5
2178718.0,-26.012161,-48.601323,-27.5,-47.5
4025976.0,-28.046272,-49.519303,-27.5,-47.5
2482755.0,-26.935666,-48.974629,-27.5,-47.5
2479115.0,-19.757292,-42.635216,-17.5,-42.5
1886374.0,9.449021,-70.377429,7.5,-72.5
5051382.0,-31.926599,-64.591785,-32.5,-62.5
7335525.0,-40.99562,-72.914803,-42.5,-72.5
1429025.0,-31.543519,-61.057419,-32.5,-62.5
2485123.0,-34.412548,-58.915812,-32.5,-57.5
5229662.0,-22.815775,-47.230797,-22.5,-47.5
2150319.0,-23.33511,-46.620153,-22.5,-47.5
3660323.0,-33.414075,-70.568175,-32.5,-72.5
2496211.0,-11.901525,-76.664159,-12.5,-77.5
5242510.0,4.303456,-74.425561,2.5,-72.5
3112455.0,-34.973556,-54.951575,-32.5,-52.5
2480951.0,-34.539515,-58.440972,-32.5,-57.5
1714461.0,0.172158,-78.935557,2.5,-77.5
1543378.0,-25.38717,-48.977958,-27.5,-47.5
2488566.0,5.195123,-52.910123,7.5,-52.5
1314146.0,-21.07837,-41.509003,-22.5,-42.5
8346347.0,-15.737629,-47.864714,-17.5,-47.5
9399113.0,-34.608514,-58.358515,-32.5,-57.5
2480970.0,-32.547668,-71.470555,-32.5,-72.5
5231686.0,-3.645647,-80.611404,-2.5,-82.5
2481240.0,-22.986174,-43.68603,-22.5,-42.5
10136799.0,-22.897125,-42.02763,-22.5,-42.5
2928792.0,-32.852105,-70.864608,-32.5,-72.5
2491330.0,-26.447164,-49.161442,-27.5,-47.5
5128011.0,-29.608808,-53.956931,-27.5,-52.5
2840989.0,-34.911418,-55.044291,-32.5,-57.5
2495888.0,-19.530617,-44.125869,-17.5,-42.5
10782364.0,-24.410177,-47.830881,-22.5,-47.5
2483647.0,-37.736405,-57.442724,-37.5,-57.5
1927996.0,-9.747326,-35.826135,-7.5,-37.5
2490726.0,-23.185974,-46.445832,-22.5,-47.5
2484271.0,-34.488786,-58.480459,-32.5,-57.5
5219706.0,-20.364368,-40.336379,-22.5,-42.5
2493744.0,-22.458767,-43.218572,-22.5,-42.5
1425566.0,-40.765548,-72.626984,-42.5,-72.5
2483242.0,-26.440135,-49.167626,-27.5,-47.5
5218774.0,-29.622156,-71.289902,-27.5,-72.5
5392252.0,-35.086269,-57.519703,-37.5,-57.5
7313548.0,-23.208287,-46.966167,-22.5,-47.5
4013487.0,4.319097,-74.366511,2.5,-72.5
5380041.0,-0.966062,-80.720932,-2.5,-82.5
7296797.0,-39.693322,-73.114272,-37.5,-72.5
5361785.0,-33.4174,-70.601484,-32.5,-72.5
5170659.0,-34.420004,-58.573366,-32.5,-57.5
1909019.0,-29.615207,-53.690451,-27.5,-52.5
2932030.0,5.073128,-75.43757,7.5,-77.5
2928783.0,-31.434167,-64.164592,-32.5,-62.5
2488352.0,-22.322885,-44.530819,-22.5,-42.5
1106608.0,-23.61243,-46.651418,-22.5,-47.5
1828985.0,-39.794126,-73.214655,-37.5,-72.5
9622955.0,-29.703487,-53.590163,-27.5,-52.5
3587090.0,-21.769328,-46.579995,-22.5,-47.5
7336545.0,-33.289058,-70.308237,-32.5,-72.5
2441056.0,-12.046574,-77.043089,-12.5,-77.5
7878891.0,-29.696191,-51.481249,-27.5,-52.5
5217965.0,-23.459559,-45.061319,-22.5,-47.5
5301960.0,5.064986,-75.59178,7.5,-77.5
9072828.0,-34.826305,-58.589596,-32.5,-57.5
2497240.0,-34.396293,-58.900121,-32.5,-57.5
2484217.0,-18.920813,-54.866397,-17.5,-52.5
2480571.0,-3.786033,-80.374963,-2.5,-82.5
2423479.0,-29.544334,-71.312294,-27.5,-72.5
2434814.0,-34.539045,-58.441095,-32.5,-57.5
3140490.0,-31.171579,-64.342806,-32.5,-62.5
5228831.0,3.714083,-73.703795,2.5,-72.5
2468048.0,-12.32217,-73.943398,-12.5,-72.5
2171112.0,-34.870392,-58.080528,-32.5,-57.5
4598737.0,-22.354872,-43.092878,-22.5,-42.5
2157242.0,-24.789038,-65.427758,-22.5,-67.5
2159357.0,-23.545488,-46.731397,-22.5,-47.5
2480975.0,-23.00749,-44.312414,-22.5,-42.5
2491862.0,-20.409598,-41.052352,-22.5,-42.5
2971095.0,-34.86793,-58.071433,-32.5,-57.5
2477599.0,-18.80027,-41.896194,-17.5,-42.5
2480869.0,-34.615074,-58.354359,-32.5,-57.5
4161154.0,-7.220903,-35.913469,-7.5,-37.5
5228474.0,5.043752,-75.445926,7.5,-77.5
3125184.0,-34.870269,-58.076507,-32.5,-57.5
2480552.0,-29.546451,-71.307712,-27.5,-72.5
9512459.0,-0.487808,-90.280512,-2.5,-92.5
8264893.0,-27.577588,-48.518784,-27.5,-47.5
2018818.0,-23.648221,-46.617371,-22.5,-47.5
9784990.0,12.500522,-70.02893,12.5,-72.5
2874200.0,-17.754103,-63.194118,-17.5,-62.5
2488524.0,-18.921167,-54.865933,-17.5,-52.5
4191601.0,-36.749009,-72.966186,-37.5,-72.5
5231103.0,-11.775292,-75.500073,-12.5,-77.5
5365717.0,-36.815647,-73.067886,-37.5,-72.5
2479529.0,-29.613079,-71.28484,-27.5,-72.5
2480812.0,-34.492548,-58.47958,-32.5,-57.5
5844398.0,-31.535425,-61.062761,-32.5,-62.5
1816585.0,-29.613683,-53.69082,-27.5,-52.5
5133621.0,-29.598044,-53.713646,-27.5,-52.5
2480863.0,-39.339705,-72.092475,-37.5,-72.5
11701883.0,-23.40968,-47.35743,-22.5,-47.5
2486429.0,-6.45116,-76.291593,-7.5,-77.5
2482671.0,-20.364368,-40.336379,-22.5,-42.5
2428497.0,-1.401046,-78.066277,-2.5,-77.5
8332393.0,6.147597,-75.398947,7.5,-77.5
2928755.0,12.271605,-69.120605,12.5,-67.5
2753768.0,-35.434687,-71.126542,-37.5,-72.5
2486493.0,-33.415442,-70.613935,-32.5,-72.5
4178220.0,-35.84978,-71.041401,-37.5,-72.5
2385282.0,12.518025,-70.037582,12.5,-72.5
5229128.0,-30.280776,-71.504703,-32.5,-72.5
5791664.0,-34.476205,-58.536566,-32.5,-57.5
1892736.0,-34.674499,-58.664244,-32.5,-57.5
11008739.0,-21.774593,-48.171892,-22.5,-47.5
5227370.0,-33.949776,-58.362066,-32.5,-57.5
2497240.0,-6.798772,-43.022495,-7.5,-42.5
1195415.0,-29.013916,-49.444871,-27.5,-47.5
9685907.0,-31.771694,-52.3417,-32.5,-52.5
2932030.0,5.073239,-75.437645,7.5,-77.5
4055708.0,-0.133158,-78.418657,-2.5,-77.5
7284733.0,12.078122,-68.868272,12.5,-67.5
5786666.0,-27.581641,-48.508427,-27.5,-47.5
5178716.0,-8.50726,-34.998692,-7.5,-32.5
2482560.0,-27.076577,-48.884767,-27.5,-47.5
7978544.0,-29.954811,-71.254427,-27.5,-72.5
2159317.0,-33.753098,-61.900393,-32.5,-62.5
2484099.0,-22.330227,-44.532163,-22.5,-42.5
2482755.0,-34.492914,-58.479029,-32.5,-57.5
5651082.0,-34.80327,-70.743872,-32.5,-72.5
5231685.0,-34.252436,-71.727976,-32.5,-72.5
5959210.0,-22.693911,-43.919293,-22.5,-42.5
6271573.0,-22.928412,-42.583582,-22.5,-42.5
2490752.0,-25.1718,-57.4809,-27.5,-57.5
1997965.0,-36.268969,-61.047959,-37.5,-62.5
9508460.0,-39.16261,-67.106651,-37.5,-67.5
5959222.0,-16.42532,-56.670115,-17.5,-57.5
2158546.0,-23.58356,-46.47881,-22.5,-47.5
1249184.0,-26.151606,-48.716967,-27.5,-47.5
9952544.0,-39.727626,-71.601043,-37.5,-72.5
1439318.0,-25.387188,-48.978108,-27.5,-47.5
5229568.0,-20.364368,-40.336379,-22.5,-42.5
5229845.0,-34.781311,-58.842257,-32.5,-57.5
5175654.0,5.286204,-52.585053,7.5,-52.5
5673534.0,-27.291363,-55.49663,-27.5,-57.5
2480657.0,-29.244744,-59.588953,-27.5,-57.5
2482077.0,-35.116567,-59.107571,-37.5,-57.5
2149064.0,-32.915383,-68.840792,-32.5,-67.5
2479529.0,-40.805964,-65.080131,-42.5,-67.5
2203611.0,-36.834727,-72.43165,-37.5,-72.5
3084844.0,-29.603995,-49.988892,-27.5,-47.5
2496647.0,4.827074,-52.48414,2.5,-52.5
6273854.0,-23.28475,-44.633294,-22.5,-42.5
2476718.0,-27.368931,-53.385322,-27.5,-52.5
3129149.0,-33.623781,-71.630765,-32.5,-72.5
2472164.0,0.654022,-51.635958,2.5,-52.5
2478345.0,-22.621125,-52.172226,-22.5,-52.5
4013242.0,4.638661,-74.060035,2.5,-72.5
1936444.0,4.827074,-52.48414,2.5,-52.5
3796196.0,-32.527414,-58.037928,-32.5,-57.5
1894085.0,-29.632641,-53.61125,-27.5,-52.5
7278596.0,-34.80283,-70.744713,-32.5,-72.5
7299359.0,-33.284162,-70.304642,-32.5,-72.5
2354816.0,-32.878802,-60.686839,-32.5,-62.5
2491862.0,4.992236,-74.337499,2.5,-72.5
7298749.0,-33.020314,-70.987175,-32.5,-72.5
10959552.0,-23.749063,-45.744933,-22.5,-47.5
2480989.0,-49.281578,-72.961563,-47.5,-72.5
8346347.0,-54.931901,-67.643123,-52.5,-67.5
2491862.0,-37.930444,-57.727376,-37.5,-57.5
1429000.0,-31.54235,-61.070417,-32.5,-62.5
1314139.0,5.199133,-74.889168,7.5,-72.5
1896749.0,-27.404562,-55.622182,-27.5,-57.5
2929628.0,-34.492471,-58.481072,-32.5,-57.5
3109505.0,-0.189772,-78.585114,-2.5,-77.5
5716740.0,-0.763451,-90.346604,-2.5,-92.5
9685907.0,-41.155842,-63.154553,-42.5,-62.5
2498234.0,-54.943099,-68.249086,-52.5,-67.5
2442225.0,-0.638448,-90.275603,-2.5,-92.5
9265052.0,4.119547,-74.982462,2.5,-72.5
5170133.0,-34.870378,-58.080577,-32.5,-57.5
5229614.0,-32.218889,-64.641389,-32.5,-62.5
6378623.0,-6.058443,-35.096827,-7.5,-37.5
2485042.0,-54.589205,-67.721345,-52.5,-67.5
1900172.0,-3.062878,-59.905511,-2.5,-57.5
5242510.0,4.304622,-74.425863,2.5,-72.5
6092488.0,-53.159859,-70.915118,-52.5,-72.5
5193091.0,-8.19128,-34.918409,-7.5,-32.5
7767365.0,-22.350608,-42.32545,-22.5,-42.5
1326106.0,4.450484,-75.196927,2.5,-77.5
2256771.0,-34.425445,-72.044167,-32.5,-72.5
3630671.0,-34.412697,-58.915496,-32.5,-57.5
2480873.0,-23.587022,-46.659625,-22.5,-47.5
7883659.0,-36.847522,-73.047675,-37.5,-72.5
1827145.0,-25.387278,-48.978062,-27.5,-47.5
2498335.0,-36.846345,-73.090461,-37.5,-72.5
2480989.0,-24.937526,-57.492027,-22.5,-57.5
2925790.0,-38.068026,-62.075226,-37.5,-62.5
5307866.0,-50.94393,-72.936262,-52.5,-72.5
2393918.0,12.225809,-69.091977,12.5,-67.5
1862874.0,-28.503511,-65.804728,-27.5,-67.5
1946469.0,-31.380579,-58.030776,-32.5,-57.5
2481942.0,-28.094771,-48.631941,-27.5,-47.5
1424977.0,-32.514852,-58.032014,-32.5,-57.5
2479407.0,-31.541986,-61.070547,-32.5,-62.5
2484272.0,-41.090147,-73.097584,-42.5,-72.5
1951338.0,-2.755168,-78.746653,-2.5,-77.5
2874581.0,-2.93024,-41.334371,-2.5,-42.5
10573570.0,-45.36144,-72.682089,-47.5,-72.5
5129502.0,-29.655637,-53.78197,-27.5,-52.5
1043156.0,10.438471,-64.180408,12.5,-62.5
2479407.0,-35.472381,-58.799406,-37.5,-57.5
4390503.0,9.357037,-73.888882,7.5,-72.5
2975667.0,-32.852067,-70.864028,-32.5,-72.5
9132909.0,-0.048644,-78.78273,-2.5,-77.5
2484396.0,-15.588239,-56.090516,-17.5,-57.5
1936388.0,-22.997002,-43.374987,-22.5,-42.5
3029379.0,-33.067497,-71.381012,-32.5,-72.5
2484099.0,-6.798705,-43.02255,-7.5,-42.5
2490156.0,-23.315507,-44.716129,-22.5,-42.5
1341976.0,0.056914,-78.401844,2.5,-77.5
5229146.0,-18.916687,-54.864808,-17.5,-52.5
5170999.0,4.266612,-75.93391,2.5,-77.5
5231190.0,-31.573258,-71.109597,-32.5,-72.5
5217495.0,5.194206,-52.909748,7.5,-52.5
5620895.0,12.264756,-69.115669,12.5,-67.5
5212222.0,12.227995,-69.092461,12.5,-67.5
11701883.0,-34.256963,-58.633153,-32.5,-57.5
2460594.0,-36.737043,-72.987468,-37.5,-72.5
5231073.0,-54.69199,-68.127727,-52.5,-67.5
5303036.0,-35.086384,-57.519118,-37.5,-57.5
2491862.0,-25.3286,-57.5446,-27.5,-57.5
1340503.0,-36.815692,-73.067755,-37.5,-72.5
2498335.0,-36.737167,-73.002549,-37.5,-72.5
3089150.0,-31.319612,-64.456357,-32.5,-62.5
2495287.0,-34.523282,-58.468015,-32.5,-57.5
7353544.0,-33.287972,-70.307547,-32.5,-72.5
4907702.0,-34.726967,-58.666641,-32.5,-57.5
3887808.0,-33.067283,-71.015428,-32.5,-72.5
2696120.0,-33.072705,-71.018622,-32.5,-72.5
7541047.0,-39.683414,-73.100106,-37.5,-72.5
7503175.0,-25.387347,-48.978508,-27.5,-47.5
2442089.0,-37.764477,-57.451967,-37.5,-57.5
6093202.0,6.479141,-75.302548,7.5,-77.5
1114246.0,-36.271388,-71.41517,-37.5,-72.5
5229662.0,4.626311,-74.074,2.5,-72.5
2495865.0,-30.19802,-71.422057,-32.5,-72.5
2485821.0,-41.152408,-63.127847,-42.5,-62.5
4013144.0,-1.670527,-80.45593,-2.5,-82.5
1340503.0,-54.588955,-67.720475,-52.5,-67.5
2483306.0,-22.954224,-43.486729,-22.5,-42.5
1314508.0,5.199097,-74.889116,7.5,-72.5
5170999.0,-33.219361,-66.233009,-32.5,-67.5
4994907.0,-0.255988,-79.126909,-2.5,-77.5
2126347.0,-9.904423,-56.097745,-7.5,-57.5
4264680.0,-41.928335,-73.625374,-42.5,-72.5
4989904.0,-23.055145,-46.63862,-22.5,-47.5
9195979.0,4.827342,-52.497307,2.5,-52.5
2871217.0,-23.752355,-45.782387,-22.5,-47.5
7819318.0,-34.551252,-55.775846,-32.5,-57.5
9752617.0,10.485067,-66.83911,12.5,-67.5
2480953.0,-0.743513,-90.312072,-2.5,-92.5
2925892.0,-39.376461,-71.949248,-37.5,-72.5
2480803.0,5.1072,-52.5872,7.5,-52.5
2898841.0,-14.157843,-47.822927,-12.5,-47.5
7288046.0,-2.957058,-78.707672,-2.5,-77.5
9011036.0,-39.378896,-71.938029,-37.5,-72.5
2485821.0,-25.498278,-64.963717,-27.5,-62.5
2482741.0,-34.854914,-58.417727,-32.5,-57.5
5156094.0,-25.387617,-48.977612,-27.5,-47.5
5128007.0,-7.891187,-34.845135,-7.5,-32.5
6719647.0,-29.597192,-53.712409,-27.5,-52.5
2264734.0,-3.344703,-39.142296,-2.5,-37.5
5153996.0,-25.387287,-48.978905,-27.5,-47.5
7999386.0,-0.93874,-80.728524,-2.5,-82.5
5128011.0,-22.45046,-44.085139,-22.5,-42.5
2157225.0,-33.185894,-66.164155,-32.5,-67.5
9362458.0,-39.32979,-71.90431,-37.5,-72.5
5358748.0,-54.650445,-67.786422,-52.5,-67.5
1892736.0,-34.87047,-58.080647,-32.5,-57.5
2476667.0,-27.940911,-52.92167,-27.5,-52.5
9436876.0,0.693589,-51.38847,2.5,-52.5
6272238.0,-24.688892,-65.395967,-22.5,-67.5
5227370.0,-25.715541,-48.481301,-27.5,-47.5
3763926.0,4.849643,-52.605378,2.5,-52.5
8215919.0,4.869446,-52.621681,2.5,-52.5
2464899.0,-21.934022,-46.716969,-22.5,-47.5
1339680.0,10.71747,-61.298287,12.5,-62.5
9465221.0,-7.866262,-38.121025,-7.5,-37.5
8372557.0,10.438474,-64.180374,12.5,-62.5
2479407.0,-31.676486,-60.753597,-32.5,-62.5
5216921.0,-34.401478,-53.793372,-32.5,-52.5
2874984.0,-34.803363,-70.743897,-32.5,-72.5
9399113.0,-34.607385,-58.358976,-32.5,-57.5
3016219.0,-33.370598,-70.399422,-32.5,-72.5
1427658.0,-34.846224,-57.954019,-32.5,-57.5
5229651.0,-33.359678,-71.664102,-32.5,-72.5
2038953.0,-34.812347,-57.975931,-32.5,-57.5
2000152.0,-24.786808,-65.427147,-22.5,-67.5
1896876.0,6.316738,-75.024094,7.5,-77.5
7124132.0,-39.381644,-71.92645,-37.5,-72.5
9255364.0,-29.013969,-49.444692,-27.5,-47.5
2484396.0,-34.486746,-58.480512,-32.5,-57.5
5227370.0,-23.866135,-52.318305,-22.5,-52.5
7300375.0,-39.381576,-71.926504,-37.5,-72.5
2474390.0,-39.162209,-67.10466,-37.5,-67.5
5032870.0,-23.542412,-46.701649,-22.5,-47.5
2487964.0,-23.865878,-52.318528,-22.5,-52.5
2495358.0,-2.755168,-78.746653,-2.5,-77.5
1043105.0,-24.819198,-65.405633,-22.5,-67.5
2491862.0,-3.267812,-79.30528,-2.5,-77.5
1139362.0,-39.381511,-71.926651,-37.5,-72.5
5170999.0,-20.05519,-44.567496,-22.5,-42.5
2029369.0,-25.387325,-48.979058,-27.5,-47.5
4170522.0,-0.024561,-78.016517,-2.5,-77.5
2481846.0,-22.669661,-43.886855,-22.5,-42.5
2484413.0,-22.678845,-43.892199,-22.5,-42.5
2487970.0,-15.847412,-48.978791,-17.5,-47.5
2496462.0,-13.907762,-38.928705,-12.5,-37.5
2495888.0,-3.948746,-38.276104,-2.5,-37.5
5341760.0,-0.377203,-78.140765,-2.5,-77.5
5229662.0,-38.696398,-62.353824,-37.5,-62.5
2428683.0,-0.293701,-79.53718,-2.5,-77.5
2899281.0,6.280962,-75.50201,7.5,-77.5
2481721.0,-23.006032,-43.634303,-22.5,-42.5
6043486.0,-39.50589,-72.421808,-37.5,-72.5
7978544.0,-12.222125,-76.987372,-12.5,-77.5
5358748.0,-34.600405,-58.572975,-32.5,-57.5
2478272.0,-29.626001,-53.946485,-27.5,-52.5
5178604.0,-37.14878,-73.586655,-37.5,-72.5
1074674.0,-20.760387,-41.532558,-22.5,-42.5
3128091.0,-33.289537,-70.544,-32.5,-72.5
2166923.0,-27.010938,-48.579312,-27.5,-47.5
5844398.0,5.076795,-75.527618,7.5,-77.5
2480668.0,-46.157375,-72.315399,-47.5,-72.5
5230942.0,-9.531774,-35.849388,-7.5,-37.5
2484272.0,-41.152952,-63.153822,-42.5,-62.5
2492087.0,-34.619363,-58.361381,-32.5,-57.5
2029369.0,-25.387158,-48.978047,-27.5,-47.5
2489208.0,-31.333752,-54.10803,-32.5,-52.5
7300262.0,-39.38186,-71.926193,-37.5,-72.5
8435025.0,-38.088516,-57.578247,-37.5,-57.5
2483242.0,-19.756809,-42.63404,-17.5,-42.5
1900872.0,-29.631361,-53.612746,-27.5,-52.5
5123701.0,5.089633,-52.773538,7.5,-52.5
2487593.0,-34.598754,-58.351607,-32.5,-57.5
2453506.0,-35.79376,-70.137801,-37.5,-72.5
5229564.0,-29.252812,-59.594525,-27.5,-57.5
5232469.0,-32.63185,-71.420982,-32.5,-72.5
2488081.0,-19.75706,-42.628538,-17.5,-42.5
2355324.0,4.727007,-52.971144,2.5,-52.5
2486024.0,-34.51487,-58.469981,-32.5,-57.5
2481942.0,6.253483,-75.583176,7.5,-77.5
2481515.0,-54.975155,-68.37783,-52.5,-67.5
2487593.0,-25.304973,-57.527825,-27.5,-57.5
5715127.0,-35.647565,-63.744538,-37.5,-62.5
4195638.0,-39.339705,-72.092475,-37.5,-72.5
1935350.0,-34.332627,-58.701232,-32.5,-57.5
5035748.0,-4.134459,-78.618112,-2.5,-77.5
5227370.0,-34.491951,-58.479518,-32.5,-57.5
9011036.0,-39.752775,-71.549374,-37.5,-72.5
6378623.0,-6.058562,-35.097032,-7.5,-37.5
2950907.0,12.260731,-69.12291,12.5,-67.5
5229568.0,-22.597455,-47.879147,-22.5,-47.5
5229651.0,-45.0406,-72.172202,-47.5,-72.5
9650634.0,-23.743405,-45.72957,-22.5,-47.5
1997965.0,-23.583414,-46.478284,-22.5,-47.5
2487639.0,5.196088,-52.910322,7.5,-52.5
5968765.0,-13.014782,-38.469276,-12.5,-37.5
9590126.0,-35.978483,-72.692342,-37.5,-72.5
2490752.0,-33.008175,-58.48428,-32.5,-57.5
2492002.0,-33.651711,-58.723335,-32.5,-57.5
2735138.0,-33.469337,-71.47058,-32.5,-72.5
8158524.0,-22.717815,-45.82688,-22.5,-47.5
4989904.0,-25.387425,-48.977692,-27.5,-47.5
5231675.0,-34.499173,-58.477968,-32.5,-57.5
1780618.0,-5.955941,-39.081665,-7.5,-37.5
1963425.0,-29.47465,-49.834601,-27.5,-47.5
2445034.0,-34.743492,-58.374615,-32.5,-57.5
2481173.0,-53.169777,-70.914696,-52.5,-72.5
5231103.0,-34.491602,-58.479458,-32.5,-57.5
2483647.0,-36.471213,-56.698813,-37.5,-57.5
11070437.0,-18.80027,-41.896194,-17.5,-42.5
2484989.0,-26.517538,-49.060215,-27.5,-47.5
4299213.0,4.51005,-75.655175,2.5,-77.5
2482934.0,-34.571589,-58.416274,-32.5,-57.5
9290528.0,-34.190504,-62.793271,-32.5,-62.5
6725734.0,-27.291365,-55.48916,-27.5,-57.5
2495165.0,-34.667642,-54.324892,-32.5,-52.5
3110446.0,-31.80725,-64.939933,-32.5,-62.5
2498127.0,-50.321792,-72.266228,-52.5,-72.5
2485606.0,-32.466455,-58.170368,-32.5,-57.5
7300231.0,-32.364258,-64.950295,-32.5,-62.5
2684940.0,-28.067459,-49.611486,-27.5,-47.5
1311718.0,-22.435,-43.161326,-22.5,-42.5
11188635.0,-25.38722,-48.978128,-27.5,-47.5
4391079.0,5.291529,-53.052263,7.5,-52.5
5858758.0,0.014928,-78.430489,2.5,-77.5
5229662.0,-34.525578,-58.464878,-32.5,-57.5
7412160.0,-34.540661,-55.794619,-32.5,-57.5
10854933.0,7.208726,-72.960123,7.5,-72.5
8054753.0,-30.11695,-71.372703,-32.5,-72.5
2480189.0,-20.364368,-40.336379,-22.5,-42.5
3142884.0,-32.852255,-70.864617,-32.5,-72.5
2870996.0,-23.619052,-45.610211,-22.5,-47.5
3942992.0,-13.367339,-41.241453,-12.5,-42.5
3034742.0,-34.537015,-58.445587,-32.5,-57.5
5229693.0,-34.39645,-58.899016,-32.5,-57.5
2891640.0,-23.822577,-46.111467,-22.5,-47.5
2488442.0,-11.011781,-65.999849,-12.5,-67.5
1830681.0,-32.527425,-58.037885,-32.5,-57.5
2483559.0,5.159596,-52.62893,7.5,-52.5
2480863.0,-54.818025,-68.32013,-52.5,-67.5
2495287.0,-34.527499,-58.462452,-32.5,-57.5
3887808.0,-32.882294,-71.099993,-32.5,-72.5
2484396.0,-32.552556,-71.462202,-32.5,-72.5
1715241.0,-34.538547,-58.443664,-32.5,-57.5
5170999.0,-38.76723,-62.386002,-37.5,-62.5
7341745.0,-29.256234,-59.596764,-27.5,-57.5
2485785.0,-26.524529,-49.148271,-27.5,-47.5
2456203.0,10.696258,-61.753837,12.5,-62.5
2173588.0,-25.387062,-48.978092,-27.5,-47.5
5216992.0,-9.583425,-35.798398,-7.5,-37.5
1775796.0,-29.158297,-49.581997,-27.5,-47.5
5726206.0,-34.425445,-72.043678,-32.5,-72.5
7298320.0,-30.338878,-51.036603,-32.5,-52.5
2481798.0,-3.34458,-39.142345,-2.5,-37.5
11309137.0,-22.406697,-47.600528,-22.5,-47.5
2480519.0,-26.524446,-49.149522,-27.5,-47.5
8220913.0,-30.589122,-71.184906,-32.5,-72.5
2169064.0,-23.018499,-49.860014,-22.5,-47.5
2167609.0,-34.743481,-58.374599,-32.5,-57.5
2727484.0,-39.69337,-73.114127,-37.5,-72.5
1934501.0,0.654207,-77.073809,2.5,-77.5
5193091.0,-23.990543,-46.241921,-22.5,-47.5
5229128.0,-21.545458,-64.179052,-22.5,-62.5
2482212.0,-34.257882,-58.652297,-32.5,-57.5
2489203.0,-26.440135,-49.167626,-27.5,-47.5
2481846.0,-29.934946,-51.740492,-27.5,-52.5
2485989.0,-37.726674,-57.44536,-37.5,-57.5
5230363.0,-38.002996,-61.355063,-37.5,-62.5
5140033.0,-31.538578,-61.066761,-32.5,-62.5
2763632.0,-23.403935,-46.535128,-22.5,-47.5
1340388.0,-46.340665,-72.300763,-47.5,-72.5
2738262.0,-6.702918,-38.959629,-7.5,-37.5
2445828.0,-12.933837,-69.517697,-12.5,-67.5
2261367.0,12.228163,-69.081314,12.5,-67.5
2460439.0,-32.927506,-71.286203,-32.5,-72.5
2491862.0,-7.146699,-34.835244,-7.5,-32.5
5938224.0,-41.055667,-71.546378,-42.5,-72.5
2480873.0,-32.633339,-71.424338,-32.5,-72.5
3947511.0,-0.265055,-91.446725,-2.5,-92.5
2958970.0,-19.934427,-40.129617,-17.5,-42.5
5668489.0,-16.433805,-41.605376,-17.5,-42.5
2149064.0,-21.139524,-44.985318,-22.5,-42.5
8226593.0,-27.254518,-55.528444,-27.5,-57.5
5220123.0,3.621233,-53.211402,2.5,-52.5
2498294.0,-54.931901,-67.643123,-52.5,-67.5
2147857.0,-34.609487,-58.35669,-32.5,-57.5
2478822.0,-21.85016,-50.701174,-22.5,-52.5
8297383.0,-23.68388,-46.603285,-22.5,-47.5
3987352.0,-31.807892,-64.947914,-32.5,-62.5
3727441.0,-34.865545,-58.071317,-32.5,-57.5
2874717.0,-27.289143,-55.491616,-27.5,-57.5
2490718.0,-34.514941,-58.469897,-32.5,-57.5
6686326.0,-24.729603,-65.422592,-22.5,-67.5
2495891.0,-12.069255,-77.07893,-12.5,-77.5
5415406.0,-24.735353,-65.423805,-22.5,-67.5
1775796.0,-23.63986,-46.86882,-22.5,-47.5
9011036.0,-39.38435,-71.92689,-37.5,-72.5
2498411.0,-34.413752,-58.919031,-32.5,-57.5
3098748.0,-22.973153,-65.482575,-22.5,-67.5
2490718.0,-34.515101,-58.470478,-32.5,-57.5
2476964.0,-2.758541,-78.75611,-2.5,-77.5
2495287.0,-34.525415,-58.464743,-32.5,-57.5
6893786.0,-22.850347,-49.238327,-22.5,-47.5
2495375.0,-12.081176,-77.083449,-12.5,-77.5
5422328.0,-34.425083,-72.045014,-32.5,-72.5
8215919.0,0.650703,-51.634497,2.5,-52.5
1900233.0,6.270618,-75.565669,7.5,-77.5
2495358.0,-34.373027,-58.751614,-32.5,-57.5
2428392.0,-23.076917,-44.662247,-22.5,-42.5
1902111.0,-26.888107,-54.542836,-27.5,-52.5
4928869.0,-33.414945,-70.616785,-32.5,-72.5
2483274.0,-21.119761,-49.186153,-22.5,-47.5
3093702.0,-54.837412,-68.562522,-52.5,-67.5
5227465.0,-20.370508,-40.339018,-22.5,-42.5
10039315.0,-1.401177,-78.066394,-2.5,-77.5
2106568.0,-27.993832,-48.6478,-27.5,-47.5
1950052.0,-19.874459,-43.996013,-17.5,-42.5
2491862.0,-17.892147,-39.8185,-17.5,-37.5
6788988.0,-34.433512,-72.046517,-32.5,-72.5
1423384.0,-35.036649,-63.010017,-37.5,-62.5
2888831.0,12.260696,-69.122894,12.5,-67.5
10949470.0,-15.388237,-39.570278,-17.5,-37.5
2495335.0,-35.659324,-63.757789,-37.5,-62.5
5032751.0,-34.257513,-58.632962,-32.5,-57.5
5130548.0,-34.742576,-58.255911,-32.5,-57.5
2760714.0,4.846638,-52.651665,2.5,-52.5
2485336.0,-0.086572,-78.694146,-2.5,-77.5
2433737.0,-32.511544,-71.495349,-32.5,-72.5
1894349.0,-30.926717,-64.351997,-32.5,-62.5
7303483.0,-22.68491,-45.478095,-22.5,-47.5
3175281.0,-5.414168,-35.220197,-7.5,-37.5
5536592.0,-13.635176,-47.696051,-12.5,-47.5
10008296.0,-20.268075,-40.263004,-22.5,-42.5
2496462.0,-27.703217,-48.502401,-27.5,-47.5
2126347.0,-9.904312,-56.097966,-7.5,-57.5
2483242.0,-31.649055,-63.303204,-32.5,-62.5
2491862.0,-23.899267,-46.381632,-22.5,-47.5
2870996.0,-23.721264,-45.600663,-22.5,-47.5
1534097.0,-24.841049,-51.297239,-22.5,-52.5
2481928.0,-18.80027,-41.896194,-17.5,-42.5
5063973.0,-26.830774,-65.195285,-27.5,-67.5
2338725.0,-32.941435,-60.632975,-32.5,-62.5
2476931.0,5.043752,-75.445926,7.5,-77.5
2483612.0,4.133637,-73.641051,2.5,-72.5
7323527.0,-27.335784,-55.866146,-27.5,-57.5
5137859.0,-34.870195,-58.076822,-32.5,-57.5
11701883.0,-29.63199,-53.612578,-27.5,-52.5
5987024.0,-29.013974,-49.444718,-27.5,-47.5
5229146.0,-35.472392,-58.799425,-37.5,-57.5
1709239.0,-37.378759,-64.603616,-37.5,-62.5
2487404.0,-26.524446,-49.149522,-27.5,-47.5
8017915.0,-25.299937,-57.596045,-27.5,-57.5
5218774.0,-36.546292,-56.688422,-37.5,-57.5
11729494.0,-29.714013,-53.738545,-27.5,-52.5
7341035.0,-22.995597,-43.374498,-22.5,-42.5
7297506.0,-40.439719,-73.281143,-42.5,-72.5
5229915.0,12.500513,-70.028922,12.5,-72.5
9360500.0,-39.693374,-73.118548,-37.5,-72.5
1936565.0,4.827074,-52.48414,2.5,-52.5
2871217.0,-23.754492,-45.801803,-22.5,-47.5
5231190.0,-23.24835,-45.893651,-22.5,-47.5
2306133.0,-39.718628,-73.405004,-37.5,-72.5
3082562.0,-21.775469,-48.173627,-22.5,-47.5
3110446.0,-31.725058,-64.99678,-32.5,-62.5
7298610.0,-16.933578,-39.151581,-17.5,-37.5
2481937.0,-34.410305,-58.918905,-32.5,-57.5
11861330.0,-9.865383,-63.033849,-7.5,-62.5
2870996.0,-23.674065,-45.721175,-22.5,-47.5
5369695.0,-33.417377,-70.601018,-32.5,-72.5
2932184.0,-27.271822,-55.924242,-27.5,-57.5
5140033.0,-23.410775,-47.353263,-22.5,-47.5
2492086.0,-20.564848,-48.575637,-22.5,-47.5
6505781.0,-13.014893,-38.468558,-12.5,-37.5
6065820.0,-2.479903,-44.234417,-2.5,-42.5
1228070.0,-33.357703,-71.657167,-32.5,-72.5
2260503.0,12.228163,-69.081314,12.5,-67.5
1709239.0,-39.743044,-71.52858,-37.5,-72.5
9034704.0,-25.3871,-48.978488,-27.5,-47.5
8790531.0,-15.645729,-47.796624,-17.5,-47.5
7851475.0,-33.132516,-59.332893,-32.5,-57.5
7341658.0,-0.164536,-78.738592,-2.5,-77.5
9651919.0,-37.936896,-57.737447,-37.5,-57.5
7264147.0,-34.493166,-58.479063,-32.5,-57.5
3152036.0,-21.774265,-48.17424,-22.5,-47.5
5193091.0,-8.191077,-34.918514,-7.5,-32.5
7716478.0,-36.54144,-56.688051,-37.5,-57.5
1118163.0,-23.006681,-44.296725,-22.5,-42.5
2460434.0,-33.389831,-71.609683,-32.5,-72.5
2167609.0,-31.365747,-61.067557,-32.5,-62.5
5228733.0,-9.531774,-35.849388,-7.5,-37.5
2745881.0,-31.369323,-61.024912,-32.5,-62.5
2480262.0,-30.193992,-71.431121,-32.5,-72.5
1781614.0,-42.486865,-73.863649,-42.5,-72.5
2161949.0,-34.870428,-58.080573,-32.5,-57.5
1210797.0,-34.60833,-58.357533,-32.5,-57.5
1909039.0,-27.45706,-55.564708,-27.5,-57.5
7878891.0,-22.826874,-44.191111,-22.5,-42.5
2492081.0,-34.516768,-58.469418,-32.5,-57.5
3142902.0,-31.806939,-64.942925,-32.5,-62.5
2480328.0,-22.985395,-43.686838,-22.5,-42.5
1714367.0,-27.346542,-53.398428,-27.5,-52.5
2484396.0,-31.543567,-61.072169,-32.5,-62.5
6274165.0,-25.432605,-54.477446,-27.5,-52.5
4094868.0,-0.63113,-78.69011,-2.5,-77.5
3055511.0,-29.047142,-51.912045,-27.5,-52.5
2227747.0,-13.015395,-38.467983,-12.5,-37.5
4199637.0,-23.363236,-46.026317,-22.5,-47.5
1340503.0,-53.146819,-70.917205,-52.5,-72.5
2488778.0,-26.505456,-49.127467,-27.5,-47.5
3189870.0,-39.693072,-73.114465,-37.5,-72.5
7412160.0,-34.551075,-55.775889,-32.5,-57.5
9752617.0,-27.207063,-55.883077,-27.5,-57.5
3842053.0,-2.620073,-79.250137,-2.5,-77.5
1341976.0,-32.875601,-60.947944,-32.5,-62.5
7284733.0,12.530452,-69.99639,12.5,-67.5
5142436.0,-23.40968,-47.35743,-22.5,-47.5
5229146.0,-29.013895,-49.444802,-27.5,-47.5
5415571.0,-23.567402,-46.737466,-22.5,-47.5
2488352.0,-22.692269,-43.913485,-22.5,-42.5
2874907.0,-39.381935,-71.926086,-37.5,-72.5
2478272.0,-33.219715,-66.23086,-32.5,-67.5
5230761.0,-34.486103,-58.480331,-32.5,-57.5
1707335.0,-11.395502,-39.466495,-12.5,-37.5
2482755.0,4.13382,-73.640828,2.5,-72.5
5229693.0,-26.99328,-54.480178,-27.5,-52.5
2481720.0,-22.985261,-43.685318,-22.5,-42.5
2959443.0,-33.440483,-70.643395,-32.5,-72.5
2384922.0,12.514788,-70.036813,12.5,-72.5
2480978.0,-5.206803,-81.208083,-7.5,-82.5
5212251.0,-5.211375,-81.194533,-7.5,-82.5
2484090.0,-15.782001,-47.928427,-17.5,-47.5
5217937.0,-34.47605,-58.536625,-32.5,-57.5
5846511.0,-22.998397,-43.312544,-22.5,-42.5
2274388.0,-30.193992,-71.431121,-32.5,-72.5
2486060.0,-26.824529,-49.28273,-27.5,-47.5
2481173.0,-23.969991,-46.341395,-22.5,-47.5
3086528.0,12.078167,-68.868055,12.5,-67.5
2931914.0,-27.290986,-55.490716,-27.5,-57.5
5154200.0,4.596156,-72.93568,2.5,-72.5
11701883.0,-34.125634,-59.428242,-32.5,-57.5
5220775.0,4.88653,-52.258602,2.5,-52.5
2480863.0,-27.608405,-48.441917,-27.5,-47.5
2484481.0,-34.373027,-58.751614,-32.5,-57.5
3029379.0,-34.803505,-70.749153,-32.5,-72.5
3112364.0,-33.6431,-70.548386,-32.5,-72.5
4848927.0,-54.872753,-68.093658,-52.5,-67.5
3099086.0,-33.01496,-69.309409,-32.5,-67.5
5156094.0,-25.387645,-48.977622,-27.5,-47.5
5216933.0,-12.519037,-68.980147,-12.5,-67.5
10886629.0,-29.63284,-53.611851,-27.5,-52.5
2479407.0,-34.659301,-58.566498,-32.5,-57.5
5788555.0,-35.659324,-63.757789,-37.5,-62.5
5033815.0,-29.013889,-49.444662,-27.5,-47.5
4341334.0,-42.837445,-72.825012,-42.5,-72.5
2871133.0,-19.924814,-40.15105,-17.5,-42.5
5232428.0,-54.805684,-68.574999,-52.5,-67.5
5856854.0,-34.425542,-72.043878,-32.5,-72.5
2157944.0,-21.495259,-46.651827,-22.5,-47.5
10710561.0,-34.855093,-58.415881,-32.5,-57.5
2157242.0,-36.858432,-73.006997,-37.5,-72.5
2428495.0,-1.401001,-78.066795,-2.5,-77.5
1310490.0,-21.078181,-41.508952,-22.5,-42.5
7477334.0,5.286555,-52.592804,7.5,-52.5
1714451.0,-24.801132,-65.404348,-22.5,-67.5
9752617.0,-34.602258,-58.360718,-32.5,-57.5
1347672.0,-30.280776,-71.504703,-32.5,-72.5
5959942.0,-22.975272,-43.228358,-22.5,-42.5
9396180.0,-37.378759,-64.603616,-37.5,-62.5
2495287.0,-34.58752,-58.392308,-32.5,-57.5
2480830.0,-29.723877,-53.724713,-27.5,-52.5
9241489.0,-23.33511,-46.620153,-22.5,-47.5
2018818.0,-29.853933,-50.299389,-27.5,-52.5
5231103.0,-22.883146,-46.310685,-22.5,-47.5
8295623.0,-39.143636,-71.713225,-37.5,-72.5
2454986.0,-16.296493,-48.97826,-17.5,-47.5
2495165.0,-41.199342,-63.035297,-42.5,-62.5
5372513.0,-34.810809,-57.976714,-32.5,-57.5
2480719.0,-25.611671,-56.883432,-27.5,-57.5
8081710.0,-34.425413,-72.044119,-32.5,-72.5
2874907.0,-54.844112,-68.574325,-52.5,-67.5
3116842.0,-20.365195,-40.340253,-22.5,-42.5
5229146.0,-22.815775,-47.230797,-22.5,-47.5
1687579.0,-33.738703,-61.961856,-32.5,-62.5
5228236.0,10.232468,-66.303529,12.5,-67.5
2764389.0,-23.017786,-47.52895,-22.5,-47.5
2297154.0,-25.615922,-54.485763,-27.5,-52.5
1782424.0,10.589897,-61.295209,12.5,-62.5
2495858.0,-26.512479,-49.117953,-27.5,-47.5
10681287.0,-3.063774,-59.904877,-2.5,-57.5
4300384.0,10.687131,-61.757587,12.5,-62.5
2926612.0,-33.417078,-70.601563,-32.5,-72.5
5229385.0,-54.905663,-67.375013,-52.5,-67.5
3587072.0,-16.700546,-40.819747,-17.5,-42.5
5185417.0,-33.982239,-71.883918,-32.5,-72.5
2956176.0,-4.166913,-38.123311,-2.5,-37.5
2480873.0,11.25823,-73.775863,12.5,-72.5
11109347.0,-32.356226,-71.439886,-32.5,-72.5
4030658.0,-13.635176,-47.696051,-12.5,-47.5
5337460.0,-3.941652,-38.282445,-2.5,-37.5
2765942.0,-21.138545,-44.98569,-22.5,-42.5
2498294.0,-54.807599,-68.310077,-52.5,-67.5
5408516.0,-36.774582,-73.212078,-37.5,-72.5
7341176.0,-22.99496,-43.374714,-22.5,-42.5
3057491.0,-31.508681,-60.609,-32.5,-62.5
2485821.0,-25.328,-57.544,-27.5,-57.5
5243151.0,-23.057431,-46.641197,-22.5,-47.5
5220210.0,-16.421102,-56.670216,-17.5,-57.5
1026917.0,-8.043291,-34.900955,-7.5,-32.5
2476681.0,-2.783208,-79.220796,-2.5,-77.5
2481942.0,5.086087,-75.528093,7.5,-77.5
3056784.0,-27.299793,-55.583844,-27.5,-57.5
2491862.0,4.497228,-75.677138,2.5,-77.5
5241128.0,-23.057431,-46.641197,-22.5,-47.5
5229094.0,-49.33162,-72.96045,-47.5,-72.5
4341595.0,-42.837322,-72.825103,-42.5,-72.5
9632924.0,-29.853331,-50.299491,-27.5,-52.5
3870686.0,4.319097,-74.366511,2.5,-72.5
2157242.0,-27.160867,-54.801604,-27.5,-52.5
2956176.0,-23.97165,-46.381147,-22.5,-47.5
8274212.0,-5.206767,-81.207938,-7.5,-82.5
9360500.0,-45.486822,-72.271991,-47.5,-72.5
1994767.0,-25.787787,-53.644747,-27.5,-52.5
9752617.0,-23.979901,-46.304216,-22.5,-47.5
7262433.0,-18.874217,-44.759461,-17.5,-42.5
5035751.0,-20.220354,-40.203148,-22.5,-42.5
2693922.0,-36.755586,-72.958923,-37.5,-72.5
1344790.0,-34.470556,-58.494411,-32.5,-57.5
5725856.0,-34.425122,-72.04473,-32.5,-72.5
8324121.0,-39.339705,-72.092475,-37.5,-72.5
5231103.0,-30.341083,-51.037717,-32.5,-52.5
1935346.0,-25.041958,-65.495957,-27.5,-67.5
2480265.0,-51.732799,-72.512927,-52.5,-72.5
2478271.0,-33.633256,-70.533689,-32.5,-72.5
2157984.0,-27.051026,-55.566106,-27.5,-57.5
9119360.0,-23.460571,-50.09058,-22.5,-52.5
5153996.0,-25.387128,-48.977888,-27.5,-47.5
8346347.0,-35.794351,-70.134003,-37.5,-72.5
2488373.0,-26.524529,-49.148271,-27.5,-47.5
1715241.0,-26.997102,-54.487305,-27.5,-52.5
2436353.0,10.354285,-75.429925,12.5,-77.5
2203611.0,-31.542681,-61.075311,-32.5,-62.5
9436876.0,5.402758,-75.482298,7.5,-77.5
7610561.0,5.195757,-52.910325,7.5,-52.5
2480790.0,-24.792526,-49.98496,-22.5,-47.5
5231103.0,-34.373027,-58.751614,-32.5,-57.5
2496462.0,-31.800072,-65.02655,-32.5,-67.5
2870996.0,-23.75402,-45.801063,-22.5,-47.5
5153996.0,-25.387328,-48.978745,-27.5,-47.5
9261144.0,8.519619,-71.387959,7.5,-72.5
2481910.0,-38.295063,-59.848173,-37.5,-57.5
2221529.0,-26.066489,-48.610231,-27.5,-47.5
5170999.0,-17.397513,-66.162209,-17.5,-67.5
2445034.0,-38.74353,-62.272797,-37.5,-62.5
3129265.0,-28.046603,-49.519131,-27.5,-47.5
5170999.0,-39.023587,-67.546362,-37.5,-67.5
2437616.0,-4.731725,-40.863078,-2.5,-42.5
7974378.0,-38.0717,-62.091148,-37.5,-62.5
1777727.0,10.717808,-61.298408,12.5,-62.5
2480873.0,-34.492948,-58.479656,-32.5,-57.5
2153722.0,-32.777591,-68.586257,-32.5,-67.5
1864073.0,-33.915877,-58.934462,-32.5,-57.5
2480790.0,-22.32487,-44.528254,-22.5,-42.5
2489136.0,-31.72195,-64.999572,-32.5,-62.5
2278861.0,-8.092512,-34.880482,-7.5,-32.5
2491862.0,-27.382395,-55.910966,-27.5,-57.5
2491862.0,-26.524446,-49.149522,-27.5,-47.5
2953861.0,-27.597363,-52.343403,-27.5,-52.5
1314150.0,-0.497277,-76.37377,-2.5,-77.5
5841759.0,12.367809,-69.153755,12.5,-67.5
5231103.0,4.6049,-74.055564,2.5,-72.5
7884704.0,-19.867687,-43.7725,-17.5,-42.5
5216887.0,-27.56141,-48.494927,-27.5,-47.5
3771127.0,-30.338842,-51.036761,-32.5,-52.5
5051382.0,-27.859192,-65.767537,-27.5,-67.5
5788555.0,-34.519947,-58.468887,-32.5,-57.5
2480273.0,-30.19802,-71.422057,-32.5,-72.5
5231190.0,-41.152198,-63.12784,-42.5,-62.5
5169057.0,-30.033833,-51.145924,-32.5,-52.5
2545315.0,6.313053,-75.018433,7.5,-77.5
2480863.0,-22.986162,-43.188583,-22.5,-42.5
5408057.0,-34.812477,-57.976191,-32.5,-57.5
10886629.0,-22.955963,-43.487587,-22.5,-42.5
2925895.0,-34.539466,-58.44165,-32.5,-57.5
2488854.0,-0.137339,-77.442354,-2.5,-77.5
3067891.0,-23.63986,-46.86882,-22.5,-47.5
2480410.0,-0.268922,-78.471888,-2.5,-77.5
2490973.0,-45.489786,-72.265058,-47.5,-72.5
5229915.0,-18.80027,-41.896194,-17.5,-42.5
2167609.0,-28.270327,-53.498815,-27.5,-52.5
5230761.0,-34.519947,-58.468887,-32.5,-57.5
1886374.0,-19.934867,-40.599812,-17.5,-42.5
2406721.0,12.517256,-70.037081,12.5,-72.5
5141662.0,-29.611723,-53.69346,-27.5,-52.5
3114643.0,-34.865577,-58.071033,-32.5,-57.5
11345373.0,-37.378759,-64.603616,-37.5,-62.5
5289726.0,-37.378759,-64.603616,-37.5,-62.5
8264893.0,-18.884714,-41.015385,-17.5,-42.5
1866162.0,-26.883406,-49.082568,-27.5,-47.5
2221550.0,-22.985633,-43.685879,-22.5,-42.5
1210763.0,-24.692881,-65.402828,-22.5,-67.5
5229915.0,-27.671099,-48.477762,-27.5,-47.5
4178741.0,-33.043972,-71.007842,-32.5,-72.5
1515403.0,-25.387308,-48.978803,-27.5,-47.5
5231190.0,-15.588239,-56.090516,-17.5,-57.5
3723680.0,4.96928,-75.37587,2.5,-77.5
2497240.0,-25.07895,-50.983222,-27.5,-52.5
2480679.0,5.655246,-75.980466,7.5,-77.5
2158546.0,11.143828,-74.116036,12.5,-72.5
2303995.0,-20.333822,-40.273276,-22.5,-42.5
5228216.0,-39.162516,-67.10451,-37.5,-67.5
2342499.0,4.402036,-72.735096,2.5,-72.5
8264893.0,-23.169747,-45.885437,-22.5,-47.5
2159140.0,-35.702787,-71.063636,-37.5,-72.5
9466021.0,-15.617253,-42.739853,-17.5,-42.5
1914465.0,-24.688762,-65.396737,-22.5,-67.5
2698486.0,-23.753913,-45.769905,-22.5,-47.5
2757200.0,5.06512,-75.591658,7.5,-77.5
9587550.0,-18.80027,-41.896194,-17.5,-42.5
2495858.0,-26.825046,-49.280805,-27.5,-47.5
2257738.0,-33.459649,-71.66255,-32.5,-72.5
2474337.0,-34.612938,-58.35483,-32.5,-57.5
2489203.0,-27.888404,-52.225841,-27.5,-52.5
5228562.0,-34.612398,-58.351382,-32.5,-57.5
5142436.0,-31.536625,-61.063094,-32.5,-62.5
2495865.0,-37.936896,-57.737447,-37.5,-57.5
7280108.0,-34.425812,-72.044053,-32.5,-72.5
2264734.0,-6.469033,-34.97016,-7.5,-32.5
3819432.0,-40.995992,-72.915117,-42.5,-72.5
2496462.0,-34.39649,-58.899849,-32.5,-57.5
5187692.0,-34.425147,-72.044692,-32.5,-72.5
2888380.0,-32.580508,-71.455863,-32.5,-72.5
1110587.0,-22.553071,-43.061856,-22.5,-42.5
9622955.0,-29.150645,-51.195173,-27.5,-52.5
2763962.0,-31.708505,-64.899783,-32.5,-62.5
5229693.0,-19.871345,-43.996546,-17.5,-42.5
2450905.0,3.687409,-73.700868,2.5,-72.5
1424959.0,-41.127521,-71.359758,-42.5,-72.5
2289503.0,-32.239573,-71.514744,-32.5,-72.5
5231190.0,-34.489437,-58.480025,-32.5,-57.5
2495375.0,-29.985031,-71.341127,-27.5,-72.5
5219541.0,-22.869811,-43.048801,-22.5,-42.5
5231103.0,-34.515037,-58.470703,-32.5,-57.5
10886629.0,-29.653667,-53.773928,-27.5,-52.5
3220735.0,-33.440847,-70.662573,-32.5,-72.5
2496634.0,-27.114707,-51.599685,-27.5,-52.5
2484481.0,-35.460178,-58.787172,-37.5,-57.5
2489133.0,-31.676261,-60.753575,-32.5,-62.5
2354612.0,-29.654638,-57.092972,-27.5,-57.5
5846511.0,-22.937822,-43.073424,-22.5,-42.5
2766055.0,-34.538547,-58.443664,-32.5,-57.5
5232138.0,-36.166658,-71.311582,-37.5,-72.5
2497240.0,-35.456489,-58.789964,-37.5,-57.5
2495287.0,-31.546703,-61.054375,-32.5,-62.5
2478272.0,-35.459397,-58.788014,-37.5,-57.5
2480410.0,-34.612507,-58.356169,-32.5,-57.5
7287808.0,-33.97773,-53.531397,-32.5,-52.5
2160523.0,-22.950595,-43.485742,-22.5,-42.5
8183103.0,-32.239573,-71.514744,-32.5,-72.5
4038253.0,-5.447647,-35.302755,-7.5,-37.5
3067157.0,-27.598316,-52.343638,-27.5,-52.5
2484424.0,-33.637219,-70.545164,-32.5,-72.5
2158546.0,4.542867,-73.931127,2.5,-72.5
5169044.0,-15.737629,-47.864714,-17.5,-47.5
5229385.0,-54.905137,-67.37355,-52.5,-67.5
2398623.0,-8.963131,-35.166391,-7.5,-37.5
2388866.0,12.227995,-69.092461,12.5,-67.5
5286126.0,-23.71782,-64.954058,-22.5,-62.5
4989904.0,-41.255005,-73.001656,-42.5,-72.5
2384111.0,12.227955,-69.092139,12.5,-67.5
7952072.0,-50.965733,-72.864311,-52.5,-72.5
1866838.0,-34.539937,-58.444062,-32.5,-57.5
2486392.0,-26.405634,-49.07418,-27.5,-47.5
7124132.0,-51.095608,-72.983305,-52.5,-72.5
2487430.0,-34.538547,-58.443664,-32.5,-57.5
2512963.0,-23.057411,-46.641176,-22.5,-47.5
6788988.0,-34.425397,-72.044303,-32.5,-72.5
3840445.0,-2.797142,-79.270225,-2.5,-77.5
3084883.0,12.541341,-69.958089,12.5,-67.5
5871389.0,-36.854769,-71.699832,-37.5,-72.5
2847886.0,-54.84758,-68.4861,-52.5,-67.5
12216966.0,4.751422,-73.927887,2.5,-72.5
2484396.0,-34.58528,-58.393905,-32.5,-57.5
3795393.0,12.260628,-69.122894,12.5,-67.5
1909128.0,-21.036393,-42.794253,-22.5,-42.5
2474658.0,-20.511583,-41.885608,-22.5,-42.5
2497365.0,-23.63986,-46.86882,-22.5,-47.5
2698486.0,-22.687797,-45.477818,-22.5,-47.5
5959230.0,-21.439724,-64.143132,-22.5,-62.5
10895170.0,-2.882215,-40.878151,-2.5,-42.5
5229693.0,-31.659488,-64.428589,-32.5,-62.5
2480415.0,-29.882323,-50.241181,-27.5,-52.5
1428486.0,-32.888412,-60.886456,-32.5,-62.5
6093199.0,5.400788,-75.479585,7.5,-77.5
7336545.0,-33.117362,-71.616942,-32.5,-72.5
6065820.0,-22.093339,-41.136865,-22.5,-42.5
2496210.0,-3.222764,-59.996175,-2.5,-57.5
2480830.0,-18.80027,-41.896194,-17.5,-42.5
2497240.0,-27.848291,-48.587293,-27.5,-47.5
2153490.0,10.685444,-61.756138,12.5,-62.5
5230102.0,-33.329871,-58.893664,-32.5,-57.5
1429757.0,-41.188847,-73.000222,-42.5,-72.5
1043321.0,10.438304,-64.180363,12.5,-62.5
2480410.0,-23.992689,-46.389539,-22.5,-47.5
2873047.0,-23.752945,-45.77897,-22.5,-47.5
5881400.0,-38.071663,-62.091191,-37.5,-62.5
3171787.0,-27.273786,-55.511063,-27.5,-57.5
5229146.0,-50.325073,-72.269064,-52.5,-72.5
5303044.0,-29.267779,-59.600741,-27.5,-57.5
2482225.0,-0.051997,-78.765336,-2.5,-77.5
2476548.0,-22.690506,-43.910625,-22.5,-42.5
2928390.0,-31.637283,-71.171558,-32.5,-72.5
2496210.0,8.820527,-71.464506,7.5,-72.5
2480027.0,-16.590934,-68.072227,-17.5,-67.5
6499125.0,5.288261,-52.58856,7.5,-52.5
9761484.0,-32.633339,-71.424338,-32.5,-72.5
2459658.0,3.366551,-76.548215,2.5,-77.5
1662472.0,-41.122914,-71.400699,-42.5,-72.5
1134957.0,-6.446325,-76.351258,-7.5,-77.5
2480921.0,-31.473242,-64.19567,-32.5,-62.5
2434333.0,-36.938088,-60.178491,-37.5,-62.5
2433376.0,-26.579612,152.921253,-27.5,152.5
2436940.0,-34.596512,138.619728,-32.5,137.5
2435035.0,-31.6,152.2,-32.5,152.5
2436940.0,-37.151007,142.527364,-37.5,142.5
5219243.0,-37.782593,144.940577,-37.5,142.5
5219243.0,-35.092934,138.638438,-37.5,137.5
2436940.0,-33.749381,151.160672,-32.5,152.5
2435035.0,-37.9,140.4,-37.5,142.5
2441056.0,-29.5,115.0,-27.5,117.5
5219243.0,-37.985099,145.209711,-37.5,147.5
2489005.0,-26.74996,153.123511,-27.5,152.5
2436940.0,-35.063267,138.877327,-37.5,137.5
2489005.0,-37.701815,145.164435,-37.5,147.5
5219243.0,-38.272285,145.214168,-37.5,147.5
5219243.0,-38.374644,145.131912,-37.5,147.5
5219243.0,-37.778401,145.343545,-37.5,147.5
2435035.0,-35.3,150.3,-37.5,152.5
5219243.0,-37.778482,145.343804,-37.5,147.5
2489005.0,-26.825843,153.052442,-27.5,152.5
2489005.0,-20.273147,148.703523,-22.5,147.5
5219243.0,-37.757705,145.136911,-37.5,147.5
2436940.0,-32.606488,115.636787,-32.5,117.5
2436940.0,-38.231386,143.996978,-37.5,142.5
5219243.0,-32.999548,149.860341,-32.5,147.5
2489005.0,-32.95686,151.607077,-32.5,152.5
2436940.0,-33.749226,151.158583,-32.5,152.5
5219243.0,-33.756965,151.196581,-32.5,152.5
2436940.0,-33.75484,151.282475,-32.5,152.5
2436940.0,-37.827634,145.337527,-37.5,147.5
2489005.0,-28.215518,153.533548,-27.5,152.5
5219243.0,-37.833184,145.189827,-37.5,147.5
2436940.0,-28.721152,114.670813,-27.5,112.5
2436940.0,-38.229338,143.993288,-37.5,142.5
2436940.0,-27.388089,153.165218,-27.5,152.5
2436940.0,-37.918791,144.669098,-37.5,142.5
2436940.0,-33.748881,151.158187,-32.5,152.5
2436940.0,-28.720885,114.672332,-27.5,112.5
5219243.0,-34.610772,138.548799,-32.5,137.5
2436940.0,-33.748952,151.158423,-32.5,152.5
2424585.0,-27.391333,151.846315,-27.5,152.5
2436940.0,-35.332771,149.156445,-37.5,147.5
2489005.0,-36.631897,145.848486,-37.5,147.5
2489005.0,-26.743785,153.066946,-27.5,152.5
2489005.0,-20.261662,148.735849,-22.5,147.5
2489005.0,-20.27932,148.700443,-22.5,147.5
2435035.0,-12.4,130.9,-12.5,132.5
5219243.0,-35.094256,138.637243,-37.5,137.5
2424585.0,-33.281178,151.544262,-32.5,152.5
2436940.0,-33.703032,151.116633,-32.5,152.5
5219243.0,-32.20684,148.882484,-32.5,147.5
5219243.0,-35.135596,138.540687,-37.5,137.5
5219243.0,-32.095053,115.838006,-32.5,117.5
2436940.0,-30.275131,153.127043,-32.5,152.5
2436940.0,-31.899691,116.154513,-32.5,117.5
5219243.0,-30.175018,115.018793,-32.5,117.5
5219243.0,-32.668773,149.682091,-32.5,147.5
5219243.0,-35.092871,138.638396,-37.5,137.5
5219243.0,-33.321145,149.640476,-32.5,147.5
2436940.0,-32.605342,115.637475,-32.5,117.5
2436940.0,-32.604508,115.635987,-32.5,117.5
2436940.0,-32.608902,115.641994,-32.5,117.5
5219243.0,-33.692861,150.206378,-32.5,152.5
2436940.0,-38.247992,144.203225,-37.5,142.5
5219243.0,-37.873069,145.02221,-37.5,147.5
5219243.0,-33.365302,138.207795,-32.5,137.5
5219243.0,-33.807332,151.158854,-32.5,152.5
2436940.0,-32.610786,115.629937,-32.5,117.5
5219243.0,-35.093274,138.638203,-37.5,137.5
2436940.0,-32.604508,115.636003,-32.5,117.5
2489005.0,-26.692962,153.095643,-27.5,152.5
2435035.0,-32.6,151.4,-32.5,152.5
5219243.0,-33.966922,151.046323,-32.5,152.5
2436940.0,-33.749074,151.159105,-32.5,152.5
2436940.0,-28.721093,114.670849,-27.5,112.5
2436940.0,-32.604484,115.635959,-32.5,117.5
2489005.0,-26.703972,153.101389,-27.5,152.5
2436940.0,-32.605581,115.642425,-32.5,117.5
2435035.0,-43.6,146.9,-42.5,147.5
5219243.0,-37.892907,145.125171,-37.5,147.5
5219243.0,-31.19466,147.454258,-32.5,147.5
2436940.0,-37.151008,142.527393,-37.5,142.5
5219243.0,-32.866172,148.907568,-32.5,147.5
2436940.0,-32.605468,115.643223,-32.5,117.5
5219243.0,-37.891366,145.017899,-37.5,147.5
2489005.0,-28.816808,153.289819,-27.5,152.5
5219243.0,-33.109592,151.52238,-32.5,152.5
5219243.0,-33.992793,114.99658,-32.5,112.5
2436940.0,-33.750961,151.164515,-32.5,152.5
5219243.0,-35.512,138.56,-37.5,137.5
5219243.0,-32.264001,148.998167,-32.5,147.5
2489005.0,-26.750217,153.115622,-27.5,152.5
2489005.0,-33.099957,151.650463,-32.5,152.5
5219243.0,-33.122359,149.961074,-32.5,147.5
5219243.0,-33.580196,151.329846,-32.5,152.5
2436940.0,-33.74876,151.162526,-32.5,152.5
2435035.0,-43.4,147.2,-42.5,147.5
2489005.0,-28.685642,153.605797,-27.5,152.5
5219243.0,-32.712299,151.548383,-32.5,152.5
2489005.0,-27.441267,153.02737,-27.5,152.5
2436940.0,-37.826193,145.338148,-37.5,147.5
5219243.0,-32.712443,151.548483,-32.5,152.5
5219243.0,-33.375543,150.0733,-32.5,152.5
2435035.0,-43.2,147.3,-42.5,147.5
5219243.0,-37.739457,145.27766,-37.5,147.5
5219243.0,-34.994451,138.628598,-32.5,137.5
5219243.0,-32.447689,138.535565,-32.5,137.5
5219243.0,-37.985138,145.209609,-37.5,147.5
2436940.0,-33.74932,151.160495,-32.5,152.5
2436940.0,-38.229323,143.993293,-37.5,142.5
2436940.0,-32.611161,115.631919,-32.5,117.5
2435035.0,-38.9,143.5,-37.5,142.5
2489005.0,-32.695022,151.014543,-32.5,152.5
2489005.0,-20.279204,148.700439,-22.5,147.5
2436940.0,-32.611075,115.63202,-32.5,117.5
5219243.0,-33.749193,150.763919,-32.5,152.5
2489005.0,-26.90838,151.743533,-27.5,152.5
5219243.0,-33.867914,151.270821,-32.5,152.5
5219243.0,-33.882432,151.272624,-32.5,152.5
2489005.0,-20.291908,148.785354,-22.5,147.5
5219243.0,-34.735498,150.789139,-32.5,152.5
5219243.0,-35.092881,138.638477,-37.5,137.5
2489005.0,-20.284599,148.763381,-22.5,147.5
2436940.0,-38.180163,144.556614,-37.5,142.5
2436940.0,-38.230047,143.995677,-37.5,142.5
2489005.0,-27.440467,153.02707,-27.5,152.5
5219243.0,-33.963504,151.044713,-32.5,152.5
5219243.0,-34.087212,150.811958,-32.5,152.5
5219243.0,-33.732927,151.119828,-32.5,152.5
5219243.0,-38.778154,146.076692,-37.5,147.5
5219243.0,-23.326537,150.364739,-22.5,152.5
5219243.0,-33.036976,149.899873,-32.5,147.5
5219243.0,-31.552415,115.649514,-32.5,117.5
2436940.0,-38.248801,143.990039,-37.5,142.5
2436940.0,-33.749054,151.158987,-32.5,152.5
5219243.0,-33.963575,151.044733,-32.5,152.5
5219243.0,-33.963811,151.044674,-32.5,152.5
2489005.0,-26.565725,153.096863,-27.5,152.5
2489005.0,-20.273993,148.699458,-22.5,147.5
5219243.0,-38.160266,144.343543,-37.5,142.5
2489005.0,-20.281902,148.732286,-22.5,147.5
5219243.0,-35.0998,150.638,-37.5,152.5
5219243.0,-35.332695,149.156364,-37.5,147.5
2489005.0,-20.26981,148.710153,-22.5,147.5
5219243.0,-29.143093,114.903453,-27.5,112.5
5219243.0,-37.774573,144.975881,-37.5,142.5
5219243.0,-37.845181,144.990399,-37.5,142.5
2436940.0,-37.701786,145.164459,-37.5,147.5
5219243.0,-34.606731,138.560466,-32.5,137.5
5219243.0,-28.470341,152.584143,-27.5,152.5
2489005.0,-26.69069,153.08623,-27.5,152.5
2436940.0,-33.748921,151.158266,-32.5,152.5
2489005.0,-26.809871,152.974131,-27.5,152.5
2436940.0,-38.248065,144.204331,-37.5,142.5
5219243.0,-34.871631,138.536531,-32.5,137.5
2489005.0,-26.745422,153.133538,-27.5,152.5
5219243.0,-33.739949,150.376802,-32.5,152.5
2436940.0,-33.97173,139.293501,-32.5,137.5
5219243.0,-33.739968,150.37672,-32.5,152.5
2436940.0,-33.7031,151.116463,-32.5,152.5
2441056.0,-33.8,140.0,-32.5,142.5
5219243.0,-37.930562,145.027895,-37.5,147.5
2436940.0,-38.248235,143.988099,-37.5,142.5
2436940.0,-38.229565,143.992756,-37.5,142.5
2436940.0,-38.252747,144.138242,-37.5,142.5
5219243.0,-37.812674,145.062545,-37.5,147.5
2489005.0,-26.736778,153.122775,-27.5,152.5
5219243.0,-33.73997,150.376721,-32.5,152.5
2436940.0,-32.610948,115.630482,-32.5,117.5
2436940.0,-38.677237,145.785424,-37.5,147.5
2489005.0,-33.281521,149.114475,-32.5,147.5
2489005.0,-26.749846,153.123547,-27.5,152.5
2489005.0,-33.283985,149.121731,-32.5,147.5
2435035.0,-33.8,151.0,-32.5,152.5
2436940.0,-38.248622,143.989859,-37.5,142.5
2436940.0,-33.749196,151.159425,-32.5,152.5
2489005.0,-25.965766,152.984957,-27.5,152.5
5219243.0,-37.024916,144.240734,-37.5,142.5
5219243.0,-30.574738,151.627213,-32.5,152.5
5219243.0,-33.907016,151.256445,-32.5,152.5
2489005.0,-37.844182,145.236373,-37.5,147.5
2436940.0,-38.230131,143.996521,-37.5,142.5
2489005.0,-25.186186,152.612194,-27.5,152.5
2489005.0,-21.155577,149.17591,-22.5,147.5
2489005.0,-20.27227,148.695522,-22.5,147.5
5219243.0,-27.272721,152.045006,-27.5,152.5
2489005.0,-20.288385,148.790748,-22.5,147.5
2436940.0,-37.150733,142.527438,-37.5,142.5
2489005.0,-26.601737,153.023575,-27.5,152.5
5219243.0,-37.834754,145.201676,-37.5,147.5
5219243.0,-34.871603,138.536396,-32.5,137.5
2489005.0,-21.080076,149.163548,-22.5,147.5
2436940.0,-33.809593,151.271514,-32.5,152.5
5219243.0,-33.728247,151.074833,-32.5,152.5
2441056.0,-34.4,150.8,-32.5,152.5
5219243.0,-37.136872,142.519389,-37.5,142.5
2436940.0,-32.608061,115.640975,-32.5,117.5
2436940.0,-37.150996,142.527391,-37.5,142.5
2436940.0,-28.721112,114.670735,-27.5,112.5
2436940.0,-38.253836,144.138228,-37.5,142.5
5219243.0,-33.393807,151.385563,-32.5,152.5
5219243.0,-37.985001,145.209658,-37.5,147.5
2436940.0,-33.74997,151.157736,-32.5,152.5
5219243.0,-33.742587,151.137256,-32.5,152.5
2441974.0,-32.083706,115.826457,-32.5,117.5
9268496.0,-35.18156,149.160248,-37.5,147.5
7009385.0,-30.4,152.9,-32.5,152.5
9268496.0,-32.715561,151.549304,-32.5,152.5
8839848.0,-37.133287,143.860238,-37.5,142.5
9268496.0,-34.4458,150.447517,-32.5,152.5
9268496.0,-35.487768,148.152296,-37.5,147.5
9268496.0,-32.71242,151.54539,-32.5,152.5
2441974.0,-32.053662,116.025527,-32.5,117.5
9268496.0,-22.620844,149.249878,-22.5,147.5
7009388.0,-28.663177,153.318329,-27.5,152.5
9268496.0,-34.445687,150.447185,-32.5,152.5
9268496.0,-35.314698,149.160087,-37.5,147.5
9268496.0,-37.728648,144.839767,-37.5,142.5
8839848.0,-35.006148,138.635129,-37.5,137.5
9268496.0,-35.533286,138.623577,-37.5,137.5
9268496.0,-38.104213,145.293797,-37.5,147.5
2441974.0,-32.113411,115.828156,-32.5,117.5
5220345.0,-22.033339,149.133178,-22.5,147.5
9268496.0,-37.788752,144.548279,-37.5,142.5
2441974.0,-32.111648,115.825649,-32.5,117.5
9268496.0,-36.308303,140.775983,-37.5,142.5
8839848.0,-37.866302,145.125352,-37.5,147.5
2441974.0,-32.088164,115.822472,-32.5,117.5
2441974.0,-32.089593,115.821538,-32.5,117.5
9268496.0,-35.533272,138.623622,-37.5,137.5
9268496.0,-34.445787,150.447297,-32.5,152.5
9268496.0,-34.445725,150.447185,-32.5,152.5
2441974.0,-32.120472,115.820275,-32.5,117.5
9268496.0,-32.713,151.546513,-32.5,152.5
9268496.0,-34.446362,150.447043,-32.5,152.5
2441974.0,-32.093073,115.822082,-32.5,117.5
2441974.0,-32.088791,115.822084,-32.5,117.5
2441974.0,-32.089459,115.821635,-32.5,117.5
2486621.0,-32.119614,115.789383,-32.5,117.5
2440012.0,-37.941194,147.705728,-37.5,147.5
2498007.0,-31.546404,115.682231,-32.5,117.5
12185498.0,-38.636786,176.723471,-37.5,177.5
2474535.0,-41.08681,174.138115,-42.5,172.5
2710123.0,-27.449727,151.947812,-27.5,152.5
2479308.0,-28.150752,153.065801,-27.5,152.5
3594244.0,-36.931573,147.057664,-37.5,147.5
8151510.0,-42.322443,172.253884,-42.5,172.5
3171954.0,-33.707108,150.446625,-32.5,152.5
5146856.0,-45.910957,170.482651,-47.5,172.5
1838641.0,-37.00247,175.842606,-37.5,177.5
7477636.0,-44.728856,171.050665,-42.5,172.5
5048515.0,-36.885005,174.750539,-37.5,172.5
5231730.0,-43.230131,172.601338,-42.5,172.5
8161292.0,-27.470287,153.0177,-27.5,152.5
5210114.0,-22.30023,166.436006,-22.5,167.5
2481844.0,-27.315948,153.065613,-27.5,152.5
2480799.0,-28.645103,153.621045,-27.5,152.5
1429798.0,-37.837425,145.389375,-37.5,147.5
1086688.0,-33.653284,151.192532,-32.5,152.5
2495414.0,-28.190292,153.50145,-27.5,152.5
2480766.0,-27.386005,153.036195,-27.5,152.5
5960699.0,-35.017292,150.8329,-37.5,152.5
2683840.0,-39.328197,175.4989,-37.5,177.5
2847227.0,-37.39963,144.5884,-37.5,142.5
5359905.0,-27.463367,152.936675,-27.5,152.5
2172708.0,-38.355967,146.386839,-37.5,147.5
5231722.0,-27.46744,153.123374,-27.5,152.5
4600936.0,-38.268303,144.665755,-37.5,142.5
2433467.0,-50.48885,166.30278,-52.5,167.5
1115393.0,-21.323745,164.996318,-22.5,162.5
3185315.0,19.421834,-155.286644,17.5,-157.5
5312241.0,-43.715122,169.225753,-42.5,167.5
2066903.0,-37.796902,175.333827,-37.5,177.5
1801305.0,-36.79665,175.069922,-37.5,177.5
2486655.0,-36.027155,146.983537,-37.5,147.5
2481681.0,-34.859059,150.743262,-32.5,152.5
5230400.0,-29.741272,151.737465,-27.5,152.5
5229134.0,-27.377259,153.029166,-27.5,152.5
1886251.0,-37.00247,175.842606,-37.5,177.5
2498011.0,-43.222356,170.162842,-42.5,172.5
3189882.0,-44.728808,171.050547,-42.5,172.5
2487149.0,-36.826992,139.856185,-37.5,137.5
5648235.0,-43.262053,170.360878,-42.5,172.5
3149462.0,-19.271863,146.723662,-17.5,147.5
5178604.0,-31.496509,115.580466,-32.5,117.5
3142124.0,-37.837346,145.390729,-37.5,147.5
5642811.0,-33.955797,151.251378,-32.5,152.5
8729962.0,-33.962831,151.001419,-32.5,152.5
2487200.0,-44.674571,167.924535,-42.5,167.5
1146728.0,-30.80922,152.683608,-32.5,152.5
7666848.0,-38.356132,146.386941,-37.5,147.5
1552510.0,-37.796902,175.333827,-37.5,177.5
5219965.0,-34.692015,138.826933,-32.5,137.5
4258646.0,-28.950759,152.009493,-27.5,152.5
2272283.0,-36.620452,174.730471,-37.5,172.5
2479686.0,-27.631982,153.204415,-27.5,152.5
4287413.0,20.762633,-156.456938,22.5,-157.5
4019603.0,-37.403345,175.193025,-37.5,177.5
2710181.0,-37.403983,175.193025,-37.5,177.5
9537238.0,-27.388058,153.095306,-27.5,152.5
5539054.0,-43.28609,171.747728,-42.5,172.5
3072275.0,-30.02616,153.022309,-32.5,152.5
2740024.0,-27.807093,153.426132,-27.5,152.5
2479329.0,-34.936139,138.618089,-32.5,137.5
2498095.0,-35.069861,138.881774,-37.5,137.5
2986293.0,-37.685108,177.797045,-37.5,177.5
2497109.0,-28.201935,153.189154,-27.5,152.5
7265850.0,-27.539822,153.243022,-27.5,152.5
4615964.0,-34.977089,138.509461,-32.5,137.5
7554410.0,-37.941359,145.345227,-37.5,147.5
8259705.0,-43.00106,147.303833,-42.5,147.5
4741555.0,-36.317999,146.849399,-37.5,147.5
2429584.0,-34.308597,148.310091,-32.5,147.5
3037479.0,-44.710571,168.259896,-42.5,167.5
12197837.0,-38.911953,175.900878,-37.5,177.5
2392280.0,-27.516031,153.265686,-27.5,152.5
2779140.0,-31.985962,116.032289,-32.5,117.5
1899947.0,-38.128261,144.42523,-37.5,142.5
2490719.0,-36.862452,174.719306,-37.5,172.5
5859208.0,20.673362,-156.056564,22.5,-157.5
2480331.0,21.356236,-158.019291,22.5,-157.5
2479311.0,-35.393028,148.814993,-37.5,147.5
2487516.0,-35.0164,150.827447,-37.5,152.5
2806931.0,-37.94067,145.34552,-37.5,147.5
4019603.0,-40.670286,175.308082,-42.5,177.5
2408015.0,-31.867578,115.749689,-32.5,117.5
7335661.0,-31.936942,152.455187,-32.5,152.5
2853097.0,-38.454263,175.5262,-37.5,177.5
2481830.0,-37.958172,146.9715,-37.5,147.5
2978338.0,-26.865081,152.931665,-27.5,152.5
3172657.0,-43.622862,172.738572,-42.5,172.5
9752617.0,-38.039895,144.540731,-37.5,142.5
3927018.0,-39.276635,174.088128,-37.5,172.5
2495134.0,-34.754367,142.34233,-32.5,142.5
5231730.0,-36.602408,174.891388,-37.5,172.5
12258728.0,-33.82477,151.30024,-32.5,152.5
1861644.0,-16.180042,145.408019,-17.5,147.5
1425257.0,-29.458363,152.692791,-27.5,152.5
2802619.0,-41.088078,174.104128,-42.5,172.5
4757278.0,-35.969952,149.339545,-37.5,147.5
6532606.0,-34.983017,138.509842,-32.5,137.5
1921262.0,-25.468463,152.95293,-27.5,152.5
7679994.0,-40.669004,175.31184,-42.5,177.5
2380565.0,-45.773788,170.714888,-47.5,172.5
2470715.0,-26.994556,152.684083,-27.5,152.5
2487015.0,-33.724469,150.377016,-32.5,152.5
2479513.0,-38.246688,142.948164,-37.5,142.5
4593440.0,-35.584388,138.597491,-37.5,137.5
9458333.0,-36.893451,147.248784,-37.5,147.5
1775796.0,22.219522,-159.48932,22.5,-157.5
2297596.0,-27.32291,152.761631,-27.5,152.5
7838289.0,-32.88577,151.646958,-32.5,152.5
9752617.0,-27.457105,153.511947,-27.5,152.5
9761484.0,-33.901253,151.237795,-32.5,152.5
4136722.0,-25.808803,152.786257,-27.5,152.5
1664416.0,-33.757142,151.28273,-32.5,152.5
3076038.0,-23.306372,150.775364,-22.5,152.5
5399445.0,-36.927466,147.12548,-37.5,147.5
4002232.0,-42.304603,172.2911,-42.5,172.5
7311577.0,-36.737095,146.8004,-37.5,147.5
1423374.0,-33.912293,151.182049,-32.5,152.5
3084672.0,-27.628217,153.226837,-27.5,152.5
4043573.0,-38.675738,176.699012,-37.5,177.5
5358748.0,-36.944917,174.78739,-37.5,172.5
9568759.0,-40.764689,145.300981,-42.5,147.5
5051695.0,-37.02564,142.394649,-37.5,142.5
4876686.0,-39.909292,147.800172,-37.5,147.5
2149490.0,-21.126933,149.052217,-22.5,147.5
5123118.0,-41.29625,174.751614,-42.5,172.5
5795773.0,-34.975577,138.508724,-32.5,137.5
5035522.0,-43.276303,147.156783,-42.5,147.5
5228214.0,-36.823851,139.85266,-37.5,137.5
5231325.0,-34.051289,150.821001,-32.5,152.5
1341976.0,-21.355197,164.956147,-22.5,162.5
4593869.0,-33.556273,151.268176,-32.5,152.5
2733456.0,-35.635319,150.280714,-37.5,152.5
2479686.0,-27.315948,153.065613,-27.5,152.5
2440012.0,-28.639195,153.62918,-27.5,152.5
7287046.0,-38.353358,144.161835,-37.5,142.5
5806177.0,-38.242978,144.536895,-37.5,142.5
2802619.0,-44.253035,169.80941,-42.5,167.5
7301010.0,-37.850078,140.78183,-37.5,142.5
4162023.0,-32.331314,152.541843,-32.5,152.5
5588523.0,-35.525337,148.776337,-37.5,147.5
2442225.0,21.815027,-159.500239,22.5,-157.5
1424598.0,-34.188637,150.973145,-32.5,152.5
4075200.0,-36.694937,149.543913,-37.5,147.5
4736291.0,-38.081794,145.80658,-37.5,147.5
5371881.0,-37.871074,142.352089,-37.5,142.5
7308211.0,-42.873609,147.259353,-42.5,147.5
5231730.0,-40.151286,175.842863,-42.5,177.5
1899947.0,-36.782807,149.995564,-37.5,147.5
2489450.0,-35.10574,139.142618,-37.5,137.5
2498084.0,-34.188795,150.97078,-32.5,152.5
1909216.0,-28.010048,153.22534,-27.5,152.5
1424598.0,-38.402547,146.053305,-37.5,147.5
2706941.0,-35.139161,150.740142,-37.5,152.5
8061655.0,-41.345978,174.787597,-42.5,172.5
5208733.0,20.647812,-156.444452,22.5,-157.5
1429650.0,-34.98275,116.604167,-32.5,117.5
5229426.0,-26.364391,152.967669,-27.5,152.5
1937712.0,-33.865917,151.216533,-32.5,152.5
4741555.0,-36.856629,149.917721,-37.5,147.5
4759114.0,-33.780877,150.615978,-32.5,152.5
5795056.0,-46.055514,170.218874,-47.5,172.5
2489396.0,-36.223129,140.130529,-37.5,142.5
1429630.0,-36.773723,145.073075,-37.5,147.5
3173338.0,-45.866588,170.635667,-47.5,172.5
5809749.0,-32.749367,151.102566,-32.5,152.5
5018867.0,-28.816892,153.291139,-27.5,152.5
2911412.0,-36.486483,174.748183,-37.5,172.5
2480261.0,-34.721103,135.861512,-32.5,137.5
2488959.0,-26.429499,153.103248,-27.5,152.5
9766104.0,-38.357044,144.772957,-37.5,142.5
7296864.0,-39.397938,175.414397,-37.5,177.5
1424598.0,-37.915827,145.326128,-37.5,147.5
5230789.0,-27.23638,153.02037,-27.5,152.5
4360689.0,-30.156792,153.20616,-32.5,152.5
5220136.0,-29.925012,150.980581,-27.5,152.5
2817708.0,-39.312901,174.095622,-37.5,172.5
2482036.0,-38.042993,144.509989,-37.5,142.5
3361588.0,-37.889911,176.211106,-37.5,177.5
7009388.0,-17.330242,145.876053,-17.5,147.5
5797998.0,-32.926072,134.080217,-32.5,132.5
5225659.0,-27.095195,152.378169,-27.5,152.5
2350050.0,20.7594,-155.98683,22.5,-157.5
3036415.0,-40.97766,174.957502,-42.5,172.5
7340924.0,-28.642475,153.613158,-27.5,152.5
4995011.0,-34.882279,150.496508,-32.5,152.5
5858758.0,-28.329483,152.342169,-27.5,152.5
1768972.0,-43.01163,147.308394,-42.5,147.5
2498084.0,-37.66927,144.567872,-37.5,142.5
2493737.0,-27.605312,152.542403,-27.5,152.5
1043082.0,-37.770497,144.960403,-37.5,142.5
5375388.0,-43.466889,172.569342,-42.5,172.5
2449662.0,-33.719817,150.462871,-32.5,152.5
5034966.0,-33.664647,151.15537,-32.5,152.5
3169083.0,-36.6068,174.892212,-37.5,172.5
5387974.0,22.101461,-159.677076,22.5,-157.5
3920084.0,-37.805922,175.30722,-37.5,177.5
2495195.0,-37.807603,145.207747,-37.5,147.5
2479686.0,-38.182477,145.119104,-37.5,147.5
4783410.0,-35.384912,150.442567,-37.5,152.5
6268861.0,-37.278903,175.898341,-37.5,177.5
2489318.0,-44.720872,168.232973,-42.5,167.5
7303844.0,-35.013364,138.803087,-37.5,137.5
5806177.0,-38.309179,144.150019,-37.5,142.5
2951984.0,-41.218208,173.936828,-42.5,172.5
3935350.0,-41.218278,173.936387,-42.5,172.5
2489450.0,-27.542618,153.07251,-27.5,152.5
2486597.0,-32.311506,152.473418,-32.5,152.5
2462503.0,-37.977236,145.061007,-37.5,147.5
5237434.0,-27.924925,153.193638,-27.5,152.5
4595317.0,-35.55695,174.499637,-37.5,172.5
2978548.0,-27.549333,152.508653,-27.5,152.5
3189718.0,-36.131553,174.568786,-37.5,172.5
2487365.0,-27.562577,153.095914,-27.5,152.5
5218655.0,-30.107425,153.199495,-32.5,152.5
2480899.0,-19.25351,146.82175,-17.5,147.5
12189304.0,19.721217,-155.947269,17.5,-157.5
2378306.0,-22.281181,166.480962,-22.5,167.5
9589697.0,-42.885219,147.654513,-42.5,147.5
2424091.0,19.558614,-155.964595,17.5,-157.5
1043714.0,-36.8565,174.635802,-37.5,172.5
2408032.0,-38.39873,145.114333,-37.5,147.5
1980063.0,-37.00247,175.842606,-37.5,177.5
2920999.0,-26.833024,152.84952,-27.5,152.5
3001244.0,-44.728925,171.050718,-42.5,172.5
9772892.0,-29.505464,152.823547,-27.5,152.5
3034823.0,-34.930775,138.702497,-32.5,137.5
1771245.0,-43.828817,172.944442,-42.5,172.5
1676360.0,-38.163997,144.300784,-37.5,142.5
5229156.0,-37.299053,142.050431,-37.5,142.5
2479308.0,-27.463188,152.936722,-27.5,152.5
4796322.0,-36.131622,174.570314,-37.5,172.5
2333513.0,-43.021708,147.503722,-42.5,147.5
2479053.0,-27.987039,145.609374,-27.5,147.5
7823145.0,-38.696929,176.154429,-37.5,177.5
10759934.0,-43.581852,146.890042,-42.5,147.5
3096972.0,-41.088921,174.103595,-42.5,172.5
2388075.0,-33.82477,151.30024,-32.5,152.5
2498269.0,-35.314588,149.162248,-37.5,147.5
5639534.0,-44.719395,168.278405,-42.5,167.5
2424555.0,-28.649413,153.314041,-27.5,152.5
5210867.0,-37.866018,144.880277,-37.5,142.5
5799518.0,-37.277796,175.899819,-37.5,177.5
2481213.0,21.282033,-157.831178,22.5,-157.5
3112110.0,-37.87123,142.352104,-37.5,142.5
2486551.0,-41.331825,174.823998,-42.5,172.5
5228280.0,-31.474128,152.908813,-32.5,152.5
10869444.0,-41.689147,172.615534,-42.5,172.5
2766396.0,-41.211267,173.94597,-42.5,172.5
6526225.0,-40.593941,175.179335,-42.5,177.5
2498007.0,-36.133107,140.399023,-37.5,142.5
1882297.0,-41.306275,174.795707,-42.5,172.5
2495057.0,-33.716672,150.37569,-32.5,152.5
2480857.0,-37.960107,146.969053,-37.5,147.5
2462369.0,-28.637395,153.637114,-27.5,152.5
1883885.0,-17.415336,145.915598,-17.5,147.5
6095501.0,-38.29678,144.395657,-37.5,142.5
1414386.0,-17.435488,145.884737,-17.5,147.5
8378551.0,-33.559063,150.967772,-32.5,152.5
2482085.0,-31.91217,115.805199,-32.5,117.5
4079441.0,-30.433772,152.253113,-32.5,152.5
5245860.0,-17.354636,145.584731,-17.5,147.5
2158451.0,-36.200947,140.334092,-37.5,142.5
1043125.0,-28.0,153.02319,-27.5,152.5
2463647.0,-34.884512,118.406212,-32.5,117.5
4615987.0,-38.051918,144.409556,-37.5,142.5
4785113.0,-35.140731,150.141386,-37.5,152.5
1305170.0,-37.860187,144.264578,-37.5,142.5
2479925.0,-37.485005,144.38797,-37.5,142.5
5219981.0,-28.828118,151.93976,-27.5,152.5
12240379.0,-38.348452,142.060755,-37.5,142.5
4590229.0,-34.984457,138.510178,-32.5,137.5
5809749.0,-33.842938,151.240459,-32.5,152.5
5316113.0,-43.761497,169.149964,-42.5,167.5
2925403.0,-37.866003,144.880471,-37.5,142.5
5314597.0,-33.970506,149.96531,-32.5,147.5
7287228.0,-36.468956,140.364044,-37.5,142.5
2057602.0,-36.862653,174.596769,-37.5,172.5
4785113.0,-34.055825,151.118133,-32.5,152.5
7262552.0,-17.354994,145.587783,-17.5,147.5
8161292.0,-28.190914,153.504428,-27.5,152.5
10842219.0,-12.50316,130.988455,-12.5,132.5
7340924.0,-16.674017,145.327403,-17.5,147.5
1427795.0,-18.65105,146.156844,-17.5,147.5
2157203.0,-41.339712,173.174071,-42.5,172.5
8061655.0,-43.009033,147.932678,-42.5,147.5
4147059.0,-27.541222,153.03737,-27.5,152.5
1955753.0,-39.410338,173.792363,-37.5,172.5
2911549.0,-44.24775,169.893653,-42.5,167.5
7341308.0,-35.648147,138.189255,-37.5,137.5
7341498.0,-27.329065,152.763077,-27.5,152.5
5231890.0,-27.328686,152.765095,-27.5,152.5
4153008.0,-40.55984,175.191207,-42.5,177.5
7794150.0,-30.047806,152.991087,-32.5,152.5
2480857.0,-37.959464,146.969648,-37.5,147.5
5034955.0,-33.688721,150.369093,-32.5,152.5
2795051.0,-28.249403,153.10335,-27.5,152.5
4369977.0,-35.559696,174.509921,-37.5,172.5
5231941.0,-25.33735,153.20143,-27.5,152.5
5314597.0,-37.821041,145.351305,-37.5,147.5
2580246.0,-44.685868,168.271544,-42.5,167.5
3701769.0,-41.218145,173.936888,-42.5,172.5
2498011.0,-36.8667,174.722717,-37.5,172.5
2463131.0,-35.728263,148.989822,-37.5,147.5
1084940.0,-32.457608,149.772338,-32.5,147.5
2449662.0,-31.020619,152.301178,-32.5,152.5
2978604.0,-35.07377,138.584292,-37.5,137.5
3034807.0,-37.829115,144.831971,-37.5,142.5
8054215.0,-43.78533,172.825775,-42.5,172.5
2481746.0,-34.494664,138.293021,-32.5,137.5
5806175.0,-37.872493,142.291573,-37.5,142.5
1880439.0,-45.605275,170.667936,-47.5,172.5
2481890.0,-42.907715,147.289204,-42.5,147.5
2489450.0,-33.699945,150.928877,-32.5,152.5
5035548.0,-34.025772,151.229112,-32.5,152.5
7287011.0,-33.6781,151.117303,-32.5,152.5
11697968.0,-34.930753,138.672897,-32.5,137.5
2928667.0,-27.377525,153.029662,-27.5,152.5
5817288.0,-27.379996,153.041182,-27.5,152.5
12187916.0,-27.584294,152.990054,-27.5,152.5
1880350.0,-45.910957,170.482651,-47.5,172.5
2498226.0,-34.12686,150.703247,-32.5,152.5
2493615.0,-27.384259,153.143053,-27.5,152.5
5216933.0,-28.205697,153.49382,-27.5,152.5
2888867.0,-44.728966,171.050759,-42.5,172.5
2498046.0,-34.988191,138.71682,-32.5,137.5
1429156.0,-27.11434,152.88925,-27.5,152.5
5380041.0,-35.084779,138.533202,-37.5,137.5
2291839.0,-38.356876,144.773314,-37.5,142.5
3783024.0,-37.403767,175.192872,-37.5,177.5
1843485.0,-38.182597,145.119396,-37.5,147.5
2419246.0,19.92623,-155.886917,17.5,-157.5
2419421.0,-34.9973,117.947927,-32.5,117.5
2992543.0,-40.685603,175.289646,-42.5,177.5
3169083.0,-35.92068,174.437042,-37.5,172.5
1326093.0,-37.655525,144.879212,-37.5,142.5
8334128.0,-41.26763,174.036192,-42.5,172.5
4682196.0,-38.182698,145.119418,-37.5,147.5
2480897.0,-34.936508,138.619006,-32.5,137.5
5229167.0,-37.995144,144.540731,-37.5,142.5
9140331.0,-34.977636,138.509417,-32.5,137.5
2288537.0,-34.984152,138.51005,-32.5,137.5
4648447.0,-27.24419,152.789343,-27.5,152.5
2495190.0,-28.87343,153.564422,-27.5,152.5
6066513.0,-27.379765,153.045424,-27.5,152.5
5856652.0,-22.281181,166.480962,-22.5,167.5
3966897.0,-30.109953,153.212097,-32.5,152.5
8239703.0,-34.148472,151.027589,-32.5,152.5
3197463.0,-33.945065,151.258123,-32.5,152.5
5231722.0,-32.174267,152.506056,-32.5,152.5
2925892.0,-44.190056,170.141035,-42.5,172.5
2486621.0,-38.197806,146.518324,-37.5,147.5
2495905.0,-43.573,172.626381,-42.5,172.5
5391032.0,-39.331947,175.5103,-37.5,177.5
2890668.0,-45.877138,170.49733,-47.5,172.5
8161292.0,-27.571194,153.09786,-27.5,152.5
5229124.0,-27.4464,152.441876,-27.5,152.5
10857682.0,-19.409384,146.730297,-17.5,147.5
5569244.0,-37.482395,144.299195,-37.5,142.5
5289917.0,-38.643786,146.503252,-37.5,147.5
2487006.0,-35.05002,150.666936,-37.5,152.5
7296623.0,-36.776129,146.765085,-37.5,147.5
5830619.0,-27.419737,153.043724,-27.5,152.5
5794816.0,-34.975203,138.508596,-32.5,137.5
2480765.0,-37.825683,145.162188,-37.5,147.5
5806177.0,-37.547365,143.821889,-37.5,142.5
4360689.0,-30.076355,153.204894,-32.5,152.5
1951170.0,-28.16653,153.378417,-27.5,152.5
7443499.0,-39.203403,175.539802,-37.5,177.5
2498097.0,-36.316542,140.739527,-37.5,142.5
7552617.0,-41.610633,175.273972,-42.5,177.5
8048392.0,-27.779557,152.842131,-27.5,152.5
6065811.0,-37.546749,143.82346,-37.5,142.5
2480030.0,-35.291913,149.130949,-37.5,147.5
2465633.0,-27.988253,152.995934,-27.5,152.5
3731711.0,-45.472219,170.830289,-47.5,172.5
1203281.0,-29.486123,152.323944,-27.5,152.5
3112110.0,-36.025978,174.502044,-37.5,172.5
2115817.0,-46.608261,169.380614,-47.5,167.5
11559763.0,-27.540778,153.206774,-27.5,152.5
2486622.0,-42.998561,147.293629,-42.5,147.5
2768885.0,-34.775316,139.573091,-32.5,137.5
2291223.0,-45.908677,170.531806,-47.5,172.5
7296373.0,-36.737232,174.698655,-37.5,172.5
5356854.0,-40.953805,174.98336,-42.5,172.5
7311509.0,-42.889988,147.235642,-42.5,147.5
5377060.0,-37.71255,145.014079,-37.5,147.5
3895054.0,-37.139873,146.43956,-37.5,147.5
1427569.0,-17.841231,145.984158,-17.5,147.5
2486655.0,-35.024547,138.548797,-37.5,137.5
2479329.0,-34.583721,150.788483,-32.5,152.5
5171006.0,-37.860977,145.313311,-37.5,147.5
3108740.0,-41.34525,174.787995,-42.5,172.5
8197121.0,-37.378392,144.612367,-37.5,142.5
1959379.0,-46.608012,169.376388,-47.5,167.5
2695149.0,-33.706695,151.131166,-32.5,152.5
2764596.0,-27.734697,153.102433,-27.5,152.5
2981777.0,-43.425155,170.166947,-42.5,172.5
2487149.0,-34.498565,150.819912,-32.5,152.5
3833337.0,-26.456055,153.056611,-27.5,152.5
4736291.0,-30.399792,153.078828,-32.5,152.5
5281347.0,-36.163457,175.369331,-37.5,177.5
3141855.0,-38.213885,144.262832,-37.5,142.5
7262323.0,-33.692713,151.070617,-32.5,152.5
8184903.0,-40.420777,175.59797,-42.5,177.5
4783410.0,-33.887109,151.214713,-32.5,152.5
2440062.0,-41.163264,146.145264,-42.5,147.5
10750446.0,-44.706588,168.276707,-42.5,167.5
4373771.0,-34.980177,138.509905,-32.5,137.5
4373348.0,-34.980779,138.510155,-32.5,137.5
4876686.0,-38.505438,145.269837,-37.5,147.5
1942636.0,-27.447433,152.948002,-27.5,152.5
4736291.0,-42.889436,147.2905,-42.5,147.5
7778490.0,21.895272,-159.607633,22.5,-157.5
8378551.0,-27.465117,152.938325,-27.5,152.5
2158531.0,-26.718813,153.022669,-27.5,152.5
1808232.0,-26.800809,153.141852,-27.5,152.5
5035470.0,-34.968783,138.697714,-32.5,137.5
2744906.0,-37.733495,178.254005,-37.5,177.5
2078668.0,-39.410334,173.792363,-37.5,172.5
6067827.0,-43.447738,169.96968,-42.5,167.5
1425257.0,-28.806087,152.096886,-27.5,152.5
2495195.0,-27.111082,152.849574,-27.5,152.5
1835496.0,-41.313053,174.899001,-42.5,172.5
11173579.0,-37.819263,145.650313,-37.5,147.5
5225255.0,-35.187108,138.562095,-37.5,137.5
10090168.0,-28.18533,153.290365,-27.5,152.5
5231665.0,-35.290536,148.215129,-37.5,147.5
9751099.0,-27.63804,153.248288,-27.5,152.5
10842219.0,-26.598492,153.014059,-27.5,152.5
4845776.0,19.518461,-155.85689,17.5,-157.5
2470715.0,-33.573368,151.286447,-32.5,152.5
1109376.0,-36.936449,174.658211,-37.5,172.5
2480897.0,-36.821716,175.070302,-37.5,177.5
5314597.0,-37.42749,144.983648,-37.5,142.5
2299639.0,-36.096742,173.868698,-37.5,172.5
2487365.0,-27.38115,153.062914,-27.5,152.5
2864116.0,-35.371308,138.384029,-37.5,137.5
2980723.0,-26.203166,152.912888,-27.5,152.5
4608025.0,-30.157442,153.203288,-32.5,152.5
3830024.0,-26.204692,152.914699,-27.5,152.5
2440114.0,-31.714672,117.746831,-32.5,117.5
4778401.0,-17.506438,145.26551,-17.5,147.5
3771963.0,-16.808455,145.680987,-17.5,147.5
2470715.0,-28.258086,153.401086,-27.5,152.5
1327426.0,-35.305576,148.873219,-37.5,147.5
2479686.0,-37.846353,145.039636,-37.5,147.5
5314590.0,-30.483553,152.28743,-32.5,152.5
5788038.0,-42.98485,147.962235,-42.5,147.5
4727029.0,-35.007022,150.830603,-37.5,152.5
2479329.0,-37.900353,145.298645,-37.5,147.5
5171006.0,-34.096536,151.101387,-32.5,152.5
1115830.0,-37.575689,175.871809,-37.5,177.5
2498344.0,-34.05431,150.760113,-32.5,152.5
2497981.0,-27.420841,152.490674,-27.5,152.5
5388804.0,-38.021417,143.59578,-37.5,142.5
2891792.0,-26.778449,153.058753,-27.5,152.5
2479686.0,-33.988117,151.243133,-32.5,152.5
2481746.0,-38.027303,144.564916,-37.5,142.5
4784970.0,-37.775397,144.942367,-37.5,142.5
2874190.0,-29.473029,152.333125,-27.5,152.5
4583413.0,-41.085864,174.177145,-42.5,172.5
1428719.0,-34.832757,138.624194,-32.5,137.5
2764178.0,-33.809013,151.247712,-32.5,152.5
2392770.0,-36.619763,174.72987,-37.5,172.5
1429662.0,-27.464334,152.938263,-27.5,152.5
2487495.0,-34.029398,151.22621,-32.5,152.5
2882863.0,19.791208,-155.336483,17.5,-157.5
2479704.0,-19.27821,146.727825,-17.5,147.5
4645108.0,-34.791973,138.483928,-32.5,137.5
3169083.0,-41.27092,174.763663,-42.5,172.5
12265207.0,-36.864258,174.598142,-37.5,172.5
1992167.0,-38.177275,144.469969,-37.5,142.5
4373348.0,-34.976947,138.509461,-32.5,137.5
7328630.0,-38.694991,176.155595,-37.5,177.5
3084883.0,-27.337389,153.079789,-27.5,152.5
3665067.0,-45.068463,168.754452,-47.5,167.5
2481768.0,-16.864446,145.772828,-17.5,147.5
2979000.0,-42.882605,147.32572,-42.5,147.5
4845479.0,-42.999931,147.29216,-42.5,147.5
5789286.0,-23.906312,152.391511,-22.5,152.5
8323485.0,20.731769,-156.453932,22.5,-157.5
5219616.0,-43.605541,172.707943,-42.5,172.5
3729654.0,-36.960772,174.49083,-37.5,172.5
5665746.0,-44.160332,169.278595,-42.5,167.5
2379620.0,21.584844,-158.140023,22.5,-157.5
5668503.0,-37.911645,145.314545,-37.5,147.5
2980237.0,-33.734437,150.314782,-32.5,152.5
1725443.0,-44.930967,170.298766,-42.5,172.5
2440012.0,-27.525597,153.09259,-27.5,152.5
2481722.0,-16.904753,145.765911,-17.5,147.5
7967206.0,-41.088045,174.104293,-42.5,172.5
5128224.0,-37.64256,140.619341,-37.5,142.5
2104901.0,-31.926762,115.81405,-32.5,117.5
11398585.0,-40.860267,175.059832,-42.5,177.5
5371118.0,-50.488275,166.306045,-52.5,167.5
1919626.0,-37.927151,144.440317,-37.5,142.5
3169083.0,-36.897438,174.786317,-37.5,172.5
5802396.0,-38.033805,176.227325,-37.5,177.5
4757800.0,-27.648256,152.772844,-27.5,152.5
1428719.0,-27.11434,152.88925,-27.5,152.5
5540914.0,-43.444238,169.969188,-42.5,167.5
1421860.0,-27.338345,152.832728,-27.5,152.5
10547069.0,-16.740642,145.665281,-17.5,147.5
2470715.0,-31.24592,152.512787,-32.5,152.5
5806175.0,-37.99125,145.127486,-37.5,147.5
4989903.0,-38.236274,142.907914,-37.5,142.5
6370689.0,-22.111816,114.032023,-22.5,112.5
10759934.0,-34.198248,150.984727,-32.5,152.5
2834347.0,-35.716265,174.254451,-37.5,172.5
2480766.0,-36.132926,140.399158,-37.5,142.5
7304256.0,-27.328583,152.761122,-27.5,152.5
5178595.0,-35.162941,138.471115,-37.5,137.5
5150771.0,-38.182447,145.119217,-37.5,147.5
8482556.0,-35.161244,149.097873,-37.5,147.5
2932040.0,-27.699513,153.282867,-27.5,152.5
2486847.0,-28.388683,153.323605,-27.5,152.5
3173338.0,-45.827599,170.594262,-47.5,172.5
9240581.0,-38.269854,144.515036,-37.5,142.5
2481860.0,-43.513826,172.726245,-42.5,172.5
2436940.0,-45.860852,170.522694,-47.5,172.5
2487149.0,-27.235978,153.017167,-27.5,152.5
3112364.0,-44.938512,168.833608,-42.5,167.5
2164016.0,-35.276048,149.088613,-37.5,147.5
8363197.0,-34.791455,149.623516,-32.5,147.5
5337491.0,19.43089,-155.267249,17.5,-157.5
11483847.0,-37.976389,175.116066,-37.5,177.5
2486597.0,-27.328686,152.765095,-27.5,152.5
2440254.0,-34.307367,149.970262,-32.5,147.5
3986992.0,-32.142803,133.644975,-32.5,132.5
2427671.0,-27.588217,151.945661,-27.5,152.5
2489450.0,-27.384512,153.096053,-27.5,152.5
2406690.0,-33.709622,115.32674,-32.5,117.5
2481830.0,-37.957861,146.971978,-37.5,147.5
5290335.0,-39.313888,175.512955,-37.5,177.5
2440164.0,-27.328686,152.765095,-27.5,152.5
2403512.0,-41.02471,174.900591,-42.5,172.5
2392174.0,-42.98568,147.964504,-42.5,147.5
2387397.0,-35.1817,136.893079,-37.5,137.5
4648070.0,-17.9535,146.090881,-17.5,147.5
5371889.0,-36.147453,174.559539,-37.5,172.5
2486602.0,-27.015213,152.940558,-27.5,152.5
2976442.0,-42.153683,148.299507,-42.5,147.5
4390838.0,-36.823012,149.751346,-37.5,147.5
2495134.0,-34.207091,146.020064,-32.5,147.5
2480437.0,-31.872738,152.691162,-32.5,152.5
4614747.0,-30.076682,153.205022,-32.5,152.5
2482054.0,-37.626585,145.105101,-37.5,147.5
3033339.0,-40.949004,174.982369,-42.5,172.5
2498269.0,-34.055396,150.76037,-32.5,152.5
1336368.0,-23.879742,151.214097,-22.5,152.5
5637255.0,-33.693363,151.070022,-32.5,152.5
2480880.0,-27.420841,152.490674,-27.5,152.5
2479871.0,-36.115667,146.887379,-37.5,147.5
4782664.0,-35.037802,138.773253,-37.5,137.5
1341976.0,-26.616508,153.063557,-27.5,152.5
4778688.0,-37.921159,145.059018,-37.5,147.5
4372638.0,-22.30125,166.436001,-22.5,167.5
3181898.0,-35.016951,150.831977,-37.5,152.5
8604861.0,-33.66541,151.155593,-32.5,152.5
5225659.0,-27.332952,152.762937,-27.5,152.5
5230789.0,-38.351231,144.295429,-37.5,142.5
5149880.0,-27.335515,152.765297,-27.5,152.5
1774712.0,-27.335393,152.765637,-27.5,152.5
2959172.0,-32.379997,116.220725,-32.5,117.5
5033875.0,-36.082264,146.906086,-37.5,147.5
1079997.0,-36.196669,147.902286,-37.5,147.5
2475648.0,-31.441037,152.90567,-32.5,152.5
3197229.0,-36.092764,173.865473,-37.5,172.5
1339786.0,-27.758323,153.190643,-27.5,152.5
4002232.0,-43.977844,169.209645,-42.5,167.5
5680555.0,-34.876679,138.714274,-32.5,137.5
1426137.0,-27.33837,152.832744,-27.5,152.5
2779514.0,-44.94393,170.24173,-42.5,172.5
1902244.0,-38.309181,144.150076,-37.5,142.5
2304401.0,-38.318044,144.335153,-37.5,142.5
5959188.0,-43.242828,147.159867,-42.5,147.5
5369669.0,-42.932802,171.566238,-42.5,172.5
7595541.0,22.116086,-159.677338,22.5,-157.5
1748425.0,-45.910957,170.482651,-47.5,172.5
5155010.0,-27.1457,152.971,-27.5,152.5
5581563.0,-43.222908,172.187012,-42.5,172.5
2406972.0,20.631755,-156.49657,22.5,-157.5
8235150.0,-36.867221,174.724881,-37.5,172.5
5970883.0,-36.619763,174.72987,-37.5,172.5
1762900.0,-35.624008,148.693483,-37.5,147.5
4995011.0,-37.713136,144.897608,-37.5,142.5
3171949.0,-41.158844,174.970067,-42.5,172.5
7679480.0,-34.085033,137.607167,-32.5,137.5
5232445.0,22.23118,-159.40187,22.5,-157.5
3607630.0,-46.818066,167.741427,-47.5,167.5
9689104.0,-39.015916,174.197013,-37.5,172.5
5408235.0,-34.266087,150.948539,-32.5,152.5
5133088.0,-21.17467,149.151061,-22.5,147.5
2374370.0,-31.97959,115.534793,-32.5,117.5
6026474.0,-38.172985,145.167009,-37.5,147.5
2498097.0,-42.999397,147.291862,-42.5,147.5
2462060.0,-44.271044,169.847947,-42.5,167.5
5420641.0,22.02074,-159.674316,22.5,-157.5
5524676.0,-27.464481,152.938386,-27.5,152.5
5724953.0,-30.205483,153.26693,-32.5,152.5
7815951.0,-38.341375,142.635946,-37.5,142.5
2294612.0,-16.916667,145.683333,-17.5,147.5
2498344.0,-37.825762,145.162164,-37.5,147.5
2479598.0,-35.290536,148.215129,-37.5,147.5
1664273.0,-35.274425,149.108125,-37.5,147.5
5228220.0,-27.638167,153.247605,-27.5,152.5
2475648.0,-27.53424,153.124955,-27.5,152.5
7262317.0,-37.899855,147.503754,-37.5,147.5
5648235.0,-42.94722,173.245548,-42.5,172.5
2479311.0,-35.162983,138.566605,-37.5,137.5
9251096.0,-22.172286,166.761027,-22.5,167.5
1863880.0,-27.961054,153.39809,-27.5,152.5
5359477.0,-41.164701,173.005358,-42.5,172.5
1899947.0,-36.90057,142.467758,-37.5,142.5
1311671.0,-40.862358,173.022995,-42.5,172.5
2479594.0,-41.304041,174.752353,-42.5,172.5
2294949.0,-27.33366,152.763138,-27.5,152.5
5314597.0,-35.606709,138.236593,-37.5,137.5
7333874.0,-28.636777,153.618577,-27.5,152.5
2474614.0,-38.335878,144.31261,-37.5,142.5
2482491.0,-28.873633,153.5645,-27.5,152.5
2931104.0,-29.759008,151.373806,-27.5,152.5
2480369.0,-32.935538,151.779078,-32.5,152.5
2479686.0,-37.827614,145.162574,-37.5,147.5
2479594.0,-37.036258,174.972197,-37.5,172.5
2874190.0,-27.540366,153.192455,-27.5,152.5
4389096.0,-34.946888,138.612642,-32.5,137.5
3036497.0,-39.313033,174.096802,-37.5,172.5
2481791.0,-36.387042,150.041123,-37.5,152.5
2481860.0,-33.823437,151.048142,-32.5,152.5
2535598.0,-30.287204,153.121257,-32.5,152.5
3190877.0,-44.732524,168.190384,-42.5,167.5
1423493.0,-41.525407,146.657346,-42.5,147.5
4010604.0,-45.06441,168.81926,-47.5,167.5
2385302.0,-35.667355,137.072816,-37.5,137.5
11173579.0,-38.341992,145.190567,-37.5,147.5
11173579.0,-37.719325,145.142924,-37.5,147.5
5402404.0,-45.06454,168.81939,-47.5,167.5
5415247.0,19.409455,-155.236345,17.5,-157.5
7296373.0,-45.882093,170.401911,-47.5,172.5
1664273.0,-38.182768,145.11956,-37.5,147.5
5814664.0,-39.201978,175.538779,-37.5,177.5
1350873.0,-36.922255,174.669481,-37.5,172.5
2889934.0,-34.49955,150.873458,-32.5,152.5
8200663.0,-36.873902,174.736002,-37.5,172.5
2479888.0,-34.968165,138.634825,-32.5,137.5
5051695.0,-37.672974,145.149629,-37.5,147.5
2651839.0,19.719299,-155.948515,17.5,-157.5
2495414.0,-36.942107,174.786754,-37.5,172.5
5230491.0,-42.907686,147.288503,-42.5,147.5
4009586.0,-43.598227,146.861495,-42.5,147.5
2489005.0,-36.805404,174.785004,-37.5,172.5
2841800.0,-36.905095,147.129228,-37.5,147.5
2480765.0,-33.86291,151.217353,-32.5,152.5
4778355.0,-31.599341,152.84446,-32.5,152.5
3940097.0,-41.747242,173.661772,-42.5,172.5
5390402.0,-37.539174,148.434961,-37.5,147.5
2440161.0,-28.23132,153.135697,-27.5,152.5
7346444.0,-35.536981,138.681489,-37.5,137.5
2489450.0,-27.442905,153.02565,-27.5,152.5
2925892.0,-44.003211,170.477121,-42.5,172.5
2495190.0,-34.308597,148.310091,-32.5,147.5
2491534.0,-44.670874,167.925336,-42.5,167.5
2498344.0,-27.316375,153.065168,-27.5,152.5
2498036.0,-33.933046,151.15855,-32.5,152.5
7322148.0,-41.646057,172.21507,-42.5,172.5
6094910.0,-34.728271,143.539019,-32.5,142.5
10752509.0,-30.586992,151.738875,-32.5,152.5
2178791.0,-27.53557,153.129105,-27.5,152.5
1899947.0,-38.598157,145.463154,-37.5,147.5
10156181.0,-28.05377,153.351303,-27.5,152.5
2928905.0,-32.95103,151.755312,-32.5,152.5
2806931.0,-37.939872,145.349167,-37.5,147.5
5229172.0,-34.265304,142.165738,-32.5,142.5
4995411.0,-34.792058,149.624068,-32.5,147.5
2162345.0,-34.906904,138.609818,-32.5,137.5
5377060.0,-36.147056,174.561478,-37.5,172.5
1992167.0,-41.311938,174.824143,-42.5,172.5
2980548.0,-26.598382,152.884345,-27.5,152.5
5789593.0,-42.144144,148.307528,-42.5,147.5
2480104.0,-38.175149,145.067696,-37.5,147.5
3789321.0,-37.731852,175.98917,-37.5,177.5
5138732.0,-28.825927,151.982379,-27.5,152.5
2446976.0,-34.286887,150.943022,-32.5,152.5
5290177.0,-37.954133,145.005327,-37.5,147.5
2701564.0,-40.953712,174.983354,-42.5,172.5
3074251.0,-27.651603,152.899756,-27.5,152.5
2293764.0,-27.961458,153.38852,-27.5,152.5
