"key","scientificName","taxonRank","decimalLatitude","decimalLongitude","speciesKey"
"5937748555","Acraea Fabricius, 1807","GENUS",-25.33885,31.798592,NA
"5937748560","Catopsilia florella (Fabricius, 1775)","SPECIES",-25.3389,31.798599,1919346
"5937748574","Papilio demodocus Esper, 1798","SPECIES",-25.332439,31.79944,1938125
"5937748578","Myrina silenus (Fabricius, 1775)","SPECIES",-25.3389,31.798599,5139201
"5937748581","Danaus chrysippus (Linnaeus, 1758)","SPECIES",-25.332541,31.798157,7642610
"5937748624","Charaxes phaeus Hewitson, 1877","SPECIES",-25.338699,31.799,5128685
"5937961452","Solanum L.","GENUS",28.809883,-17.781607,NA
"5937961841","Aeonium arboreum var. holochrysum H.Y.Liu","VARIETY",28.809883,-17.781607,2985682
"5937961860","Scilla latifolia Willd. ex Schult.f.","SPECIES",28.809883,-17.781607,2767246
"5937961998","Adiantum reniforme L.","SPECIES",28.809883,-17.781607,7335649
"5937962320","Sonchus asper (L.) Hill","SPECIES",28.809883,-17.781607,3105782
"5937962485","Patellifolia procumbens (Chr.P.Sm. ex Hornem.) A.J.Scott, Ford-Lloyd & J.T.Williams","SPECIES",28.809883,-17.781607,3757792
"5937962522","Argyranthemum frutescens (L.) Sch.Bip.","SPECIES",28.841251,-17.789206,3104491
"5937962817","Ricinus communis L.","SPECIES",28.809883,-17.781607,5380041
"5937962972","Reichardia ligulata (Vent.) G.Kunkel & Sunding","SPECIES",28.809883,-17.781607,5385647
"5937963108","Arundo donax L.","SPECIES",28.841251,-17.789206,2703041
"5937963122","Pararge xiphioides Staudinger, 1871","SPECIES",28.809883,-17.781607,8049830
"5937963246","Cinnyris pulchellus (Linnaeus, 1766)","SPECIES",13.787154,-16.477831,7340702
"5937963517","Patellifolia procumbens (Chr.P.Sm. ex Hornem.) A.J.Scott, Ford-Lloyd & J.T.Williams","SPECIES",28.841251,-17.789206,3757792
"5937963779","Ricinus communis L.","SPECIES",28.841251,-17.789206,5380041
"5937964407","Pennisetum setaceum (Forssk.) Chiov.","SPECIES",28.809883,-17.781607,5828232
"5937965383","Colocasia esculenta (L.) Schott","SPECIES",28.809883,-17.781607,5330776
"5937965439","Pericallis papyracea (DC.) B.Nord.","SPECIES",28.809883,-17.781607,8423916
"5937965632","Euphorbia canariensis L.","SPECIES",28.841251,-17.789206,3066139
"5937966527","Asparagus umbellatus Link","SPECIES",28.809883,-17.781607,2768929
"5937966894","Sonchus hierrensis (Pit.) Boulos","SPECIES",28.809883,-17.781607,3105828
"5937967298","Oxalis pes-caprae L.","SPECIES",28.809883,-17.781607,2891661
"5937967350","Argyranthemum Webb ex Sch.Bip.","GENUS",28.809883,-17.781607,NA
"5937967724","Hypericum canariense L.","SPECIES",28.809883,-17.781607,3189481
"5937967890","Mesembryanthemum nodiflorum L.","SPECIES",28.841251,-17.789206,3084837
"5937968337","Erigeron floribundus (Kunth) Sch.Bip.","SPECIES",28.809883,-17.781607,3147018
"5937968394","Pandion haliaetus (Linnaeus, 1758)","SPECIES",13.393126,-16.649094,2480726
"5937968419","Ficus carica L.","SPECIES",28.809883,-17.781607,5361909
"5937968500","Lavandula canariensis Mill.","SPECIES",28.809883,-17.781607,7307851
"5937969080","Todaroa aurea subsp. suaveolens P.Pérez","SUBSPECIES",28.809883,-17.781607,6026739
"5937969228","Eucalyptus L'Hér.","GENUS",28.809883,-17.781607,NA
"5937969612","Amaranthus L.","GENUS",28.809883,-17.781607,NA
"5937969748","Davallia canariensis (L.) Sm.","SPECIES",28.809883,-17.781607,4204692
"5937969830","Foeniculum vulgare Mill.","SPECIES",28.809883,-17.781607,3034922
"5937969845","Galinsoga parviflora Cav.","SPECIES",28.809883,-17.781607,3132570
"5937970670","Galactites tomentosa Moench","SPECIES",28.809883,-17.781607,3137579
"5937970725","Maytenus canariensis (Loes.) G.Kunkel & Sunding","SPECIES",28.809883,-17.781607,3791571
"5937970736","Apollonias barbujana (Cav.) A.Braun","SPECIES",28.809883,-17.781607,7304460
"5937970816","Arundo donax L.","SPECIES",28.809883,-17.781607,2703041
"5937971719","Sonchus oleraceus L.","SPECIES",28.809883,-17.781607,8228544
"5937971959","Aeonium Webb & Berthel.","GENUS",28.809883,-17.781607,NA
"5937972091","Dracunculus canariensis Kunth","SPECIES",28.809883,-17.781607,5330012
"5937972437","Artemisia thuscula Cav.","SPECIES",28.809883,-17.781607,3121623
"5937972776","Lactuca serriola L.","SPECIES",28.809883,-17.781607,3140490
"5937972778","Persea americana Mill.","SPECIES",28.809883,-17.781607,3034046
"5937973432","Periploca laevigata Aiton","SPECIES",28.809883,-17.781607,6022574
"5937973731","Bidens pilosa L.","SPECIES",28.809883,-17.781607,5391845
"5937973733","Mirabilis jalapa L.","SPECIES",28.809883,-17.781607,3086240
"5937974283","Kleinia neriifolia Haw.","SPECIES",28.809883,-17.781607,5405673
"5937974521","Limonium imbricatum (Webb ex Girard) F.T.Hubb. ex L.H.Bailey","SPECIES",28.841251,-17.789206,4088687
"5937975214","Astydamia latifolia (L.fil.) Kuntze","SPECIES",28.841251,-17.789206,7375132
"5937975236","Musa × paradisiaca L.","SPECIES",28.809883,-17.781607,2762752
"5937975436","Eriobotrya japonica (Thunb.) Lindl.","SPECIES",28.809883,-17.781607,10786206
"5937975538","Cardiospermum grandiflorum Sw.","SPECIES",28.809883,-17.781607,3189935
"5937975618","Hyoscyamus albus L.","SPECIES",28.841251,-17.789206,2928979
"5937975664","Erodium malacoides (L.) L'Hér.","SPECIES",28.809883,-17.781607,9297163
"5937976145","Tropaeolum majus L.","SPECIES",28.809883,-17.781607,2889934
"5937976172","Phyllis nobla L.","SPECIES",28.809883,-17.781607,5337520
"5937976799","Stachys arvensis (L.) L.","SPECIES",28.809883,-17.781607,2927229
"5937977787","Commelina latifolia Hochst. ex A.Rich.","SPECIES",28.809883,-17.781607,2764087
"5937977815","Frankenia ericifolia Chr.P.Sm.","SPECIES",28.841251,-17.789206,8596463
"5937978018","Aloe vera (L.) Burm.f.","SPECIES",28.841251,-17.789206,2777724
"5937978178","Jasminum odoratissimum L.","SPECIES",28.809883,-17.781607,9275304
"5937979346","Psidium guajava L.","SPECIES",28.809883,-17.781607,5420380
"5937979469","Rumex lunaria L.","SPECIES",28.841251,-17.789206,4032398
"5937980345","Bituminaria bituminosa (L.) C.H.Stirt.","SPECIES",28.809883,-17.781607,2952882
"5937980403","Coffea arabica L.","SPECIES",28.809883,-17.781607,2895345
"5938027367","Bidens pilosa L.","SPECIES",-24.45966,30.610074,5391845
"5938027381","Thomisus citrinellus Simon, 1875","SPECIES",-34.244917,18.466349,2166114
"5938027499","Pachnoda sinuata (Fabricius, 1775)","SPECIES",-25.833379,28.161983,1081568
"5938027542","Aepyceros melampus melampus (Lichtenstein, 1812)","SUBSPECIES",-2.219017,34.906151,2441144
"5938027617","Tursiops aduncus (Ehrenberg, 1833)","SPECIES",-3.4306,39.964508,2440455
"5938027623","Trithemis arteriosa (Burmeister, 1839)","SPECIES",-29.428267,31.251697,1428848
"5938027647","Buteo augur (Ruppell, 1836)","SPECIES",-1.272472,34.985667,2480540
"5938027678","Ischiodon aegyptius (Wiedemann, 1830)","SPECIES",-24.328596,31.071472,1537188
"5938027685","Cephonodes hylas virescens Wallengren, 1858","SUBSPECIES",-30.496726,30.630236,1863034
"5938027690","Senecio tamoides DC.","SPECIES",-24.152172,30.264547,3107187
"5938027727","Terpsiphone atrochalybeia (Thomson, 1842)","SPECIES",0.276739,6.659851,2486684
"5938027837","Leucospermum cuneiforme (Burm.fil.) Rourke","SPECIES",-33.951772,25.488306,3997464
"5938027849","Burhinus vermiculatus vermiculatus (Cabanis, 1868)","SUBSPECIES",-34.209201,24.831012,2482095
"5938027900","Crassula orbicularis L.","SPECIES",-33.99645,23.413346,7334798
"5938028021","Anastomus lamelligerus Temminck, 1823","SPECIES",-17.885035,25.817686,5229411
"5938028027","Belonogaster dubia Kohl, 1894","SPECIES",-23.859749,31.12853,1310263
"5938028031","Crassula orbicularis L.","SPECIES",-33.912449,25.210274,7334798
"5938028049","Chlorocebus pygerythrus pygerythrus (F.Cuvier, 1821)","SUBSPECIES",-32.274339,25.427041,7262034
"5938028051","Neojulodis vittipennis","SPECIES",-7.354487,37.135861,8788243
"5938028309","Grewia occidentalis L.","SPECIES",-25.862446,27.496912,4261391
"5938028313","Leucadendron xanthoconus (Kuntze) K.Schum.","SPECIES",-34.3204,18.965088,5637380
"5938028326","Pelomedusa galeata (Schoepff, 1792)","SPECIES",-29.057275,30.295672,2442276
"5938028420","Asystasia mysorensis (Roth) Anderson","SPECIES",-20.206212,28.606333,7628576
"5938028428","Agrilus sexguttatus (Thunberg, 1789)","SPECIES",-24.448187,31.169334,9783070
"5938028433","Smilax aspera L.","SPECIES",34.860846,-1.268656,5295044
"5938028435","Furcifer pardalis (Cuvier, 1829)","SPECIES",-21.053297,55.306229,5221988
"5938028585","Opistophthalmus peringueyi Purcell, 1898","SPECIES",-29.703255,17.999378,6894774
"5938029529","Pseudagrion hageni Karsch, 1893","SPECIES",-32.724423,25.64205,1422870
"5938029577","Heliotropium ramosissimum (Lehm.) Sieber ex A.DC.","SPECIES",28.300908,-16.373757,2925775
"5938029648","Erica thomae L.Bolus","SPECIES",-34.3294,19.005326,5682447
"5938029649","Tringa glareola Linnaeus, 1758","SPECIES",-24.756288,31.810708,2481713
"5938029890","Anarhynchus Quoy & Gaimard, 1832","GENUS",-34.077986,18.511068,NA
"5938029974","Schizogyne sericea (L.fil.) DC.","SPECIES",28.29833,-16.371291,3089818
"5938029999","Mystroxylon aethiopicum (Thunb.) Loes.","SPECIES",-34.009617,25.68198,7265777
"5938030004","Cistus symphytifolius Lam.","SPECIES",28.189611,-16.604617,7331231
"5938030027","Streptopelia capicola (Sundevall, 1857)","SPECIES",-1.124248,35.267638,2495667
"5938030051","Plerochila australis (Distant, 1904)","SPECIES",-34.141389,18.327613,7645252
"5938030113","Hieraaetus wahlbergi (Sundevall, 1850)","SPECIES",-24.193057,30.936446,5844448
"5938030183","Portulaca grandiflora Hook.","SPECIES",-26.452332,31.993538,3084700
"5938030207","Chersina angulata (Schweigger, 1812)","SPECIES",-34.138111,18.355988,5220285
"5938030241","Buteo rufinus cirtensis (J.Levaillant, 1850)","SUBSPECIES",34.142174,-5.118376,2480564
"5938030376","Obetia tenax (N.E.Br.) Friis","SPECIES",-24.459603,30.610054,4099723
"5938030380","Fulica cristata Gmelin, 1789","SPECIES",-29.3588,29.955125,2474381
"5938030393","Helichrysum longifolium DC.","SPECIES",-29.770152,30.750877,3131561
"5938030395","Trachylepis margaritifer (Peters, 1854)","SPECIES",-28.21996,31.948247,5225388
"5938030400","Leptomyrina gorgias gorgias (Stoll, 1790)","SUBSPECIES",-29.841434,30.928143,11374171
"5938030469","Ceryle rudis rudis (Linnaeus, 1758)","SUBSPECIES",-30.858653,24.64065,2475679
"5938030572","Cairina moschata var. domestica","VARIETY",32.80876,-17.048003,9751099
"5938030599","Ploceus velatus velatus Vieillot, 1819","SUBSPECIES",-25.228319,27.105326,2494015
"5938030609","Ischnura senegalensis (Rambur, 1842)","SPECIES",-34.0702,18.816646,1423286
"5938030611","Merciera azurea Schltr.","SPECIES",-34.331061,19.008392,3166579
"5938030623","Pteropus niger (Kerr, 1792)","SPECIES",-20.242613,57.655327,5218652
"5938030982","Tragelaphus sylvaticus (Sparrman, 1780)","SPECIES",-33.66718,24.383575,5220182
"5938031032","Numida meleagris (Linnaeus, 1758)","SPECIES",-20.406011,17.357233,2473341
"5938031033","Chalcomitra amethystina (Shaw, 1812)","SPECIES",-32.238876,25.45798,7340881
"5938031037","Ciconia ciconia (Linnaeus, 1758)","SPECIES",-3.158281,35.604554,2481912
"5938031046","Trachylepis homalocephala (Wiegmann, 1828)","SPECIES",-34.208438,18.460137,5225408
"5938031412","Richardia brasiliensis Gomes","SPECIES",-28.946346,29.194127,5337499
"5938031446","Vanellus senegallus (Linnaeus, 1766)","SPECIES",-28.219998,31.948204,5229150
"5938031496","Thunbergia alata Bojer ex Sims","SPECIES",-24.152369,30.302456,5415463
"5938031644","Diospyros whyteana (Hiern) F.White","SPECIES",-25.85374,27.496745,4070390
"5938031659","Connochaetes taurinus taurinus (Burchell, 1823)","SUBSPECIES",-24.819386,31.547502,2441105
"5938031668","Brachylaena neriifolia (L.) R.Br.","SPECIES",-34.347633,18.929317,3140978
"5938031691","Clamator jacobinus (Boddaert, 1783)","SPECIES",-25.34897,31.780278,2496468
"5938031719","Lantana camara L.","SPECIES",32.640056,-16.951866,2925303
"5938031861","Carlina salicifolia (L.fil.) Cav.","SPECIES",28.29952,-16.82371,3105400
"5938031871","Chlorocebus pygerythrus (F.Cuvier, 1821)","SPECIES",-32.227346,25.470912,7262034
"5938031879","Struthio camelus Linnaeus, 1758","SPECIES",-34.342976,18.459572,2495150
"5938032477","Trachyphonus vaillantii vaillantii Ranzani, 1821","SUBSPECIES",-22.543829,28.910603,2478899
"5938032620","Rumex sagittatus Thunb.","SPECIES",-34.019633,23.856853,4036585
"5938032628","Sclerophrys capensis Tschudi, 1838","SPECIES",-25.782153,28.26085,9114626
"5938032677","Amaurodes Westwood, 1844","GENUS",-29.774645,30.735216,NA
"5938032712","Agama atra Daudin, 1802","SPECIES",-34.099576,18.425877,5226254
"5938032724","Siphanta acuta (Walker, 1851)","SPECIES",-34.207887,24.831111,2066903
"5938032726","Salvia coccinea Buc'hoz ex Etl.","SPECIES",-20.517537,47.240814,9278365
"5938032748","Justicia flava (Forssk.) Vahl","SPECIES",-24.403801,30.814635,7494800
"5938032765","Merops nubicoides Des Murs & Pucheran, 1846","SPECIES",-24.990049,31.505024,2475399
"5938032843","Plocepasser mahali A.Smith, 1836","SPECIES",-19.579842,23.543635,2492362
"5938033009","Azuragrion nigridorsum (Selys, 1876)","SPECIES",-24.452412,31.97738,1422598
"5938033043","Olinia emarginata Burtt Davy","SPECIES",-25.849187,27.496108,3672466
"5938033057","Euphorbia balsamifera Aiton","SPECIES",28.093031,-16.719961,3069871
"5938033538","Maytenus oleoides (Lam.) Loes.","SPECIES",-32.104871,19.066748,7573175
"5938033636","Rhinoptilus chalcopterus (Temminck, 1824)","SPECIES",-23.873865,31.152795,2480735
"5938033677","Pelargonium incarnatum (L.) Moench","SPECIES",-34.493406,19.894711,7621067
"5938033686","Celtis africana Burm.fil.","SPECIES",-25.850246,27.496541,5834428
"5938035139","Merops apiaster Linnaeus, 1758","SPECIES",-24.781696,31.544006,2475443
"5938035140","Chamaesaura anguina Linnaeus, 1758","SPECIES",-33.890681,25.217849,9156388
"5938035156","Lobelia anceps L.f.","SPECIES",-34.412578,19.17593,5408235
"5938035165","Tribulus terrestris L.","SPECIES",-24.532653,30.640457,5421116
"5938035793","Bipalium kewense Moseley, 1878","SPECIES",-24.52784,31.060365,2502938
"5938035830","Aichryson laxum (Haw.) Bramwell","SPECIES",28.446745,-16.411971,7334818
"5938035906","Catha edulis Forssk.","SPECIES",-24.146586,30.199851,7979745
"5938036002","Ceryle rudis (Linnaeus, 1758)","SPECIES",-24.756288,31.810708,2475679
"5938036070","Agathisanthemum bojeri Klotzsch","SPECIES",-24.59508,30.912007,2910952
"5938036089","Burhinus vermiculatus (Cabanis, 1868)","SPECIES",-17.8977,25.828646,2482095
"5938036117","Coccinia sessilifolia (Sond.) Cogn.","SPECIES",-24.403978,30.814378,3624111
"5938036118","Searsia zeyheri (Sond.) Moffett","SPECIES",-25.902037,27.779161,5544186
"5938036218","Hottentotta trilineatus (Peters, 1861)","SPECIES",-24.450458,31.987412,6893427
"5938036227","Crassula dependens Bolus","SPECIES",-29.270659,29.486698,5688892
"5938036347","Searsia laevigata var. villosa (L.fil.) Moffett","VARIETY",-34.572472,19.74012,7321783
"5938036405","Crithagra mozambica (P.L.Statius Müller, 1776)","SPECIES",-28.704163,29.511994,6100996
"5938036454","Acanthocercus atricollis (Smith, 1849)","SPECIES",-28.220021,31.948285,5225997
"5938036459","Pittosporum viridiflorum Sims","SPECIES",-25.801296,28.262888,2986302
"5938036507","Panthera pardus pardus (Linnaeus, 1758)","SUBSPECIES",-2.063368,34.523927,5219436
"5938036585","Senegalia ataxacantha (DC.) Kyal. & Boatwr.","SPECIES",-24.566623,31.008501,7510932
"5938036588","Palpopleura lucia (Drury, 1773)","SPECIES",-29.819222,30.810049,1428955
"5938036591","Sympetrum fonscolombii (Selys, 1840)","SPECIES",-34.070156,18.816898,5791800
"5938036673","Orphium frutescens (L.) E.Mey.","SPECIES",-34.424367,19.339587,3844680
"5938036685","Lamprotornis mevesii mevesii (Wahlberg, 1856)","SUBSPECIES",-19.516975,23.636081,2489086
"5938036721","Zabalius ophthalmicus (Walker, 1869)","SPECIES",-29.714679,31.093505,1693517
"5938036726","Syncolostemon pretoriae (Gürke) D.F.Otieno","SPECIES",-26.156434,27.966011,3900150
"5938036753","Anomalipus Latreille, 1846","GENUS",-20.5773,16.745225,NA
"5938036763","Endostemon obtusifolius (E.Mey.) N.E.Br.","SPECIES",-24.59618,30.874713,3899644
"5938036928","Dalbergia armata E.Mey.","SPECIES",-24.595863,30.887543,2968664
"5938036950","Ensete ventricosum (Welw.) Cheesman","SPECIES",5.943964,38.250574,2763050
"5938036967","Paraxerus cepapi (A.Smith, 1836)","SPECIES",-19.911978,23.522936,2437354
"5938036994","Glenea apicalis Chevrolat, 1857","SPECIES",-22.357505,31.17165,1116391
"5938037004","Hoslundia opposita Vahl","SPECIES",-17.841361,31.097322,3884477
"5938037029","Hyperolius marmoratus Rapp, 1842","SPECIES",-34.06153,23.373705,5217671
"5938037133","Oligographa juniperi Boisduval, 1847","SPECIES",-33.315925,26.534018,1862989
"5938037236","Colotis evagore antigone (Boisduval, 1836)","SUBSPECIES",-24.352837,31.952642,1920395
"5938037312","Hyphaene thebaica (L.) Mart.","SPECIES",11.9894,18.237092,7931200
"5938037350","Coalisina Raf.","GENUS",-24.407114,30.813016,NA
"5938038335","Beralade perobliqua Walker, 1855","SPECIES",-24.452897,31.977488,1733015
"5938038338","Emberiza flaviventris Stephens, 1815","SPECIES",-28.220045,31.948306,2491478
"5938038362","Gnidia humilis Meisn.","SPECIES",-33.980585,18.409358,5524760
"5938038460","Oena capensis (Linnaeus, 1766)","SPECIES",-23.871854,31.156354,2495342
"5938038547","Meroles squamulosus (Peters, 1854)","SPECIES",-20.586857,16.747556,9530052
"5938038557","Pagellus acarne (Risso, 1827)","SPECIES",36.741622,5.045097,2392566
"5938039615","Sousa plumbea (G.Cuvier, 1829)","SPECIES",-6.298317,39.553896,2440506
"5938039624","Opistophthalmus jenseni (Lamoral, 1972)","SPECIES",-24.110035,15.905772,6894778
"5938039651","Diceros bicornis michaeli Zukowsky, 1965","SUBSPECIES",-3.05235,35.427021,5220111
"5938039660","Vidua paradisaea (Linnaeus, 1758)","SPECIES",-24.756288,31.810708,2484626
"5938039672","Cinnyricinclus leucogaster (Boddaert, 1783)","SPECIES",-25.334933,31.81137,2489057
"5938039702","Siphonaria pectinata (Linnaeus, 1758)","SPECIES",14.606156,-17.152327,5715613
"5938039776","Adenium obesum (Forssk.) Roem. & Schult.","SPECIES",11.989447,18.237322,7155887
"5938040428","Raphicerus campestris campestris (Thunberg, 1811)","SUBSPECIES",-33.918661,18.706588,2441141
"5938040433","Ciconia ciconia ciconia (Linnaeus, 1758)","SUBSPECIES",-32.716744,25.644913,2481912
"5938040449","Dicrurus adsimilis (Bechstein, 1794)","SPECIES",-19.289005,15.933224,2493963
"5938040466","Radinosiphon leptostachya (Baker) N.E.Br.","SPECIES",-25.185255,30.97277,2749734
"5938040479","Diceros bicornis michaeli Zukowsky, 1965","SUBSPECIES",-3.076328,35.466514,5220111
"5938040532","Urothemis edwardsii (Selys, 1849)","SPECIES",-26.95378,32.820288,5052226
"5938041140","Gallinula chloropus (Linnaeus, 1758)","SPECIES",-4.37258,55.844455,5228199
"5938041155","Zosterops virens capensis Sundevall, 1850","SUBSPECIES",-34.155389,18.879513,7857709
"5938041260","Syncarpha vestita (L.) B.Nord.","SPECIES",-34.395074,19.266763,3149780
"5938041610","Opisthacanthus asper (Peters, 1861)","SPECIES",-26.092461,32.953095,6892680
"5938041676","Protea cynaroides (L.) L.","SPECIES",-34.262947,18.431478,5637947
"5938041683","Abutilon grandifolium (Willd.) Sweet","SPECIES",28.104212,-15.528023,3152633
"5938042362","Alectoris barbara (Bonnaterre, 1790)","SPECIES",29.064639,-13.758083,2474045
"5938042422","Erica mammosa L.","SPECIES",-34.101069,18.430138,5684170
"5938042442","Sonchus oleraceus L.","SPECIES",-23.828215,30.156924,8228544
"5938043669","Neophedina cincta (Boddaert, 1783)","SPECIES",-28.747745,32.082204,5230747
"5938043687","Utetheisa pulchella Linnaeus, 1758","SPECIES",-34.034415,18.418314,1803163
"5938043792","Uroplectes formosus Pocock, 1890","SPECIES",-26.092347,32.95317,6893356
"5938043869","Aulax umbellata (Thunb.) R.Br.","SPECIES",-34.582372,19.7834,5637215
"5938043943","Opistophthalmus jenseni (Lamoral, 1972)","SPECIES",-24.106723,15.911645,6894778
"5938044018","Ferussacia folliculum (Schröter, 1784)","SPECIES",34.000668,-4.308166,5795017
"5938044110","Adenium obesum (Forssk.) Roem. & Schult.","SPECIES",11.989862,18.237093,7155887
"5938044121","Lapeirousia anceps (L.f.) Ker Gawl.","SPECIES",-33.854152,18.546464,5297626
"5938044144","Gisekia africana (Lour.) Kuntze","SPECIES",-24.406617,30.818033,3794715
"5938044161","Leptogorgia bayeri Williams & Lindo, 1997","SPECIES",-29.849587,31.084858,2264112
"5938044195","Connochaetes taurinus (Burchell, 1823)","SPECIES",-25.202777,31.877181,2441105
"5938044295","Gorilla beringei beringei Matschie, 1903","SUBSPECIES",-1.01993,29.791264,7262070
"5938044348","Ranunculus multifidus Forssk.","SPECIES",-24.461271,30.609913,7593736
"5938044415","Drimia hesperia (Webb & Berthel.) J.C.Manning & Goldblatt","SPECIES",28.508019,-16.189823,2776820
"5938044466","Salvia tiliifolia Vahl","SPECIES",-25.805585,28.260681,2927066
"5938044469","Salvia lanceolata Lam.","SPECIES",-33.879134,18.70967,7791208
"5938044496","Urocyclus kirkii Gray, 1864","SPECIES",-22.966503,30.466706,9648932
"5938044512","Arenaria interpres (Linnaeus, 1758)","SPECIES",36.804999,2.894464,2481776
"5938044530","Circaetus cinereus Vieillot, 1818","SPECIES",-30.275866,30.738178,2480665
"5938044652","Bostrychia hagedash hagedash (Latham, 1790)","SUBSPECIES",-25.910898,28.17377,5229203
"5938044679","Bauhinia galpinii N.E.Br.","SPECIES",-24.566252,31.009373,2953703
"5938044705","Heliotropium messerschmidioides Kuntze","SPECIES",28.074108,-16.656947,9609350
"5938044839","Vanellus albiceps Gould, 1834","SPECIES",-17.890266,25.816946,5229144
"5938044852","Pinus canariensis C.Sm.","SPECIES",28.335848,-16.75893,5285243
"5938044875","Vanellus armatus (Burchell, 1822)","SPECIES",-34.060909,18.49493,5229136
"5938044886","Junonia chorimene (Guérin-Méneville, 1844)","SPECIES",5.66184,-0.185592,5130335
"5938044907","Aeonium glandulosum (Aiton) Webb & Berthel.","SPECIES",32.75851,-16.787186,4198162
"5938044916","Coracias garrulus Linnaeus, 1758","SPECIES",-24.976062,31.468775,2475365
"5938044926","Coracias caudatus Linnaeus, 1766","SPECIES",-24.932662,31.691805,2475360
"5938045305","Himantopus himantopus (Linnaeus, 1758)","SPECIES",-34.084228,18.517971,5229126
"5938046016","Pavonia praemorsa (L.fil.) Cav.","SPECIES",-33.503288,26.821055,8169144
"5938046055","Orthetrum trinacria (Selys, 1841)","SPECIES",-34.066627,18.810938,1428708
"5938046539","Leucadendron xanthoconus (Kuntze) K.Schum.","SPECIES",-34.373255,20.537968,5637380
"5938046556","Antilochus Stål, 1863","GENUS",-29.776765,30.835886,NA
"5938047341","Trachylepis capensis (Gray, 1831)","SPECIES",-33.48866,22.033357,5225386
"5938047482","Ziziphus lotus (L.) Lam.","SPECIES",31.432793,-8.159633,3039418
"5938047523","Aglais io (Linnaeus, 1758)","SPECIES",31.200092,29.918739,4535827
"5938047533","Tylos granulatus Krauss, 1843","SPECIES",-33.413195,18.238653,2205118
"5938047547","Cyrtanthus ventricosus Willd.","SPECIES",-34.399814,19.501562,5326034
"5938048083","Indigofera subulata var. subulata","VARIETY",-16.249353,28.725263,2971660
"5938048129","Agama atra Daudin, 1802","SPECIES",-33.943107,20.276171,5226254
"5938048379","Hippopotamus amphibius Linnaeus, 1758","SPECIES",-17.915861,25.902361,2441247
"5938048401","Teracolus agoye agoye Wallengren, 1857","SUBSPECIES",-24.453317,31.977958,11378724
"5938048420","Ardea melanocephala Children & Vigors, 1826","SPECIES",-34.333056,18.450771,2480923
"5938048430","Hibiscus calyphyllus Cav.","SPECIES",-24.406647,30.816011,3152574
"5938049801","Heliotropium messerschmidioides Kuntze","SPECIES",28.304307,-16.373897,9609350
"5938049806","Dryopteris oligodonta (Desv.) Pic.Serm.","SPECIES",28.530748,-16.280078,5653459
"5938049826","Pouzolzia mixta Solms","SPECIES",-16.479145,28.752372,7300658
"5938049936","Rhoicissus tomentosa (Lam.) Wild & R.B.Drumm.","SPECIES",-24.59605,30.873849,4937222
"5938049943","Cisticola textrix textrix (Vieillot, 1817)","SUBSPECIES",-34.244436,19.245141,2492815
"5938049957","Praxelis clematidea (Griseb.) R.M.King & H.Rob.","SPECIES",-25.406162,28.429278,4221673
"5938050031","Drimia sphaerocephala Baker","SPECIES",-29.270574,29.491856,2776901
"5938050049","Ardea cinerea Linnaeus, 1758","SPECIES",-24.55541,31.20671,9797180
"5938050061","Aepyceros melampus melampus (Lichtenstein, 1812)","SUBSPECIES",-3.808738,36.052958,2441144
"5938050071","Afrotis afraoides etoschae (Grote, 1922)","SUBSPECIES",-19.224597,16.027511,2474913
"5938050790","Palpopleura lucia (Drury, 1773)","SPECIES",-24.364397,30.947289,1428955
"5938050863","Freesia laxa subsp. laxa","SUBSPECIES",-28.219922,31.948381,2747067
"5938050930","Talinum paniculatum (Jacq.) Gaertn.","SPECIES",-24.162025,30.254258,3084672
"5938051000","Calodendrum capense (L.fil.) Thunb.","SPECIES",-25.850715,27.496537,4937111
"5938051411","Prinia maculosa (Boddaert, 1783)","SPECIES",-34.369773,18.885774,2492750
"5938051418","Promerops cafer (Linnaeus, 1758)","SPECIES",-34.370925,21.434088,5229963
"5938051424","Ptychadena anchietae (Bocage, 1868)","SPECIES",-24.063987,30.55918,2428904
"5938051713","Tarentola delalandii (Duméril & Bibron, 1836)","SPECIES",28.233612,-16.833625,8994891
"5938052487","Dendrocygna bicolor (Vieillot, 1816)","SPECIES",-34.084807,18.50841,2498402
"5938052515","Bicyclus safitza safitza (Westwood, 1850)","SUBSPECIES",-29.776792,30.83589,1893562
"5938052607","Acacia saligna (Labill.) H.L.Wendl.","SPECIES",-34.590975,19.490269,2978552
"5938052618","Papilio demodocus Esper, 1798","SPECIES",-34.046476,18.425458,1938125
"5938052861","Litopus latipes (Fabricius, 1787)","SPECIES",-22.975655,29.952355,6263093
"5938052960","Cypholoba alveolata (Brême, 1844)","SPECIES",-24.45278,31.977745,7703101
"5938052966","Helinus integrifolius (Lam.) Kuntze","SPECIES",-24.595832,30.887494,3875572
"5938052995","Leptomyrina henningi Dickson, 1976","SPECIES",-24.453953,31.979572,11378618
"5938053060","Waltheria indica L.","SPECIES",-25.340054,31.812647,5406665
"5938053062","Chlorocebus pygerythrus (F.Cuvier, 1821)","SPECIES",-25.255745,31.846182,7262034
"5938053071","Phoenicurus ochruros (S.G.Gmelin, 1774)","SPECIES",36.747796,2.96825,5739315
"5938053072","Gallirex porphyreolophus (Vigors, 1831)","SPECIES",-25.353753,31.808924,2475239
"5938053098","Acacia mearnsii De Wild.","SPECIES",-33.93386,18.838336,2979775
"5938053226","Equus quagga burchellii (Gray, 1824)","SUBSPECIES",-28.220069,31.948322,2440892
"5938053253","Calidris pugnax (Linnaeus, 1758)","SPECIES",-34.085447,18.507442,8250742
"5938053263","Oenanthe familiaris (Wilkes, 1817)","SPECIES",-28.955539,29.437902,6100849
"5938053274","Eulophia welwitschii (Rchb.f.) Rolfe","SPECIES",-24.487087,27.818212,5311917
"5938053282","Senaspis dibapha (Walker, 1849)","SPECIES",3.149858,12.080408,1541982
"5938053954","Serruria Burm. ex Salisb.","GENUS",-34.373815,20.537489,NA
"5938054089","Sterna hirundo Linnaeus, 1758","SPECIES",-34.048271,23.379063,9367409
"5938054422","Ensete ventricosum (Welw.) Cheesman","SPECIES",5.943406,38.250791,2763050
"5938054442","Palpopleura lucia (Drury, 1773)","SPECIES",-26.153011,32.001169,1428955
"5938054471","Chlorocebus pygerythrus (F.Cuvier, 1821)","SPECIES",-2.09152,34.503914,7262034
"5938054473","Himantopus himantopus (Linnaeus, 1758)","SPECIES",-34.060185,18.497969,5229126
"5938054491","Gymnocarpos decander Forssk.","SPECIES",28.039378,-16.707881,7602630
"5938054518","Burhinus vermiculatus (Cabanis, 1868)","SPECIES",-24.989437,31.601667,2482095
"5938054519","Nectarinia famosa (Linnaeus, 1766)","SPECIES",-34.423085,19.205152,5229971
"5938055038","Lycus Fabricius, 1787","GENUS",-24.459656,30.610086,NA
"5938055393","Matobosaurus validus (Smith, 1849)","SPECIES",-24.792665,31.545232,9283272
"5938055456","Crinum macowanii Baker","SPECIES",-3.210497,35.604485,2853929
"5938055460","Ischnura senegalensis (Rambur, 1842)","SPECIES",-34.070092,18.816312,1423286
"5938055887","Marmaronetta angustirostris (Ménétries, 1832)","SPECIES",31.141367,-4.159758,2498390
"5938055903","Lotus lancerottensis Webb & Berthel.","SPECIES",28.593419,-13.943247,5357010
"5938055960","Turraea obtusifolia Hochst.","SPECIES",-24.406541,30.81551,3852858
"5938056077","Milvus migrans (Boddaert, 1783)","SPECIES",6.588432,3.353876,5229167
"5938056736","Ziziphus mauritiana Lam.","SPECIES",12.858122,-13.57471,3039424
"5938056748","Latrodectus geometricus C.L.Koch, 1841","SPECIES",-29.67067,22.741813,2157944
"5938056760","Coenomorpha nervosa","SPECIES",-34.051729,18.452315,12174892
"5938056834","Gladiolus ecklonii Lehm.","SPECIES",-25.411642,30.106322,2750118
"5938057219","Maesa lanceolata Forssk.","SPECIES",-24.596434,30.873223,7330870
"5938057235","Hedychium gardnerianum Sheph. ex Ker Gawl.","SPECIES",32.747327,-16.825792,2758700
"5938057300","Papio ursinus ursinus (Kerr, 1792)","SUBSPECIES",-34.284664,18.450626,7262029
"5938058314","Vachellia karroo (Hayne) Banfi & Galasso","SPECIES",-33.512871,26.496005,3974754
"5938058334","Eugenia capensis (Eckl. & Zeyh.) Harv.","SPECIES",-33.693618,26.669217,5416779
"5938058417","Saxicola torquatus torquatus (Linnaeus, 1766)","SUBSPECIES",-29.656449,29.543904,2492526
"5938058439","Tmesibasis lacerata (Hagen, 1853)","SPECIES",-24.053817,27.050817,2103013
"5938058488","Gladiolus longicollis subsp. longicollis","SUBSPECIES",-29.253842,29.421989,2750516
"5938058535","Adansonia digitata L.","SPECIES",-17.912235,25.841317,5406695
"5938058539","Gyps africanus Salvadori, 1865","SPECIES",-2.100957,34.584936,9487001
"5938058556","Tarentola angustimentalis Steindachner, 1891","SPECIES",28.496365,-13.862506,2445033
"5938058670","Dasispermum suffruticosum (Bergius) B.L.Burtt","SPECIES",-33.693928,26.668564,3642907
"5938058676","Agama etoshae Mclachlan, 1981","SPECIES",-19.244762,16.045165,5226286
"5938058698","Launaea arborescens (Batt.) Murb.","SPECIES",28.508853,-16.186905,3144854
"5938058712","Valenciennea sexguttata (Valenciennes, 1837)","SPECIES",-20.139632,57.754127,2377390
"5938059366","Asplenium ceterach L.","SPECIES",28.170386,-16.620408,2650617
"5938061352","Myripristis murdjan (Forsskål, 1775)","SPECIES",27.25844,33.884899,2356993
"5938061414","Catha edulis Forssk.","SPECIES",-24.152132,30.264495,7979745
"5938061439","Solanum vespertilio Aiton","SPECIES",28.093028,-15.5945,2932113
"5938061450","Lamprotornis pulcher (Statius Muller, 1776)","SPECIES",12.39445,-1.491845,2489087
"5938061459","Zophosis Latreille, 1802","GENUS",-22.695719,14.818552,NA
"5938061560","Diascia purpurea N.E.Br.","SPECIES",-29.282214,29.440871,5559456
"5938062194","Podranea ricasoliana (Tanfani) Sprague","SPECIES",28.46871,-16.451345,3172592
"5938062202","Eurus Dallas, 1851","GENUS",-33.716082,23.369237,NA
"5938062214","Euphorbia serpens Kunth","SPECIES",28.583086,-13.932031,3064221
"5938062239","Danaus chrysippus orientis (Aurivillius, 1909)","SUBSPECIES",-25.119358,31.915562,7642610
"5938062644","Elanus caeruleus caeruleus (Desfontaines, 1789)","SUBSPECIES",-23.574015,29.825871,2480372
"5938062719","Glaucus atlanticus Forster, 1777","SPECIES",-34.677398,20.232558,5190072
"5938062731","Anastomus lamelligerus Temminck, 1823","SPECIES",-0.826978,36.374481,5229411
"5938063408","Perna perna (Linnaeus, 1758)","SPECIES",-33.695721,26.664796,5188828
"5938063429","Cycloptiloides canariensis (Bolívar, 1914)","SPECIES",28.752157,-17.932289,1724266
"5938063675","Granatina granatina (Linnaeus, 1766)","SPECIES",-22.578362,17.227328,4845823
"5938063710","Equus quagga boehmi Matschie, 1892","SUBSPECIES",-3.134111,35.442006,2440892
"5938063747","Bitis arietans Merrem, 1820","SPECIES",-34.036563,18.442582,8901465
"5938063770","Haematopus moquini Bonaparte, 1856","SPECIES",-34.110625,18.467593,2480263
"5938063802","Spialia spio (Linnaeus, 1764)","SPECIES",-20.521736,16.693348,1945571
"5938063844","Bitis arietans Merrem, 1820","SPECIES",-34.086937,18.443215,8901465
"5938063873","Aythya nyroca (Güldenstädt, 1770)","SPECIES",34.357489,-6.6081,2498259
"5938063900","Typhonodorum lindleyanum Schott","SPECIES",-24.952458,47.063847,2869315
"5938063936","Secamone parvifolia (Oliv.) Bullock","SPECIES",-24.406581,30.815182,3578319
"5938063944","Artemisia afra Jacq.","SPECIES",-25.895903,27.773008,8078031
"5938064077","Sporopipes squamifrons (A.Smith, 1836)","SPECIES",-32.180255,25.478351,2494083
"5938064079","Arctocephalus pusillus pusillus (Schreber, 1775)","SUBSPECIES",-34.357307,18.473234,2433475
"5938064557","Nymphalidae","FAMILY",-24.524124,30.890515,NA
"5938064825","Tephrosia purpurea (L.) Pers.","SPECIES",-25.859627,27.497543,5342239
"5938064846","Hemidactylus mabouia (Moreau De Jonnès, 1818)","SPECIES",-25.818328,28.260939,5959942
"5938064873","Anthene amarah amarah (Guérin-Méneville, 1847)","SUBSPECIES",-24.380325,31.777262,1925609
"5938065026","Polistes badius Gerst., 1873","SPECIES",-30.998984,30.260423,1310712
"5938065062","Chaetodon madagaskariensis Ahl, 1923","SPECIES",-12.307171,44.431467,2385453
"5938065096","Trioceros jacksonii (Boulenger, 1896)","SPECIES",-1.379105,36.765167,8371864
"5938065097","Alopochen aegyptiaca (Linnaeus, 1766)","SPECIES",-34.031875,22.988128,2498252
"5938065214","Searsia discolor (E.Mey. ex Sond.) Moffett","SPECIES",-29.270567,29.49216,5544377
"5938065242","Papio anubis (Lesson, 1827)","SPECIES",-3.79778,36.045025,5707341
"5938065369","Colotis vesta argillaceus (Butler, 1877)","SUBSPECIES",-24.453303,31.977862,1920381
"5938065409","Varanus albigularis albigularis Daudin, 1802","SUBSPECIES",-28.22004,31.948295,2470802
"5938065462","Cheilanthes viridis (Forssk.) Sw.","SPECIES",-25.862479,27.497076,7173446
"5938065478","Cassinopsis ilicifolia (Hochst.) Kuntze","SPECIES",-25.851867,27.496349,7780789
"5938065483","Orthetrum caffrum (Burmeister, 1839)","SPECIES",-34.069971,18.816071,1428734
"5938066352","Searsia crenata (Thunb.) Moffett","SPECIES",-33.694485,26.667833,5544388
"5938066370","Ploceus rubiginosus Rüppell, 1840","SPECIES",-2.695697,38.162131,2494071
"5938066396","Labroides dimidiatus (Valenciennes, 1839)","SPECIES",-20.140982,57.753075,2383731
"5938066562","Cypraea tigris Linnaeus, 1758","SPECIES",-20.130581,57.757154,4360773
"5938066612","Crocuta crocuta (Erxleben, 1777)","SPECIES",-1.125904,35.279239,5218781
"5938066643","Connochaetes taurinus taurinus (Burchell, 1823)","SUBSPECIES",-19.036911,16.340961,2441105
"5938066657","Chaetodon auriga Forsskål, 1775","SPECIES",-20.130273,57.757361,2385390
"5938066683","Ploceus capensis (Linnaeus, 1766)","SPECIES",-34.418055,19.153437,2494035
"5938066728","Vanellus albiceps Gould, 1834","SPECIES",-25.116153,31.911426,5229144
"5938067240","Nymphaea nouchali Burm.fil.","SPECIES",-23.859749,31.12853,7326947
"5938067247","Papio ursinus (Kerr, 1792)","SPECIES",-24.79078,31.543982,7262029
"5938067298","Menelikornis leucotis (Rüppell, 1835)","SPECIES",7.088814,38.64032,2475235
"5938067319","Dalbergia armata E.Mey.","SPECIES",-24.161877,30.253931,2968664
"5938067359","Dovyalis zeyheri (Sond.) Warb.","SPECIES",-25.862497,27.49703,3880235
"5938067474","Diplodus cadenati de la Paz, Bauchot & Daget, 1974","SPECIES",28.652344,-17.759286,9415710
"5938067563","Gyps africanus Salvadori, 1865","SPECIES",-28.22004,31.948285,9487001
"5938067568","Dolichandra unguis-cati (L.) L.G.Lohmann","SPECIES",-25.802332,28.261824,5830619
"5938067571","Arisarum simorrhinum Durieu","SPECIES",28.459159,-16.406736,2867525
"5938067711","Clinopodium menthifolium subsp. ascendens (Jord.) Govaerts","SUBSPECIES",28.369071,-16.487811,11007246
"5938067754","Brillantaisia lamium (Nees) Benth.","SPECIES",0.186303,6.613081,3778361
"5938067821","Bauhinia galpinii N.E.Br.","SPECIES",-25.338917,31.798622,2953703
"5938067842","Emarginata sinuata (Sundevall, 1858)","SPECIES",-32.220499,25.429093,6100844
"5938067897","Polycarpaea divaricata (Aiton) Poir. ex Steud.","SPECIES",28.372879,-16.766092,7478437
"5938068301","Sclerophrys poweri (Hewitt, 1935)","SPECIES",-22.446031,17.082019,10775001
"5938068310","Columba guinea Linnaeus, 1758","SPECIES",-30.899614,24.628144,5231817
"5938068324","Selago densiflora Rolfe ex Schinz","SPECIES",-25.908567,28.172525,5562474
"5938068363","Uroplectes triangulifer (Thorell, 1876)","SPECIES",-32.715474,25.64022,6893396
"5938068850","Kirprellius syrichtus (Fabricius, 1775)","SPECIES",-31.75716,18.223771,11813971
"5938069043","Xerophyta adendorffii Behnke","SPECIES",-25.902038,27.779157,8827629
"5938069087","Opistophthalmus capensis (Herbst, 1800)","SPECIES",-33.92083,18.398489,6894701
"5938069223","Killickia pilosa (Benth.) Bräuchler, Heubl & Doroszenko","SPECIES",-29.283846,29.505407,3896074
"5938069235","Acacia saligna (Labill.) H.L.Wendl.","SPECIES",-33.959366,25.50062,2978552
"5938069238","Moraea alticola Goldblatt","SPECIES",-29.253807,29.420798,2744533
"5938069239","Trifolium repens L.","SPECIES",-25.908258,28.172638,5358748
"5938070317","Fringilla coelebs Linnaeus, 1758","SPECIES",35.313077,-2.961018,2494422
"5938070380","Cyperus albostriatus Schrad.","SPECIES",-28.219998,31.948328,2715443
"5938070381","Ardea cinerea cinerea Linnaeus, 1758","SUBSPECIES",-28.220069,31.948301,9797180
"5938070425","Leptopelis mossambicus Poynton, 1985","SPECIES",-25.444622,31.038734,2429721
"5938070440","Chersina angulata (Schweigger, 1812)","SPECIES",-34.059709,18.49873,5220285
"5938070507","Listia heterophylla E.Mey.","SPECIES",-25.861151,27.497573,5349425
"5938070533","Asparagus virgatus Baker","SPECIES",-25.853213,27.49655,2768517
"5938070665","Acacia longifolia (Andrews) Willd.","SPECIES",-34.575039,19.729896,2978730
"5938070671","Leucadendron modestum I.Williams","SPECIES",-34.567342,19.743601,5637884
"5938070707","Phacochoerus africanus sundevallii Lönnberg, 1908","SUBSPECIES",-20.447039,17.328577,2441212
"5938070715","Osyris lanceolata Steud. & Hochst. ex A.DC.","SPECIES",-25.89505,27.801064,7473922
"5938070728","Antheua Walker, 1855","GENUS",-24.452555,31.977738,NA
"5938070754","Nomioides fortunatus Blüthgen, 1937","SPECIES",28.043647,-16.705387,1352072
"5938070782","Radyera urens (L.fil.) Bullock","SPECIES",-31.250922,23.48459,3934524
"5938070863","Rhoicissus tomentosa (Lam.) Wild & R.B.Drumm.","SPECIES",-24.159833,30.223868,4937222
"5938070906","Xerophyta elegans (Balf.) Baker","SPECIES",-29.057701,29.39758,2863529
"5938070959","Diospyros lycioides subsp. guerkei (Kuntze) De Winter","SUBSPECIES",-25.859593,27.497386,4070128
"5938070961","Protea nitida Mill.","SPECIES",-33.97509,18.783002,7915507
"5938070986","Eulophia ensata Lindl.","SPECIES",-30.25992,30.588462,5311616
"5938071004","Ceropegia fusca Bolle","SPECIES",28.074047,-16.656978,7150735
"5938071016","Datura innoxia Mill.","SPECIES",28.506015,-16.192366,2928755
"5938071143","Justicia kirkiana T.Anderson","SPECIES",-16.477122,28.753087,3777349
"5938071177","Quelea quelea lathamii (A.Smith, 1836)","SUBSPECIES",-24.996323,31.588137,2493987
"5938071182","Sphingomorpha chlorea Cramer, 1777","SPECIES",-20.206278,28.606387,1772352
"5938071196","Trithemis stictica (Burmeister, 1839)","SPECIES",-32.723677,25.641822,1428829
"5938072430","Teracotona rhodophaea (Walker, 1864)","SPECIES",-24.452392,31.978017,1807924
"5938073627","Hippopotamus amphibius Linnaeus, 1758","SPECIES",-1.039999,35.341049,2441247
"5938073725","Phoeniculus purpureus (J.F.Miller, 1784)","SPECIES",-24.797741,31.867079,2498452
"5938073934","Apus caffer (M.H.K.Lichtenstein, 1823)","SPECIES",-28.747765,32.082174,5228644
"5938073967","Hemirhagerrhis nototaenia (Günther, 1864)","SPECIES",-24.453037,31.977625,2459066
"5938074078","Mariazofia Kaminski, 2022","GENUS",-26.678337,28.418007,NA
"5938074209","Berzelia lanuginosa (L.) Brongn.","SPECIES",-33.989328,18.412655,5643057
"5938074211","Nesciothemis farinosa (Förster, 1898)","SPECIES",-33.944467,22.063272,1428910
"5938074218","Junonia terea (Drury, 1773)","SPECIES",0.403288,30.384025,5130347
"5938074247","Enneapogon cenchroides (Licht.) C.E.Hubb.","SPECIES",-24.341256,31.072545,8669627
"5938075150","Parabuthus brevimanus (Thorell, 1876)","SPECIES",-24.12434,15.926995,6894367
"5938075254","Duberria lutrix (Linnaeus, 1758)","SPECIES",-34.011576,18.460059,2452676
"5938075262","Chiromantis xerampelina Peters, 1854","SPECIES",-24.469768,30.818687,5217208
"5938075271","Banyutus lethalis (Walker, 1853)","SPECIES",-14.654297,22.639521,2099959
"5938075610","Streptopelia semitorquata (Rüppell, 1837)","SPECIES",-33.858046,22.572288,2495707
"5938075957","Oriolus larvatus larvatus Lichtenstein, 1823","SUBSPECIES",-33.958712,22.368488,2488966
"5938075961","Leptoptilos crumenifer (R.P.Lesson, 1831)","SPECIES",-3.373581,36.841342,9772663
"5938075967","Aizoon canariense L.","SPECIES",31.418528,-8.160256,8124412
"5938076078","Ardea melanocephala Children & Vigors, 1826","SPECIES",-3.167113,35.544945,2480923
"5938076303","Setaria megaphylla (Steud.) T.Durand & Schinz","SPECIES",-28.946044,29.206389,5289665
"5938076307","Gegenes Hübner, 1819","GENUS",-28.220045,31.948183,NA
"5938076521","Ruschia tumidula (Haw.) Schwantes","SPECIES",-33.849034,18.536419,5555051
"5938076538","Giraffa giraffa giraffa (von Schreber, 1784)","SUBSPECIES",-20.380476,17.436986,8959277
"5938076551","Cucumis zeyheri Sond.","SPECIES",-26.451527,31.996787,3624010
"5938076707","Cyligramma latona Cramer, 1779","SPECIES",-19.035406,16.470642,1776268
"5938077739","Cyligramma latona Cramer, 1779","SPECIES",-24.524063,30.890442,1776268
"5938077748","Colius striatus J.F.Gmelin, 1789","SPECIES",-4.261918,39.59348,5229467
"5938077759","Stigmochelys pardalis (Bell, 1828)","SPECIES",-28.219969,31.948344,2441757
"5938077762","Pseudagrion salisburyense Ris, 1921","SPECIES",-23.861202,29.705361,1422796
"5938077831","Tragelaphus angasii Angas, 1849","SPECIES",-20.502137,16.664793,5220181
"5938078409","Argiope trifasciata (Forsskål, 1775)","SPECIES",30.05935,31.487164,5170973
"5938078428","Stangeria eriopus (Kunze) Baill.","SPECIES",-30.318807,30.43674,2683200
"5938078431","Atrina squamifera (G.B.Sowerby I, 1835)","SPECIES",-33.413662,18.239247,4374725
"5938078471","Trachylepis striata (Peters, 1844)","SPECIES",-24.995525,31.588307,5225433
"5938078473","Tragelaphus sylvaticus (Sparrman, 1780)","SPECIES",-25.344532,31.810802,5220182
"5938078533","Phyllocnema latipes (Degeer, 1778)","SPECIES",-26.840066,25.272978,8157598
"5938078538","Terminalia sericea Burch. ex DC.","SPECIES",-25.702523,27.231025,3699769
"5938078549","Lantana camara L.","SPECIES",35.787531,-5.808429,2925303
"5938078608","Trichonephila fenestrata (Thorell, 1859)","SPECIES",-34.015925,18.367005,10685575
"5938078631","Hypopyra capensis Herrich-Schäffer, 1854","SPECIES",-26.812172,31.918195,1769739
"5938078665","Peltophorum africanum Sond.","SPECIES",-25.333764,31.794926,2952780
"5938078693","Citrus × aurantium L.","SPECIES",34.030365,-6.835416,8077391
"5938078716","Pseudagrion hageni Karsch, 1893","SPECIES",-28.780083,32.09052,1422870
"5938078826","Triumfetta pilosa Roth","SPECIES",-25.854228,27.496855,7791388
"5938078932","Colius striatus striatus J.F.Gmelin, 1789","SUBSPECIES",-32.236896,25.4602,5229467
"5938078962","Digitaria eriantha Steud.","SPECIES",-24.342115,31.073315,5289987
"5938079004","Numida meleagris meleagris (Linnaeus, 1758)","SUBSPECIES",-0.582865,29.702785,2473341
"5938079140","Nesciothemis farinosa (Förster, 1898)","SPECIES",-34.075334,20.454954,1428910
"5938079192","Protea L.","GENUS",-30.259903,30.588453,NA
"5938079206","Junonia natalica natalica (C. & R.Felder, 1860)","SUBSPECIES",-25.332261,31.799937,5130448
"5938079211","Chroicocephalus cirrocephalus poiocephalus (Swainson, 1837)","SUBSPECIES",-34.060778,18.494507,6065820
"5938079240","Eurema hecabe solifera (Butler, 1875) Butler, 1875","SUBSPECIES",-28.780658,32.092716,5137849
"5938080179","Hyperolius pusillus (Cope, 1862)","SPECIES",-30.282536,30.753675,5217625
"5938080236","Mesembryanthemum barklyi N.E.Br.","SPECIES",-29.27787,16.948696,3707758
"5938080308","Juncus lomatophyllus Spreng.","SPECIES",-34.581356,19.722136,2701582
"5938080312","Solanum giganteum Jacq.","SPECIES",-25.847229,27.496045,2930578
"5938080348","Cynanchum viminale (L.) L.","SPECIES",-24.404006,30.814536,7504382
"5938080350","Orphium frutescens (L.) E.Mey.","SPECIES",-33.410412,18.236912,3844680
"5938080378","Cirsium vulgare (Savi) Ten.","SPECIES",-29.47442,30.055936,3112801
"5938081088","Arctocephalus pusillus pusillus (Schreber, 1775)","SUBSPECIES",-34.154175,22.110421,2433475
"5938081119","Nervia Grishin, 2019","GENUS",-25.156586,30.542855,NA
"5938081152","Dictyophorus spumans (Thunberg, 1787)","SPECIES",-34.350167,18.83072,1727415
"5938081194","Lavandula canariensis Mill.","SPECIES",28.093523,-16.718848,7307851
"5938082701","Muscicapa adusta (F.Boie, 1828)","SPECIES",-29.776717,30.835888,2492569
"5938082706","Celtis africana Burm.fil.","SPECIES",-24.161855,30.254448,5834428
"5938082725","Leucadendron linifolium (Jacq.) R.Br.","SPECIES",-34.366649,19.141751,5637925
"5938082768","Erebus walkeri Butler, 1875","SPECIES",-25.426582,31.450371,1766612
"5938082799","Anas undulata C.F.Dubois, 1838","SPECIES",-34.084228,18.517971,2498156
"5938082979","Haematopus moquini Bonaparte, 1856","SPECIES",-33.695628,26.666421,2480263
"5938083372","Justicia matammensis Oliv.","SPECIES",-16.24893,28.725563,8242435
"5938083473","Oenanthe pileata (Gmelin, 1789)","SPECIES",-33.743172,18.561118,5231249
"5938083494","Chrysococcyx caprius (Boddaert, 1783)","SPECIES",-29.359756,29.956457,2496333
"5938083559","Varanus niloticus (Linnaeus, 1766)","SPECIES",-25.146723,31.557741,2470656
"5938083652","Erica mammosa L.","SPECIES",-34.101067,18.430133,5684170
"5938084055","Pelargonium luridum (Andrews) Sweet","SPECIES",-25.908167,27.857194,3828518
"5938084075","Leucaloa eugraphica Walker, 1865","SPECIES",-25.769399,28.284287,1813180
"5938084100","Aquila rapax rapax (Temminck, 1828)","SUBSPECIES",-23.875135,31.114042,2480514
"5938084101","Stoebe rosea Dod","SPECIES",-34.250788,18.46876,3090862
"5938084182","Euphorbia restricta R.A.Dyer","SPECIES",-24.176503,29.619903,3068287
"5938084187","Turdus litsitsirupa (A.Smith, 1836)","SPECIES",-28.733768,29.377743,5789049
"5938084205","Pristimera longipetiolata (Oliv.) N.Hallé","SPECIES",-24.26005,29.619818,3791443
"5938084278","Muraltia saxicola Chodat","SPECIES",-29.255603,29.428119,4049845
"5938084299","Hippopotamus amphibius Linnaeus, 1758","SPECIES",-17.918326,25.957374,2441247
"5938084354","Siphonochilus kirkii (Hook.f.) B.L.Burtt","SPECIES",-17.925829,25.852521,2757691
"5938084373","Hermas villosa (L.) Thunb.","SPECIES",-33.998712,18.413397,3641868
"5938084379","Trachylepis margaritifer (Peters, 1854)","SPECIES",-24.756288,31.810708,5225388
"5938084392","Anaplectes rubriceps (Sundevall, 1850)","SPECIES",-25.353162,31.759879,2494106
"5938084475","Hirundo dimidiata Sundevall, 1850","SPECIES",-32.159374,25.473208,5230771
"5938084510","Sabdariffa Kostel.","GENUS",-33.98946,18.425995,NA
"5938084516","Columba palumbus Linnaeus, 1758","SPECIES",31.630928,-8.006581,2495455
"5938084517","Tephrosia multijuga R.G.N.Young","SPECIES",-29.815397,30.810646,5342375
"5938085129","Pelargonium cucullatum subsp. tabulare Volschenk","SUBSPECIES",-34.030133,18.388295,7268508
"5938085131","Agama atra Daudin, 1802","SPECIES",-34.542743,19.379363,5226254
"5938085173","Nastus borbonicus J.F.Gmel.","SPECIES",-21.096361,55.549892,5679270
"5938085778","Searsia pyroides (Burch.) Moffett","SPECIES",-25.853828,27.496811,7321717
"5938085799","Icthyophaga vocifer (Daudin, 1800)","SPECIES",-2.425828,34.804466,2480454
"5938085826","Vanessa vulcania Godart, 1819","SPECIES",28.400759,-16.505816,1898290
"5938085900","Forficula senegalensis Audinet-Serville, 1838","SPECIES",-29.479172,30.083077,4393072
"5938085903","Ekebergia capensis Sparrm.","SPECIES",-33.555928,26.967613,3851310
"5938085943","Iris planifolia (Mill.) T.Durand & Schinz","SPECIES",34.861176,-1.271186,7525044
"5938085973","Giraffa tippelskirchi tippelskirchi","SUBSPECIES",-1.01831,35.307456,9163257
"5938086037","Aquila fasciata Vieillot, 1822","SPECIES",34.858252,-1.634784,5844449
"5938086172","Phoeniculus purpureus (J.F.Miller, 1784)","SPECIES",-25.335848,31.806458,2498452
"5938086272","Netta erythrophthalma (Wied-Neuwied, 1833)","SPECIES",-34.084228,18.517971,2498177
"5938086297","Campicoloides bifasciatus (Temminck, 1829)","SPECIES",-32.278197,25.417936,5845278
"5938087117","Poaceae","FAMILY",-28.946796,29.206713,NA
"5938087306","Gloriosa superba L.","SPECIES",-20.11809,23.14914,2740024
"5938087380","Orthetrum trinacria (Selys, 1841)","SPECIES",-34.06097,18.4961,1428708
"5938087381","Vanellus armatus (Burchell, 1822)","SPECIES",-25.228319,27.105326,5229136
"5938087500","Pelargonium luridum (Andrews) Sweet","SPECIES",-25.154443,30.547293,3828518
"5938087563","Loxodonta africana (Blumenbach, 1797)","SPECIES",-24.921259,31.557271,2435350
"5938087589","Rhynocoris erythrocnemis (Germar, 1837)","SPECIES",-33.752531,23.150484,9053214
"5938087976","Ageratum conyzoides L.","SPECIES",-23.825879,30.156018,5401673
"5938087981","Melia azedarach L.","SPECIES",-33.938095,18.841258,5914287
"5938087991","Basipta stolida Boheman, 1854","SPECIES",-29.513248,31.202957,6273569
"5938088003","Chlorocebus pygerythrus (F.Cuvier, 1821)","SPECIES",-24.392742,31.777208,7262034
"5938088047","Pyrrhocoris apterus (Linnaeus, 1758)","SPECIES",36.215216,6.664964,4486826
"5938089123","Striga elegans Benth.","SPECIES",-25.81165,27.581978,3729419
"5938089147","Eulophia cucullata (Afzel. ex Sw.) Steud.","SPECIES",-14.472224,26.157712,5311624
"5938089366","Cheilomenes lunata (Fabricius, 1775)","SPECIES",-33.410253,18.237047,6993524
"5938089369","Saxicola torquatus (Linnaeus, 1766)","SPECIES",-32.281835,25.415148,2492526
"5938089569","Fraseria caerulescens (Hartlaub, 1865)","SPECIES",-25.34897,31.780278,2492562
"5938089599","Metrosideros angustifolia Dum.Cours.","SPECIES",-33.75931,19.039272,3173453
"5938089603","Smilax anceps Willd.","SPECIES",-24.152132,30.264495,5295301
"5938089642","Diospyros lycioides subsp. guerkei (Kuntze) De Winter","SUBSPECIES",-25.851363,27.496843,4070128
"5938089646","Orthetrum julia Kirby, 1900","SPECIES",-34.06982,18.8158,1428738
"5938092433","Pseudagrion massaicum Sjöstedt, 1909","SPECIES",-29.110587,31.600417,1422897
"5938092471","Dicrurus adsimilis adsimilis (Bechstein, 1794)","SUBSPECIES",-34.000048,18.435597,2493963
"5938092608","Corchorus confusus Wild","SPECIES",-25.351351,31.761347,4260752
"5938092677","Tabanus taeniola Palisot de Beauvois, 1806","SPECIES",-29.924255,24.528555,1498630
"5938092831","Kobus kob thomasi (P.L.Sclater, 1896)","SUBSPECIES",-0.582865,29.702785,5220161
"5938092836","Trithemis stictica (Burmeister, 1839)","SPECIES",-34.039651,22.132551,1428829
"5938093022","Maytenus undata (Thunb.) Blakelock","SPECIES",-25.865424,27.498308,3793673
"5938093033","Rubia fruticosa Aiton","SPECIES",28.531628,-16.339695,2892284
"5938093076","Pontederia crassipes Mart.","SPECIES",-29.110566,31.600424,2765942
"5938093148","Agama atra Daudin, 1802","SPECIES",-34.411035,19.28131,5226254
"5938093187","Cordylus cordylus (Linnaeus, 1758)","SPECIES",-33.694688,26.667384,5227229
"5938093239","Canthigaster valentini (Bleeker, 1853)","SPECIES",-20.139632,57.754127,2407698
"5938093392","Launaea arborescens (Batt.) Murb.","SPECIES",29.003689,-13.546625,3144854
"5938093427","Ledebouria dolomiticola S.Venter","SPECIES",-24.1882,29.623169,2773714
"5938093580","Hieraaetus pennatus (Gmelin, 1788)","SPECIES",-33.729542,18.564882,2480685
"5938093623","Tetraena fontanesii (Webb & Berthel.) Beier & Thulin","SPECIES",28.031358,-16.542932,3987181
"5938093641","Hirundo rustica rustica Linnaeus, 1758","SUBSPECIES",-34.080251,18.507407,9515886
"5938093648","Microcarbo africanus (Gmelin, 1789)","SPECIES",-29.009241,29.471903,6066519
"5938093655","Equus quagga burchellii (Gray, 1824)","SUBSPECIES",-18.951859,14.569006,2440892
"5938093662","Onymacris Allard, 1885","GENUS",-23.106419,14.430813,NA
"5938093771","Pachnoda sinuata (Fabricius, 1775)","SPECIES",-34.041619,18.523503,1081568
"5938093796","Leucas glabrata (Vahl) Sm.","SPECIES",-24.403792,30.814596,7307194
"5938093824","Tabanus insignis Loew, 1858","SPECIES",-29.449947,29.524928,1499452
"5938093858","Grapsus adscensionis (Osbeck, 1765)","SPECIES",28.099792,-16.755837,4382864
"5938093911","Coridius nubilus (Westwood, 1837)","SPECIES",-28.170238,32.323703,9599381
"5938093938","Stemorrhages sericea Drury, 1773","SPECIES",5.385002,-4.054227,1886104
"5938093958","Larus michahellis J.F.Naumann, 1840","SPECIES",35.785001,-5.811548,9413670
"5938093964","Diplodus capensis (Smith, 1844)","SPECIES",-33.695309,26.664921,5210964
"5938094032","Leucadendron linifolium (Jacq.) R.Br.","SPECIES",-34.368036,19.14194,5637925
"5938094058","Giraffa giraffa giraffa (von Schreber, 1784)","SUBSPECIES",-24.847747,31.56732,8959277
"5938094068","Chersina angulata (Schweigger, 1812)","SPECIES",-34.41644,19.156903,5220285
"5938094074","Osteospermum rotundifolium (DC.) Norl.","SPECIES",-34.32207,19.004814,3093574
"5938094243","Macronyx capensis (Linnaeus, 1766)","SPECIES",-33.693687,18.554597,5230846
"5938094824","Emberiza sahari J.Levaillant, 1850","SPECIES",31.6018,-8.027028,6100800
"5938094875","Corythornis cristatus cristatus (Pallas, 1764)","SUBSPECIES",-33.728282,26.5796,6095338
"5938094979","Cuculus solitarius Stephens, 1815","SPECIES",-24.786969,31.425583,5231903
"5938094987","Burhinus vermiculatus (Cabanis, 1868)","SPECIES",-28.219993,31.948247,2482095
"5938095012","Saxicola torquatus torquatus (Linnaeus, 1766)","SUBSPECIES",-34.129528,19.835185,2492526
"5938095024","Tritoniopsis antholyza (Poir.) Goldblatt","SPECIES",-34.356512,19.120836,5296478
"5938096195","Chlorocebus pygerythrus (F.Cuvier, 1821)","SPECIES",-24.842212,31.551161,7262034
"5938096221","Cheilio inermis (Forsskål, 1775)","SPECIES",27.256157,33.884861,2383605
"5938096269","Hyllus argyrotoxus Simon, 1902","SPECIES",-4.658666,39.370454,5172247
"5938098124","Euphorbia lamarckii Sweet","SPECIES",28.507144,-16.189898,3069469
"5938098134","Opistophthalmus holmi (Lawrence, 1969)","SPECIES",-24.737155,15.329282,6894794
"5938098552","Hibiscus dongolensis Caill. ex Delile","SPECIES",-19.878137,24.706841,3937864
"5938098554","Polistes olivaceus (Deg., 1773)","SPECIES",-21.035351,55.530464,1310922
"5938098702","Anagyris foetida L.","SPECIES",36.771242,5.10057,2946427
"5938098720","Protea aspera E.Phillips","SPECIES",-34.583086,19.784272,5828528
"5938098771","Nanger granti granti (Brooke, 1872)","SUBSPECIES",-2.142888,34.47522,7261447
"5938098778","Ciconia microscelis G.R.Gray, 1848","SPECIES",-0.59388,29.721877,10891903
"5938098872","Tockus rufirostris (Sundevall, 1850)","SPECIES",-19.911703,23.523242,6095271
"5938098879","Apalis thoracica (Shaw, 1811)","SPECIES",-32.260869,25.454303,2492723
"5938098882","Xenopus laevis (Daudin, 1802)","SPECIES",-32.260633,25.454182,5217334
"5938098996","Orthetrum julia falsum Longfield, 1955","SUBSPECIES",-29.772522,30.739229,1428738
"5938099003","Crassula flava L.","SPECIES",-34.031731,18.390217,5688671
"5938099072","Euphorbia dendroides L.","SPECIES",36.77096,5.100403,3067398
"5938099082","Oreotragus oreotragus oreotragus (Zimmermann, 1783)","SUBSPECIES",-34.205719,18.44167,2441044
"5938099085","Orthetrum trinacria (Selys, 1841)","SPECIES",-34.066373,18.81076,1428708
"5938099283","Parapluda invitabilis (Wallengren, 1860)","SPECIES",-24.516886,30.890172,1752327
"5938099610","Centropus burchelli Swainson, 1838","SPECIES",-34.129236,19.849704,5231960
"5938099971","Trithemis arteriosa (Burmeister, 1839)","SPECIES",-24.364424,30.947365,1428848
"5938100104","Hedydipna collaris (Vieillot, 1819)","SPECIES",-4.261922,39.593477,7340984
"5938100171","Gonometa postica Walker, 1855","SPECIES",-33.48866,22.033357,1732955
"5938100184","Drimiopsis Lindl. & Paxton","GENUS",-24.216836,29.594862,NA
"5938100204","Drimiopsis Lindl. & Paxton","GENUS",-24.189378,29.619867,NA
"5938100331","Acraea horta Linnaeus, 1764","SPECIES",-33.93401,18.445757,5136113
"5938100336","Hippodamia variegata (Goeze, 1777)","SPECIES",-33.751541,18.958342,1043082
"5938100355","Hemidactylus mabouia (Moreau De Jonnès, 1818)","SPECIES",-4.261889,39.593473,5959942
"5938100424","Scolopendra morsitans Linnaeus, 1758","SPECIES",-25.142336,16.476805,5179468
"5938100554","Berzelia lanuginosa (L.) Brongn.","SPECIES",-34.368211,20.550032,5643057
"5938100558","Commelina africana L.","SPECIES",-28.696255,30.013464,2763987
"5938100570","Halleria lucida L.","SPECIES",-29.714985,31.051323,5560356
"5938100571","Cyperus sphaerocephalus Vahl","SPECIES",-25.154069,30.54782,2716403
"5938100695","Tragelaphus sylvaticus (Sparrman, 1780)","SPECIES",-25.211803,30.856308,5220182
"5938100775","Solanum pseudocapsicum L.","SPECIES",-28.949003,29.204557,2931104
"5938100786","Zygonoides fuelleborni (Grünberg, 1902)","SPECIES",-17.924825,25.851538,1427983
"5938100788","Connochaetes taurinus taurinus (Burchell, 1823)","SUBSPECIES",-28.219955,31.948252,2441105
"5938100832","Palpares speciosus (Linnaeus, 1758)","SPECIES",-33.88047,19.177176,2097462
"5938101097","Tachybaptus ruficollis (Pallas, 1764)","SPECIES",-23.574463,29.826109,2482048
"5938101193","Searsia pyroides (Burch.) Moffett","SPECIES",-25.852306,27.496435,7321717
"5938101208","Eurocephalus anguitimens A.Smith, 1836","SPECIES",-19.036561,16.469321,2492843
"5938101217","Barleria rotundifolia Oberm.","SPECIES",-25.336033,31.795935,3770919
"5938101218","Solanum campylacanthum Hochst. ex A.Rich.","SPECIES",-25.332968,31.801613,2929236
"5938101222","Ciconia microscelis G.R.Gray, 1848","SPECIES",-25.020316,31.398037,10891903
"5938101325","Doratogonus flavifilis (Peters, 1855)","SPECIES",-24.340037,30.839125,1026019
"5938101340","Lophoceros alboterminatus Büttikofer, 1889","SPECIES",-29.776821,30.835811,7983173
"5938101472","Poroderma pantherinum (Müller & Henle, 1838)","SPECIES",-34.212581,24.832538,2418720
"5938101744","Searsia pyroides (Burch.) Moffett","SPECIES",-25.862446,27.496912,7321717
"5938101748","Dombeya rotundifolia (Hochst.) Planch.","SPECIES",-25.853878,27.496755,5546739
"5938101840","Hyphaene thebaica (L.) Mart.","SPECIES",11.990542,18.237177,7931200
"5938101842","Damaliscus pygargus pygargus (Pallas, 1767)","SUBSPECIES",-34.353436,18.4814,2441042
"5938101854","Smilax aspera L.","SPECIES",34.872521,-1.274196,5295044
"5938102357","Cinnyris afer afer (Linnaeus, 1766)","SUBSPECIES",-33.550204,21.763947,7340730
"5938102362","Pyxicephalus edulis Peters, 1854","SPECIES",-25.068894,31.548358,2429964
"5938102579","Hedydipna collaris collaris (Vieillot, 1819)","SUBSPECIES",-29.776813,30.835883,7340984
"5938102653","Senegalia ataxacantha (DC.) Kyal. & Boatwr.","SPECIES",-29.731194,30.825672,7510932
"5938102732","Gomphrena celosioides Mart.","SPECIES",-28.219974,31.948349,3084911
"5938102738","Loxodonta africana (Blumenbach, 1797)","SPECIES",-19.14888,27.249077,2435350
"5938102758","Indicator variegatus R.Lesson, 1830","SPECIES",-34.060087,23.222839,5228977
"5938102962","Berzelia stokoei (E.Phillips) A.V.Hall","SPECIES",-34.315253,19.008968,7705031
"5938103146","Ardea cinerea Linnaeus, 1758","SPECIES",12.39445,-1.491845,9797180
"5938103157","Pterocelastrus echinatus N.E.Br.","SPECIES",-25.849268,27.496115,3790985
"5938103301","Anaphe reticulata Walker, 1855","SPECIES",-29.771997,30.740077,1827775
"5938103368","Syncerus caffer caffer (Sparrman, 1779)","SUBSPECIES",-28.220002,31.948242,2441034
"5938104028","Hippotion eson Cramer, 1779","SPECIES",-34.023651,18.350613,1862311
"5938104699","Panthera leo melanochaita (C.E.H.Smith, 1858)","SUBSPECIES",-24.907649,31.462346,5219404
"5938104714","Nymphaea nouchali Burm.fil.","SPECIES",-33.958592,22.367755,7326947
"5938105134","Nicotiana glauca Graham","SPECIES",28.505275,-16.189539,2928783
"5938105929","Harveya capensis (Burm.fil.) Hook.","SPECIES",-34.07967,18.398412,7896234
"5938105954","Pseudoselago serrata (P.J.Bergius) Hilliard","SPECIES",-33.999008,18.413029,3725342
"5938106039","Passerina montana Thoday","SPECIES",-27.881168,29.71448,5523207
"5938106067","Lupulella Hilzheimer, 1906","GENUS",-24.815882,31.543931,NA
"5938106329","Olea europaea subsp. africana (Mill.) P.S.Green","SUBSPECIES",-25.859579,27.497366,5415040
"5938106343","Opistophthalmus jenseni (Lamoral, 1972)","SPECIES",-24.10196,15.914863,6894778
"5938106369","Ostearius melanopygius (O.Pickard-Cambridge, 1880)","SPECIES",-29.089722,26.156389,2134305
"5938106374","Hedychium gardnerianum Sheph. ex Ker Gawl.","SPECIES",32.848968,-17.184708,2758700
"5938106784","Parvulastra exigua (Lamarck, 1816)","SPECIES",-34.212853,24.837744,2272178
"5938106787","Ploceus xanthops (Hartlaub, 1862)","SPECIES",-19.911978,23.522936,2494027
"5938106812","Evolvulus alsinoides (L.) L.","SPECIES",-24.405858,30.81941,2928673
"5938106872","Phalacrocorax carbo (Linnaeus, 1758)","SPECIES",36.747657,2.969925,2481890
"5938106955","Trifolium repens L.","SPECIES",-34.361672,18.89922,5358748
"5938107263","Justicia flava (Forssk.) Vahl","SPECIES",-24.52504,30.796126,7494800
"5938107538","Oxalis pes-caprae L.","SPECIES",28.524088,-16.288232,2891661
"5938107658","Searsia discolor (E.Mey. ex Sond.) Moffett","SPECIES",-29.279751,29.51533,5544377
"5938107667","Ortygornis sephaena (A.Smith, 1836)","SPECIES",-3.80868,36.052989,11366957
"5938107681","Uloborus plumipes Lucas, 1846","SPECIES",-29.089722,26.156389,2142456
"5938107707","Psoralea repens P.J.Bergius","SPECIES",-34.147267,18.319803,2944083
"5938107799","Loxodonta africana (Blumenbach, 1797)","SPECIES",-25.225623,27.050036,2435350
"5938107809","Tragelaphus sylvaticus (Sparrman, 1780)","SPECIES",-33.630039,24.289552,5220182
"5938107827","Ceryle rudis (Linnaeus, 1758)","SPECIES",-34.06097,18.4961,2475679
"5938107860","Fulica cristata Gmelin, 1789","SPECIES",-34.059856,18.498584,2474381
"5938108879","Philothamnus occidentalis (Broadley, 1966)","SPECIES",-34.039821,25.537179,8941010
"5938108898","Coenomorpha nervosa","SPECIES",-25.825141,28.267604,12174892
"5938109020","Cinnyricinclus leucogaster (Boddaert, 1783)","SPECIES",-28.220012,31.948322,2489057
"5938109036","Boscia foetida Schinz","SPECIES",-24.260138,29.620212,7273475
"5938109122","Carex spicatopaniculata Boeckeler ex C.B.Clarke","SPECIES",-24.162283,30.254462,2722199
"5938109265","Helichrysum appendiculatum (L.fil.) Less.","SPECIES",-30.25992,30.588462,3131306
"5938109286","Euphorbia balsamifera Aiton","SPECIES",28.076211,-16.64727,3069871
"5938109518","Eleocharis dregeana Steud.","SPECIES",-31.254327,23.48776,2717825
"5938109542","Quercus pseudococcifera Desf.","SPECIES",36.804109,3.585768,2879209
"5938109585","Talinum paniculatum (Jacq.) Gaertn.","SPECIES",-24.161149,30.254862,3084672
"5938109589","Clogmia albipunctatus (Williston, 1893)","SPECIES",28.506324,-13.86613,4522049
"5938109666","Erica canariensis Rivas Mart., Martín Osorio & Wildpret","SPECIES",28.524032,-16.28796,10774484
"5938109744","Vanessa cardui (Linnaeus, 1758)","SPECIES",-29.815994,30.811601,4299368
"5938109748","Xerophyta viscosa Baker","SPECIES",-29.254494,29.430547,2863377
"5938109761","Aepyceros melampus melampus (Lichtenstein, 1812)","SUBSPECIES",-3.788447,36.025211,2441144
"5938110050","Ensete ventricosum (Welw.) Cheesman","SPECIES",5.942073,38.252368,2763050
"5938110056","Hibiscus sidiformis Baill.","SPECIES",-25.332016,31.800991,3933466
"5938110059","Egretta garzetta (Linnaeus, 1766)","SPECIES",-34.06097,18.4961,2480876
"5938110089","Plegadis falcinellus (Linnaeus, 1766)","SPECIES",-34.060224,18.497887,2480773
"5938110096","Secamone parvifolia (Oliv.) Bullock","SPECIES",-24.405774,30.819731,3578319
"5938110098","Tomopterna natalensis (Smith, 1849)","SPECIES",-24.163057,31.382388,2429923
"5938110121","Nectarinia famosa (Linnaeus, 1766)","SPECIES",-34.423085,19.205171,5229971
"5938110242","Jamesbrittenia breviflora (Schltr.) Hilliard","SPECIES",-29.249765,29.449235,3741034
"5938110340","Disa bracteata Sw.","SPECIES",-34.10071,18.431754,2783736
"5938110463","Spilostethus pandurus (Scopoli, 1763)","SPECIES",28.656986,-17.884039,4486330
"5938110485","Chaetodon auriga Forsskål, 1775","SPECIES",-20.129081,57.756768,2385390
"5938110490","Kobus ellipsiprymnus ellipsiprymnus (Ogilby, 1833)","SUBSPECIES",-25.134955,31.907104,5220160
"5938110509","Balearica regulorum (E.T.Bennett, 1834)","SPECIES",-3.160889,35.575572,5228229
"5938110662","Orthetrum julia Kirby, 1900","SPECIES",-34.100824,18.432899,1428738
"5938110880","Palpopleura portia (Drury, 1773)","SPECIES",-29.111017,31.600152,1428961
"5938110913","Diplodus capensis (Smith, 1844)","SPECIES",-33.695733,26.666252,5210964
"5938110919","Alopochen aegyptiaca (Linnaeus, 1766)","SPECIES",-19.21345,16.059082,2498252
"5938110929","Prinia maculosa (Boddaert, 1783)","SPECIES",-33.148364,18.001872,2492750
"5938110952","Monetaria annulus (Linnaeus, 1758)","SPECIES",-20.129121,57.756575,5724966
"5938110981","Lanius collaris collaris Linnaeus, 1766","SUBSPECIES",-33.523011,23.72604,2492863
"5938110987","Anas undulata undulata C.F.Dubois, 1838","SUBSPECIES",-32.236708,25.460068,2498156
"5938111075","Azadirachta indica A.Juss.","SPECIES",13.783013,-16.454958,3190474
"5938111109","Salvia tiliifolia Vahl","SPECIES",-25.858628,28.116946,2927066
"5938111163","Ploceus velatus Vieillot, 1819","SPECIES",-25.358769,31.892695,2494015
"5938111216","Sisyrinchium micranthum Cav.","SPECIES",-29.738792,29.2709,5296278
"5938111289","Opisthacanthus capensis Thorell, 1876","SPECIES",-34.364455,21.407937,6892714
"5938111329","Turdus merula Linnaeus, 1758","SPECIES",35.313128,-2.960779,2490719
"5938111387","Carica papaya L.","SPECIES",0.279832,6.646782,2874484
"5938111422","Ilex mitis (L.) Radlk.","SPECIES",-25.853157,27.49656,5533588
"5938111436","Tylos granulatus Krauss, 1843","SPECIES",-33.414067,18.239987,2205118
"5938111494","Sparisoma cretense (Linnaeus, 1758)","SPECIES",28.416715,-16.28754,2393905
"5938111495","Pyrrhocoris apterus (Linnaeus, 1758)","SPECIES",31.615933,-8.010228,4486826
"5938111538","Pelargonium dispar N.E.Br.","SPECIES",-29.250021,29.443405,3826292
"5938111546","Heliotropium amplexicaule Vahl","SPECIES",-25.81843,28.278953,2925790
"5938112120","Zerenopsis lepida (Walker, 1854)","SPECIES",-25.794114,28.268634,1967209
"5938112143","Oxytenanthera abyssinica (A.Rich.) Munro","SPECIES",12.675378,-13.051717,2703308
"5938112159","Trichonephila fenestrata (Thorell, 1859)","SPECIES",-34.070333,23.353186,10685575
"5938112186","Echium plantagineum L.","SPECIES",-34.047937,18.454311,2925895
"5938112256","Searsia lucida (L.) F.A.Barkley","SPECIES",-34.761987,19.930785,7321764
"5938112276","Leucaloa eugraphica Walker, 1865","SPECIES",-26.139661,27.994664,1813180
"5938113355","Opistophthalmus jenseni (Lamoral, 1972)","SPECIES",-24.112857,15.906313,6894778
"5938113398","Sarkidiornis melanotos (Pennant, 1769)","SPECIES",-24.026689,27.074125,2498001
"5938113463","Forsskaolea angustifolia Retz.","SPECIES",28.29906,-16.823549,4102001
"5938114221","Zinnia peruviana (L.) L.","SPECIES",-28.703584,30.01677,9193953
"5938114430","Aptera fusca (Thunberg, 1784)","SPECIES",-33.844001,25.164666,1994735
"5938114443","Eriboea Hübner","GENUS",-25.332281,31.800409,NA
"5938115489","Lysimachia arvensis (L.) U.Manns & Anderb.","SPECIES",-34.412563,19.176072,8184903
"5938115513","Tragelaphus angasii Angas, 1849","SPECIES",-28.205277,32.403717,5220181
"5938115658","Portulaca obtusa Poelln.","SPECIES",-24.439756,30.622311,4022590
"5938115677","Nilus rossi (Pocock, 1902)","SPECIES",-24.328277,31.071416,7456512
"5938115687","Rogeria longiflora (D.Royen) J.Gay ex DC.","SPECIES",-26.754953,18.514333,9063937
"5938115692","Aloe davyana Schönland","SPECIES",-25.806441,28.262016,7871778
"5938115973","Ichthyaetus melanocephalus (Temminck, 1820)","SPECIES",36.804865,2.893841,8151548
"5938116084","Rothmannia capensis Thunb.","SPECIES",-25.859702,27.497561,2906198
"5938116094","Opistophthalmus jenseni (Lamoral, 1972)","SPECIES",-24.104393,15.908652,6894778
"5938116771","Leucospermum heterophyllum (Thunb.) Rourke","SPECIES",-34.579469,19.7754,3997335
"5938116838","Lamprotornis nitens (Linnaeus, 1766)","SPECIES",-30.295475,30.738267,2489073
"5938116847","Corvus albus Statius Muller, 1776","SPECIES",-23.594987,29.782449,2482519
"5938116877","Clamator jacobinus (Boddaert, 1783)","SPECIES",-25.35405,31.760575,2496468
"5938116890","Coccinella septempunctata Linnaeus, 1758","SPECIES",28.743584,-17.742192,4990191
"5938116969","Bauhinia rufescens Lam.","SPECIES",11.990585,18.237305,2953710
"5938116978","Hycleus lunatus (Pallas, 1781) Bologna, Amore & Pitzalis, 2018","SPECIES",-25.156642,30.546843,6955449
"5938116980","Emberiza tahapisi A.Smith, 1836","SPECIES",-32.260871,25.454253,2491491
"5938117191","Anas undulata undulata C.F.Dubois, 1838","SUBSPECIES",-33.728282,26.5796,2498156
"5938117224","Lippia javanica (Burm.f.) Spreng.","SPECIES",-24.532226,30.640666,4086664
"5938117281","Cyanistes teneriffae (Lesson, 1831)","SPECIES",35.314819,-2.954776,7341849
"5938117284","Halcyon albiventris (Scopoli, 1786)","SPECIES",-25.354628,31.761345,5228322
"5938117321","Freesia laxa subsp. laxa","SUBSPECIES",-29.110596,31.600436,2747067
"5938117328","Antiophlebia bracteata Felder, 1874","SPECIES",-33.315916,26.533948,1795074
"5938117331","Stigmochelys pardalis (Bell, 1828)","SPECIES",-29.654458,25.38397,2441757
"5938117429","Pseudoclanis postica Walker, 1856","SPECIES",-33.315916,26.533948,1864576
"5938117441","Acacia saligna (Labill.) H.L.Wendl.","SPECIES",-33.959473,25.500232,2978552
"5938117454","Melierax canorus (Thunberg, 1799)","SPECIES",-19.333134,15.939885,2480730
"5938117495","Ostracion cubicus Linnaeus, 1758","SPECIES",-20.12905,57.756553,5213766
"5938117496","Nudaurelia wahlbergi Boisduval, 1847","SPECIES",-27.27343,30.591647,11464362
"5938117676","Asparagus falcatus L.","SPECIES",-29.7816,30.846753,2768780
"5938117786","Hypolimnas misippus Linnaeus, 1764","SPECIES",-19.187618,15.969646,1910628
"5938117815","Cyanistes teneriffae ultramarinus (Bonaparte, 1841)","SUBSPECIES",36.353578,6.70226,7341849
"5938117956","Passer domesticus (Linnaeus, 1758)","SPECIES",-28.220097,31.948295,5231190
"5938117957","Radyera urens (L.fil.) Bullock","SPECIES",-31.254717,23.488043,3934524
"5938117979","Tockus deckeni (Cabanis, 1868)","SPECIES",-2.07725,34.497694,2475971
"5938118160","Hycleus lunatus (Pallas, 1781) Bologna, Amore & Pitzalis, 2018","SPECIES",-33.951973,25.488919,6955449
"5938118170","Connochaetes taurinus taurinus (Burchell, 1823)","SUBSPECIES",-24.819212,31.546894,2441105
"5938118173","Chersina angulata (Schweigger, 1812)","SPECIES",-33.408787,18.259445,5220285
"5938118180","Clematis brachiata Thunb.","SPECIES",-25.852248,27.496509,3923641
"5938118242","Heisteria parvifolia Sm.","SPECIES",5.424928,-3.920363,3685648
"5938118304","Physalis peruviana L.","SPECIES",-26.058351,28.041163,5341784
"5938118485","Opistophthalmus adustus Kraepelin, 1908","SPECIES",-24.11121,15.90585,6894730
"5938118536","Orphium frutescens (L.) E.Mey.","SPECIES",-34.146886,18.319487,3844680
"5938118570","Hibiscus pedunculatus L.fil.","SPECIES",-24.596445,30.873343,8076451
"5938118577","Clathrus archeri (Berk.) Dring","SPECIES",-33.95707,23.167862,5239483
"5938118676","Leucadendron laxum I.Williams","SPECIES",-34.574014,19.735707,5637948
"5938118708","Cyperus esculentus L.","SPECIES",-26.678285,28.418013,2716226
"5938118712","Cirsium vulgare (Savi) Ten.","SPECIES",-32.16151,25.611881,3112801
"5938118729","Elanus caeruleus caeruleus (Desfontaines, 1789)","SUBSPECIES",-20.5776,16.741502,2480372
"5938118732","Ziziphus mucronata Willd.","SPECIES",-24.405514,30.820293,3875567
"5938118860","Clutia pulchella L.","SPECIES",-25.770844,28.293787,7687849
"5938120768","Aplysia argus Rüppell & Leuckart, 1830","SPECIES",-34.389821,20.867709,7475883
"5938120771","Pelargonium capitatum (L.) L'Hér.","SPECIES",-33.411945,18.243505,9711656
"5938120811","Prinia maculosa maculosa (Boddaert, 1783)","SUBSPECIES",-34.212417,24.836004,2492750
"5938120892","Vanessa cardui (Linnaeus, 1758)","SPECIES",28.137289,-16.78677,4299368
"5938120977","Columba livia var. domestica J.F.Gmelin, 1789","VARIETY",35.484988,6.467078,2495414
"5938120982","Lygodactylus capensis (Smith, 1849)","SPECIES",-33.730138,22.711082,2446718
"5938121030","Opistophthalmus praedo Thorell, 1876","SPECIES",-28.881462,30.024489,7417064
"5938121158","Diospyros mespiliformis Hochst. ex A.DC.","SPECIES",-24.404997,30.813982,4071204
"5938121187","Fringilla maderensis Sharpe, 1888","SPECIES",32.783739,-16.906141,9221784
"5938122794","Kinixys spekii Gray, 1863","SPECIES",-23.858238,31.124086,2441685
"5938122810","Hibiscus calyphyllus Cav.","SPECIES",-28.219932,31.948258,3152574
"5938122859","Anthia thoracica (Thunberg, 1784)","SPECIES",-25.161028,31.55895,7400682
"5938122864","Solanum mauritianum Scop.","SPECIES",-24.159906,30.223936,2931469
"5938122866","Ptychadena mossambica (Peters, 1854)","SPECIES",-25.820862,31.794687,2428909
"5938122868","Ceroctis capensis (Linne, 1767)","SPECIES",-34.066356,18.810479,6954615
"5938123301","Lantana rugosa Thunb.","SPECIES",-24.570996,27.835381,7658661
"5938123348","Uraeginthus angolensis (Linnaeus, 1758)","SPECIES",0.337553,6.729869,2493726
"5938123425","Ploceus velatus Vieillot, 1819","SPECIES",-33.522994,23.726027,2494015
"5938123435","Passer melanurus vicinus Clancey, 1958","SUBSPECIES",-25.867072,27.849052,5231195
"5938123452","Protea repens (L.) L.","SPECIES",-34.261339,18.457365,5636761
"5938123459","Anas erythrorhyncha J.F.Gmelin, 1789","SPECIES",-34.059509,18.500273,2498064
"5938123464","Cyperus margaritaceus Vahl","SPECIES",-24.406456,30.818284,2716662
"5938123497","Satyrium cristatum var. longilabiatum A.V.Hall","VARIETY",-29.418955,29.495817,5307477
"5938123506","Barringtonia racemosa (L.) Spreng.","SPECIES",-28.780773,32.094849,3082727
"5938123636","Acacia saligna (Labill.) H.L.Wendl.","SPECIES",-33.960005,25.496618,2978552
"5938124315","Terathopius ecaudatus (Daudin, 1800)","SPECIES",-24.867109,31.556604,2480377
"5938124348","Xosa lugubris (Thunberg, 1822)","SPECIES",-34.305168,18.461973,11116933
"5938124548","Crassula coccinea L.","SPECIES",-33.998745,18.413338,5689204
"5938125023","Thereianthus bracteolatus (Lam.) G.J.Lewis","SPECIES",-34.326181,19.005232,2749511
"5938125029","Drepane africana Osório, 1892","SPECIES",13.168734,-16.76288,2374445
"5938125137","Alopochen aegyptiaca (Linnaeus, 1766)","SPECIES",-25.228319,27.105326,2498252
"5938125141","Pternistis natalensis (A.Smith, 1833)","SPECIES",-25.228319,27.105326,2473804
"5938125144","Pantala flavescens (Fabricius, 1798)","SPECIES",-28.780347,32.089742,1427855
"5938125205","Cleome macrophylla Roxb.","SPECIES",-25.356018,31.809872,8197094
"5938125613","Sclerocarya birrea (A.Rich.) Hochst.","SPECIES",-24.571891,30.997896,7160810
"5938125614","Leptomyrina gorgias gorgias (Stoll, 1790)","SUBSPECIES",-29.797079,30.822307,11374171
"5938125617","Sansevieria pearsonii N.E.Br.","SPECIES",-25.339394,31.794958,10907637
"5938125629","Costus giganteus Welw. ex Ridl.","SPECIES",0.186303,6.613081,2756837
"5938126307","Melierax poliopterus Cabanis, 1868","SPECIES",-2.696727,38.161404,2480731
"5938126311","Larus dominicanus vetula Bruch, 1855","SUBSPECIES",-33.148303,18.001564,2481173
"5938126347","Giraffa giraffa giraffa (von Schreber, 1784)","SUBSPECIES",-25.118316,31.910552,8959277
"5938126370","Eulophia alta (L.) Fawc. & Rendle","SPECIES",-17.925647,25.853538,5311790
"5938126421","Brithys crini (Fabricius, 1775)","SPECIES",-29.089722,26.156389,1789957
"5938126423","Pseudanaphaeis Bernardi, 1953","GENUS",-24.380103,31.776755,NA
"5938126475","Cinnyricinclus leucogaster (Boddaert, 1783)","SPECIES",-25.334359,31.798126,2489057
"5938126594","Gallinago nigripennis Bonaparte, 1839","SPECIES",-34.06097,18.4961,2481809
"5938126800","Hagenomyia tristis (Walker, 1853)","SPECIES",-23.946633,29.939812,5164437
"5938126879","Selago densiflora Rolfe ex Schinz","SPECIES",-24.827489,28.198096,5562474
"5938126886","Numida meleagris coronatus Gurney Sr, 1868","SUBSPECIES",-33.928753,18.709492,2473341
"5938126909","Milvus migrans parasitus Grant & Mackworth-Praed, 1933","SUBSPECIES",-24.99612,31.590558,5229167
"5938127004","Agama atra Daudin, 1802","SPECIES",-33.945694,24.28855,5226254
"5938127038","Dispholidus typus typus (Smith, 1829)","SUBSPECIES",-34.082535,18.433227,2452959
"5938127048","Lobularia canariensis (DC.) L.Borgen","SPECIES",28.09207,-14.379998,5373341
"5938127056","Nesciothemis farinosa (Förster, 1898)","SPECIES",-34.039554,22.132249,1428910
"5938127314","Bradinopyga strachani (Kirby, 1900)","SPECIES",13.500992,-16.426035,1428924
"5938127375","Aepyceros melampus melampus (Lichtenstein, 1812)","SUBSPECIES",-24.829979,31.560454,2441144
"5938127433","Morus bassanus (Linnaeus, 1758)","SPECIES",36.805821,2.893458,2480964
"5938127443","Muscicapa striata (Pallas, 1764)","SPECIES",-25.244262,31.54351,2492576
"5938127561","Streptocarpus cyaneus subsp. nigridens Weigend & T.J.Edwards","SUBSPECIES",-24.596346,30.873577,6365601
"5938127677","Lepidochrysops plebeia plebeia (Butler, 1898)","SUBSPECIES",-24.451983,31.996037,1927663
"5938127689","Namazonurus lawrenci (Fitzsimons, 1939)","SPECIES",-29.267436,17.095722,7506891
"5938127728","Turtur chalcospilos (Wagler, 1827)","SPECIES",-2.702572,38.160426,5231793
"5938128930","Elaphinis irrorata (Fabricius, 1798)","SPECIES",-29.776983,30.835904,1082114
"5938128951","Papio anubis (Lesson, 1827)","SPECIES",-0.593166,29.722294,5707341
"5938129003","Athrixia angustissima DC.","SPECIES",-29.251207,29.440958,3087093
"5938129679","Ficus sur Forssk.","SPECIES",-24.595862,30.887726,5569827
"5938129818","Manulea florifera Hilliard & B.L.Burtt","SPECIES",-29.267264,29.472394,5560390
"5938129997","Papio ursinus ursinus (Kerr, 1792)","SUBSPECIES",-34.303617,18.43828,7262029
"5938129998","Regulus regulus (Linnaeus, 1758)","SPECIES",35.314799,-2.954897,2484596
"5938130036","Gladiolus longicollis subsp. longicollis","SUBSPECIES",-29.267582,29.429149,2750516
"5938130573","Tithoes confinis (Castelnau, 1840)","SPECIES",-20.766308,16.791254,1134574
"5938130632","Disa racemosa L.f.","SPECIES",-34.096783,18.448004,2783934
"5938130633","Ficus burkei (Miq.) Miq.","SPECIES",-25.846371,27.496517,5361900
"5938130781","Pinus pinaster Aiton","SPECIES",-34.573876,19.73445,5285565
"5938130824","Bostrychia hagedash (Latham, 1790)","SPECIES",-32.255437,25.447524,5229203
"5938130998","Lantana rugosa Thunb.","SPECIES",-24.578439,30.616091,7658661
"5938131117","Coeliades pisistratus (Fabricius, 1793)","SPECIES",-26.678298,28.417985,1947112
"5938131162","Polistes marginalis (Fabricius, 1775)","SPECIES",-33.934152,18.838071,1310567
"5938131187","Hypoxis rigidula Baker","SPECIES",-25.904718,27.782817,2852914
"5938131235","Sideroxylon inerme L.","SPECIES",-25.358403,31.810184,2887200
"5938131570","Cyrtanthus loddigesianus (Herb.) R.A.Dyer","SPECIES",-33.952094,25.488472,5326062
"5938131594","Threskiornis aethiopicus (Latham, 1790)","SPECIES",-34.16166,24.81854,2480764
"5938131598","Melasma scabrum P.J.Bergius","SPECIES",-34.092352,18.422665,8088819
"5938131602","Pittosporum viridiflorum Sims","SPECIES",-25.848807,27.495867,2986302
"5938131613","Crocothemis sanguinolenta (Burmeister, 1839)","SPECIES",-34.3166,19.008695,1427717
"5938131817","Elasmopoda valga (Linnaeus, 1758)","SPECIES",-33.966062,18.479889,4389254
"5938131820","Rhoptropus diporus Haacke, 1965","SPECIES",-18.725317,14.323068,9477975
"5938131823","Opistophthalmus adustus Kraepelin, 1908","SPECIES",-24.10148,15.909803,6894730
"5938131830","Lygodactylus capensis (Smith, 1849)","SPECIES",-25.827203,28.323188,2446718
"5938131832","Bradypodion occidentale (Hewitt, 1935)","SPECIES",-33.411145,18.246205,2449203
"5938131842","Disa racemosa L.f.","SPECIES",-34.092345,18.422645,2783934
"5938131848","Anthene amarah amarah (Guérin-Méneville, 1847)","SUBSPECIES",-24.38028,31.77727,1925609
"5938131855","Erica barbigeroides E.G.H.Oliv.","SPECIES",-34.318007,19.008495,5682778
"5938132007","Crocodylus niloticus Laurenti, 1768","SPECIES",-17.894718,25.820983,2441341
"5938132057","Stigmochelys pardalis (Bell, 1828)","SPECIES",-31.796529,23.365305,2441757
"5938132210","Cyrtanthus loddigesianus (Herb.) R.A.Dyer","SPECIES",-33.951954,25.488119,5326062
"5938132214","Cirsium vulgare (Savi) Ten.","SPECIES",-34.592418,19.490943,3112801
"5938132225","Varanus niloticus (Linnaeus, 1766)","SPECIES",-17.90228,25.826088,2470656
"5938132233","Crassula glomerata P.J.Bergius","SPECIES",-34.09237,18.422605,5688534
"5938132239","Hermetia illucens (Linnaeus, 1758)","SPECIES",-33.980533,18.413318,1577153
"5938132242","Lagurus ovatus L.","SPECIES",-34.001475,18.411845,5290177
"5938132243","Nivenia levynsiae Weim.","SPECIES",-34.318395,19.009695,5296584
"5938132320","Hyphaene thebaica (L.) Mart.","SPECIES",11.990202,18.237657,7931200
"5938132329","Helcion pruinosus (Krauss, 1848)","SPECIES",-34.213197,24.835733,4370043
"5938132345","Opistophthalmus flavescens Purcell, 1898","SPECIES",-24.134815,15.901097,6894692
"5938132350","Ziziphus zeyheriana Sond.","SPECIES",-25.90473,27.782812,3877649
"5938132351","Philothamnus occidentalis (Broadley, 1966)","SPECIES",-25.90775,27.797292,8941010
"5938132466","Portulaca oleracea L.","SPECIES",27.763397,-15.559586,3084719
"5938132560","Trichocereus spachianus (Lem.) Riccob.","SPECIES",-32.710831,25.643472,10987750
"5938132571","Chersina angulata (Schweigger, 1812)","SPECIES",-34.418078,19.153441,5220285
"5938132626","Moringa oleifera Lam.","SPECIES",-1.095115,37.251106,3054181
"5938132629","Emberiza tahapisi A.Smith, 1836","SPECIES",-32.225318,25.470649,2491491
"5938132633","Chasmatophyllum musculinum (Haw.) Dinter & Schwantes","SPECIES",-32.258241,25.452329,3707770
"5938132639","Ceryle rudis (Linnaeus, 1758)","SPECIES",-24.989648,31.601706,2475679
"5938132745","Hermas villosa (L.) Thunb.","SPECIES",-34.089715,18.429438,3641868
"5938132870","Chironia baccifera L.","SPECIES",-34.10888,22.112797,8252309
"5938132891","Damaliscus lunatus lunatus (Burchell, 1824)","SUBSPECIES",-28.274392,32.2971,2441041
"5938132986","Anhinga rufa rufa","SUBSPECIES",-34.060778,18.494507,2482080
"5938133006","Elattoneura glauca (Burmeister, 1860)","SPECIES",-28.780949,32.09443,1421737
"5938133033","Hypselogenia geotrupina geotrupina (Billberg, 1817)","SUBSPECIES",-26.058582,27.975388,1079575
"5938133063","Tramea basilaris (Palisot de Beauvois, 1817)","SPECIES",-19.579842,23.543635,1428512
"5938133088","Uraeginthus angolensis (Linnaeus, 1758)","SPECIES",-26.058068,32.616342,2493726
"5938133224","Glaucus atlanticus Forster, 1777","SPECIES",-34.677005,20.232033,5190072
"5938133254","Emberiza tahapisi A.Smith, 1836","SPECIES",-23.591862,29.783183,2491491
"5938133437","Grammodes bifasciata Petagna, 1787","SPECIES",-34.069424,18.816079,1786985
"5938133446","Chalcomitra amethystina (Shaw, 1812)","SPECIES",-29.359905,29.956499,7340881
"5938133460","Endostemon obtusifolius (E.Mey.) N.E.Br.","SPECIES",-30.25992,30.588462,3899644
"5938133461","Pelomedusa galeata (Schoepff, 1792)","SPECIES",-29.057075,30.294963,2442276
"5938133462","Pittosporum undulatum Vent.","SPECIES",32.702428,-17.086941,2986239
"5938133463","Disa cornuta (L.) Sw.","SPECIES",-34.313235,19.008109,2783718
"5938133464","Atheris hispida Laurent, 1955","SPECIES",0.088867,32.354292,2443773
"5938133508","Pycnonotus barbatus (Desfontaines, 1789)","SPECIES",-25.354263,31.761233,2486147
"5938133610","Diploxys bipunctata Amyot & Serville","SPECIES",-24.452375,31.977588,10450683
"5938133635","Leucospermum cuneiforme (Burm.fil.) Rourke","SPECIES",-33.952232,25.489111,3997464
"5938133645","Pan troglodytes schweinfurthii (Giglioli, 1872)","SUBSPECIES",0.47947,30.502683,5219534
"5938133646","Numida meleagris (Linnaeus, 1758)","SPECIES",-24.849805,31.564365,2473341
"5938133655","Cassinopsis ilicifolia (Hochst.) Kuntze","SPECIES",-25.848348,27.495886,7780789
"5938133670","Erica retorta L.fil.","SPECIES",-34.313938,19.008177,7866129
"5938133715","Isomerocera quadrilineata (Fabricius, 1787)","SPECIES",-29.777032,30.835631,1577888
"5938133741","Phylloscopus collybita (Vieillot, 1817)","SPECIES",31.506581,-2.776725,2493091
"5938133913","Serruria trilopha Knight","SPECIES",-33.859646,18.552153,3997146
"5938133939","Platyoides walteri (Karsch, 1887)","SPECIES",-34.028665,22.185406,2178345
"5938134801","Syncerus caffer caffer (Sparrman, 1779)","SUBSPECIES",-24.811007,31.549657,2441034
"5938134874","Galactites tomentosa Moench","SPECIES",36.32077,5.737703,3137579
"5938134968","Pseudocordylus microlepidotus (Cuvier, 1829)","SPECIES",-33.873032,19.196506,9419072
"5938135117","Ephippiorhynchus senegalensis (Shaw, 1800)","SPECIES",-24.824431,31.550128,2481904
"5938135128","Tritoniopsis antholyza (Poir.) Goldblatt","SPECIES",-33.95192,25.488135,5296478
"5938135144","Upupa epops Linnaeus, 1758","SPECIES",28.079983,-16.72907,2498415
"5938135977","Gerbera jamesonii Adlam","SPECIES",-24.52414,30.890544,7969761
"5938135996","Hemipepsis capensis Fabricius, 1781","SPECIES",-34.29844,18.465811,7936512
"5938136059","Herpestes sanguineus (Rüppell, 1835)","SPECIES",-29.423692,31.259668,5219098
"5938136748","Antidorcas marsupialis (Zimmermann, 1780)","SPECIES",-20.825303,16.661713,2441064
"5938136803","Lanaria lanata (L.) T.Durand & Schinz","SPECIES",-34.579239,19.773986,5303637
"5938136954","Melaleuca viminalis (Gaertn.) Byrnes","SPECIES",-33.933172,18.86437,3173353
"5938136958","Harveya huttonii Hiern","SPECIES",-29.254183,29.43133,8028745
"5938136961","Cordylus vittifer (Reichenow, 1887)","SPECIES",-25.703803,28.947563,5227207
"5938136963","Chondrodactylus bibronii (Smith, 1846)","SPECIES",-33.603718,21.292983,2446519
"5938138122","Broadleysaurus major (Duméril, 1851)","SPECIES",-4.284205,39.592075,9299909
"5938138141","Kobus ellipsiprymnus (Ogilby, 1833)","SPECIES",-3.548987,38.216733,5220160
"5938138311","Crassula coccinea L.","SPECIES",-34.00335,18.384601,5689204
"5938138417","Pedinorrhina Kraatz, 1880","GENUS",-24.393431,31.777181,NA
"5938138429","Vachellia karroo (Hayne) Banfi & Galasso","SPECIES",-33.354944,26.494135,3974754
"5938140322","Berzelia intermedia (D.Dietr.) Schltdl.","SPECIES",-33.978257,20.811799,5643062
"5938140337","Casuarina cunninghamiana Miq.","SPECIES",34.057983,-4.986496,2891932
"5938140365","Nodaria nodosalis (Herrich-Schäffer)","SPECIES",-24.452483,31.97778,1792210
"5938140462","Trachylepis margaritifer (Peters, 1854)","SPECIES",-25.44473,30.966392,5225388
"5938140658","Solanum vespertilio Aiton","SPECIES",28.093025,-15.594508,2932113
"5938140710","Terpsiphone viridis (Statius Muller, 1776)","SPECIES",-33.972482,18.78737,2486688
"5938140746","Byblia ilithyia (Drury, 1773)","SPECIES",-23.108904,31.435554,1892555
"5938140853","Phyllogeiton zeyheri (Sond.) Suess.","SPECIES",-24.405446,30.820374,3874536
"5938140858","Boerhavia diffusa L.","SPECIES",-24.403782,30.814587,3086282
"5938140889","Zizeeria knysna knysna (Trimen, 1862)","SUBSPECIES",-29.816021,30.811639,1933649
"5938141313","Burhinus vermiculatus vermiculatus (Cabanis, 1868)","SUBSPECIES",-25.270628,31.534946,2482095
"5938141393","Brachythemis leucosticta (Burmeister, 1839)","SPECIES",-19.516975,23.636081,1428570
"5938141424","Hyperolius marmoratus Rapp, 1842","SPECIES",-34.428805,19.465467,5217671
"5938141440","Orthetrum julia falsum Longfield, 1955","SUBSPECIES",-29.776863,30.835914,1428738
"5938141504","Gegenes Hübner, 1819","GENUS",-28.780412,32.087622,NA
"5938142231","Acridotheres tristis (Linnaeus, 1766)","SPECIES",-29.105775,27.960128,2489005
"5938142233","Zavattariornis stresemanni Moltoni, 1938","SPECIES",4.895222,38.056331,2482555
"5938142291","Foeniculum vulgare Mill.","SPECIES",-33.951277,25.487352,3034922
"5938142561","Nabis capsiformis Germar, 1838","SPECIES",-25.825141,28.267604,2020991
"5938142632","Siphonochilus aethiopicus (Schweinf.) B.L.Burtt","SPECIES",-16.249912,28.724728,2757671
"5938142676","Plocama pendula Aiton","SPECIES",28.50549,-16.191179,2904111
"5938142739","Orthetrum trinacria (Selys, 1841)","SPECIES",-34.066515,18.810512,1428708
"5938142741","Dietes iridioides (L.) Sweet ex Klatt","SPECIES",-24.162181,30.254268,2742428
"5938142797","Dromica kolbei (W.Horn, 1897)","SPECIES",-24.235527,30.880002,7383574
"5938142804","Pollia condensata C.B.Clarke","SPECIES",0.434997,30.41077,5303496
"5938142826","Tagetes minuta L.","SPECIES",-29.7272,30.828828,3088481
"5938142846","Alopochen aegyptiaca (Linnaeus, 1766)","SPECIES",-13.140341,27.854191,2498252
"5938142867","Anthia cinctipennis Lequien, 1833","SPECIES",-21.835148,15.170984,7481200
"5938142957","Aristea dichotoma (Thunb.) Ker Gawl.","SPECIES",-33.85357,18.546175,2744864
"5938142967","Vanellus coronatus (Boddaert, 1783)","SPECIES",-32.198924,25.418436,5229137
"5938142973","Cyphostemma lanigerum (Harv.) Desc. ex Wild & R.B.Drumm.","SPECIES",-25.89771,27.799195,4054608
"5938142980","Diceros bicornis michaeli Zukowsky, 1965","SUBSPECIES",-3.395495,35.509657,5220111
"5938142988","Balearica regulorum (E.T.Bennett, 1834)","SPECIES",-29.555447,30.05956,5228229
"5938143006","Sclerophrys capensis Tschudi, 1838","SPECIES",-33.977772,23.492208,9114626
"5938143032","Armadillo officinalis Duméril, 1816","SPECIES",36.747655,2.969887,2202347
"5938143034","Phorcus sauciatus (F.C.L.Koch, 1845)","SPECIES",28.099633,-16.75592,7827743
"5938143037","Crocuta crocuta (Erxleben, 1777)","SPECIES",-24.566183,31.777064,5218781
"5938143143","Colius striatus J.F.Gmelin, 1789","SPECIES",-23.590809,29.784361,5229467
"5938143148","Paragomphus genei (Selys, 1841)","SPECIES",-28.220102,31.948252,5051803
"5938143207","Dalbergia ecastaphyllum (L.) Taub.","SPECIES",13.438363,-16.581548,2968593
"5938143248","Thinornis G.R.Gray, 1844","GENUS",-25.34897,31.780278,NA
"5938144031","Bohadschia subrubra (Quoy & Gaimard, 1834)","SPECIES",-20.141191,57.753128,5721579
"5938144050","Letourneuxia nyctelia (Bourguignat, 1861)","SPECIES",34.125064,-6.61159,11787668
"5938145253","Diaphone mossambicensis Hopffer, 1862","SPECIES",-24.364403,31.959503,1794507
"5938145429","Spilopelia senegalensis (Linnaeus, 1766)","SPECIES",-26.308225,28.099423,6101223
"5938145440","Vidua paradisaea (Linnaeus, 1758)","SPECIES",-28.220054,31.948338,2484626
"5938145461","Ectrichodia crux (Thunberg, 1783)","SPECIES",-29.00179,29.476257,9728226
"5938145463","Anax imperator Leach, 1815","SPECIES",-33.945497,22.46371,5051775
"5938145518","Melierax metabates Heuglin, 1861","SPECIES",-2.093056,34.493333,2480733
"5938145587","Impatiens kilimanjari Oliv.","SPECIES",-3.167058,37.359745,7309730
"5938145645","Protea repens (L.) L.","SPECIES",-34.366522,19.14146,5636761
"5938145664","Cassionympha cassius (Godart, 1823)","SPECIES",-34.59101,19.491587,1903009
"5938145671","Aepyceros melampus melampus (Lichtenstein, 1812)","SUBSPECIES",-24.819217,31.546895,2441144
"5938145682","Oreotragus oreotragus (Zimmermann, 1783)","SPECIES",-2.214388,34.928143,2441044
"5938145689","Menemerus semilimbatus (Hahn, 1829)","SPECIES",28.471218,-16.260703,2169069
"5938145692","Gladiolus exiguus G.J.Lewis","SPECIES",-25.323355,30.489021,2750250
"5938145719","Belenois creona severina (Stoll, 1781)","SUBSPECIES",-25.332678,31.797359,1919213
"5938145842","Hyphaene thebaica (L.) Mart.","SPECIES",11.98917,18.23721,7931200
"5938145885","Bullia rhodostoma Reeve, 1847","SPECIES",-34.072289,23.003767,4368223
"5938145893","Tetraena stapfii (Schinz) Beier & Thulin","SPECIES",-22.716738,14.729438,3986971
"5938146040","Lycium intricatum Boiss.","SPECIES",28.089914,-14.381041,3796884
"5938146121","Myrmicaria natalensis (Smith, 1858)","SPECIES",-24.524147,30.890703,1320481
"5938146161","Campuloclinium macrocephalum (Less.) DC.","SPECIES",-26.692304,27.124889,3142398
"5938146166","Spilostethus crudelis (Fabricius, 1781)","SPECIES",-34.094934,18.430837,8953433
"5938146168","Larus dominicanus vetula Bruch, 1855","SUBSPECIES",-33.693508,26.669681,2481173
"5938146241","Heliotropium ciliatum Kaplan","SPECIES",-24.407123,30.813529,4066841
"5938146249","Dingana bowkeri bella van Son, 1955","SUBSPECIES",-32.283841,25.413789,1896052
"5938146258","Ageratina adenophora (Spreng.) R.M.King & H.Rob.","SPECIES",-25.895451,27.772571,5400613
"5938146408","Colotis evagore antigone (Boisduval, 1836)","SUBSPECIES",-28.699462,30.014681,1920395
"5938146981","Hycleus Latreille, 1817","GENUS",-28.220002,31.948354,NA
"5938147029","Orthetrum trinacria (Selys, 1841)","SPECIES",-34.066391,18.810353,1428708
"5938147467","Chamaerops humilis L.","SPECIES",36.763417,5.102827,2736625
"5938147504","Rhoicissus tomentosa (Lam.) Wild & R.B.Drumm.","SPECIES",-24.161871,30.254471,4937222
"5938147601","Aepyceros melampus melampus (Lichtenstein, 1812)","SUBSPECIES",-2.311545,34.834873,2441144
"5938147605","Crambionella stuhlmanni (Chun, 1896)","SPECIES",-33.196361,27.6334,2264510
"5938147612","Maytenus acuminata (L.fil.) Loes.","SPECIES",-34.369598,18.885521,3791985
"5938147656","Hypolimnas misippus Linnaeus, 1764","SPECIES",-25.332239,31.801873,1910628
"5938147749","Nidorella ivifolia (L.) J.C.Manning & Goldblatt","SPECIES",-34.581473,19.722341,9256235
"5938147754","Hippopotamus amphibius Linnaeus, 1758","SPECIES",-17.986857,25.984465,2441247
"5938147761","Ischnura senegalensis (Rambur, 1842)","SPECIES",-34.06097,18.4961,1423286
"5938147779","Araneus apricus (Karsch, 1884)","SPECIES",-22.744839,31.183545,2160053
"5938147788","Spatula smithii E.Hartert, 1891","SPECIES",-34.060789,18.496806,9360401
"5938147799","Crambionella stuhlmanni (Chun, 1896)","SPECIES",-32.832935,28.114545,2264510
"5938147809","Millettia grandis (E.Mey.) Skeels","SPECIES",-29.762835,30.801457,5355756
"5938147947","Eucomis autumnalis (Mill.) Chitt.","SPECIES",-29.270404,29.485706,2775117
"5938147966","Acacia saligna (Labill.) H.L.Wendl.","SPECIES",-33.961162,25.497404,2978552
"5938147985","Erigeron bonariensis L.","SPECIES",-23.827919,30.157359,3146717
"5938148791","Habenaria tridactylites Lindl.","SPECIES",28.46871,-16.451345,2829453
"5938148809","Chenopodiastrum murale (L.) S.Fuentes, Uotila & Borsch","SPECIES",28.593503,-13.943017,8149099
"5938148919","Ethmostigmus trigonopodus Leach, 1817","SPECIES",-24.531947,31.079953,2232236
"5938148920","Spermestes cucullata Swainson, 1837","SPECIES",0.063849,32.477955,2493624
"5938148931","Oxypilus capensis Saussure, 1871","SPECIES",-28.945131,29.228633,1406671
"5938149356","Lophaetus occipitalis (Daudin, 1800)","SPECIES",-1.325354,34.989014,2480475
"5938149468","Loxodonta africana (Blumenbach, 1797)","SPECIES",-24.408846,31.357931,2435350
"5938149483","Pelargonium elegans (Andrews) Willd.","SPECIES",-34.536955,19.475637,7811193
"5938149597","Grus paradisea (Lichtenstein & Aah, 1793)","SPECIES",-34.19184,19.36239,2474937
"5938149624","Kinixys lobatsiana (Power, 1927)","SPECIES",-25.824608,28.377942,2441705
"5938149633","Anhinga rufa rufa","SUBSPECIES",-34.062009,18.493875,2482080
"5938150048","Haemanthus sanguineus Jacq.","SPECIES",-33.947212,22.463925,2855110
"5938150055","Searsia zeyheri (Sond.) Moffett","SPECIES",-24.189456,29.619794,5544186
"5938150094","Ricinus communis L.","SPECIES",28.507483,-16.191473,5380041
"5938150118","Merops hirundineus A.A.H.Lichtenstein, 1793","SPECIES",-22.66835,14.817062,2475434
"5938150196","Dichondra micrantha Urb.","SPECIES",-25.865321,27.498396,2928666
"5938150203","Vanellus albiceps Gould, 1834","SPECIES",-24.756288,31.810708,5229144
"5938150215","Globularia salicina Lam.","SPECIES",28.077272,-16.64663,5578501
"5938150399","Amadina fasciata (Gmelin, 1789)","SPECIES",-2.786427,38.064071,2493707
"5938150697","Freyeria trochylus (Freyer, 1845)","SPECIES",-24.453637,31.97927,5139040
"5938150705","Opistophthalmus adustus Kraepelin, 1908","SPECIES",-24.10009,15.910373,6894730
"5938150721","Sideroxylon inerme subsp. inerme","SUBSPECIES",-34.194495,22.138191,2887200
"5938150733","Stigmochelys pardalis (Bell, 1828)","SPECIES",-25.354347,31.761135,2441757
"5938150783","Grewia bicolor Juss.","SPECIES",-24.405166,30.818659,8042537
"5938151119","Gallinula chloropus (Linnaeus, 1758)","SPECIES",-33.727285,26.577068,5228199
"5938151162","Trithemis stictica (Burmeister, 1839)","SPECIES",-29.00283,29.477044,1428829
"5938151182","Pelargonium luridum (Andrews) Sweet","SPECIES",-24.48768,27.815872,3828518
"5938151213","Trachylepis binotata (Bocage, 1867)","SPECIES",-18.814292,17.129506,5225392
"5938151412","Cyphostemma lanigerum (Harv.) Desc. ex Wild & R.B.Drumm.","SPECIES",-25.859585,27.497368,4054608
"5938151422","Opistophthalmus adustus Kraepelin, 1908","SPECIES",-24.10361,15.909075,6894730
"5938151424","Lampranthus lavisii (L.Bolus) L.Bolus","SPECIES",-33.951853,25.488998,3705461
"5938151425","Motacilla aguimp Temminck, 1820","SPECIES",0.403022,30.383413,7405711
"5938151444","Hyperolius marmoratus verrucosus Hewitt, 1937","SUBSPECIES",-34.188285,24.831091,5217671
"5938151513","Dianthera secunda (Lam.) Griseb.","SPECIES",0.186303,6.613081,7760035
"5938151529","Dracunculus canariensis Kunth","SPECIES",28.091389,-15.594838,5330012
"5938151570","Solanum sisymbriifolium Lam.","SPECIES",-25.8824,28.725113,2932184
"5938151572","Vanessa cardui (Linnaeus, 1758)","SPECIES",-28.513024,28.653994,4299368
"5938151587","Argiope australis (Walckenaer, 1805)","SPECIES",-24.352828,31.952595,5170988
"5938151604","Parabuthus schlechteri Purcell, 1899","SPECIES",-31.83202,23.445847,6894339
"5938151812","Hamanumida daedalus Fabricius, 1775","SPECIES",-14.653888,22.65997,1899071
"5938152917","Spirula spirula (Linnaeus, 1758)","SPECIES",28.683672,-14.011417,5189558
"5938152923","Hippotragus niger niger (Harris, 1838)","SUBSPECIES",-20.840622,16.64402,2441031
"5938153572","Hesperantha coccinea (Backh. & Harv.) Goldblatt & J.C.Manning","SPECIES",-24.80548,30.882377,2746005
"5938153594","Ammocharis longifolia (L.) Herb.","SPECIES",-30.222965,17.350541,5325609
"5938153645","Motacilla capensis Linnaeus, 1766","SPECIES",-34.003394,23.461305,2490296
"5938153663","Pycnonotus barbatus (Desfontaines, 1789)","SPECIES",-25.343601,31.811917,2486147
"5938154168","Ictinogomphus ferox (Rambur, 1842)","SPECIES",-25.426942,31.450112,1425952
"5938154488","Lycus Fabricius, 1787","GENUS",-19.080853,27.324891,NA
"5938154519","Euphorbia heterophylla L.","SPECIES",-24.162048,30.254255,3064495
"5938154546","Grammatotheca bergiana (Cham.) C.Presl","SPECIES",-34.591403,19.490023,3168026
"5938154558","Maytenus undata (Thunb.) Blakelock","SPECIES",-25.852859,27.496474,3793673
"5938154565","Zizeeria knysna knysna (Trimen, 1862)","SUBSPECIES",-34.070137,18.816367,1933649
"5938154706","Aeonium smithii (Sims) Webb & Berthel.","SPECIES",28.171133,-16.619728,4197624
"5938154747","Asio capensis tingitanus (Loche, 1867)","SUBSPECIES",34.875622,-6.296094,2497288
"5938154750","Felis lybica Forster, 1780","SPECIES",-29.30033,17.758038,7964291
"5938154758","Milvus migrans parasitus Grant & Mackworth-Praed, 1933","SUBSPECIES",-33.539735,26.537062,5229167
"5938155032","Pantala flavescens (Fabricius, 1798)","SPECIES",-34.03957,22.132567,1427855
"5938155037","Canis familiaris Linnaeus, 1758","SPECIES",29.967833,31.269005,5219173
"5938155040","Spilopelia senegalensis (Linnaeus, 1766)","SPECIES",29.967133,31.267867,6101223
"5938155063","Limonium scabrum (Thunb.) Kuntze","SPECIES",-33.69557,26.666353,4089992
"5938155076","Crinum graminicola I.Verd.","SPECIES",-25.844547,27.396805,2853785
"5938155212","Connochaetes taurinus taurinus (Burchell, 1823)","SUBSPECIES",-25.014091,31.416927,2441105
"5938155217","Bromophila caffra (Macquart, 1846)","SPECIES",-19.911939,23.523122,1678763
"5938155282","Sideroxylon inerme L.","SPECIES",-34.416192,19.297458,2887200
"5938155306","Scadoxus puniceus (L.) Friis & Nordal","SPECIES",-25.897666,27.7992,2860719
"5938155331","Bicyclus safitza (Westwood, 1850)","SPECIES",-33.964838,23.899222,1893562
"5938155342","Hewittia malabarica (L.) Suresh","SPECIES",-28.780592,32.094835,5549147
"5938155349","Tockus rufirostris (Sundevall, 1850)","SPECIES",-25.148494,31.899398,6095271
"5938155435","Adansonia digitata L.","SPECIES",-17.045574,28.014208,5406695
"5938155438","Eucomis autumnalis (Mill.) Chitt.","SPECIES",-29.267728,29.47934,2775117
"5938155486","Falco peregrinus minor Bonaparte, 1850","SUBSPECIES",-33.851728,18.665829,2481047
"5938155488","Chalcomitra hunteri (Shelley, 1889)","SPECIES",-2.861867,38.068223,7340862
"5938155508","Toxopneustes pileolus (Lamarck, 1816)","SPECIES",-20.139632,57.754127,4341617
"5938155519","Cornu aspersum (O.F.Müller, 1774)","SPECIES",28.828953,-17.946759,5858758
"5938155564","Bullia rhodostoma Reeve, 1847","SPECIES",-34.344395,18.828472,4368223
"5938155607","Pandanus thomensis Henriq.","SPECIES",0.309788,6.716926,7773082
"5938155618","Ceratophaga vastellus (Zeller, 1852)","SPECIES",-24.45235,31.977672,1857508
"5938155632","Lampranthus pauciflorus (L.Bolus) N.E.Br.","SPECIES",-34.09029,23.36831,3705116
"5938155636","Cercopithecus mitis kolbi Neumann, 1902","SUBSPECIES",-1.379197,36.765205,5219578
"5938155643","Schotia brachypetala Sond.","SPECIES",-24.407695,30.814174,2959242
"5938155728","Eudorcas thomsonii nasalis (Lönnberg, 1908)","SUBSPECIES",-3.175553,35.502758,7261427
"5938155743","Trachylepis varia (Peters, 1867)","SPECIES",-29.781708,30.845614,5225340
"5938155852","Azanus moriqua (Wallengren, 1857)","SPECIES",-32.937627,27.997859,1926530
"5938155853","Canarina canariensis (L.) Vatke","SPECIES",28.146984,-16.696488,3161926
"5938156382","Aepyceros melampus melampus (Lichtenstein, 1812)","SUBSPECIES",-28.220002,31.948279,2441144
"5938156386","Diospyros whyteana (Hiern) F.White","SPECIES",-25.799688,28.263749,4070390
"5938156393","Opistophthalmus holmi (Lawrence, 1969)","SPECIES",-24.736593,15.328785,6894794
"5938156395","Anarhynchus Quoy & Gaimard, 1832","GENUS",-34.807792,20.058937,NA
"5938156493","Eulophia alta (L.) Fawc. & Rendle","SPECIES",-17.925142,25.852416,5311790
"5938156497","Chersina angulata (Schweigger, 1812)","SPECIES",-34.006053,18.406507,5220285
"5938156876","Searsia laevigata (L.) F.A.Barkley","SPECIES",-33.406062,18.258095,7321783
"5938156880","Treron calvus (Temminck, 1811)","SPECIES",-25.34897,31.780278,2495783
"5938156981","Huernia hystrix (Hook.fil.) N.E.Br.","SPECIES",-24.406728,30.81609,9474330
"5938157115","Giraffa giraffa giraffa (von Schreber, 1784)","SUBSPECIES",-25.916753,27.847166,8959277
"5938157135","Platycypha fitzsimonsi (Pinhey, 1950)","SPECIES",-29.458308,29.535412,1426780
"5938157144","Dichrostachys cinerea (L.) Wight & Arn.","SPECIES",-21.84551,15.183301,2975891
"5938157235","Justicia flava (Forssk.) Vahl","SPECIES",-25.408468,31.67619,7494800
"5938157245","Crassula dependens Bolus","SPECIES",-30.987249,28.180092,5688892
"5938157471","Ischnura senegalensis (Rambur, 1842)","SPECIES",-32.710218,25.640757,1423286
"5938157503","Fringilla spodiogenys Bonaparte, 1841","SPECIES",35.313501,-2.960869,12217905
"5938157637","Tudorella sulcata (Draparnaud, 1805)","SPECIES",36.768646,5.104852,4559734
"5938157639","Neoscona triangula (Keyserling, 1864)","SPECIES",-27.717323,29.930345,2158863
"5938159471","Nectarinia famosa famosa (Linnaeus, 1766)","SUBSPECIES",-34.418016,19.153423,5229971
"5938160198","Matthiola parviflora (Schousb.) W.T.Aiton","SPECIES",28.580975,-13.956967,3053061
"5938160214","Pimelia Fabricius, 1775","GENUS",31.23019,-3.977141,NA
"5938160299","Helichrysum herbaceum (Andrews) Sweet","SPECIES",-28.954593,29.20384,3131147
"5938160491","Flaveria bidentis (L.) Kuntze","SPECIES",-24.463119,30.609083,3086861
"5938161215","Colotis evenina (Wallengren, 1857)","SPECIES",-24.454025,31.979645,1920378
"5938161256","Petrosedum sediforme (Jacq.) Grulich","SPECIES",36.768646,5.104852,4201784
"5938161291","Precis ceryne ceryne (Boisduval, 1847)","SUBSPECIES",-25.156505,30.543197,1897904
"5938162510","Saxicola torquatus (Linnaeus, 1766)","SPECIES",-28.957009,29.203936,2492526
"5938162590","Hieraaetus pennatus (Gmelin, 1788)","SPECIES",-25.34897,31.780278,2480685
"5938162596","Emberiza sahari J.Levaillant, 1850","SPECIES",31.587086,-7.92941,6100800
"5938162645","Tragelaphus strepsiceros strepsiceros (Pallas, 1766)","SUBSPECIES",-25.228319,27.105326,5220183
"5938162689","Hibiscus pusillus Thunb.","SPECIES",-24.503394,30.83853,3934131
"5938162787","Struthiola angustiloba B.Peterson & Hilliard","SPECIES",-29.250383,29.44825,5524335
"5938162790","Pseudagrion kersteni (Gerstäcker, 1869)","SPECIES",-34.039671,22.132588,1422973
"5938162798","Lycianthes rantonnetii (Carrière ex Lesc.) Bitter","SPECIES",35.78533,-5.809189,3799026
"5938162892","Nesciothemis farinosa (Förster, 1898)","SPECIES",-32.93785,27.997886,1428910
"5938162992","Hibiscus calyphyllus Cav.","SPECIES",-24.407681,30.813985,3152574
"5938162996","Loeseneriella africana var. richardiana (Cambess. ex A.St.-Hil.) N.Hallé ex R.Wilczek","VARIETY",-24.404865,30.813817,7265604
"5938163055","Manihot esculenta Crantz","SPECIES",5.661097,-0.117008,3060998
"5938163187","Popa spurca Stal, 1856","SPECIES",-24.469828,30.818672,8821604
"5938163288","Papio cynocephalus (Linnaeus, 1766)","SPECIES",-2.931239,38.057923,7262027
"5938163910","Ploceus velatus velatus Vieillot, 1819","SUBSPECIES",-34.155389,18.879513,2494015
"5938164044","Palpopleura lucia (Drury, 1773)","SPECIES",-26.153045,32.001426,1428955
"5938164056","Petascelis remipes Signoret, 1847","SPECIES",-23.879028,28.341278,4389993
"5938164057","Disa aurata (Bolus) L.T.Parker & Koop.","SPECIES",-33.983745,20.44872,2783627
"5938164092","Dalechampia capensis A.Spreng.","SPECIES",-24.524123,30.890762,3055663
"5938164098","Datura innoxia Mill.","SPECIES",28.138336,-16.786755,2928755
"5938164507","Crocodylus niloticus Laurenti, 1768","SPECIES",-17.88364,25.815787,2441341
"5938164513","Paragallinula angulata (Sundevall, 1850)","SPECIES",-23.859749,31.12853,5228198
"5938164537","Passer melanurus damarensis Reichenow, 1902","SUBSPECIES",-22.680124,14.522307,5231195
"5938164539","Damaliscus pygargus pygargus (Pallas, 1767)","SUBSPECIES",-34.317694,18.460566,2441042
"5938164560","Ehretia rigida (Thunb.) Druce","SPECIES",-24.40551,30.820314,7295351
"5938164570","Damaliscus pygargus phillipsi Harper, 1939","SUBSPECIES",-25.921381,27.806128,2441042
"5938164778","Celtis africana Burm.fil.","SPECIES",-25.859592,27.497386,5834428
"5938164791","Pteridium aquilinum (L.) Kuhn","SPECIES",-34.323403,18.964413,5275012
"5938164794","Opistophthalmus adustus Kraepelin, 1908","SPECIES",-24.100482,15.915782,6894730
"5938164816","Tritoniopsis unguicularis (Lam.) G.J.Lewis","SPECIES",-34.312801,19.00161,5296462
"5938164821","Anas sparsa Eyton, 1838","SPECIES",-33.97421,18.783953,2498148
"5938164986","Emberiza sahari J.Levaillant, 1850","SPECIES",31.627599,-7.985499,6100800
"5938165026","Pycnonotus barbatus (Desfontaines, 1789)","SPECIES",30.843442,-9.817975,2486147
"5938165031","Calidris alba (Pallas, 1764)","SPECIES",-20.141736,57.750987,2481748
"5938165182","Papio ursinus (Kerr, 1792)","SPECIES",-20.267996,30.932036,7262029
"5938165210","Tachypompilus ignitus (Smith, 1855)","SPECIES",-34.31937,21.004831,8076798
"5938165220","Gea infuscata Tullgren, 1910","SPECIES",-30.998984,30.260423,5171111
"5938165242","Boophone disticha (L.f.) Herb.","SPECIES",-22.398588,26.663821,2854664
"5938165248","Heteracris calliptamoides calliptamoides Uvarov, 1921","SUBSPECIES",-32.707148,25.616095,1701463
"5938165252","Anas undulata C.F.Dubois, 1838","SPECIES",-34.05995,18.498438,2498156
"5938165267","Philenoptera violacea (Klotzsch) Schrire","SPECIES",-24.405017,30.813944,3976037
"5938165272","Opistophthalmus coetzeei Lamoral, 1979","SPECIES",-24.09627,15.91819,6894750
"5938165288","Haematopus moquini Bonaparte, 1856","SPECIES",-34.086319,22.969672,2480263
"5938165299","Himantopus himantopus (Linnaeus, 1758)","SPECIES",-1.136127,35.282672,5229126
"5938165498","Hyperolius marmoratus Rapp, 1842","SPECIES",-33.945976,22.46335,5217671
"5938165585","Milvus migrans parasitus Grant & Mackworth-Praed, 1933","SUBSPECIES",-34.151237,18.887245,5229167
"5938165662","Bostrychia hagedash (Latham, 1790)","SPECIES",-4.261897,39.593474,5229203
"5938165694","Vachellia karroo (Hayne) Banfi & Galasso","SPECIES",-33.428114,26.480406,3974754
"5938165696","Cyclospermum leptophyllum (Pers.) Sprague","SPECIES",-29.3345,27.299332,8350395
"5938166302","Gonimbrasia belina Westwood, 1849","SPECIES",-20.253753,25.293103,1866262
"5938166328","Bersama lucens (Hochst.) Szyszyl.","SPECIES",-28.964016,31.758257,3845281
"5938166347","Porpita porpita (Linnaeus, 1758)","SPECIES",-34.678017,20.232078,5185632
"5938166435","Solanum lycopersicum L.","SPECIES",28.301437,-16.374303,2930137
"5938166595","Actophilornis africanus (J.F.Gmelin, 1789)","SPECIES",-1.368486,34.989792,2481853
"5938166613","Vidua chalybeata (Statius Muller, 1776)","SPECIES",-24.996384,31.588688,2484613
"5938166646","Trichopagis manicata Simon, 1886","SPECIES",-30.998984,30.260423,2166254
"5938166651","Sturnus vulgaris Linnaeus, 1758","SPECIES",36.725186,2.991898,9809229
"5938166729","Giraffa tippelskirchi tippelskirchi","SUBSPECIES",-2.807325,38.088301,9163257
"5938166972","Utetheisa pulchella Linnaeus, 1758","SPECIES",36.725108,2.992323,1803163
"5938167068","Tragelaphus oryx (Pallas, 1766)","SPECIES",-34.35292,18.483487,5220167
"5938167089","Lanius collaris Linnaeus, 1766","SPECIES",-33.523017,23.726041,2492863
"5938167095","Ricinus communis L.","SPECIES",-4.029642,33.135905,5380041
"5938167111","Curruca subcoerulea (Vieillot, 1817)","SPECIES",-32.219769,25.483361,10702658
"5938168068","Cecropis abyssinica unitatis (W.L.Sclater & Mackworth-Praed, 1918)","SUBSPECIES",-25.813,27.611,6095032
"5938168084","Ximenia americana L.","SPECIES",-24.407055,30.814834,2889811
"5938168173","Plegadis falcinellus (Linnaeus, 1766)","SPECIES",35.269153,-2.937703,2480773
"5938168230","Roessleria bechuanensis (S.Moore) Stångb. & Anderb.","SPECIES",-24.364206,30.947049,11846193
"5938168624","Equus quagga Boddaert, 1785","SPECIES",-33.438898,25.788381,2440892
"5938168668","Sigelus silens (Shaw, 1809)","SPECIES",-34.127055,18.918087,2492444
"5938168864","Crioceris Geoffroy, 1762","GENUS",-34.025099,18.460546,NA
"5938168902","Phoenicurus ochruros (S.G.Gmelin, 1774)","SPECIES",35.313748,-2.956869,5739315
"5938168913","Ischnura senegalensis (Rambur, 1842)","SPECIES",-27.969741,32.377192,1423286
"5938169030","Orthetrum trinacria (Selys, 1841)","SPECIES",-34.070429,18.81688,1428708
"5938169067","Mairia coriacea Bolus","SPECIES",-34.399989,19.497427,3117229
"5938170062","Loxodonta africana (Blumenbach, 1797)","SPECIES",-24.614348,31.410418,2435350
"5938170073","Stephenia Henning, 1992","GENUS",-24.364405,31.959555,NA
"5938170081","Byblia ilithyia (Drury, 1773)","SPECIES",-25.37311,31.759823,1892555
"5938170090","Chamaeleo dilepis Leach, 1819","SPECIES",-25.074969,31.852437,2449077
"5938170094","Chloris chloris (Linnaeus, 1758)","SPECIES",35.313413,-2.961068,5845582
"5938170134","Ceratotherium simum simum (Burchell, 1817)","SUBSPECIES",-28.308092,31.827602,2440880
"5938170307","Pterodiscus cinnabarinus Peckover","SPECIES",-24.407929,30.926988,10047929
"5938170316","Sympetrum fonscolombii (Selys, 1840)","SPECIES",-25.875768,28.142966,5791800
"5938170320","Ximenia L.","GENUS",-28.220083,31.948274,NA
"5938170769","Tockus rufirostris (Sundevall, 1850)","SPECIES",-24.824936,31.554635,6095271
"5938170813","Searsia angustifolia (L.) F.A.Barkley","SPECIES",-33.956038,18.873695,5544425
"5938170814","Tetraena fontanesii (Webb & Berthel.) Beier & Thulin","SPECIES",28.646986,-14.020997,3987181
"5938171137","Ceratotherium simum simum (Burchell, 1817)","SUBSPECIES",-24.827009,31.546797,2440880
"5938171144","Hyperolius marmoratus Rapp, 1842","SPECIES",-29.284425,30.357203,5217671
"5938171461","Oncopeltus famelicus (Fabricius, 1781)","SPECIES",-25.42701,31.450004,11057640
"5938171471","Satyrium hallackii subsp. hallackii","SUBSPECIES",-34.029903,25.395644,5307339
"5938171512","Amietia delalandii (Duméril & Bibron, 1841)","SPECIES",-29.540167,30.308053,9311531
"5938172336","Acmaeodera virgo Boheman, 1860","SPECIES",-7.354697,37.135936,9498886
"5938172363","Leptotyphlops scutifrons (Peters, 1854)","SPECIES",-19.990964,23.443905,9555790
"5938172477","Melia azedarach L.","SPECIES",-33.938826,18.841646,5914287
"5938172526","Anthia thoracica (Thunberg, 1784)","SPECIES",-30.865736,24.634608,7400682
"5938172612","Chondrodactylus laevigatus (Fischer, 1888)","SPECIES",-20.578288,16.743258,11134094
"5938172693","Vanellus albiceps Gould, 1834","SPECIES",-17.884736,25.814188,5229144
"5938172724","Crithagra mozambica (P.L.Statius Müller, 1776)","SPECIES",-26.09175,32.950997,6100996
"5938172767","Lamprotornis chalybaeus Hemprich & Ehrenberg, 1828","SPECIES",-25.067312,31.552137,2489071
"5938172937","Bradypodion damaranum (Boulenger, 1887)","SPECIES",-34.065132,23.05608,2449252
"5938172952","Apalis flavida (Strickland, 1853)","SPECIES",-25.332455,31.798968,2492725
"5938172994","Anthia cinctipennis Lequien, 1833","SPECIES",-21.835167,15.17113,7481200
"5938173063","Myrtaceae","FAMILY",-34.572614,19.739853,NA
"5938173111","Turraea obtusifolia Hochst.","SPECIES",-24.406514,30.8155,3852858
"5938173419","Passer domesticus (Linnaeus, 1758)","SPECIES",-25.358646,31.892654,5231190
"5938173599","Burchellia bubalina (L.f.) Sims","SPECIES",-33.97773,23.492397,5341085
"5938173613","Cephonodes hylas Linnaeus, 1771","SPECIES",-25.844653,27.39688,1863034
"5938173744","Zanthoxylum capense (Thunb.) Harv.","SPECIES",-25.906213,28.445747,3832553
"5938173759","Vachellia karroo (Hayne) Banfi & Galasso","SPECIES",-33.56544,26.564451,3974754
"5938173777","Codium fragile (Suringar) Har.","SPECIES",-33.69275,26.671875,5272096
"5938173865","Columba livia var. domestica J.F.Gmelin, 1789","VARIETY",35.785102,-5.811733,2495414
"5938174419","Pteridium aquilinum subsp. capense (Thunb.) C.Chr.","SUBSPECIES",-25.861693,27.497102,5275012
"5938174447","Mimusops zeyheri Sond.","SPECIES",-25.853406,27.496682,2883759
"5938174463","Saxicola torquatus (Linnaeus, 1766)","SPECIES",-33.200907,18.129386,2492526
"5938174478","Nidorella hottentotica DC.","SPECIES",-25.42612,27.2243,3117468
"5938175055","Cyanistes teneriffae (Lesson, 1831)","SPECIES",35.313222,-2.960858,7341849
"5938175410","Recurvirostra avosetta Linnaeus, 1758","SPECIES",-34.084228,18.517971,2480259
"5938175447","Athrixia fontana Mac Owan","SPECIES",-29.253262,29.420074,3087106
"5938175461","Acinonyx jubatus jubatus (Schreber, 1775)","SUBSPECIES",-24.397314,31.608155,2435270
"5938175669","Holothuria atra Jaeger, 1833","SPECIES",-20.139632,57.754127,2279167
"5938176238","Harpactira dictator Purcell, 1902","SPECIES",-34.080422,20.451638,5170463
"5938176271","Coracias garrulus Linnaeus, 1758","SPECIES",-33.760314,18.458405,2475365
"5938176816","Ledebouria ensifolia (Eckl.) S.Venter & T.J.Edwards","SPECIES",-33.317266,26.517316,2773704
"5938177254","Aglais io (Linnaeus, 1758)","SPECIES",31.190503,29.918695,4535827
"5938177260","Opistophthalmus adustus Kraepelin, 1908","SPECIES",-24.111102,15.905807,6894730
"5938177328","Dombeya rotundifolia (Hochst.) Planch.","SPECIES",-24.459493,30.610293,5546739
"5938177341","Cecropis abyssinica (Guerin-Meneville, 1843)","SPECIES",-33.728282,26.5796,6095032
"5938177358","Eragrostis racemosa (Thunb.) Steud.","SPECIES",-25.807992,28.261693,4141920
"5938177365","Trithemis arteriosa (Burmeister, 1839)","SPECIES",-32.718719,25.646781,1428848
"5938177467","Cheilanthes hirta Sw.","SPECIES",-25.865646,27.498401,7335464
"5938177490","Dalapax postica (Spinola, 1839)","SPECIES",-29.494627,31.244791,2068405
"5938177491","Erica plukenetii L.","SPECIES",-33.98933,18.41267,7657369
"5938178640","Acacia melanoxylon R.Br.","SPECIES",-34.032985,18.394261,2979000
"5938178646","Promeces longipes (Olivier, 1795)","SPECIES",-34.010675,20.434481,5809495
"5938179148","Ipomoea pes-caprae (L.) R.Br.","SPECIES",-32.887478,28.098242,7999386
"5938179181","Amblyglyphidodon indicus Allen & Randall, 2002","SPECIES",27.259292,33.888019,2398510
"5938179209","Lantana rugosa Thunb.","SPECIES",-24.348029,31.075576,7658661
"5938179269","Datura innoxia Mill.","SPECIES",28.506051,-16.192301,2928755
"5938179286","Nicotiana glauca Graham","SPECIES",28.507924,-16.189647,2928783
"5938180041","Cyrtophora citricola (Forsskål, 1775)","SPECIES",28.479439,-16.43654,5171231
"5938180178","Loxodonta africana (Blumenbach, 1797)","SPECIES",-28.390643,31.890249,2435350
"5938180192","Sida linifolia Cav.","SPECIES",13.491968,-16.42232,5406748
"5938180204","Erica mammosa L.","SPECIES",-34.004373,18.407781,5684170
"5938180266","Asparagus asparagoides (L.) Druce","SPECIES",-25.859559,27.497415,2768367
"5938180294","Obetia tenax (N.E.Br.) Friis","SPECIES",-25.853286,27.49664,4099723
"5938180399","Cotyledon orbiculata L.","SPECIES",-33.411887,18.243342,5361969
"5938180401","Nymphalidae","FAMILY",-26.448477,31.998536,NA
"5938180405","Dovyalis zeyheri (Sond.) Warb.","SPECIES",-25.850013,27.496289,3880235
"5938180417","Cochlitoma zebra (Bruguière, 1792)","SPECIES",-34.613475,19.355253,9645655
"5938180421","Burhinus vermiculatus (Cabanis, 1868)","SPECIES",-34.059201,18.499943,2482095
"5938180426","Tricliceras schinzii (Urb.) R.Fern.","SPECIES",-25.337191,31.797792,7303712
"5938180435","Euphorbia balsamifera Aiton","SPECIES",28.092955,-16.720037,3069871
"5938180536","Bauhinia galpinii N.E.Br.","SPECIES",-24.595323,30.911215,2953703
"5938180639","Buphagus africanus Linnaeus, 1766","SPECIES",-1.110909,35.276798,2489053
"5938180643","Tragelaphus strepsiceros strepsiceros (Pallas, 1766)","SUBSPECIES",-24.897909,31.755747,5220183
"5938180715","Promerops cafer (Linnaeus, 1758)","SPECIES",-33.94698,22.445349,5229963
"5938180719","Melia azedarach L.","SPECIES",-27.909236,22.884314,5914287
"5938180757","Muraltia saxicola Chodat","SPECIES",-29.254729,29.425622,4049845
"5938180782","Dracaena aletriformis (Haw.) Bos","SPECIES",-32.859972,28.110859,5304640
"5938180793","Tragelaphus oryx (Pallas, 1766)","SPECIES",-25.155974,30.545866,5220167
"5938181476","Searsia dissecta (Thunb.) Moffett","SPECIES",-32.10691,19.067617,5544374
"5938181512","Halcyon albiventris albiventris (Scopoli, 1786)","SUBSPECIES",-30.282218,30.753675,5228322
"5938181523","Icthyophaga vocifer (Daudin, 1800)","SPECIES",-24.964762,31.694809,2480454
"5938181586","Chrysothrix candelaris (L.) J.R.Laundon","SPECIES",-25.801637,28.26474,5258337
"5938181688","Olios auricomis (Simon, 1880)","SPECIES",-24.469547,31.02402,2162050
"5938181746","Lantana camara L.","SPECIES",-24.596553,30.873226,2925303
"5938181851","Ploceus capensis (Linnaeus, 1766)","SPECIES",-34.059952,18.497462,2494035
"5938181858","Ouret leucura (Moq.) Kuntze","SPECIES",-24.405178,30.820387,10858334
"5938182334","Solanum campylacanthum Hochst. ex A.Rich.","SPECIES",-23.859749,31.12853,2929236
"5938182353","Typhlosaurus vermis Boulenger, 1887","SPECIES",-29.263503,16.908063,2461642
"5938182359","Saxicola torquatus (Linnaeus, 1766)","SPECIES",-33.912314,18.711227,2492526
"5938182399","Aloe arborescens Mill.","SPECIES",32.634045,-16.946293,2777537
"5938182420","Emberiza sahari J.Levaillant, 1850","SPECIES",31.627477,-7.98594,6100800
"5938182893","Popoudina linea (Walker, 1855)","SPECIES",-24.452572,31.977822,6112547
"5938182978","Vanellus armatus (Burchell, 1822)","SPECIES",-25.116355,31.911441,5229136
"5938183428","Malvastrum coromandelianum (L.) Garcke","SPECIES",-24.463107,30.60895,3152268
"5938183460","Senecio oxyriifolius DC.","SPECIES",-24.532537,30.640378,3106967
"5938183515","Tridax procumbens L.","SPECIES",-24.459499,30.610147,3149462
"5938183544","Senna septemtrionalis (Viv.) H.S.Irwin & Barneby","SPECIES",-25.806869,28.261013,2957529
"5938183609","Onychognathus morio morio (Linnaeus, 1766)","SUBSPECIES",-34.354428,18.492174,5230739
"5938183638","Similiparma lurida (Cuvier, 1830)","SPECIES",28.652581,-17.75908,8873604
"5938183650","Ruellia prostrata Poir.","SPECIES",-24.403942,30.814581,5415375
"5938183662","Leucospermum saxosum S.Moore","SPECIES",-24.740728,30.869398,3996997
"5938183798","Gladiolus pretoriensis Kuntze","SPECIES",-25.772274,28.291121,2750274
"5938183825","Vachellia karroo (Hayne) Banfi & Galasso","SPECIES",-33.516855,26.502519,3974754
"5938184153","Terpsiphone viridis granti (Roberts, 1948)","SUBSPECIES",-29.776781,30.835884,2486688
"5938184574","Astur Lacepède, 1799","GENUS",-29.079383,26.23382,NA
"5938184637","Acanthodactylus dumerilii (Milne-Edwards, 1829)","SPECIES",31.281726,-3.976911,5226752
"5938184743","Duberria lutrix (Linnaeus, 1758)","SPECIES",-34.011576,18.460059,2452676
"5938184846","Limonium scabrum (Thunb.) Kuntze","SPECIES",-33.693831,26.668673,4089992
"5938184877","Lampranthus lavisii (L.Bolus) L.Bolus","SPECIES",-33.95141,25.48762,3705461
"5938184975","Nasturtium officinale R.Br.","SPECIES",31.585318,-5.590202,7701037
"5938185031","Spilopelia senegalensis (Linnaeus, 1766)","SPECIES",30.050702,31.231695,6101223
"5938185231","Anhinga rufa rufa","SUBSPECIES",-34.06097,18.4961,2482080
"5938185249","Coracias garrulus Linnaeus, 1758","SPECIES",-32.182671,25.4784,2475365
"5938185259","Pycnonotus nigricans (Vieillot, 1818)","SPECIES",-20.578271,16.743286,2486146
"5938185269","Estrilda astrild (Linnaeus, 1758)","SPECIES",-34.059744,18.498238,2493660
"5938185646","Acanthocercus atricollis (Smith, 1849)","SPECIES",-27.452972,31.573495,5225997
"5938185722","Leucadendron modestum I.Williams","SPECIES",-34.585019,19.776639,5637884
"5938185751","Vachellia karroo (Hayne) Banfi & Galasso","SPECIES",-33.893201,19.882885,3974754
"5938185755","Loxodonta africana (Blumenbach, 1797)","SPECIES",-24.852238,31.420059,2435350
"5938185801","Oreotragus oreotragus (Zimmermann, 1783)","SPECIES",-23.829654,31.642284,2441044
"5938185804","Lophoceros nasutus (Linnaeus, 1766)","SPECIES",-26.0274,28.075071,8101752
"5938185939","Anastomus lamelligerus lamelligerus Temminck, 1823","SUBSPECIES",-17.890266,25.816946,5229411
"5938185969","Pelecanus onocrotalus Linnaeus, 1758","SPECIES",-34.062074,18.493867,2480350
"5938185977","Jasminum fluminense Vell.","SPECIES",-24.405533,30.820265,3172270
"5938185997","Disa extinctoria Rchb.f.","SPECIES",-24.639324,30.960073,2783928
"5938186106","Eristalis tenax (Linnaeus, 1758)","SPECIES",-34.025268,18.460383,1541217
"5938186134","Oxalis corniculata L.","SPECIES",-25.807882,28.260931,8427624
"5938186211","Papilio demodocus Esper, 1798","SPECIES",-2.086639,34.493194,1938125
"5938186425","Clutia pulchella L.","SPECIES",-25.859479,27.49753,7687849
"5938186463","Papilio demodocus Esper, 1798","SPECIES",-30.985829,30.274051,1938125
"5938186831","Lybius torquatus (Dumont, 1805)","SPECIES",-33.622495,24.269275,2479007
"5938186887","Motacilla capensis capensis Linnaeus, 1766","SUBSPECIES",-34.059849,18.498541,2490296
"5938186899","Polygala sphenoptera Fresen.","SPECIES",-24.406416,30.818456,4051511
"5938187388","Opistophthalmus praedo Thorell, 1876","SPECIES",-28.846997,29.998036,7417064
"5938187579","Hippopotamus amphibius Linnaeus, 1758","SPECIES",-25.228319,27.105326,2441247
"5938187589","Haliotis midae Linnaeus, 1758","SPECIES",-34.237481,24.845601,4357751
"5938187625","Paraxerus flavovittis (Peters, 1852)","SPECIES",-7.700289,38.19903,2437346
"5938187659","Lamprotornis superbus Rüppell, 1845","SPECIES",-1.093603,35.269486,2489075
"5938187669","Sylvicapra grimmia caffra Fitzinger, 1869","SUBSPECIES",-25.348209,31.810168,2441187
"5938187754","Orthetrum julia falsum Longfield, 1955","SUBSPECIES",-29.111031,31.600128,1428738
"5938187757","Lanius excubitor koenigi Hartert & Ejo, 1901","SUBSPECIES",28.149559,-16.444018,9444556
"5938188037","Bunaea alcinoe Stoll, 1780","SPECIES",-3.209822,35.479112,1868060
"5938188047","Hippotragus niger niger (Harris, 1838)","SUBSPECIES",-25.921512,27.984977,2441031
"5938188078","Osteospermum moniliferum L.","SPECIES",-34.416022,19.29742,4252828
"5938188190","Phylica cephalantha Sond.","SPECIES",-33.921995,18.705721,3876223
"5938188199","Ocimum gratissimum L.","SPECIES",-25.135925,29.483426,2927094
"5938188214","Hycleus Latreille, 1817","GENUS",-24.394828,31.776081,NA
"5938189308","Opistophthalmus adustus Kraepelin, 1908","SPECIES",-24.101128,15.909855,6894730
"5938189537","Sideroxylon inerme L.","SPECIES",-34.010719,25.491703,2887200
"5938189598","Ocimum labiatum (N.E.Br.) A.J.Paton","SPECIES",-24.218885,29.598727,3897145
"5938189612","Anastrabe integerrima E.Mey. ex Benth.","SPECIES",-29.287155,30.327613,3742341
"5938189714","Buteo buteo (Linnaeus, 1758)","SPECIES",-34.235926,19.256671,2480537
"5938189721","Hyphaene thebaica (L.) Mart.","SPECIES",11.99073,18.237698,7931200
"5938189759","Milvus migrans parasitus Grant & Mackworth-Praed, 1933","SUBSPECIES",-34.060119,18.495416,5229167
"5938189779","Corvus cornix Linnaeus, 1758","SPECIES",29.977305,31.129114,2482515
"5938189855","Chenopodiastrum murale (L.) S.Fuentes, Uotila & Borsch","SPECIES",28.395286,-16.597445,8149099
"5938189986","Batis capensis capensis (Linnaeus, 1766)","SUBSPECIES",-34.001942,18.436669,5231178
"5938189991","Mausoleopsis amabilis (Schaum, 1844)","SPECIES",-25.400969,28.307056,1083024
"5938190008","Sclerophrys gutturalis (Power, 1927)","SPECIES",-29.715118,31.091802,9456514
"5938190039","Cynanchum viminale (L.) L.","SPECIES",-34.002891,23.404398,7504382
"5938190406","Campethera abingoni (A.Smith, 1836)","SPECIES",-23.592666,29.783636,2478174
"5938190419","Haemanthus sanguineus Jacq.","SPECIES",-33.947254,22.464256,2855110
"5938190437","Setaria megaphylla (Steud.) T.Durand & Schinz","SPECIES",-25.800745,28.263521,5289665
"5938190464","Buteo buteo vulpinus (Gloger, 1833)","SUBSPECIES",-25.099064,31.475777,2480537
"5938190551","Searsia pyroides (Burch.) Moffett","SPECIES",-25.859644,27.497411,7321717
"5938190553","Corvus cornix Linnaeus, 1758","SPECIES",25.21672,34.799767,2482515
"5938191826","Acacia saligna (Labill.) H.L.Wendl.","SPECIES",-34.367263,19.142011,2978552
"5938191832","Potamonautes barnardi Phiri & Daniels, 2014","SPECIES",-34.370322,21.411978,9053846
"5938191849","Solanum rubetorum Dunal","SPECIES",-25.853502,27.496711,2930550
"5938191862","Oenanthe familiaris hellmayri (Reichenow, 1902)","SUBSPECIES",-24.573358,30.79777,6100849
"5938191914","Eulophia angolensis (Rchb.f.) Summerh.","SPECIES",-25.394142,28.438228,5312088
"5938192266","Curruca deserticola (Tristram, 1859)","SPECIES",31.139738,-4.020218,2492951
"5938192276","Lygodactylus capensis (Smith, 1849)","SPECIES",-33.977943,18.465195,2446718
"5938192374","Pterocles bicinctus Temminck, 1815","SPECIES",-24.781658,31.533457,2480195
"5938192893","Solanum betaceum Cav.","SPECIES",32.852546,-17.171589,2930216
"5938192894","Erica L.","GENUS",-34.313214,19.005721,NA
"5938192958","Motacilla cinerea Tunstall, 1771","SPECIES",31.508509,-2.772895,2490310
"5938193062","Promerops cafer (Linnaeus, 1758)","SPECIES",-34.674023,20.231731,5229963
"5938193064","Pseudagrion massaicum Sjöstedt, 1909","SPECIES",-28.786946,32.102994,1422897
"5938193083","Combretum molle R.Br. ex G.Don","SPECIES",-25.157663,30.546384,7961582
"5938193392","Allocnemis leucosticta Selys, 1863","SPECIES",-29.480437,30.212678,1423913
"5938193425","Trachylepis depressa (Peters, 1854)","SPECIES",-27.547937,32.6748,5225435
"5938193448","Numida meleagris coronatus Gurney Sr, 1868","SUBSPECIES",-34.155389,18.879513,2473341
"5938193534","Orthetrum trinacria (Selys, 1841)","SPECIES",-34.066353,18.810321,1428708
"5938193593","Chamaeleo dilepis Leach, 1819","SPECIES",-24.841454,31.548649,2449077
"5938193606","Mimusops zeyheri Sond.","SPECIES",-25.846731,27.497398,2883759
"5938193619","Ploceus capensis (Linnaeus, 1766)","SPECIES",-33.972508,18.784492,2494035
"5938194036","Chondrodactylus turneri (Gray, 1864)","SPECIES",-24.32846,31.071594,8317304
"5938194059","Coeliades forestan (Stoll, 1782)","SPECIES",-24.452312,31.977592,1947113
"5938194061","Phymateus viridipes Stål, 1873","SPECIES",-23.860067,28.28195,1728329
"5938194080","Laelia bifascia Hampson, 1905","SPECIES",-28.999804,29.470339,5118059
"5938194593","Plocepasser mahali A.Smith, 1836","SPECIES",-20.578117,16.743467,2492362
"5938194696","Syncerus caffer caffer (Sparrman, 1779)","SUBSPECIES",-24.989195,31.601506,2441034
"5938194779","Tridacna maxima (Röding, 1798)","SPECIES",-20.130581,57.757154,4372625
"5938194859","Cirina forda Westwood, 1849","SPECIES",-20.20977,28.621583,1867406
"5938194935","Cheilanthes viridis (Forssk.) Sw.","SPECIES",-25.851723,27.496303,7173446
"5938195005","Ricinus communis L.","SPECIES",-28.518105,32.14411,5380041
"5938195339","Acacia mangium Willd.","SPECIES",-25.034983,46.955446,2979091
"5938195421","Sclerophrys capensis Tschudi, 1838","SPECIES",-34.425078,19.227859,9114626
"5938195530","Allocnemis leucosticta Selys, 1863","SPECIES",-28.780949,32.09443,1423913
"5938195539","Osyris lanceolata Steud. & Hochst. ex A.DC.","SPECIES",-25.89508,27.801089,7473922
"5938195628","Toxopneustes pileolus (Lamarck, 1816)","SPECIES",-20.141745,57.752125,4341617
"5938195693","Chalcostephia flavifrons Kirby, 1889","SPECIES",-28.780083,32.09052,1429454
"5938195701","Vanellus armatus (Burchell, 1822)","SPECIES",-3.210464,35.600808,5229136
"5938195730","Senecio erubescens Aiton","SPECIES",-29.816276,30.811297,7617006
"5938195804","Giraffa giraffa giraffa (von Schreber, 1784)","SUBSPECIES",-24.242628,30.830341,8959277
"5938195867","Orthetrum julia Kirby, 1900","SPECIES",-34.069658,18.81618,1428738
"5938195869","Anthocleista grandiflora Gilg","SPECIES",-24.595785,30.87572,4019317
"5938195919","Misumenops rubrodecoratus Millot, 1942","SPECIES",-26.058582,27.975388,2167008
"5938195931","Rhabdotis aulica (Fabricius, 1781)","SPECIES",-2.850894,38.097748,1082351
"5938195938","Equus quagga burchellii (Gray, 1824)","SUBSPECIES",-19.22703,15.892997,2440892
"5938195951","Pseudobalistes fuscus (Bloch & Schneider, 1801)","SPECIES",-20.139632,57.754127,2407175
"5938196011","Vanellus senegallus lateralis A.Smith, 1839","SUBSPECIES",-25.101862,31.54615,5229150
"5938196144","Hypochaeris radicata L.","SPECIES",-25.908537,28.17253,3093702
"5938196171","Astropyga radiata (Leske, 1778)","SPECIES",-20.141694,57.752323,4341363
"5938196190","Zosterops virens Sundevall, 1850","SPECIES",-33.9777,23.49247,7857709
"5938196202","Hypolimnas misippus Linnaeus, 1764","SPECIES",-25.344454,31.81136,1910628
"5938196204","Uranothauma nubifer (Trimen, 1895)","SPECIES",-25.990054,28.068351,5138921
"5938196269","Nervia Grishin, 2019","GENUS",-25.594697,30.740672,NA
"5938196279","Tragia dioica Sond.","SPECIES",-24.342061,31.07325,3061681
"5938196293","Euodice malabarica (Linnaeus, 1758)","SPECIES",29.967828,31.267242,5789082
"5938196621","Tagetes minuta L.","SPECIES",-24.463188,30.608958,3088481
"5938196673","Pomacentrus sulfureus Klunzinger, 1871","SPECIES",27.254991,33.88766,2398340
"5938196936","Bubo africanus (Temminck, 1821)","SPECIES",-28.733768,29.377743,5959111
"5938197161","Brachythemis leucosticta (Burmeister, 1839)","SPECIES",-32.938064,27.998065,1428570
"5938198305","Apus barbatus (P.L.Sclater, 1866)","SPECIES",-34.080029,18.507664,5228648
"5938198330","Searsia angustifolia (L.) F.A.Barkley","SPECIES",-34.05168,18.428945,5544425
"5938198349","Rhoicissus tomentosa (Lam.) Wild & R.B.Drumm.","SPECIES",-24.159851,30.223819,4937222
"5938198372","Patellifolia procumbens (Chr.P.Sm. ex Hornem.) A.J.Scott, Ford-Lloyd & J.T.Williams","SPECIES",28.298318,-16.371238,3757792
"5938198864","Saxicola rubicola (Linnaeus, 1766)","SPECIES",35.31354,-2.960698,4408759
"5938199032","Centella asiatica (L.) Urb.","SPECIES",-21.098856,55.546981,3034128
"5938199036","Plumbago zeylanica L.","SPECIES",-24.43983,30.6221,3082282
"5938199079","Buteo buteo (Linnaeus, 1758)","SPECIES",-34.083004,18.506237,2480537
"5938199091","Lophaetus occipitalis (Daudin, 1800)","SPECIES",-29.78316,30.845629,2480475
"5938199100","Chrysops longicornis Macquart, 1838","SPECIES",-28.942182,31.762478,1497462
"5938199124","Solanum campylacanthum Hochst. ex A.Rich.","SPECIES",-24.146652,30.19983,2929236
"5938199132","Cyperus albostriatus Schrad.","SPECIES",-24.162289,30.254441,2715443
"5938199201","Vidua macroura (Pallas, 1764)","SPECIES",-29.667837,29.590307,2484628
"5938199230","Connochaetes taurinus taurinus (Burchell, 1823)","SUBSPECIES",-25.90904,27.819388,2441105
"5938199662","Cercotrichas leucophrys (Vieillot, 1817)","SPECIES",-28.219974,31.948344,5788858
"5938199695","Petrosaltator rozeti (Duvernoy, 1833)","SPECIES",32.803615,-4.949872,2440839
"5938199723","Schistocerca gregaria (Forskål, 1775)","SPECIES",28.13662,-16.786142,1707320
"5938199858","Aepyceros melampus melampus (Lichtenstein, 1812)","SUBSPECIES",-24.853763,31.561838,2441144
"5938199877","Tramea basilaris (Palisot de Beauvois, 1817)","SPECIES",-18.814213,17.129022,1428512
"5938199901","Coracias caudatus Linnaeus, 1766","SPECIES",-18.814669,17.224844,2475360
"5938199931","Trithemis arteriosa (Burmeister, 1839)","SPECIES",-34.42901,19.46574,1428848
"5938200073","Strychnos madagascariensis Poir.","SPECIES",-24.404909,30.81836,5645507
"5938200169","Maytenus procumbens (L.fil.) Loes.","SPECIES",-34.009574,25.681988,3794114
"5938200586","Lygodactylus capensis (Smith, 1849)","SPECIES",-29.77676,30.835894,2446718
"5938200600","Dictyophorus spumans (Thunberg, 1787)","SPECIES",-26.103259,27.817659,1727415
"5938200713","Cocos nucifera L.","SPECIES",-6.917022,39.484345,2735117
"5938200725","Ceroctis capensis (Linne, 1767)","SPECIES",-33.923328,18.705609,6954615
"5938200728","Ardea melanocephala Children & Vigors, 1826","SPECIES",-28.22005,31.948226,2480923
"5938200798","Asplenium sagittatum (DC.) Bange","SPECIES",36.761551,5.10212,7774915
"5938201156","Lissachatina immaculata (Lamarck, 1822)","SPECIES",-25.426737,31.450242,10731462
"5938201186","Pycnonotus barbatus (Desfontaines, 1789)","SPECIES",31.592264,-7.942666,2486147
"5938201188","Opuntia ficus-indica (L.) Mill.","SPECIES",31.165808,-8.045571,5384064
"5938201201","Elasmopoda valga (Linnaeus, 1758)","SPECIES",-33.966062,18.479889,4389254
"5938201313","Chamaecrista mimosoides (L.) Greene","SPECIES",-24.352887,31.952705,2949769
"5938201318","Vanessa cardui (Linnaeus, 1758)","SPECIES",-29.046525,30.298689,4299368
"5938201355","Coracias naevius Daudin, 1800","SPECIES",-20.388249,17.3835,2475375
"5938201364","Ziziphus zeyheriana Sond.","SPECIES",-25.904718,27.782817,3877649
"5938201373","Upupa epops Linnaeus, 1758","SPECIES",-24.0741,27.045992,2498415
"5938201383","Danaus chrysippus (Linnaeus, 1758)","SPECIES",-25.356018,31.809953,7642610
"5938201510","Ardeotis kori kori (Burchell, 1822)","SUBSPECIES",-24.796932,31.881609,2474909
"5938201662","Chalcostephia flavifrons Kirby, 1889","SPECIES",-29.110568,31.600421,1429454
"5938201666","Thesium cupressoides A.W.Hill","SPECIES",-29.26328,29.455875,8297474
"5938201667","Cisticola aberrans (A.Smith, 1843)","SPECIES",-29.818449,30.80896,2492833
"5938201678","Monticola rupestris (Vieillot, 1818)","SPECIES",-34.32893,18.921654,5231002
"5938201680","Bitis arietans Merrem, 1820","SPECIES",-34.023071,18.375706,8901465
"5938201781","Kyphocarpa angustifolia (Moq.) Lopr.","SPECIES",-24.532094,31.347763,7870867
"5938201810","Nesciothemis farinosa (Förster, 1898)","SPECIES",-28.780083,32.09052,1428910
"5938201856","Rivina humilis L.","SPECIES",-25.355932,31.809926,3084027
"5938201938","Sigelus silens (Shaw, 1809)","SPECIES",-34.418027,19.153366,2492444
"5938201943","Coracias caudatus Linnaeus, 1766","SPECIES",-2.784936,38.064123,2475360
"5938202006","Sesamum alatum Thonn.","SPECIES",-24.407135,30.813221,3172623
"5938202056","Parabuthus capensis (Ehrenberg, 1831)","SPECIES",-29.26345,16.909822,6894329
"5938202071","Kiggelaria africana L.","SPECIES",-33.937922,18.841888,3880382
"5938202079","Upupa epops Linnaeus, 1758","SPECIES",-2.957297,38.059296,2498415
"5938202091","Tarucus thespis (Linnaeus, 1764)","SPECIES",-33.981496,23.569656,1930923
"5938202170","Leucospermum truncatum (H.Buek ex Meisn.) Rourke","SPECIES",-34.386428,20.506813,3996907
"5938202189","Hydroprogne caspia (Pallas, 1770)","SPECIES",27.046233,33.906178,2481236
"5938202219","Phrynomantis annectens Werner, 1910","SPECIES",-22.180098,15.737028,2421594
"5938203384","Thomisus stenningi Pocock, 1900","SPECIES",-25.267295,29.981557,2166129
"5938203414","Solandra maxima (Moc. & Sessé) P.S.Green","SPECIES",30.388653,-9.483597,5581538
"5938203417","Lobelia tomentosa L.f.","SPECIES",-33.951481,25.487589,3159178
"5938203535","Acacia cyclops A.Cunn. ex G.Don","SPECIES",-34.367638,19.141844,2980425
"5938203578","Tithoes confinis (Castelnau, 1840)","SPECIES",-24.452417,31.977617,1134574
"5938203696","Pseudanaphaeis Bernardi, 1953","GENUS",-28.220012,31.94829,NA
"5938203703","Plectropterus gambensis niger P.L.Sclater, 1877","SUBSPECIES",-34.066471,18.517485,5232465
"5938203719","Dendropicos fuscescens (Vieillot, 1818)","SPECIES",-22.678283,29.01726,2478399
"5938203742","Phoenicopterus roseus Pallas, 1811","SPECIES",-22.976913,14.481704,4352332
"5938203800","Allagopappus canariensis (Willd.) Greuter","SPECIES",28.301811,-16.374107,3098637
"5938204367","Centropus burchelli Swainson, 1838","SPECIES",-24.756288,31.810708,5231960
"5938204456","Urocolius indicus (Latham, 1790)","SPECIES",-25.34897,31.780278,2482315
"5938204620","Caprimulgus pectoralis Cuvier, 1816","SPECIES",-24.680372,27.164727,2496865
"5938204628","Myrmecocichla formicivora (Wilkes, 1817)","SPECIES",-32.179902,25.478477,2492697
"5938204643","Cisticola tinniens (Lichtenstein, 1842)","SPECIES",-34.060385,18.496335,2492807
"5938204710","Coccinella septempunctata algerica (Kovar, 1977) Romanowski, Ceryngier, Vĕtrovec & Szawaryn, 2019","SUBSPECIES",36.747912,2.972203,9095544
"5938204813","Pantala flavescens (Fabricius, 1798)","SPECIES",-29.924405,24.528738,1427855
"5938204832","Apis mellifera Linnaeus, 1758","SPECIES",29.967522,31.268587,1341976
"5938206340","Bromophila caffra (Macquart, 1846)","SPECIES",-28.22004,31.948322,1678763
"5938206575","Leucospermum pedunculatum Klotzsch ex Krauss","SPECIES",-34.590147,19.475884,3997127
"5938206709","Tragelaphus sylvaticus (Sparrman, 1780)","SPECIES",-3.49673,35.783474,5220182
"5938206714","Cercotrichas leucophrys (Vieillot, 1817)","SPECIES",-24.680372,27.164727,5788858
"5938206721","Leucosidea sericea Eckl. & Zeyh.","SPECIES",-32.286242,25.412492,3030262
"5938206737","Nomeus gronovii (Gmelin, 1789)","SPECIES",-34.377005,21.419012,2381886
"5938207980","Centropus burchelli Swainson, 1838","SPECIES",-30.282004,30.753726,5231960
"5938208117","Combretum tetrandrum Exell","SPECIES",-16.363942,28.724688,3699490
"5938208168","Pseudagrion massaicum Sjöstedt, 1909","SPECIES",-29.428219,31.251533,1422897
"5938208195","Cichorium intybus L.","SPECIES",-34.130381,19.849339,5392252
"5938208237","Egretta garzetta garzetta (Linnaeus, 1766)","SUBSPECIES",-25.440824,31.514354,2480876
"5938208364","Cocos nucifera L.","SPECIES",-6.915905,39.483069,2735117
"5938208374","Aptera fusca (Thunberg, 1784)","SPECIES",-34.049551,22.998607,1994735
"5938208392","Stephenia Henning, 1992","GENUS",-24.364483,31.95955,NA
"5938208398","Damaliscus pygargus phillipsi Harper, 1939","SUBSPECIES",-23.595013,29.814816,2441042
"5938208455","Myrsine africana L.","SPECIES",-25.800693,28.263549,7331120
"5938208472","Arbutus unedo L.","SPECIES",36.77209,5.100272,2882803
"5938208587","Batis capensis (Linnaeus, 1766)","SPECIES",-33.975433,18.782455,5231178
"5938208732","Giraffa giraffa giraffa (von Schreber, 1784)","SUBSPECIES",-25.916762,27.847168,8959277
"5938208733","Citharus linguatula (Linnaeus, 1758)","SPECIES",36.741636,5.044947,5213909
"5938208747","Pseudanaphaeis Bernardi, 1953","GENUS",-33.982016,22.607134,NA
"5938208758","Coracias naevius Daudin, 1800","SPECIES",-20.398524,17.379291,2475375
"5938208838","Zerenopsis lepida (Walker, 1854)","SPECIES",-29.816898,30.811093,1967209
"5938208885","Pternistis bicalcaratus (Linnaeus, 1766)","SPECIES",13.411236,-16.528833,2473897
"5938208902","Calendula arvensis L.","SPECIES",28.431162,-14.011967,9182765
"5938208965","Echium wildpretii H.Pearson ex Hook.fil.","SPECIES",28.17115,-16.611372,7295503
"5938209001","Delonix elata (L.) Gamble","SPECIES",-2.866667,38.073716,2956174
"5938210412","Azanus moriqua (Wallengren, 1857)","SPECIES",-32.937625,27.997868,1926530
"5938210545","Ocimum americanum L.","SPECIES",-22.413993,31.271064,2927097
"5938210577","Pseudagrion massaicum Sjöstedt, 1909","SPECIES",-34.039609,22.132325,1422897
"5938210578","Chlorocebus pygerythrus pygerythrus (F.Cuvier, 1821)","SUBSPECIES",-33.9777,23.492463,7262034
"5938210639","Pseudoboletia maculata Troschel, 1869","SPECIES",-20.139632,57.754127,2278893
"5938210681","Adenium obesum (Forssk.) Roem. & Schult.","SPECIES",11.989862,18.23709,7155887
"5938210699","Haemanthus humilis subsp. humilis","SUBSPECIES",-25.812469,27.596913,2855132
"5938210726","Saltera sarcocolla (L.) Bullock","SPECIES",-34.407467,19.301982,3570733
"5938210730","Xerophyta adendorffii Behnke","SPECIES",-25.902106,27.77914,8827629
"5938210732","Ardeotis kori (Burchell, 1822)","SPECIES",-3.163705,35.400164,2474909
"5938210737","Podica senegalensis (Vieillot, 1817)","SPECIES",-0.654807,30.948462,2474345
"5938210742","Bombax costatum Pellegr. & Vuillet","SPECIES",12.901412,-13.660093,4073451
"5938210820","Tetrathemis polleni (Selys, 1869)","SPECIES",-29.11058,31.600423,1427755
"5938210956","Damaliscus lunatus jimela (Matschie, 1892)","SUBSPECIES",-0.582865,29.702785,7261430
"5938210977","Necrosyrtes monachus (Temminck, 1823)","SPECIES",-24.218465,30.977448,2480715
"5938211599","Astydamia latifolia (L.fil.) Kuntze","SPECIES",28.506448,-16.192151,7375132
"5938211617","Tauraco corythaix (Wagler, 1827)","SPECIES",-34.003757,23.257416,2475250
"5938211659","Stylochaeton natalense Schott","SPECIES",-28.22004,31.948301,7735379
"5938211697","Tachybaptus ruficollis capensis (Salvadori, 1884)","SUBSPECIES",-33.946433,22.46382,2482048
"5938211737","Antestiopsis thunbergii","SPECIES",-33.986002,18.472117,10197058
"5938211853","Alopochen aegyptiaca (Linnaeus, 1766)","SPECIES",-25.228319,27.105326,2498252
"5938212058","Rhabdomys pumilio (Sparrman, 1784)","SPECIES",-34.354446,18.490354,2438736
"5938212392","Leucospermum cordifolium (Knight) Fourc.","SPECIES",-33.990642,18.414375,3997490
"5938212395","Damaliscus pygargus pygargus (Pallas, 1767)","SUBSPECIES",-33.209709,18.125072,2441042
"5938212400","Euphorbia canariensis L.","SPECIES",28.092512,-16.720217,3066139
"5938212482","Prinia molleri Bocage, 1887","SPECIES",0.290236,6.62674,2492759
"5938212694","Diaea albicincta Pavesi, 1883","SPECIES",-33.941082,18.424101,2165442
"5938212706","Sphaerocoris Burmeister, 1835","GENUS",-33.897282,25.176132,NA
"5938212742","Haematopus moquini Bonaparte, 1856","SPECIES",-34.125482,18.450911,2480263
"5938212752","Belenois aurota (Fabricius, 1793)","SPECIES",-24.380112,31.776772,1919181
"5938212910","Loxodonta africana (Blumenbach, 1797)","SPECIES",-24.585607,31.239309,2435350
"5938212928","Stephenia Henning, 1992","GENUS",-23.859749,31.12853,NA
"5938212931","Lycus Fabricius, 1787","GENUS",-25.675596,30.952508,NA
"5938212941","Tragelaphus strepsiceros strepsiceros (Pallas, 1766)","SUBSPECIES",-32.259741,25.445363,5220183
"5938212954","Callorhinchus capensis Duméril, 1865","SPECIES",-34.072461,23.005322,2417425
"5938213450","Gallinago nigripennis Bonaparte, 1839","SPECIES",-34.060102,18.498402,2481809
"5938213503","Egretta garzetta (Linnaeus, 1766)","SPECIES",-24.967442,31.625632,2480876
"5938213509","Actophilornis africanus (J.F.Gmelin, 1789)","SPECIES",-1.124799,35.319661,2481853
"5938213520","Vanessa cardui (Linnaeus, 1758)","SPECIES",28.758288,-18.004743,4299368
"5938213524","Patella ordinaria Mabille, 1888","SPECIES",28.099725,-16.755817,7706740
"5938214649","Glaucium flavum Crantz","SPECIES",37.114221,7.24585,5334190
"5938214699","Galinsoga parviflora Cav.","SPECIES",28.506599,-16.190901,3132570
"5938214744","Lanius collaris collaris Linnaeus, 1766","SUBSPECIES",-33.958655,22.36855,2492863
"5938214769","Xanthium strumarium L.","SPECIES",-28.219993,31.948242,3089154
"5938214771","Vulpes vulpes barbara (Shaw, 1800)","SUBSPECIES",31.080188,-4.041868,5219243
"5938214773","Circus macrourus (S.G.Gmelin, 1770)","SPECIES",-23.931887,31.50409,2480491
"5938214824","Hirundo rustica Linnaeus, 1758","SPECIES",36.804344,2.894328,9515886
"5938214949","Euclea crispa (Thunb.) Gürke","SPECIES",-25.859464,27.497547,6056988
"5938214980","Trichilia emetica (Forssk.) Vahl","SPECIES",-19.911939,23.523122,3190493
"5938215027","Tragelaphus strepsiceros strepsiceros (Pallas, 1766)","SUBSPECIES",-28.87534,30.018877,5220183
"5938215106","Hedydipna collaris collaris (Vieillot, 1819)","SUBSPECIES",-33.658301,24.366268,7340984
"5938215124","Porphyrio madagascariensis (Latham, 1801)","SPECIES",-34.06097,18.4961,2474416
"5938215131","Amata longipes (Herrich-Schäffer, 1855)","SPECIES",-30.998984,30.260423,1807634
"5938215712","Crocodylus niloticus Laurenti, 1768","SPECIES",-24.756288,31.810708,2441341
"5938215776","Hybobata","GENUS",-28.780656,32.09454,NA
"5938215826","Amietia fuscigula (Duméril & Bibron, 1841)","SPECIES",-33.911287,18.70713,2429955
"5938215836","Ipomoea purpurea (L.) Roth","SPECIES",-26.241494,28.012168,2928576
"5938215846","Oenanthe familiaris (Wilkes, 1817)","SPECIES",-33.694211,26.668265,6100849
"5938216482","Colobus guereza occidentalis (de Rochebrune, 1887)","SUBSPECIES",-0.595193,29.726031,5963045
"5938216697","Fringilla spodiogenys Bonaparte, 1841","SPECIES",35.31297,-2.96088,12217905
"5938217389","Delonix regia (Bojer ex Hook.) Raf.","SPECIES",-6.809718,37.694965,2956176
"5938218309","Euplectes orix (Linnaeus, 1758)","SPECIES",-28.955211,29.203543,2494088
"5938218399","Papio anubis (Lesson, 1827)","SPECIES",-3.371227,35.842635,5707341
"5938218486","Aulax umbellata (Thunb.) R.Br.","SPECIES",-34.405238,19.293444,5637215
"5938218505","Spermestes cucullata Swainson, 1837","SPECIES",-29.781724,30.845605,2493624
"5938218507","Opisthacanthus capensis Thorell, 1876","SPECIES",-33.9777,23.49247,6892714
"5938218536","Autonoe haemorrhoidalis (Webb & Berthel.) Speta","SPECIES",28.14019,-16.525728,2767298
"5938218593","Afrogecko porphyreus (Daudin, 1802)","SPECIES",-34.288703,21.910757,2446392
"5938218627","Corvus capensis Lichtenstein, 1823","SPECIES",-19.231409,16.033162,2482521
"5938220593","Amietia delalandii (Duméril & Bibron, 1841)","SPECIES",-25.902542,28.339474,9311531
"5938220675","Daucus decipiens (Schrad. & J.C.Wendl.) Spalik, Wojew., Banasiak & Reduron","SPECIES",32.765088,-16.932348,9244277
"5938220701","Solanum campylacanthum Hochst. ex A.Rich.","SPECIES",-24.546921,31.336827,2929236
"5938220743","Streptocarpus pusillus Harv. ex C.B.Clarke","SPECIES",-29.253786,29.433118,5590526
"5938221636","Streptopelia decaocto (Frivaldszky, 1838)","SPECIES",28.416012,-16.549438,2495696
"5938221712","Todaroa aurea Parl.","SPECIES",28.506791,-16.190451,6026739
"5938221802","Orthetrum trinacria (Selys, 1841)","SPECIES",-34.066373,18.810411,1428708
"5938221865","Acontias orientalis Hewitt, 1937","SPECIES",-33.356738,26.208522,7505812
"5938221893","Begonia sutherlandii Hook.fil.","SPECIES",-28.683344,28.930935,7303185
"5938221894","Papio anubis (Lesson, 1827)","SPECIES",0.473825,30.366147,5707341
"5938221908","Giraffa tippelskirchi tippelskirchi","SUBSPECIES",-2.306474,34.97204,9163257
"5938221928","Crassula coccinea L.","SPECIES",-34.312933,18.992507,5689204
"5938221965","Impatiens hochstetteri Warb.","SPECIES",-24.596545,30.873237,7309716
"5938222083","Disa versicolor Rchb.f.","SPECIES",-30.988964,28.182324,2783979
"5938222086","Spodoptera exigua (Hübner, 1808)","SPECIES",28.141311,-15.431862,8352161
"5938222093","Anthoscopus minutus (Shaw, 1812)","SPECIES",-32.195386,25.477071,2487393
"5938222096","Threskiornis aethiopicus (Latham, 1790)","SPECIES",-34.059895,18.498539,2480764
"5938222273","Stachys natalensis Hochst.","SPECIES",-29.265902,29.517681,7309558
"5938222653","Anthene amarah amarah (Guérin-Méneville, 1847)","SUBSPECIES",-24.380617,31.777253,1925609
"5938222662","Liparis remota J.Stewart & Schelpe","SPECIES",-33.987044,23.53592,5322786
"5938222703","Crinifer concolor concolor","SUBSPECIES",-25.332205,31.801487,2475259
"5938222744","Opuntia stricta (Haw.) Haw.","SPECIES",28.29906,-16.823549,5384075
"5938223027","Sopubia cana Harv.","SPECIES",-29.276447,29.520993,3732185
"5938223043","Cinnyris afer afer (Linnaeus, 1766)","SUBSPECIES",-34.200639,22.042129,7340730
"5938223068","Ormocarpum trichocarpum (Taub.) Engl.","SPECIES",-24.364106,30.947495,2954028
"5938223103","Equus quagga boehmi Matschie, 1892","SUBSPECIES",-3.72597,36.058096,2440892
"5938223117","Chaetodon trifasciatus Park, 1797","SPECIES",-20.139632,57.754127,8333642
"5938223123","Bubalornis niger A.Smith, 1836","SPECIES",-25.116539,31.911671,2494073
"5938223222","Crocodylus niloticus Laurenti, 1768","SPECIES",-17.894744,25.821044,2441341
"5938223414","Pavonia burchellii (DC.) R.A.Dyer","SPECIES",-24.402696,30.938342,5619236
"5938223477","Fringilla canariensis Vieillot, 1817","SPECIES",28.530444,-16.279939,12225089
"5938223493","Vachellia karroo (Hayne) Banfi & Galasso","SPECIES",-33.522025,26.523474,3974754
"5938223540","Cryptolaemus montrouzieri Mulsant, 1853","SPECIES",-33.98077,25.509369,1043717
"5938223731","Loxodonta africana (Blumenbach, 1797)","SPECIES",-24.818634,31.528358,2435350
"5938223759","Staberoha cernua (L.f.) T.Durand & Schinz","SPECIES",-34.470993,19.580137,2706913
"5938223864","Ornithogalum viridiflorum (I.Verd.) J.C.Manning & Goldblatt","SPECIES",-29.255632,29.428178,2773489
"5938223897","Merops pusillus P.L.S.Müller, 1776","SPECIES",-2.862552,38.102555,2475403
"5938223936","Burkea africana Hook.","SPECIES",-25.896037,27.772593,5348890
"5938223956","Limeum viscosum (J.Gay) Fenzl","SPECIES",-24.352881,31.071081,3783481
"5938224038","Erica densifolia Willd.","SPECIES",-33.921027,22.038198,5681917
"5938224072","Plumbago auriculata Lam.","SPECIES",35.787288,-5.811448,3082283
"5938224077","Aristea bakeri Klatt","SPECIES",-34.0952,18.428986,2744987
"5938224238","Bicyclus safitza (Westwood, 1850)","SPECIES",-29.48831,30.261123,1893562
"5938225737","Argya fulva (Desfontaines, 1789)","SPECIES",31.080088,-4.042295,7340566
"5938225759","Oplostomus fuligineus (Olivier, 1789)","SPECIES",-28.895712,26.391462,1082819
"5938225764","Serruria ascendens (Lam.) R.Br.","SPECIES",-34.471127,19.580443,10978473
"5938225838","Ipomoea purpurea (L.) Roth","SPECIES",-25.807882,28.260931,2928576
"5938225886","Brachylaena rotundata S.Moore","SPECIES",-25.865016,27.49817,3140959
"5938225905","Lampranthus calcaratus (Wolley-Dod) N.E.Br.","SPECIES",-34.147444,18.319825,3706134
"5938225911","Commelina africana L.","SPECIES",-24.596625,30.873215,2763987
"5938225912","Searsia chirindensis (Baker fil.) Moffett","SPECIES",-24.596427,30.873405,5544393
"5938225931","Ensete ventricosum (Welw.) Cheesman","SPECIES",5.930547,38.233898,2763050
"5938225938","Papio ursinus ursinus (Kerr, 1792)","SUBSPECIES",-32.701033,25.617962,7262029
"5938226324","Adansonia digitata L.","SPECIES",-20.324247,25.312617,5406695
"5938226351","Telescopus semiannulatus Smith, 1849","SPECIES",-23.108904,31.435554,2457453
"5938226426","Cryptillas victorini (Sundevall, 1860)","SPECIES",-33.94289,22.450092,6093047
"5938226662","Xerophyta viscosa Baker","SPECIES",-29.248149,29.447837,2863377
"5938226663","Psyllobora variegata (Fabricius, 1781)","SPECIES",-33.980919,25.509378,8083538
"5938226700","Acrosternum heegeri Fieber, 1861","SPECIES",28.537522,-16.395622,2079176
"5938226931","Calotropis procera (Aiton) W.T.Aiton","SPECIES",5.661103,-0.1171,5414566
"5938227076","Cisticola natalensis natalensis (A.Smith, 1843)","SUBSPECIES",-29.817756,30.812092,2492810
"5938227086","Streptopelia decaocto (Frivaldszky, 1838)","SPECIES",31.623076,-7.995941,2495696
"5938227094","Araujia sericifera Brot.","SPECIES",-26.241494,28.012169,3170442
"5938227103","Thereianthus bracteolatus (Lam.) G.J.Lewis","SPECIES",-34.089908,18.429122,2749511
"5938227121","Hyperolius marmoratus Rapp, 1842","SPECIES",-33.905508,25.392291,5217671
"5938227355","Nicotiana glauca Graham","SPECIES",28.50622,-16.192679,2928783
"5938227533","Senegalia schweinfurthii (Brenan & Exell) Seigler & Ebinger","SPECIES",-24.405847,30.820022,7831469
"5938227561","Cairina moschata var. domestica","VARIETY",32.749826,-16.773386,9751099
"5938227568","Furcifer oustaleti (Mocquard, 1894)","SPECIES",-18.867032,47.572019,5221973
"5938227672","Belenois aurota (Fabricius, 1793)","SPECIES",-23.859749,31.12853,1919181
"5938227721","Sporopipes squamifrons (A.Smith, 1836)","SPECIES",-22.578362,17.227328,2494083
"5938227732","Agapanthus africanus (L.) Hoffmanns.","SPECIES",-34.100664,18.431009,2854740
"5938227736","Kuhlia mugil (Forster, 1801)","SPECIES",-33.695617,26.66613,5208693
"5938227795","Clamator jacobinus (Boddaert, 1783)","SPECIES",-23.592665,29.78351,2496468
"5938227870","Satureja thymbra L.","SPECIES",-33.998576,18.413613,3902859
"5938228077","Sciobius pullus (Sparrman, 1785)","SPECIES",-29.776762,30.83592,1234307
"5938228464","Ensete ventricosum (Welw.) Cheesman","SPECIES",5.926258,38.231941,2763050
"5938228479","Vachellia nilotica (L.) P.J.H.Hurter & Mabb.","SPECIES",11.989865,18.236075,3974744
"5938228494","Motacilla alba Linnaeus, 1758","SPECIES",29.982557,31.140609,9687165
"5938228499","Lycus Fabricius, 1787","GENUS",-19.911819,23.522942,NA
"5938228519","Melhania acuminata Mast.","SPECIES",-24.405928,30.819109,3672052
"5938228524","Acroteriobatus annulatus (Müller & Henle, 1841)","SPECIES",-34.075655,22.98228,8502641
"5938228533","Erithacus rubecula (Linnaeus, 1758)","SPECIES",35.305425,-2.961733,2492462
"5938228622","Ipomoea purpurea (L.) Roth","SPECIES",-25.778719,28.298152,2928576
"5938228626","Cecropis senegalensis (Linnaeus, 1766)","SPECIES",-1.108582,35.269053,7342250
"5938228633","Gladiolus longicollis subsp. longicollis","SUBSPECIES",-29.254917,29.422481,2750516
"5938229364","Equus zebra zebra Linnaeus, 1758","SUBSPECIES",-34.455153,20.402697,2440888
"5938229456","Corbichonia decumbens (Forssk.) Exell","SPECIES",-24.446342,31.975687,3783338
"5938229580","Loxodonta africana (Blumenbach, 1797)","SPECIES",-24.644155,31.527908,2435350
"5938229581","Pycnoscelus surinamensis (Linnaeus, 1758)","SPECIES",33.587897,-7.62426,1994767
"5938229596","Alopochen aegyptiaca (Linnaeus, 1766)","SPECIES",-1.446262,34.961926,2498252
"5938229640","Kinixys spekii Gray, 1863","SPECIES",-24.61377,26.031518,2441685
"5938229649","Lagonosticta senegala (Linnaeus, 1766)","SPECIES",0.06363,32.478069,2493680
"5938229655","Xerotricha conspurcata (Draparnaud, 1801)","SPECIES",36.72516,2.992262,4564725
"5938229772","Hyperolius marmoratus Rapp, 1842","SPECIES",-33.779328,25.7536,5217671
"5938229847","Olios auricomis (Simon, 1880)","SPECIES",-26.058078,32.616363,2162050
"5938229890","Gomphrena celosioides Mart.","SPECIES",-24.546944,31.336861,3084911
"5938229902","Herpestes ichneumon (Linnaeus, 1758)","SPECIES",-3.22823,35.55096,2434255
"5938229921","Xerophyta viscosa Baker","SPECIES",-29.254888,29.427084,2863377
"5938230833","Macronyx capensis (Linnaeus, 1766)","SPECIES",-28.928013,26.382422,5230846
"5938230919","Campethera bennettii bennettii (A.Smith, 1836)","SUBSPECIES",-19.516975,23.636081,2478181
"5938231329","Helichrysum milfordiae Killick","SPECIES",-29.268723,29.429333,3131865
"5938231460","Damaliscus pygargus phillipsi Harper, 1939","SUBSPECIES",-32.184764,25.430677,2441042
"5938231606","Falco tinnunculus Linnaeus, 1758","SPECIES",31.443671,-2.72013,9616058
"5938231696","Papilio demodocus Esper, 1798","SPECIES",-26.686733,25.460158,1938125
"5938231704","Ctenochaetus striatus (Quoy & Gaimard, 1825)","SPECIES",27.262184,33.892567,2379621
"5938231751","Searsia erosa (Thunb.) Moffett","SPECIES",-29.322618,27.299148,5544358
"5938231756","Erica gysbertii Guthrie & Bolus","SPECIES",-34.341144,18.868557,5684902
"5938231820","Gladiolus longicollis subsp. longicollis","SUBSPECIES",-29.269407,29.429533,2750516
"5938231896","Kleinia neriifolia Haw.","SPECIES",28.656988,-17.884055,5405673
"5938231947","Junonia oenone (Linnaeus, 1764)","SPECIES",-20.505892,47.240083,5130392
"5938231963","Leptoptilos crumenifer (R.P.Lesson, 1831)","SPECIES",-2.787072,38.064968,9772663
"5938231964","Urocolius macrourus (Linnaeus, 1766)","SPECIES",-2.946325,38.093628,2482321
"5938231968","Fulica cristata Gmelin, 1789","SPECIES",34.252294,-6.665852,2474381
"5938231984","Alopochen aegyptiaca (Linnaeus, 1766)","SPECIES",-25.116163,31.911462,2498252
"5938233071","Paranomus abrotanifolius Knight","SPECIES",-34.37325,20.538326,5638134
"5938233098","Senecio oxyriifolius DC.","SPECIES",-24.188538,29.621437,3106967
"5938233219","Commelina africana L.","SPECIES",-24.303986,30.99243,2763987
"5938233228","Nilus rossi (Pocock, 1902)","SPECIES",-24.32827,31.071371,7456512
"5938233248","Gomphocarpus fruticosus (L.) W.T.Aiton","SPECIES",-25.80825,28.261274,7150619
"5938233275","Cinnyris afer (Linnaeus, 1766)","SPECIES",-34.129307,19.849725,7340730
"5938233365","Terpsiphone viridis (Statius Muller, 1776)","SPECIES",-17.925578,25.849878,2486688
"5938233389","Halcyon albiventris (Scopoli, 1786)","SPECIES",-24.971944,31.665851,5228322
"5938233468","Adenium obesum (Forssk.) Roem. & Schult.","SPECIES",11.989667,18.23723,7155887
"5938233484","Chroicocephalus hartlaubii (Bruch, 1855)","SPECIES",-34.061638,18.493551,6065817
"5938233489","Pelea capreolus (Forster, 1790)","SPECIES",-32.285146,25.415588,5220184
"5938233670","Prionyx indus (Linnaeus, 1758)","SPECIES",-23.734463,18.351444,1346697
"5938233745","Anacardium occidentale L.","SPECIES",-6.916723,39.484595,5421368
"5938233770","Drimia salteri (Compton) J.C.Manning & Goldblatt","SPECIES",-34.395829,19.265232,2776718
"5938233882","Begonia sutherlandii Hook.fil.","SPECIES",-29.055811,29.398245,7303185
"5938233947","Berkheya seminivea Harv.","SPECIES",-25.856998,27.497011,3115151
"5938233959","Milvus migrans parasitus Grant & Mackworth-Praed, 1933","SUBSPECIES",-24.807769,31.538732,5229167
"5938234010","Eidolon helvum (Kerr, 1792)","SPECIES",6.48319,3.283666,2432851
"5938234017","Pseudagrion kersteni (Gerstäcker, 1869)","SPECIES",-29.776851,30.835786,1422973
"5938234049","Boaedon capensis Duméril, Bibron & Duméril, 1854","SPECIES",-23.108904,31.435554,9632100
"5938234154","Achyranthes aspera L.","SPECIES",-25.155458,30.545929,3085168
"5938234213","Cyperus rupestris Kunth","SPECIES",-24.34287,31.073915,2713751
"5938235272","Strychnos spinosa Lam.","SPECIES",12.675378,-13.051717,5414400
"5938235512","Argiope lobata (Pallas, 1772)","SPECIES",-34.05401,18.43061,5170978
"5938235526","Dessonornis caffer (Linnaeus, 1771)","SPECIES",-34.346658,18.927366,10671440
"5938235559","Acacia podalyriifolia A.Cunn. ex G.Don","SPECIES",-26.060637,28.044131,2979014
"5938235575","Chrysococcyx caprius (Boddaert, 1783)","SPECIES",-34.129316,19.849575,2496333
"5938236323","Papio ursinus (Kerr, 1792)","SPECIES",-34.260858,18.456205,7262029
"5938236326","Pristimera longipetiolata (Oliv.) N.Hallé","SPECIES",-24.126638,31.036044,3791443
"5938236332","Aristea dichotoma (Thunb.) Ker Gawl.","SPECIES",-33.853927,18.546531,2744864
"5938236347","Dischista rufa (Degeer, 1778)","SPECIES",-25.157658,30.546402,1081159
"5938236364","Delosperma gramineum L.Bolus","SPECIES",-32.260426,25.454284,3707165
"5938236374","Anoplocnemis curvipes (Fabricius, 1781)","SPECIES",-15.36137,28.306628,4388917
"5938236518","Zonocerus elegans (Thunberg, 1815)","SPECIES",-25.331964,31.803814,1727809
"5938236531","Cordylus niger Cuvier, 1829","SPECIES",-34.352926,18.488625,5227194
"5938236532","Larus dominicanus M.H.K.Lichtenstein, 1823","SPECIES",-34.354561,18.489149,2481173
"5938236575","Papilio demodocus Esper, 1798","SPECIES",-34.025056,22.2391,1938125
"5938236686","Nephele comma Hopffer, 1857","SPECIES",-10.769339,25.25577,5124088
"5938236715","Buphagus erythrorhynchus (Stanley, 1814)","SPECIES",-1.118938,35.277723,2489052
"5938237789","Hyperolius marmoratus Rapp, 1842","SPECIES",-25.82072,31.794983,5217671
"5938237803","Gomphrena celosioides Mart.","SPECIES",-24.463103,30.608912,3084911
"5938237893","Orthetrum caffrum (Burmeister, 1839)","SPECIES",-23.861025,29.705411,1428734
"5938238307","Milvus migrans (Boddaert, 1783)","SPECIES",-28.75751,32.063231,5229167
"5938238381","Emberiza sahari J.Levaillant, 1850","SPECIES",35.299085,-2.962956,6100800
"5938238392","Apodytes dimidiata E.Mey. ex Arn.","SPECIES",-25.852784,27.496271,3597463
"5938238427","Haematopus ostralegus Linnaeus, 1758","SPECIES",-33.126464,18.058625,7788295
"5938238444","Graptostethus servus (Fabricius, 1787)","SPECIES",-20.209372,25.258097,11107889
"5938238486","Jamesbrittenia breviflora (Schltr.) Hilliard","SPECIES",-29.247897,29.448145,3741034
"5938238514","Aquila nipalensis Hodgson, 1833","SPECIES",-2.816196,38.054655,2480513
"5938238550","Spilopelia senegalensis (Linnaeus, 1766)","SPECIES",-25.354581,31.761393,6101223
"5938238697","Jamesbrittenia breviflora (Schltr.) Hilliard","SPECIES",-29.24753,29.450223,3741034
"5938238833","Cocos nucifera L.","SPECIES",-6.916463,39.483565,2735117
"5938238837","Prismatocarpus fruticosus (L.) L'Hér.","SPECIES",-34.031298,18.38931,9574792
"5938238853","Ardea cinerea Linnaeus, 1758","SPECIES",-1.327232,34.988876,9797180
"5938238896","Colius colius (Linnaeus, 1766)","SPECIES",-22.668345,14.817212,5229466
"5938238982","Astragalus gomboeformis Pomel","SPECIES",31.199705,-3.951758,5343022
"5938239364","Steatoda nobilis (Thorell, 1875)","SPECIES",28.668543,-17.789593,2157203
"5938239387","Terpsiphone viridis (Statius Muller, 1776)","SPECIES",-29.688545,29.595803,2486688
"5938239398","Zonocerus elegans (Thunberg, 1815)","SPECIES",-34.035544,22.468037,1727809
"5938239444","Chrysococcyx klaas (Stephens, 1815)","SPECIES",-29.819004,30.808786,2496316
"5938239445","Apalis flavida (Strickland, 1853)","SPECIES",-17.834628,25.628742,2492725
"5938239483","Eudorcas thomsonii nasalis (Lönnberg, 1908)","SUBSPECIES",-3.163558,35.55178,7261427
"5938239485","Osteospermum moniliferum L.","SPECIES",-33.693515,26.669749,4252828
"5938239524","Dicrurus forficatus potior (Bangs & T.E.Penard, 1922)","SUBSPECIES",-12.177122,44.39787,2493966
"5938239575","Limonium scabrum (Thunb.) Kuntze","SPECIES",-33.693483,26.669524,4089992
"5938239905","Tychaedon quadrivirgata (Reichenow, 1879)","SPECIES",-24.995312,31.599961,5788862
"5938239988","Cantareus koraegaelius (Bourguignat, 1882)","SPECIES",36.803949,3.586192,10816858
"5938240350","Belenois aurota (Fabricius, 1793)","SPECIES",-25.267255,29.982797,1919181
"5938240354","Myrsine africana L.","SPECIES",-25.859479,27.49753,7331120
"5938240376","Scytodes elizabethae Purcell, 1904","SPECIES",-29.089722,26.156389,5168935
"5938240415","Pachydactylus maculatus Gray, 1845","SPECIES",-33.769839,21.530853,5221196
"5938240436","Dais cotinifolia L.","SPECIES",-24.59625,30.874425,3570325
"5938240538","Leptotes Scudder, 1876","GENUS",-33.989676,18.432429,NA
"5938240554","Egretta garzetta (Linnaeus, 1766)","SPECIES",-34.06097,18.4961,2480876
"5938240558","Aptosimum lineare Marloth & Engl.","SPECIES",-23.714817,31.26587,3727574
"5938240562","Echium aculeatum Poir.","SPECIES",28.29906,-16.823549,4064880
"5938240572","Emberiza capensis cinnamomea (M.H.K.Lichtenstein, 1842)","SUBSPECIES",-32.232322,25.431722,2491596
"5938241271","Nicotiana glauca Graham","SPECIES",28.593419,-13.943247,2928783
"5938241279","Ortygornis sephaena sephaena (A.Smith, 1836)","SUBSPECIES",-23.578168,29.813901,11366957
"5938241388","Milvus migrans parasitus Grant & Mackworth-Praed, 1933","SUBSPECIES",-28.747742,32.082186,5229167
"5938241399","Orthetrum julia Kirby, 1900","SPECIES",-34.034415,18.418314,1428738
"5938241417","Myrmicaria natalensis (Smith, 1858)","SPECIES",-29.776791,30.835905,1320481
"5938241419","Acanthospermum hispidum DC.","SPECIES",14.609908,-17.152411,3100375
"5938241439","Kassina senegalensis (Duméril & Bibron, 1841)","SPECIES",-23.587169,29.784605,5217753
"5938241440","Tomopterna Duméril & Bibron, 1841","GENUS",-23.587066,29.784665,NA
"5938241561","Chaetops frenatus (Temminck, 1826)","SPECIES",-33.882101,19.169854,2482634
"5938241581","Hippopotamus amphibius Linnaeus, 1758","SPECIES",-23.874513,31.125992,2441247
"5938241587","Burhinus senegalensis (Swainson, 1837)","SPECIES",16.519134,-14.780583,2482099
"5938241672","Parabuthus transvaalicus Purcell, 1899","SPECIES",-25.524182,26.897966,6894340
"5938241692","Opistophthalmus jenseni (Lamoral, 1972)","SPECIES",-24.111483,15.908703,6894778
"5938241746","Kassina senegalensis (Duméril & Bibron, 1841)","SPECIES",-25.675567,30.958499,5217753
"5938241760","Clathrus archeri (Berk.) Dring","SPECIES",-33.961405,23.900253,5239483
"5938241856","Riccia sorocarpa Bisch.","SPECIES",28.172256,-16.625647,5286296
"5938241867","Nautilocorystes ocellatus (Gray, 1831)","SPECIES",-32.680053,18.244738,7938213
"5938241883","Morella pilulifera (Rendle) Killick","SPECIES",-25.158904,30.546927,3745006
"5938241908","Leptogorgia bayeri Williams & Lindo, 1997","SPECIES",-29.849862,31.084858,2264112
"5938242029","Pogoniulus bilineatus bilineatus (Sundevall, 1850)","SUBSPECIES",-30.083485,30.866268,2478916
"5938242051","Vachellia karroo (Hayne) Banfi & Galasso","SPECIES",-33.362041,26.482468,3974754
"5938242500","Stigmochelys pardalis (Bell, 1828)","SPECIES",-28.219998,31.948204,2441757
"5938243304","Zabalius ophthalmicus (Walker, 1869)","SPECIES",-33.949899,18.861202,1693517
"5938243345","Columba arquatrix Temminck, 1808","SPECIES",-24.853998,30.889198,5231873
"5938244301","Larus dominicanus vetula Bruch, 1855","SUBSPECIES",-34.195022,22.13892,2481173
"5938244309","Apaloderma narina (Stephens, 1815)","SPECIES",-29.776847,30.835738,2496625
"5938244886","Helichrysum appendiculatum (L.fil.) Less.","SPECIES",-29.489275,30.219458,3131306
"5938244960","Astelia hemichrysa (Lam.) Kunth","SPECIES",-21.096428,55.5498,2853117
"5938244988","Themeda triandra Forssk.","SPECIES",-25.807965,28.261708,2703467
"5938245351","Erica sparsa G.Sinclair","SPECIES",-33.986883,25.472829,11097021
"5938245406","Vachellia karroo (Hayne) Banfi & Galasso","SPECIES",-33.570118,26.592878,3974754
"5938245420","Disa cornuta (L.) Sw.","SPECIES",-34.095488,18.42978,2783718
"5938245429","Pulvinaria mesembryanthemi Ben-Dov, 1993","SPECIES",-30.650787,30.524958,2092051
"5938245457","Ardea melanocephala Children & Vigors, 1826","SPECIES",-3.228797,35.552037,2480923
"5938246692","Pristimera longipetiolata (Oliv.) N.Hallé","SPECIES",-24.439863,30.622353,3791443
"5938246707","Coracias garrulus Linnaeus, 1758","SPECIES",-28.220026,31.948263,2475365
"5938246722","Pavonia burchellii (DC.) R.A.Dyer","SPECIES",-25.805249,28.264151,5619236
"5938246774","Hyperacanthus amoenus (Sims) Bridson","SPECIES",-24.162153,30.253893,5334788
"5938246903","Precis antilope (Feisthamel, 1850)","SPECIES",-15.416309,28.364855,11546465
"5938246912","Opistophthalmus jenseni (Lamoral, 1972)","SPECIES",-24.094802,15.914172,6894778
"5938246996","Zinnia peruviana (L.) L.","SPECIES",-28.881776,30.024519,9193953
"5938247077","Aloidendron dichotomum (Masson) Klopper & Gideon F.Sm.","SPECIES",-29.671728,17.966524,9485745
"5938247096","Struthio camelus Linnaeus, 1758","SPECIES",-34.351045,18.483806,2495150
"5938247100","Bridelia micrantha (Hochst.) Baill.","SPECIES",-24.404802,30.813834,3076142
"5938247104","Coccinia sessilifolia (Sond.) Cogn.","SPECIES",-24.407703,30.814082,3624111
"5938247112","Anguilla anguilla (Linnaeus, 1758)","SPECIES",35.01729,-1.821149,5212973
"5938247129","Gennaria diphylla (Link) Parl.","SPECIES",32.758112,-16.786698,2834242
"5938248011","Buteo buteo (Linnaeus, 1758)","SPECIES",-23.592386,29.814705,2480537
"5938248027","Dendrocygna bicolor (Vieillot, 1816)","SPECIES",-25.116174,31.911113,2498402
"5938248051","Leucospermum cordifolium (Knight) Fourc.","SPECIES",-34.579431,19.77435,3997490
"5938248075","Disa atricapilla (Harv. ex Lindl.) Bolus","SPECIES",-34.410894,19.51453,2783860
"5938248123","Sclerophrys gutturalis (Power, 1927)","SPECIES",-20.983724,55.392942,9456514
"5938248130","Eucomis bicolor Baker","SPECIES",-29.254357,29.43106,2775154
"5938248417","Crinifer concolor (A.Smith, 1833)","SPECIES",-24.569534,27.835279,2475259
"5938248420","Bullia digitalis (Dillwyn, 1817)","SPECIES",-33.412605,18.237537,4368218
"5938248466","Spilopelia senegalensis senegalensis (Linnaeus, 1766)","SUBSPECIES",-30.083485,30.866268,6101223
"5938248470","Seriphium L.","GENUS",-25.812528,28.28868,NA
"5938248474","Crocodylus niloticus Laurenti, 1768","SPECIES",-2.98417,38.019814,2441341
"5938248528","Dendroaspis polylepis Günther, 1864","SPECIES",-24.064678,30.558814,8054654
"5938248536","Sphenostylis angustifolia Sond.","SPECIES",-29.819842,30.809605,2977771
"5938248541","Eriobotrya japonica (Thunb.) Lindl.","SPECIES",28.405289,-16.539646,10786206
"5938248542","Erica thomae var. thomae","VARIETY",-34.31089,19.002428,5682447
"5938248705","Icthyophaga vocifer (Daudin, 1800)","SPECIES",-17.894675,25.821012,2480454
"5938248853","Rostratula benghalensis (Linnaeus, 1758)","SPECIES",-34.059856,18.498404,2482029
"5938248913","Scopus umbretta Gmelin, 1789","SPECIES",-24.968028,31.625694,5229154
"5938249073","Panthera pardus pardus (Linnaeus, 1758)","SUBSPECIES",-20.998752,16.762952,5219436
"5938249076","Tarucus sybaris sybaris (Hopffer, 1855)","SUBSPECIES",-25.156543,30.543328,1930931
"5938249128","Trachylepis punctatissima (Smith, 1849)","SPECIES",-23.593014,29.784076,5225357
"5938249166","Gloriosa superba L.","SPECIES",-32.708798,28.362636,2740024
"5938249234","Deto echinata Guérin-Méneville, 1836","SPECIES",-34.140623,18.320884,2207603
"5938249248","Synema globosum (Fabricius, 1775)","SPECIES",28.5375,-16.395558,5171516
"5938249249","Squatina squatina (Linnaeus, 1758)","SPECIES",28.372031,-16.279821,2417781
"5938249496","Tagetes minuta L.","SPECIES",-24.461144,30.60983,3088481
"5938249602","Mesembryanthemum kuntzei Schinz","SPECIES",-21.758732,13.966097,3703654
"5938249616","Spatula smithii E.Hartert, 1891","SPECIES",-34.060778,18.494507,9360401
"5938249894","Acridotheres tristis (Linnaeus, 1766)","SPECIES",-29.129606,31.386314,2489005
"5938250036","Dichrostachys cinerea (L.) Wight & Arn.","SPECIES",-28.220026,31.948274,2975891
"5938250037","Abudefduf vaigiensis (Quoy & Gaimard, 1825)","SPECIES",-29.726108,31.088561,2398634
"5938250229","Necrosyrtes monachus (Temminck, 1823)","SPECIES",12.323366,-1.461073,2480715
"5938250240","Centropus superciliosus Hemprich & Ehrenberg, 1829","SPECIES",-2.103416,34.483791,5231960
"5938250253","Dendroaspis polylepis Günther, 1864","SPECIES",-24.050996,30.558693,8054654
"5938250327","Tomopterna natalensis (Smith, 1849)","SPECIES",-24.933644,30.83879,2429923
"5938250351","Cassionympha cassius (Godart, 1823)","SPECIES",-33.982016,22.607134,1903009
"5938250428","Quercus robur L.","SPECIES",-33.835913,18.877038,2878688
"5938251857","Chlorocebus pygerythrus centralis (Neumann, 1900)","SUBSPECIES",0.079268,32.472364,7262034
"5938251867","Dolichos trilobus L.","SPECIES",-24.578378,30.616131,2975585
"5938251980","Eulophia alta (L.) Fawc. & Rendle","SPECIES",-17.925662,25.853545,5311790
"5938252005","Trimeria grandifolia (Hochst.) Warb.","SPECIES",-30.259903,30.588453,8182110
"5938252038","Phoeniculus purpureus purpureus (J.F.Miller, 1784)","SUBSPECIES",-33.942475,22.450044,2498452
"5938252120","Panthera leo melanochaita (C.E.H.Smith, 1858)","SUBSPECIES",-32.35723,25.563539,5219404
"5938252123","Phyllogeiton zeyheri (Sond.) Suess.","SPECIES",-24.404744,30.817734,3874536
"5938253428","Hypselodoris capensis (Barnard, 1927)","SPECIES",-34.389629,20.867916,4360068
"5938253434","Lophoceros alboterminatus Büttikofer, 1889","SPECIES",-28.048736,32.308329,7983173
"5938253486","Buphagus erythrorhynchus (Stanley, 1814)","SPECIES",-28.220054,31.948387,2489052
"5938253528","Tritoniopsis antholyza (Poir.) Goldblatt","SPECIES",-34.579594,19.774072,5296478
"5938253529","Achyranthes aspera L.","SPECIES",-24.162174,30.254271,3085168
"5938253594","Campylanthus salsoloides Roth","SPECIES",28.452017,-14.035128,8164714
"5938253598","Cocos nucifera L.","SPECIES",-6.91636,39.482144,2735117
"5938253963","Secamone parvifolia (Oliv.) Bullock","SPECIES",-24.405436,30.820407,3578319
"5938253980","Poecilocarda cosmopolita (Signoret, 1853)","SPECIES",-29.781895,30.845541,2036462
"5938254101","Vachellia karroo (Hayne) Banfi & Galasso","SPECIES",-33.632407,26.61528,3974754
"5938254130","Calotes versicolor (Daudin, 1802)","SPECIES",-20.442442,57.403637,9125207
"5938254143","Azadirachta indica A.Juss.","SPECIES",5.66103,-0.117192,3190474
"5938254538","Catophractes alexandri D.Don","SPECIES",-21.264979,15.160991,4093688
"5938255707","Cisticola chiniana (A.Smith, 1843)","SPECIES",-29.677388,31.110254,7340518
"5938255736","Cacyreus marshalli Butler, 1897","SPECIES",-29.776747,30.835891,1932752
"5938255738","Albuca virens (Lindl.) J.C.Manning & Goldblatt","SPECIES",-24.532559,30.640361,8704606
"5938255786","Zygonyx torridus (Kirby, 1889)","SPECIES",-24.452547,31.977672,8310300
"5938255820","Dictyophorus spumans (Thunberg, 1787)","SPECIES",-29.296575,29.629238,1727415
"5938255853","Sphingomorpha chlorea Cramer, 1777","SPECIES",-2.086431,34.493168,1772352
"5938255951","Juniperus oxycedrus var. badia H.Gay","VARIETY",31.165798,-8.045659,2684451
"5938256045","Stigmochelys pardalis (Bell, 1828)","SPECIES",-30.850016,24.900872,2441757
"5938256084","Crinifer concolor (A.Smith, 1833)","SPECIES",-20.405391,17.358773,2475259
"5938256090","Leucospermum gerrardii Stapf","SPECIES",-26.18287,31.170452,3997395
"5938256106","Belenois zochalia (Boisduval, 1836)","SPECIES",-33.982016,22.607134,1919214
"5938256122","Gyps africanus Salvadori, 1865","SPECIES",-25.199676,31.876418,9487001
"5938256132","Oxalis pes-caprae L.","SPECIES",28.395929,-16.594119,2891661
"5938256227","Cotyledon orbiculata L.","SPECIES",-21.759689,13.968066,5361969
"5938256241","Vanellus armatus (Burchell, 1822)","SPECIES",-34.060778,18.494507,5229136
"5938256390","Dicrurus adsimilis (Bechstein, 1794)","SPECIES",-28.219998,31.948322,2493963
"5938256394","Acrocephalus scirpaceus baeticatus (Vieillot, 1817)","SUBSPECIES",-34.070325,18.521362,5231319
"5938256402","Micranthus alopecuroides (L.) Eckl.","SPECIES",-34.075757,18.399947,5297174
"5938256415","Numenius phaeopus (Linnaeus, 1758)","SPECIES",-34.807689,20.05928,2481784
"5938256424","Antidesma venosum E.Mey. ex Tul.","SPECIES",-28.942029,31.769117,3076520
"5938256459","Lobularia canariensis (DC.) L.Borgen","SPECIES",28.757238,-17.735747,5373341
"5938256462","Ceratotheca triloba (Bernh.) Hook.fil.","SPECIES",-25.067303,31.551317,9700256
"5938256583","Glaucidium perlatum (Vieillot, 1817)","SPECIES",12.39445,-1.491845,5232086
"5938256623","Serinus canicollis (Swainson, 1838)","SPECIES",-33.973352,18.786225,5231530
"5938256656","Dispholidus typus (Smith, 1828)","SPECIES",-24.027012,27.073101,2452959
"5938257003","Diceros bicornis (Linnaeus, 1758)","SPECIES",-19.013142,16.395149,5220111
"5938257011","Stigmochelys pardalis (Bell, 1828)","SPECIES",-33.550558,24.009051,2441757
"5938257016","Polistes badius Gerst., 1873","SPECIES",-25.377516,31.85843,1310712
"5938257026","Hyphaene thebaica (L.) Mart.","SPECIES",11.989533,18.23669,7931200
"5938257028","Corythornis cristatus (Pallas, 1764)","SPECIES",-34.06097,18.4961,6095338
"5938257065","Dichrostachys cinerea (L.) Wight & Arn.","SPECIES",-24.406536,30.818266,2975891
"5938257067","Ruellia patula Jacq.","SPECIES",-24.406381,30.818513,5573538
"5938257103","Chalcomitra amethystina (Shaw, 1812)","SPECIES",-29.781797,30.845656,7340881
"5938257104","Cacyreus marshalli Butler, 1897","SPECIES",-29.781832,30.845736,1932752
"5938257383","Pternistis adspersus (Waterhouse, 1838)","SPECIES",-20.578045,16.743012,2473845
"5938257550","Egretta garzetta (Linnaeus, 1766)","SPECIES",28.133189,-16.785958,2480876
"5938257554","Rubia fruticosa Aiton","SPECIES",28.395821,-16.594259,2892284
"5938257607","Seddera suffruticosa (Schinz) Hallier fil.","SPECIES",-23.859749,31.12853,3678071
"5938257857","Dromas ardeola Paykull, 1805","SPECIES",-7.361711,39.531418,5229199
"5938257882","Turraea obtusifolia Hochst.","SPECIES",-24.394253,31.9689,3852858
"5938257889","Dendrocygna viduata (Linnaeus, 1766)","SPECIES",-1.447807,34.96204,2498396
"5938257906","Argyranthemum frutescens (L.) Sch.Bip.","SPECIES",28.506706,-16.192082,3104491
"5938257912","Ledebouria ovatifolia (Baker) Jessop","SPECIES",-28.959654,29.204483,2773678
"5938258018","Pycnonotus nigricans (Vieillot, 1818)","SPECIES",-32.260837,25.454342,2486146
"5938258031","Stigmochelys pardalis (Bell, 1828)","SPECIES",-32.704054,25.651037,2441757
"5938258125","Dessonornis caffer caffer","SUBSPECIES",-33.538734,23.725684,10671440
"5938258156","Ploceus velatus Vieillot, 1819","SPECIES",-20.578268,16.743267,2494015
"5938258159","Sigelus silens (Shaw, 1809)","SPECIES",-32.260291,25.454312,2492444
"5938258207","Eurema brigitta (Stoll, 1780)","SPECIES",-29.816213,30.811649,5137828
"5938258372","Zebrasoma desjardinii (Bennett, 1836)","SPECIES",-20.130581,57.757154,2379874
"5938258420","Protea cynaroides (L.) L.","SPECIES",-34.370694,20.558286,5637947
"5938258424","Naja nivea (Linnaeus, 1758)","SPECIES",-34.127055,18.918087,2470423
"5938258457","Setaria adhaerens (Forssk.) Chiov.","SPECIES",28.506818,-16.19226,5289670
"5938258478","Grammodora nigrolineata Aurivillius, 1890","SPECIES",-24.405048,30.813402,1733230
"5938258490","Phoenicurus ochruros (S.G.Gmelin, 1774)","SPECIES",36.72529,2.991462,5739315
"5938258548","Ciconia abdimii Lichtenstein, 1823","SPECIES",-19.036771,16.341054,2481915
"5938258562","Xenostegia tridentata (L.) D.F.Austin & Staples","SPECIES",-27.048108,32.422546,2928381
"5938258583","Lamprotornis regius (Reichenow, 1879)","SPECIES",-2.872018,38.075297,5845381
"5938258625","Hydroprogne caspia (Pallas, 1770)","SPECIES",-34.288123,21.915786,2481236
"5938258629","Vachellia karroo (Hayne) Banfi & Galasso","SPECIES",-33.462539,26.484348,3974754
"5938258632","Hemiolaus caeculus (Hopffer, 1855)","SPECIES",-24.40517,30.82038,1922468
"5938259347","Ischnochiton oniscus (Krauss, 1848)","SPECIES",-34.213261,24.837713,2306610
"5938259352","Lamprotornis bicolor (Gmelin, 1789)","SPECIES",-29.680451,29.530229,6100943
"5938259398","Turraea obtusifolia Hochst.","SPECIES",-24.448867,31.974972,3852858
"5938259402","Philothamnus semivariegatus (Smith, 1840)","SPECIES",-29.77679,30.835873,2453195
"5938259444","Grapsus adscensionis (Osbeck, 1765)","SPECIES",28.41722,-16.547737,4382864
"5938259507","Volkameria glabra (E.Mey.) Mabb. & Y.W.Yuan","SPECIES",-24.524042,30.890685,6111581
"5938259541","Launaea arborescens (Batt.) Murb.","SPECIES",28.076157,-14.377375,3144854
"5938259556","Acraea horta Linnaeus, 1764","SPECIES",-25.81308,28.286428,5136113
"5938259617","Dictyophorus spumans (Thunberg, 1787)","SPECIES",-34.369507,18.885193,1727415
"5938259637","Giraffa giraffa giraffa (von Schreber, 1784)","SUBSPECIES",-24.847665,31.567622,8959277
"5938259668","Lampides boeticus (Linnaeus, 1767)","SPECIES",-24.3805,31.777425,1924713
"5938259677","Plumbago auriculata Lam.","SPECIES",-25.97678,32.585562,3082283
"5938259720","Neoscona triangula (Keyserling, 1864)","SPECIES",-33.873834,18.677773,2158863
"5938259830","Chiromantis xerampelina Peters, 1854","SPECIES",-23.859749,31.12853,5217208
"5938259831","Rhizophora mucronata Lam.","SPECIES",-4.65778,55.410199,3086527
"5938259842","Columba livia var. domestica J.F.Gmelin, 1789","VARIETY",31.625884,-7.988373,2495414
"5938259857","Papilio demodocus Esper, 1798","SPECIES",-31.960817,25.477195,1938125
"5938259859","Stephanoaetus coronatus (Linnaeus, 1766)","SPECIES",-30.274856,30.739827,2480391
"5938259879","Lampranthus bicolor (L.) N.E.Br.","SPECIES",-34.59364,19.486809,7941647
"5938260446","Zinnia peruviana (L.) L.","SPECIES",-24.463174,30.60898,9193953
"5938260587","Dolichandra unguis-cati (L.) L.G.Lohmann","SPECIES",-25.801759,28.262301,5830619
"5938260633","Fringilla maderensis Sharpe, 1888","SPECIES",32.707587,-16.891192,9221784
"5938260694","Erica cerinthoides L.","SPECIES",-34.330719,19.007624,7692345
"5938260708","Calotes versicolor (Daudin, 1802)","SPECIES",-20.255024,57.75656,9125207
"5938260717","Cenchrus setaceus (Forssk.) Morrone","SPECIES",-25.42612,27.2243,5828232
"5938260778","Ensete ventricosum (Welw.) Cheesman","SPECIES",5.943701,38.250881,2763050
"5938260791","Kleinia neriifolia Haw.","SPECIES",28.29906,-16.823549,5405673
"5938260862","Retama sphaerocarpa (L.) Boiss.","SPECIES",36.603135,4.724291,2965093
"5938260973","Cenchrus ciliaris L.","SPECIES",-19.240158,16.129526,4109540
"5938261097","Leptotes pirithous (Linnaeus, 1767)","SPECIES",28.859749,-13.866186,1932976
"5938261157","Aptosimum lineare Marloth & Engl.","SPECIES",-25.339095,31.781411,3727574
"5938261280","Hedydipna collaris (Vieillot, 1819)","SPECIES",-24.524168,30.89073,7340984
"5938261751","Protea neriifolia R.Br.","SPECIES",-34.367852,20.545484,5637070
"5938261760","Phaenocoma prolifera (L.) D.Don","SPECIES",-34.373365,20.538011,3104261
"5938261799","Chelidonura livida Yonow, 1994","SPECIES",-4.312511,39.581112,5795061
"5938263123","Stenochlaena tenuifolia (Desv.) T.Moore","SPECIES",-28.963354,31.757785,2651520
"5938263185","Thalassoma rueppellii (Klunzinger, 1871)","SPECIES",27.260423,33.874079,2384552
"5938263299","Hirundo smithii Leach & K.D.Koenig, 1818","SPECIES",-28.220002,31.948285,5230801
"5938263327","Dietes bicolor (Steud.) Sweet ex Klatt","SPECIES",-22.675684,14.521751,2742454
"5938263432","Grewia occidentalis L.","SPECIES",-25.859627,27.497388,4261391
"5938263518","Squatina squatina (Linnaeus, 1758)","SPECIES",28.448816,-16.217229,2417781
"5938263531","Kirprellius syrichtus (Fabricius, 1775)","SPECIES",-31.77054,25.637192,11813971
"5938263579","Psammophylax rhombeatus (Linnaeus, 1758)","SPECIES",-32.715114,25.645213,2456956
"5938263751","Sonchus capillaris Svent.","SPECIES",28.074086,-16.657113,3105821
"5938263762","Genetta Oken, 1816","GENUS",-13.140341,27.854191,NA
"5938263871","Stigmochelys pardalis (Bell, 1828)","SPECIES",-33.551449,23.989535,2441757
"5938263872","Leucadendron laxum I.Williams","SPECIES",-34.575291,19.735583,5637948
"5938263880","Sabdariffa Kostel.","GENUS",-33.989367,18.426065,NA
"5938263895","Umbilicus gaditanus Boiss.","SPECIES",28.299045,-16.823692,7334434
"5938263908","Parabuthus schlechteri Purcell, 1899","SPECIES",-31.747435,23.313949,6894339
"5938263939","Tockus leucomelas (M.H.K.Lichtenstein, 1842)","SPECIES",-20.359733,17.484564,2475955
"5938263954","Anomalipus Latreille, 1846","GENUS",-20.578222,16.743308,NA
"5938263985","Urocolius indicus (Latham, 1790)","SPECIES",-25.34188,31.812026,2482315
"5938264023","Grapsus adscensionis (Osbeck, 1765)","SPECIES",28.417212,-16.547558,4382864
"5938264070","Colobus guereza Rüppell, 1835","SPECIES",0.064578,32.477539,5963045
"5938264078","Justicia flava (Forssk.) Vahl","SPECIES",-28.219993,31.948236,7494800
"5938264127","Chersina angulata (Schweigger, 1812)","SPECIES",-33.946697,22.463617,5220285
"5938264279","Tragelaphus strepsiceros strepsiceros (Pallas, 1766)","SUBSPECIES",-25.228319,27.105326,5220183
"5938264660","Rufoclanis numosae Wallengren, 1860","SPECIES",-24.45258,31.977895,1861584
"5938264736","Oreotragus oreotragus (Zimmermann, 1783)","SPECIES",-2.225653,34.923187,2441044
"5938264752","Nectarinia famosa (Linnaeus, 1766)","SPECIES",-33.974282,18.785723,5229971
"5938264762","Combretum kraussii Hochst.","SPECIES",-24.596493,30.873629,3699271
"5938264840","Capparis tomentosa Lam.","SPECIES",-24.403843,30.814616,5602023
"5938264912","Zonocerus elegans (Thunberg, 1815)","SPECIES",-23.859749,31.12853,1727809
"5938264931","Coleus kirkii (Baker) A.J.Paton","SPECIES",-29.268221,29.506029,10106327
"5938264941","Stigmochelys pardalis (Bell, 1828)","SPECIES",-20.209436,25.258106,2441757
"5938265675","Crocothemis erythraea (Brullé, 1832)","SPECIES",-34.066701,18.810943,1427721
"5938265715","Telophorus zeylonus (Linnaeus, 1766)","SPECIES",-29.439718,29.518232,2484853
"5938265758","Pyrrhocoris apterus (Linnaeus, 1758)","SPECIES",31.615942,-8.010236,4486826
"5938265798","Dierama dissimile Hilliard","SPECIES",-29.270457,29.485911,5296554
"5938265801","Bubo africanus (Temminck, 1821)","SPECIES",-29.299428,17.189622,5959111
"5938265820","Papilio phorcas Cramer, 1775","SPECIES",-1.378742,36.764728,1937849
"5938266070","Giraffa giraffa giraffa (von Schreber, 1784)","SUBSPECIES",-24.795404,31.545003,8959277
"5938266083","Tarentola delalandii (Duméril & Bibron, 1836)","SPECIES",28.643555,-17.934518,8994891
"5938266168","Vanessa cardui (Linnaeus, 1758)","SPECIES",-29.001686,29.475751,4299368
"5938266192","Sclerophrys pantherina (Smith, 1828)","SPECIES",-34.033069,18.408115,10851350
"5938266201","Paranomus abrotanifolius Knight","SPECIES",-34.581031,19.780008,5638134
"5938266223","Prunus lusitanica subsp. hixa (Brouss. ex Willd.) Franco","SUBSPECIES",28.474449,-16.310874,3020890
"5938266234","Crassula exilis Harv.","SPECIES",-31.932622,24.554808,7334223
"5938266244","Ectrichodia crux (Thunberg, 1783)","SPECIES",-24.046117,27.064147,9728226
"5938266384","Tritonia disticha (Klatt) Baker","SPECIES",-29.781753,30.775078,5297264
"5938266475","Euphorbia pentagona Haw.","SPECIES",-32.722243,28.309884,3065787
"5938267316","Cisticola juncidis (Rafinesque, 1810)","SPECIES",36.747656,2.969933,2492822
"5938267422","Aloe vera (L.) Burm.f.","SPECIES",28.148036,-16.735993,2777724
"5938267536","Ictinogomphus ferox (Rambur, 1842)","SPECIES",-28.786946,32.102994,1425952
"5938267556","Euplectes orix (Linnaeus, 1758)","SPECIES",-29.659717,29.538953,2494088
"5938269900","Ceratotherium simum simum (Burchell, 1817)","SUBSPECIES",-24.89607,31.596747,2440880
"5938269910","Marthasterias africana (Müller & Troschel, 1842)","SPECIES",-33.900409,18.403125,2274219
"5938269916","Hyperolius marmoratus verrucosus Hewitt, 1937","SUBSPECIES",-30.275144,30.739401,5217671
"5938270034","Corchorus asplenifolius Burch.","SPECIES",-24.532,31.347751,8419262
"5938270044","Ensete ventricosum (Welw.) Cheesman","SPECIES",5.938259,38.251014,2763050
"5938270141","Leptopelis natalensis (Smith, 1849)","SPECIES",-29.582067,30.294392,2429714
"5938270159","Bitis arietans Merrem, 1820","SPECIES",-33.490825,26.176745,8901465
"5938270201","Delonix regia (Bojer ex Hook.) Raf.","SPECIES",-4.261897,39.593474,2956176
"5938270229","Meroles ctenodactylus (Smith, 1838)","SPECIES",-29.289687,16.883297,2469656
"5938270245","Lantana rugosa Thunb.","SPECIES",-26.450751,31.998528,7658661
"5938270295","Bradypodion pumilum (Gmelin, 1789)","SPECIES",-34.054926,18.439776,8683892
"5938270872","Dasispermum suffruticosum (Bergius) B.L.Burtt","SPECIES",-33.730975,26.580958,3642907
"5938270886","Vanellus albiceps Gould, 1834","SPECIES",-24.96193,31.734705,5229144
"5938270896","Platalea alba Scopoli, 1786","SPECIES",-24.054417,27.097017,2480800
"5938270924","Sagittarius serpentarius (J.F.Miller, 1779)","SPECIES",-20.754683,16.744261,5229409
"5938271055","Cotyledon orbiculata L.","SPECIES",-25.565836,26.41741,5361969
"5938271056","Myrsine africana L.","SPECIES",-25.800444,28.263631,7331120
"5938271110","Chamaeleo dilepis Leach, 1819","SPECIES",-25.321253,31.520063,2449077
"5938271112","Centella asiatica (L.) Urb.","SPECIES",-24.161843,30.25394,3034128
"5938271221","Euclea crispa (Thunb.) Gürke","SPECIES",-25.853878,27.49675,6056988
"5938271238","Centropus senegalensis (Linnaeus, 1766)","SPECIES",12.39445,-1.491845,5231999
"5938271272","Acontias plumbeus Bianconi, 1849","SPECIES",-24.756288,31.810708,5225013
"5938271407","Cyphostemma lanigerum (Harv.) Desc. ex Wild & R.B.Drumm.","SPECIES",-25.898264,27.797897,4054608
"5938271597","Diospyros dichrophylla (Gand.) De Winter","SPECIES",-32.834485,27.737151,4070410
"5938271641","Ophioglossum lusitanicum L.","SPECIES",36.919783,7.654183,2650128
"5938271683","Chironia baccifera L.","SPECIES",-34.352692,18.484458,8252309
"5938271775","Hippopotamus amphibius Linnaeus, 1758","SPECIES",-17.908594,25.989745,2441247
"5938271785","Pelecanus onocrotalus Linnaeus, 1758","SPECIES",-34.06097,18.4961,2480350
"5938271825","Pelargonium capitatum (L.) L'Hér.","SPECIES",-33.420517,18.250692,9711656
"5938271826","Fringilla spodiogenys Bonaparte, 1841","SPECIES",35.305488,-2.961734,12217905
"5938271968","Ctenoscia minima (Dollfus, 1892)","SPECIES",36.747244,2.967097,2209874
"5938271984","Palpopleura vestita Rambur, 1842","SPECIES",-20.505822,47.239878,1428965
"5938272009","Oxyura leucocephala (Scopoli, 1769)","SPECIES",34.38744,-6.610031,2498302
"5938272020","Papio anubis (Lesson, 1827)","SPECIES",-1.097191,35.294673,5707341
"5938272038","Tridacna maxima (Röding, 1798)","SPECIES",-20.139632,57.754127,4372625
"5938272788","Adiantum capillus-veneris L.","SPECIES",28.582936,-13.932006,2651816
"5938272812","Actitis hypoleucos (Linnaeus, 1758)","SPECIES",-25.116036,31.911562,2481800
"5938273331","Chlorocebus pygerythrus (F.Cuvier, 1821)","SPECIES",-23.59089,29.784196,7262034
"5938275046","Rufoclanis numosae Wallengren, 1860","SPECIES",-24.452847,31.977255,1861584
"5938275075","Adiantum capillus-veneris L.","SPECIES",28.416809,-16.549983,2651816
"5938275084","Sonchus leptocephalus Cass.","SPECIES",28.507081,-16.192247,3105698
"5938275095","Ptyonoprogne fuligula (Lichtenstein, 1842)","SPECIES",-20.501944,16.664448,7340285
"5938275134","Bostrychia hagedash (Latham, 1790)","SPECIES",0.06812,32.460848,5229203
"5938275210","Trachinotus botla (Shaw, 1803)","SPECIES",-29.715078,31.093881,5210646
"5938275225","Orphium frutescens (L.) E.Mey.","SPECIES",-34.342292,18.99764,3844680
"5938275311","Passiflora suberosa subsp. litoralis (Kunth) Port.-Utl. ex M.A.M.Azevedo, Baumgratz & Gonç.-Estev.","SUBSPECIES",-30.259903,30.588453,2874173
"5938275422","Macronyx croceus (Vieillot, 1816)","SPECIES",-29.816832,30.810855,5230851
"5938275438","Phalacrocorax capensis (Sparrman, 1788)","SPECIES",-33.695148,26.667966,2481899
"5938275441","Eremopterix verticalis (A.Smith, 1836)","SPECIES",-19.226646,15.978423,2490689
"5938275603","Piliostigma reticulatum (DC.) Hochst.","SPECIES",13.510803,-16.463813,2953137
"5938275644","Crambionella stuhlmanni (Chun, 1896)","SPECIES",-32.769457,28.235246,2264510
"5938275665","Cheilomenes propinqua","SPECIES",-3.513544,36.028325,10352494
"5938275676","Aquila spilogaster (Bonaparte, 1850)","SPECIES",-2.847465,38.074402,6066199
"5938275868","Cupidopsis cissus cissus (Godart, 1824)","SUBSPECIES",-25.156429,30.541045,5138841
"5938275872","Pternistis leucoscepus (G.R.Gray, 1867)","SPECIES",-2.863238,38.074402,2473849
"5938275929","Ruspolia australis (Milne-Redh.) Vollesen","SPECIES",-24.453167,32.008111,7978064
"5938275945","Sclerophrys gutturalis (Power, 1927)","SPECIES",-26.812086,31.917916,9456514
"5938275948","Paragomphus cognatus (Rambur, 1842)","SPECIES",-34.039721,22.13244,5051832
"5938275979","Chroicocephalus hartlaubii (Bruch, 1855)","SPECIES",-33.148255,18.001919,6065817
"5938275994","Turnera ulmifolia L.","SPECIES",-4.793772,55.536106,2874852
"5938276008","Pternistis swainsonii swainsonii (A.Smith, 1836)","SUBSPECIES",-24.257103,30.982077,2473944
"5938276046","Vachellia karroo (Hayne) Banfi & Galasso","SPECIES",-33.629976,26.61161,3974754
"5938276172","Crambionella stuhlmanni (Chun, 1896)","SPECIES",-32.72677,28.308307,2264510
"5938276204","Opistophthalmus coetzeei Lamoral, 1979","SPECIES",-24.096008,15.91825,6894750
"5938276207","Trifolium repens L.","SPECIES",-34.047937,18.454311,5358748
"5938276290","Trithemis arteriosa (Burmeister, 1839)","SPECIES",-34.03959,22.132485,1428848
"5938276699","Tockus monteiri Hartlaub, 1865","SPECIES",-20.836492,16.649904,2475954
"5938276902","Faurea rochetiana (A.Rich.) Chiov. ex Pic.Serm.","SPECIES",-24.149849,30.316856,7287224
"5938276983","Ochna serrulata (Hochst.) Walp.","SPECIES",-33.971223,18.450166,3189680
"5938278484","Lantana camara L.","SPECIES",-25.42612,27.2243,2925303
"5938278595","Stephenia Henning, 1992","GENUS",-28.780645,32.088107,NA
"5938278596","Apis mellifera scutellata Lepeletier, 1836","SUBSPECIES",-25.88771,28.233876,1341976
"5938278611","Geosciurus inauris (Zimmermann, 1780)","SPECIES",-32.160357,25.470579,2437454
"5938278897","Connochaetes taurinus taurinus (Burchell, 1823)","SUBSPECIES",-33.294108,25.734253,2441105
"5938278923","Rhamnus prinoides L'Hér.","SPECIES",-28.94626,29.208325,3875856
"5938279053","Crocothemis erythraea (Brullé, 1832)","SPECIES",-34.066458,18.810455,1427721
"5938279122","Hasarius adansoni (Audouin, 1826)","SPECIES",-4.658701,39.370951,2177741
"5938279147","Crocuta crocuta (Erxleben, 1777)","SPECIES",-24.868125,31.56095,5218781
"5938279148","Connochaetes taurinus taurinus (Burchell, 1823)","SUBSPECIES",-24.822036,31.54845,2441105
"5938279154","Disa bivalvata (L.f.) T.Durand & Schinz","SPECIES",-34.097528,18.449451,2784068
"5938279168","Erica corifolia var. corifolia","VARIETY",-34.312949,18.992555,5682142
"5938279171","Hieraaetus pennatus (Gmelin, 1788)","SPECIES",-33.974952,18.784587,2480685
"5938279284","Telchinia rahira rahira (Boisduval, 1833)","SUBSPECIES",-33.370797,26.432415,5135944
"5938279291","Anhinga rufa (Daudin, 1802)","SPECIES",-17.897093,25.826337,2482080
"5938279296","Pontederia cordata L.","SPECIES",-33.881605,19.07233,2766030
"5938279398","Ceratotheca triloba (Bernh.) Hook.fil.","SPECIES",-24.350017,31.074891,9700256
"5938279624","Elanus caeruleus caeruleus (Desfontaines, 1789)","SUBSPECIES",-34.077397,18.50992,2480372
"5938279744","Sansevieria hyacinthoides (L.) Druce","SPECIES",-24.404936,30.819961,10754273
"5938279749","Spinotarsus colosseus (Attems, 1928)","SPECIES",-24.405133,30.813936,1024987
"5938279954","Chlorurus sordidus (Forsskål, 1775)","SPECIES",27.258158,33.884672,5211134
"5938280017","Nidorella auriculata DC.","SPECIES",-28.219946,31.948274,3117469
"5938280041","Phoenicopterus roseus Pallas, 1811","SPECIES",28.367345,-13.869195,4352332
"5938280078","Arctotheca populifolia (P.J.Bergius) Norl.","SPECIES",-33.750785,18.442074,3114968
"5938280079","Acanthocercus atricollis (Smith, 1849)","SPECIES",-29.781749,30.775711,5225997
"5938280127","Maytenus undata (Thunb.) Blakelock","SPECIES",-25.8596,27.497474,3793673
"5938280137","Papio ursinus ursinus (Kerr, 1792)","SUBSPECIES",-34.010499,18.412189,7262029
"5938280142","Scolymus hispanicus L.","SPECIES",36.588531,4.693459,5403742
"5938280152","Grewia occidentalis L.","SPECIES",-25.852931,27.496499,4261391
"5938280169","Baryphas ahenus Simon, 1902","SPECIES",-30.985901,30.274206,2175947
"5938280172","Mystacidium capense (L.f.) Schltr.","SPECIES",-33.98715,23.5371,2842127
"5938280348","Aedes aegypti (Linnaeus, 1762)","SPECIES",-29.089722,26.156389,1651891
"5938280490","Ardea melanocephala Children & Vigors, 1826","SPECIES",-34.277008,19.20628,2480923
"5938280536","Ischnura senegalensis (Rambur, 1842)","SPECIES",-34.060677,18.495649,1423286
"5938280551","Anthene amarah (Guérin-Méneville, 1847)","SPECIES",5.658664,-0.18438,1925609
"5938280596","Aepyceros melampus melampus (Lichtenstein, 1812)","SUBSPECIES",-1.135265,35.303743,2441144
"5938280599","Circaetus cinereus Vieillot, 1818","SPECIES",-24.944268,31.672985,2480665
"5938280600","Ardea ibis Linnaeus, 1758","SPECIES",-1.121079,35.28026,2480830
"5938280776","Procavia capensis capensis (Pallas, 1766)","SUBSPECIES",-32.221151,25.483069,5219598
"5938280797","Gomalia elma elma (Trimen, 1862)","SUBSPECIES",-33.982016,22.607134,1950156
"5938280864","Sideroxylon inerme L.","SPECIES",-34.009273,25.682388,2887200
"5938280891","Pycnonotus capensis (Linnaeus, 1766)","SPECIES",-34.418104,19.153361,2486138
"5938281335","Diospyros whyteana (Hiern) F.White","SPECIES",-25.86517,27.498254,4070390
"5938281353","Mimetes cucullatus (L.) R.Br.","SPECIES",-34.590611,19.473801,8349333
"5938281424","Sedum album L.","SPECIES",34.861019,-1.268349,5362008
"5938282964","Cataglyphis bombycinus (Roger, 1859)","SPECIES",31.080088,-4.042295,1319624
"5938283014","Sclerophrys capensis Tschudi, 1838","SPECIES",-33.975066,18.462037,9114626
"5938283025","Milvus migrans parasitus Grant & Mackworth-Praed, 1933","SUBSPECIES",-19.523022,23.636914,5229167
"5938283081","Protea L.","GENUS",-29.280088,29.514795,NA
"5938283093","Sympetrum fonscolombii (Selys, 1840)","SPECIES",-29.660755,25.378758,5791800
"5938283673","Strongylopus grayii (Smith, 1849)","SPECIES",-34.809054,19.95592,2429886
"5938283689","Bowiea volubilis Harv. ex Hook.f.","SPECIES",-25.979553,27.79801,7386178
"5938283711","Milvus migrans (Boddaert, 1783)","SPECIES",-28.946044,29.205449,5229167
"5938283728","Arenaria interpres (Linnaeus, 1758)","SPECIES",-20.141755,57.750971,2481776
"5938284678","Astropyga radiata (Leske, 1778)","SPECIES",-4.312891,39.582807,4341363
"5938285091","Searsia leptodictya (Diels) T.S.Yi, A.J.Mill. & J.Wen","SPECIES",-25.859592,27.497386,7321777
"5938285115","Eulophia ensata Lindl.","SPECIES",-30.25992,30.588462,5311616
"5938285116","Polemaetus bellicosus (Daudin, 1800)","SPECIES",-24.756288,31.810708,2480426
"5938285131","Erica gysbertii Guthrie & Bolus","SPECIES",-34.342954,18.868725,5684902
"5938285137","Acacia longifolia (Andrews) Willd.","SPECIES",-34.58918,19.472903,2978730
"5938285199","Foeniculum vulgare Mill.","SPECIES",-33.862897,18.629463,3034922
"5938285350","Oenothera lindheimeri (Engelm. & A.Gray) W.L.Wagner & Hoch","SPECIES",-34.012683,18.338725,3664589
"5938285374","Corvus capensis Lichtenstein, 1823","SPECIES",-34.12764,21.936436,2482521
"5938285418","Argyrolobium aciculare Dümmer","SPECIES",-34.325598,19.005084,2963670
"5938285419","Leucadendron gandogeri Schinz ex Gand.","SPECIES",-34.347978,18.927228,5638072
"5938285420","Watsonia tabularis J.W.Mathews & L.Bolus","SPECIES",-33.989728,18.413795,5297754
"5938285563","Chalcomitra senegalensis (Linnaeus, 1766)","SPECIES",-28.74776,32.082217,7340870
"5938285932","Polistes dominula (Christ, 1791)","SPECIES",-33.966062,18.479889,5871389
"5938285959","Mimusops zeyheri Sond.","SPECIES",-25.849214,27.496127,2883759
"5938285967","Equus quagga boehmi Matschie, 1892","SUBSPECIES",-3.083915,35.48157,2440892
"5938285968","Causus rhombeatus (Lichtenstein, 1823)","SPECIES",-30.170196,30.71678,2443894
"5938285972","Siphocodon spartioides Turcz.","SPECIES",-34.321259,19.007056,3166100
"5938286172","Nilus rossi (Pocock, 1902)","SPECIES",-24.328325,31.071414,7456512
"5938286217","Inonotus munzii (Lloyd) Gilb.","SPECIES",-25.816083,28.281449,2521236
"5938286239","Dombeya rotundifolia (Hochst.) Planch.","SPECIES",-24.149855,30.316848,5546739
"5938286775","Hyphaene thebaica (L.) Mart.","SPECIES",11.989488,18.236673,7931200
"5938286802","Tychaedon coryphoeus (Lesson, 1831)","SPECIES",-32.219306,25.483645,10875768
"5938288194","Acanthocercus atricollis (Smith, 1849)","SPECIES",-28.22004,31.948311,5225997
"5938288229","Euphorbia heterophylla L.","SPECIES",-24.152451,30.302603,3064495
"5938288540","Carissa macrocarpa (Eckl.) A.DC.","SPECIES",-29.718392,31.09172,5414420
"5938288587","Searsia zeyheri (Sond.) Moffett","SPECIES",-25.895022,27.800981,5544186
"5938288589","Passer diffusus (A.Smith, 1836)","SPECIES",-20.41265,17.352444,7341262
"5938288611","Stephenia Henning, 1992","GENUS",-24.503394,30.83853,NA
"5938288617","Ledebouria asperifolia (van der Merwe) S.Venter","SPECIES",-24.45802,30.77798,5952269
"5938288773","Echinodiscus bisperforatus Leske, 1778","SPECIES",-12.292412,44.425617,5721239
"5938288930","Anthobaphes violacea (Linnaeus, 1766)","SPECIES",-34.365428,18.89218,6089176
"5938288944","Peltocalathos baurii (Mac Owan) M.Tamura","SPECIES",-29.261302,29.455013,3930223
"5938288974","Agapanthus africanus (L.) Hoffmanns.","SPECIES",-34.095462,18.428784,2854740
"5938289300","Acacia saligna (Labill.) H.L.Wendl.","SPECIES",-34.367208,19.142054,2978552
"5938290553","Melierax canorus canorus","SUBSPECIES",-34.30306,19.764997,2480730
"5938290557","Aulax umbellata (Thunb.) R.Br.","SPECIES",-34.404212,19.286267,5637215
"5938290942","Ricinus communis L.","SPECIES",-24.46309,30.60905,5380041
"5938291024","Calotes versicolor (Daudin, 1802)","SPECIES",-20.047053,57.528288,9125207
"5938291123","Agama atra Daudin, 1802","SPECIES",-34.351876,18.927797,5226254
"5938291138","Stugeta bowkeri tearei Dickson, 1980","SUBSPECIES",-24.452483,31.977372,1928746
"5938291170","Equus quagga burchellii (Gray, 1824)","SUBSPECIES",-18.994189,15.581232,2440892
"5938291186","Trachylepis margaritifer (Peters, 1854)","SPECIES",-25.067166,31.55222,5225388
"5938291201","Forsskaolea angustifolia Retz.","SPECIES",28.300729,-16.373749,4102001
"5938291407","Ornithogalum schlechterianum Schinz","SPECIES",-33.980587,18.409951,2773431
"5938291426","Eriphia verrucosa (Forskål, 1775)","SPECIES",28.203828,-16.833147,5968755
"5938291458","Amietia poyntoni Channing & Baptista, 2013","SPECIES",-32.260786,25.454309,10777550
"5938292544","Tabernaemontana ventricosa Hochst. ex A.DC.","SPECIES",-29.557799,31.196762,3621302
"5938292639","Corvus albicollis Latham, 1790","SPECIES",-28.948774,29.204548,2482478
"5938292655","Grus paradisea (Lichtenstein & Aah, 1793)","SPECIES",-29.358605,29.956492,2474937
"5938292656","Tomopterna natalensis (Smith, 1849)","SPECIES",-25.91077,27.788899,2429923
"5938292680","Taphozous mauritianus E.Geoffroy, 1818","SPECIES",-22.822408,28.517712,5218741
"5938292845","Stigmochelys pardalis (Bell, 1828)","SPECIES",-31.249748,23.480257,2441757
"5938292929","Artocarpus heterophyllus Lam.","SPECIES",0.277313,6.649042,2984565
"5938292987","Lavandula canariensis Mill.","SPECIES",28.517095,-16.193847,7307851
"5938293016","Eulophia alta (L.) Fawc. & Rendle","SPECIES",-17.925653,25.853547,5311790
"5938293077","Euplectes capensis (Linnaeus, 1766)","SPECIES",-33.973845,18.785935,2494099
"5938293286","Secamone alpini Schult.","SPECIES",-25.859585,27.497368,3579429
"5938293663","Opuntia ficus-indica (L.) Mill.","SPECIES",-24.577067,30.625179,5384064
"5938293693","Lachnaea grandiflora (L.fil.) Baill.","SPECIES",-34.585667,19.780675,5523203
"5938293814","Scopus umbretta Gmelin, 1789","SPECIES",-1.131141,35.266908,5229154
"5938293820","Trachylepis variegata (Peters, 1870)","SPECIES",-29.29075,17.043857,5225423
"5938293845","Oxalis corniculata L.","SPECIES",-23.828184,30.157009,8427624
"5938293847","Diplodus capensis (Smith, 1844)","SPECIES",-33.695622,26.666144,5210964
"5938294310","Centrobolus fulgidus (Lawrence, 1967)","SPECIES",-30.985727,30.274255,11135852
"5938296571","Zizeeria knysna knysna (Trimen, 1862)","SUBSPECIES",-29.12938,31.385878,1933649
"5938296590","Centrobolus anulatus (Attems, 1934)","SPECIES",-29.776824,30.835928,11366097
"5938297653","Dasypeltis scabra (Linnaeus, 1758)","SPECIES",-24.071997,31.0229,2456029
"5938297748","Opuntia stricta (Haw.) Haw.","SPECIES",28.398834,-14.155781,5384075
"5938297817","Equus quagga boehmi Matschie, 1892","SUBSPECIES",-1.141666,35.388836,2440892
"5938297822","Euplectes ardens (Boddaert, 1783)","SPECIES",-29.701464,29.598348,2494098
"5938297824","Microcarbo africanus (Gmelin, 1789)","SPECIES",-34.06015,18.497922,6066519
"5938297862","Gomphocarpus physocarpus E.Mey.","SPECIES",-27.038496,32.448445,3170326
"5938297927","Euphorbia handiensis Burchard","SPECIES",28.024285,-14.269495,3067114
"5938298614","Dessonornis caffer caffer","SUBSPECIES",-32.318122,18.329425,10671440
"5938298662","Polistes marginalis (Fabricius, 1775)","SPECIES",-33.937472,18.510447,1310567
"5938298665","Colius striatus J.F.Gmelin, 1789","SPECIES",-25.674,28.189,5229467
"5938298795","Serruria fasciflora Knight","SPECIES",-33.921904,18.704831,3997666
"5938298797","Tithoes confinis (Castelnau, 1840)","SPECIES",-14.002124,34.520638,1134574
"5938298800","Euphorbia tirucalli L.","SPECIES",-28.220021,31.94822,3069353
"5938299320","Spialia ferax (Wallengren, 1863)","SPECIES",-25.156212,30.542165,1945587
"5938300249","Odontopacha fenestrata Aurivillius, 1908","SPECIES",-24.452962,31.977433,1734990
"5938300303","Byblia ilithyia (Drury, 1773)","SPECIES",-24.503394,30.83853,1892555
"5938301099","Spatalla parilis Knight","SPECIES",-33.986436,20.447606,3995774
"5938301267","Pyrrhocoris apterus (Linnaeus, 1758)","SPECIES",33.544996,-7.644299,4486826
"5938302344","Buddleja salviifolia (L.) Lam.","SPECIES",-25.853926,27.496799,4055797
"5938302345","Hyperolius marmoratus Rapp, 1842","SPECIES",-30.281094,30.754179,5217671
"5938302380","Fuligo septica (L.) F.H.Wigg., 1780","SPECIES",-25.842232,28.234117,5426027
"5938302531","Bubo africanus (Temminck, 1821)","SPECIES",-29.046525,30.298689,5959111
"5938302534","Lobularia canariensis (DC.) L.Borgen","SPECIES",28.299478,-16.823762,5373341
"5938302542","Nerita albicilla Linnaeus, 1758","SPECIES",-34.212789,24.837701,5728452
"5938302549","Atractylis cancellata L.","SPECIES",34.861019,-1.268349,5398279
"5938302574","Panthera leo melanochaita (C.E.H.Smith, 1858)","SUBSPECIES",-3.196291,35.612309,5219404
"5938305248","Hippotion eson Cramer, 1779","SPECIES",-34.611392,19.329237,1862311
"5938305557","Asplenium hemionitis L.","SPECIES",28.45871,-16.405543,7310665
"5938305658","Merops apiaster Linnaeus, 1758","SPECIES",-28.220031,31.948301,2475443
"5938305741","Araneus apricus (Karsch, 1884)","SPECIES",-29.776837,30.835878,2160053
"5938305782","Leucospermum oleifolium (P.J.Bergius) R.Br.","SPECIES",-34.332292,18.987963,3997169
"5938305862","Diospyros austroafricana De Winter","SPECIES",-29.067251,26.215945,4070334
"5938305953","Leucospermum calligerum (Knight) Rourke","SPECIES",-34.068543,20.458575,3997575
"5938306115","Asplenium friesiorum C.Chr.","SPECIES",-25.845514,27.49656,8534798
"5938306119","Burhinus capensis capensis (M.H.K.Lichtenstein, 1823)","SUBSPECIES",-26.11699,27.851656,2482097
"5938306124","Pseudonympha magoides van Son, 1955","SPECIES",-28.513504,28.652991,5132529
"5938306146","Lybius torquatus (Dumont, 1805)","SPECIES",-25.332707,31.798045,2479007
"5938306273","Cyrtomium falcatum (L.fil.) C.Presl","SPECIES",-34.412362,19.174845,2650829
"5938306278","Lophostethus dumolinii Angas, 1849","SPECIES",-10.769531,25.256304,1863640
"5938306341","Ptychadena anchietae (Bocage, 1868)","SPECIES",-24.067232,30.561608,2428904
"5938306342","Salvia verbenaca L.","SPECIES",-31.249946,23.482368,6409706
"5938306556","Calherodius leuconotus (Wagler, 1827)","SPECIES",-25.498037,31.480513,2480840
"5938306558","Melierax canorus canorus","SUBSPECIES",-32.223371,25.431369,2480730
"5938306634","Allocnemis leucosticta Selys, 1863","SPECIES",-29.776771,30.835856,1423913
"5938306743","Opistophthalmus adustus Kraepelin, 1908","SPECIES",-24.10116,15.91531,6894730
"5938306747","Panthera leo melanochaita (C.E.H.Smith, 1858)","SUBSPECIES",-24.981695,31.437652,5219404
"5938306771","Pupalia lappacea (L.) A.Juss.","SPECIES",-25.332968,31.801613,7323604
"5938306776","Tridax procumbens L.","SPECIES",6.598542,3.357272,3149462
"5938306914","Pelea capreolus (Forster, 1790)","SPECIES",-34.140201,19.497521,5220184
"5938306921","Tadorna cana (J.F.Gmelin, 1789)","SPECIES",-34.084228,18.517971,2498010
"5938306932","Pelea capreolus (Forster, 1790)","SPECIES",-32.260323,25.427001,5220184
"5938306933","Passer diffusus (A.Smith, 1836)","SPECIES",-32.224784,25.478056,7341262
"5938306951","Phalacrocorax carbo lucidus","SUBSPECIES",-34.062004,18.493813,2481890
"5938306957","Philenoptera violacea (Klotzsch) Schrire","SPECIES",-24.406019,30.819039,3976037
"5938306960","Maura rubroornata (Stål, 1855)","SPECIES",-25.897666,27.7992,1728523
"5938306965","Milvus migrans (Boddaert, 1783)","SPECIES",-3.2105,35.60081,5229167
"5938306999","Allocnemis leucosticta Selys, 1863","SPECIES",-28.780653,32.094559,1423913
"5938307004","Kiggelaria africana L.","SPECIES",-33.998569,18.413233,3880382
"5938307005","Lavandula canariensis Mill.","SPECIES",28.758297,-18.004843,7307851
"5938307351","Euplectes orix (Linnaeus, 1758)","SPECIES",-25.117834,31.916276,2494088
"5938307921","Pellaea calomelanos var. calomelanos","VARIETY",-24.576995,30.624671,7335563
"5938307974","Trema orientale (L.) Blume","SPECIES",-24.460677,30.609633,2984508
"5938307981","Cocos nucifera L.","SPECIES",-6.916723,39.484595,2735117
"5938307994","Leucas capensis (Benth.) Engl.","SPECIES",-24.260999,29.620737,5606855
"5938308038","Strelitzia nicolai Regel & Körn.","SPECIES",-32.723815,28.313529,2763112
"5938309662","Buteo buteo (Linnaeus, 1758)","SPECIES",-28.220045,31.948317,2480537
"5938309670","Cyperus esculentus L.","SPECIES",-25.807882,28.260931,2716226
"5938309990","Sesbania punicea (Cav.) Benth.","SPECIES",-33.980667,20.813983,2970728
"5938310137","Rotheca louwalbertsii (P.P.J.Herman) P.P.J.Herman & Retief","SPECIES",-25.771039,28.297104,3887443
"5938310155","Zizeeria knysna (Trimen, 1862)","SPECIES",-33.966062,18.479884,1933649
"5938310165","Vachellia karroo (Hayne) Banfi & Galasso","SPECIES",-33.54251,26.54105,3974754
"5938310174","Solanum nigrum L.","SPECIES",29.96783,31.267236,9150405
"5938310186","Moraea tripetala (L.f.) Ker Gawl.","SPECIES",-34.093233,18.43059,2744398
"5938310192","Salvia aurea L.","SPECIES",-33.69352,26.669427,3884533
"5938310215","Cisticola fulvicapilla silberbauer (Roberts, 1919)","SUBSPECIES",-34.080503,18.399642,7340401
"5938311349","Junonia rhadama (Boisduval, 1833)","SPECIES",-20.507348,47.239595,5130487
"5938311357","Passiflora edulis Sims","SPECIES",-15.377712,28.39258,2874190
"5938311375","Coracias garrulus Linnaeus, 1758","SPECIES",-25.223155,31.871477,2475365
"5938311480","Vachellia karroo (Hayne) Banfi & Galasso","SPECIES",-33.469594,26.480593,3974754
"5938311496","Argiope australis (Walckenaer, 1805)","SPECIES",-25.108219,31.512364,5170988
"5938311518","Syncerus caffer caffer (Sparrman, 1779)","SUBSPECIES",-3.113608,35.439285,2441034
"5938311582","Eudorcas thomsonii nasalis (Lönnberg, 1908)","SUBSPECIES",-1.113966,35.274309,7261427
"5938311587","Oxalis corniculata L.","SPECIES",28.395871,-16.593955,8427624
"5938311620","Sarangesa seineri seineri Strand, 1909","SUBSPECIES",-24.569703,27.835521,1942762
"5938311736","Motacilla capensis capensis Linnaeus, 1766","SUBSPECIES",-32.237317,25.460016,2490296
"5938312134","Atilax paludinosus paludinosus","SUBSPECIES",-34.100753,18.433003,2434188
"5938312172","Ipomoea indica (Burm.) Merr.","SPECIES",-33.933074,22.421657,2928598
"5938312312","Ziziphus mucronata Willd.","SPECIES",-24.595115,30.912047,3875567
"5938312435","Numida meleagris (Linnaeus, 1758)","SPECIES",-1.146232,35.350566,2473341
"5938312441","Varanus niloticus (Linnaeus, 1766)","SPECIES",-24.902899,31.751395,2470656
"5938313534","Protea neriifolia R.Br.","SPECIES",-34.370629,20.557642,5637070
"5938313615","Guilleminea densa (Willd.) Moq.","SPECIES",-24.460794,30.609654,3085188
"5938313636","Ploceus cucullatus (Statius Muller, 1776)","SPECIES",0.062081,32.479351,2494058
"5938313644","Oenothera rosea Aiton","SPECIES",-28.946891,29.230116,3188875
"5938313651","Dendroaspis polylepis Günther, 1864","SPECIES",-30.213283,30.782801,8054654
"5938313765","Paronychia canariensis (L.fil.) Juss.","SPECIES",28.531628,-16.340259,7576376
"5938313849","Trithemis annulata (Palisot de Beauvois, 1807)","SPECIES",-29.110555,31.600413,1428835
"5938313898","Cussonia paniculata Eckl. & Zeyh.","SPECIES",-29.278606,29.518143,3035211
"5938314008","Phaenocoma prolifera (L.) D.Don","SPECIES",-34.471153,19.579857,3104261
"5938314108","Varanus niloticus (Linnaeus, 1766)","SPECIES",-3.42653,35.813015,2470656
"5938314160","Cassida unimaculata Boheman, 1854","SPECIES",-30.987657,30.276576,6276546
"5938314206","Searsia montana (Diels) Moffett","SPECIES",-29.265453,29.461603,5544282
"5938314225","Laniarius funebris (Hartlaub, 1863)","SPECIES",-2.85638,38.073029,2484861
"5938314257","Gladiolus longicollis subsp. longicollis","SUBSPECIES",-29.263451,29.435482,2750516
"5938314347","Asplenium cordatum (Thunb.) Sw.","SPECIES",-25.865837,27.498318,4256278
"5938314363","Streptocarpus gardenii Hook.","SPECIES",-28.683184,28.930696,5591182
"5938314386","Ficus ingens (Miq.) Miq.","SPECIES",-25.848183,27.496094,5570086
"5938314397","Galerida magnirostris (Stephens, 1826)","SPECIES",-33.202758,18.129262,2490668
"5938314399","Lobelia stenosiphon (Adamson) E.Wimm.","SPECIES",-34.31309,19.008504,5407844
"5938315026","Icthyophaga vocifer (Daudin, 1800)","SPECIES",-17.894675,25.821012,2480454
"5938315045","Freesia grandiflora subsp. grandiflora","SUBSPECIES",-25.887324,28.232932,2747060
"5938315057","Bostrychia hagedash hagedash (Latham, 1790)","SUBSPECIES",-30.202371,30.099428,5229203
"5938315116","Dicrurus adsimilis (Bechstein, 1794)","SPECIES",-29.781729,30.845637,2493963
"5938315226","Upupa epops Linnaeus, 1758","SPECIES",27.045106,33.901303,2498415
"5938316199","Rubus probus L.H.Bailey","SPECIES",-21.096031,55.550456,2999927
"5938316217","Maerua angolensis subsp. angolensis","SUBSPECIES",-24.260834,29.620612,7273321
"5938316284","Grewia flava DC.","SPECIES",-25.403137,28.427587,4261911
"5938317260","Sousa plumbea (G.Cuvier, 1829)","SPECIES",-6.273333,39.490866,2440506
"5938317285","Aethalopteryx squameus Distant, 1902","SPECIES",-24.452508,31.9777,6122542
"5938317297","Sphaerocoris Burmeister, 1835","GENUS",-15.416669,28.364888,NA
"5938318002","Zizeeria knysna knysna (Trimen, 1862)","SUBSPECIES",-25.157176,30.542268,1933649
"5938318104","Vanellus coronatus (Boddaert, 1783)","SPECIES",-2.132616,34.481697,5229137
"5938318113","Sclerophrys capensis Tschudi, 1838","SPECIES",-34.424987,19.227943,9114626
"5938318301","Helichrysum spiralepis Hilliard & Burtt","SPECIES",-29.254227,29.423888,3131359
"5938318404","Diospyros lycioides subsp. lycioides","SUBSPECIES",-28.89545,26.391753,4070128
"5938318406","Terminalia prunioides M.A.Lawson","SPECIES",-18.434153,21.905536,3698514
"5938318464","Kobus ellipsiprymnus defassa (Rüppell, 1835)","SUBSPECIES",-3.258079,35.401302,5220160
"5938318563","Bubo africanus africanus (Temminck, 1821)","SUBSPECIES",-24.08593,31.025581,5959111
"5938318601","Bombomyia discoidea (Fabricius, 1794)","SPECIES",-33.94449,22.063869,1670707
"5938318696","Tritoniopsis unguicularis (Lam.) G.J.Lewis","SPECIES",-34.090333,18.421475,5296462
"5938318700","Lobelia coronopifolia L.","SPECIES",-33.921992,18.70572,5408678
"5938318727","Equus quagga burchellii (Gray, 1824)","SUBSPECIES",-19.116972,16.340224,2440892
"5938318768","Paragomphus genei (Selys, 1841)","SPECIES",-25.28614,31.531606,5051803
"5938318841","Chersina angulata (Schweigger, 1812)","SPECIES",-33.921222,18.706947,5220285
"5938318962","Terathopius ecaudatus (Daudin, 1800)","SPECIES",-2.872839,38.068909,2480377
"5938319344","Pilea microphylla (L.) Liebm.","SPECIES",-23.829142,30.155816,5361841
"5938319505","Hirundo rustica Linnaeus, 1758","SPECIES",-34.131428,18.430455,9515886
"5938319538","Hottentotta trilineatus (Peters, 1861)","SPECIES",-24.420778,31.983842,6893427
"5938319672","Fulica cristata Gmelin, 1789","SPECIES",-34.060786,18.494513,2474381
"5938319732","Spatalla parilis Knight","SPECIES",-33.979585,20.824125,3995774
"5938319786","Pyura stolonifera (Heller, 1878)","SPECIES",-33.695684,26.664607,2331812
"5938319839","Amauris ochlea ochlea (Boisduval, 1847)","SUBSPECIES",-26.057942,32.616301,1906006
"5938319846","Eysarcoris ventralis (Westwood, 1837)","SPECIES",27.765206,-15.556248,2078842
"5938319913","Oreotragus oreotragus (Zimmermann, 1783)","SPECIES",-2.915523,38.002752,2441044
"5938319976","Crocuta crocuta (Erxleben, 1777)","SPECIES",-3.168363,35.543103,5218781
"5938320002","Turdus merula Linnaeus, 1758","SPECIES",27.765227,-15.556295,2490719
"5938320025","Diospyros glabra (L.) De Winter","SPECIES",-33.922667,18.70362,4070813
"5938320026","Drimia altissima (L.f.) Ker Gawl.","SPECIES",-24.341725,31.072957,8295156
"5938320057","Euphorbia ingens E.Mey. ex Boiss.","SPECIES",-3.790175,36.01737,3070041
"5938320080","Serinus canaria (Linnaeus, 1758)","SPECIES",32.867841,-17.168515,2494303
"5938320097","Coris aygula Lacepède, 1801","SPECIES",-20.130581,57.757154,5209766
"5938320217","Ajuga ophrydis Burch. ex Benth.","SPECIES",-29.249353,29.443516,3886928
"5938320222","Sandersonia aurantiaca Hook.","SPECIES",-29.217539,29.548942,2740395
"5938320231","Harpactira atra (Latreille, 1832)","SPECIES",-33.910809,18.707402,5170461
"5938320251","Falco rupicolus Daudin, 1800","SPECIES",-34.131397,18.430372,6065652
"5938320965","Cacosternum boettgeri (Boulenger, 1882)","SPECIES",-23.586931,29.784564,2429906
"5938321057","Nastus borbonicus J.F.Gmel.","SPECIES",-21.066219,55.541531,5679270
"5938321064","Flaveria bidentis (L.) Kuntze","SPECIES",-24.459438,30.610235,3086861
"5938321078","Erica mammosa L.","SPECIES",-34.116905,18.449449,5684170
"5938321080","Muscicapa striata (Pallas, 1764)","SPECIES",-28.220012,31.948252,2492576
"5938321242","Cussonia paniculata subsp. sinuata (Reyneke & Kok) De Winter","SUBSPECIES",-25.865514,27.49819,3035211
"5938321248","Englerophytum magalismontanum (Sond.) T.D.Penn.","SPECIES",-25.85374,27.496745,2888092
"5938321251","Acholeplasmataceae","FAMILY",-34.320725,18.965145,NA
"5938321491","Ziziphus mucronata Willd.","SPECIES",-25.862442,27.497055,3875567
"5938321516","Tockus leucomelas (M.H.K.Lichtenstein, 1842)","SPECIES",-24.817707,31.545525,2475955
"5938321540","Opisthacanthus validus Thorell, 1876","SPECIES",-28.855096,30.010104,6892691
"5938321541","Mausoleopsis amabilis amabilis (Schaum, 1844)","SUBSPECIES",-34.099377,18.836033,1083024
"5938321579","Burhinus capensis (M.H.K.Lichtenstein, 1823)","SPECIES",-34.369665,18.885623,2482097
"5938321612","Opuntia ficus-indica (L.) Mill.","SPECIES",-31.771059,25.638151,5384064
"5938322281","Lamprotornis nitens (Linnaeus, 1766)","SPECIES",-23.590656,29.784578,2489073
"5938322413","Pellaea calomelanos (Sw.) Link","SPECIES",-28.7013,30.015761,7335563
"5938322440","Searsia laevigata (L.) F.A.Barkley","SPECIES",-34.027379,18.385396,7321783
"5938322453","Oenanthe deserti (Temminck, 1825)","SPECIES",31.09636,-4.042671,5231244
"5938322462","Coeliades forestan (Stoll, 1782)","SPECIES",-24.452317,31.977597,1947113
"5938322556","Cyphostemma lanigerum (Harv.) Desc. ex Wild & R.B.Drumm.","SPECIES",-25.85297,27.496576,4054608
"5938322557","Clutia pulchella L.","SPECIES",-25.851293,27.496752,7687849
"5938322738","Searsia glauca (Thunb.) Moffett","SPECIES",-34.009573,25.681999,5544347
"5938322746","Kniphofia caulescens Baker","SPECIES",-29.275332,29.433351,5305137
"5938322752","Rhodohypoxis baurii (Baker) Nel","SPECIES",-29.248094,29.447811,2852606
"5938322779","Erica cerinthoides L.","SPECIES",-34.091049,18.428336,7692345
"5938323451","Wigandia urens (Ruiz & Pav.) Kunth","SPECIES",28.46871,-16.451345,2928366
"5938323464","Peltophorum africanum Sond.","SPECIES",-24.577044,30.625124,2952780
"5938323489","Urocolius indicus indicus (Latham, 1790)","SUBSPECIES",-34.151237,18.887245,2482315
"5938323611","Buteo buteo vulpinus (Gloger, 1833)","SUBSPECIES",-25.208209,31.572495,2480537
"5938323896","Phoenix dactylifera L.","SPECIES",30.693472,-6.441052,6109699
"5938323934","Trithemis arteriosa (Burmeister, 1839)","SPECIES",-32.260621,25.454035,1428848
"5938323940","Cisticola subruficapilla (A.Smith, 1843)","SPECIES",-32.238792,25.431765,7340488
"5938323943","Senegalia burkei (Benth.) Kyal. & Boatwr.","SPECIES",-24.406448,30.818378,8270791
"5938324107","Agathodes musivalis Guenée, 1854","SPECIES",-33.315916,26.533948,5127094
"5938324123","Psidium guineense Sw.","SPECIES",-24.929221,47.044803,5420509
"5938324151","Oxalis pes-caprae L.","SPECIES",32.698567,-17.085514,2891661
"5938324159","Sporopipes squamifrons (A.Smith, 1836)","SPECIES",-32.260853,25.454329,2494083
"5938324212","Obetia tenax (N.E.Br.) Friis","SPECIES",-25.825597,28.378353,4099723
"5938325090","Erioderus hirtus (Fabricius, 1787)","SPECIES",-34.418006,19.153485,1096853
"5938325130","Puffinus mauretanicus Lowe, 1921","SPECIES",35.137563,-1.825337,5229360
"5938325251","Senegalia hereroensis (Engl.) Kyal. & Boatwr.","SPECIES",-22.73372,16.060889,7941364
"5938325364","Amietia fuscigula (Duméril & Bibron, 1841)","SPECIES",-34.349928,18.927346,2429955
"5938325370","Sceliphron spirifex (Linnaeus, 1758)","SPECIES",-24.364404,30.947279,5041423
"5938325552","Opisthacanthus capensis Thorell, 1876","SPECIES",-33.973756,23.555034,6892714
"5938325625","Digitalis canariensis L.","SPECIES",28.448202,-16.409973,5559284
"5938325657","Chaetodon vagabundus Linnaeus, 1758","SPECIES",-20.130581,57.757154,2385564
"5938325738","Sclerophrys pantherina (Smith, 1828)","SPECIES",-34.088863,18.475072,10851350
"5938325928","Cisticola juncidis (Rafinesque, 1810)","SPECIES",36.747749,2.970506,2492822
"5938326036","Trichonephila inaurata (Walckenaer, 1841)","SPECIES",-29.110548,31.600431,10896946
"5938326037","Pseudobunaea tyrrhena Westwood, 1849","SPECIES",-1.110555,29.716562,1867934
"5938326043","Bicyclus safitza safitza (Westwood, 1850)","SUBSPECIES",-29.816748,30.810062,1893562
"5938326058","Panthera leo melanochaita (C.E.H.Smith, 1858)","SUBSPECIES",-3.821211,36.081052,5219404
"5938326092","Gyps africanus Salvadori, 1865","SPECIES",-24.259536,30.954341,9487001
"5938326117","Spermestes cucullata scutata Heuglin, 1863","SUBSPECIES",-22.961719,30.476081,2493624
"5938326122","Hyphaene thebaica (L.) Mart.","SPECIES",11.989533,18.236688,7931200
"5938326131","Nesciothemis farinosa (Förster, 1898)","SPECIES",-28.786946,32.102994,1428910
"5938326145","Cigaritis mozambica (Bertolini, 1850)","SPECIES",-25.158653,30.547502,9891629
"5938326153","Osyridicarpos schimperianus (Hochst. ex A.Rich.) A.DC.","SPECIES",-24.407505,30.814447,3789065
"5938326516","Drimia altissima (L.f.) Ker Gawl.","SPECIES",-33.465863,26.806225,8295156
"5938326642","Diospyros whyteana (Hiern) F.White","SPECIES",-25.849231,27.496105,4070390
"5938326649","Aethiopocassis vigintimaculata (Thunberg, 1789)","SPECIES",-30.259903,30.588453,6271829
"5938326653","Plectropterus gambensis niger P.L.Sclater, 1877","SUBSPECIES",-25.34897,31.780278,5232465
"5938327230","Ansellia africana Lindl.","SPECIES",-24.365342,30.729061,2842140
"5938327232","Leucospermum cuneiforme (Burm.fil.) Rourke","SPECIES",-34.058721,20.461375,3997464
"5938327273","Sigelus silens (Shaw, 1809)","SPECIES",-34.155389,18.879513,2492444
"5938327278","Ocimum americanum L.","SPECIES",-24.578394,30.616118,2927097
"5938327344","Gallotia galloti (Oudart, 1839)","SPECIES",28.367333,-16.722023,8682680
"5938327404","Ensete ventricosum (Welw.) Cheesman","SPECIES",5.930865,38.233719,2763050
"5938327460","Balanites maughamii Sprague","SPECIES",-24.408765,30.86714,5421114
"5938330208","Lobelia flaccida (C.Presl) A.DC.","SPECIES",-29.740525,29.270255,5408704
"5938330213","Chlorocebus pygerythrus (F.Cuvier, 1821)","SPECIES",-23.57301,29.826644,7262034
"5938330229","Aulax umbellata (Thunb.) R.Br.","SPECIES",-34.470938,19.579715,5637215
"5938330929","Syzygium cordatum Hochst.","SPECIES",-28.35759,32.323278,8652576
"5938331006","Cyrtophora citricola (Forsskål, 1775)","SPECIES",28.095449,-15.539104,5171231
"5938331008","Dicrurus adsimilis fugax W.Peters, 1868","SUBSPECIES",-24.996427,31.588727,2493963
"5938331069","Serinus serinus (Linnaeus, 1766)","SPECIES",35.308216,-2.960225,2494200
"5938331093","Phelsuma laticauda laticauda (Boettger, 1880)","SUBSPECIES",-20.950049,55.652784,2447506
"5938331109","Anas undulata undulata C.F.Dubois, 1838","SUBSPECIES",-34.060778,18.494507,2498156
"5938331134","Crithagra sulphurata (Linnaeus, 1766)","SPECIES",-32.223279,25.479817,6100973
"5938331188","Coracias caudatus Linnaeus, 1766","SPECIES",-24.82398,31.548905,2475360
"5938331190","Bombax costatum Pellegr. & Vuillet","SPECIES",12.876007,-13.583398,4073451
"5938331194","Strychnos spinosa Lam.","SPECIES",12.87676,-13.585348,5414400
"5938331270","Loxia curvirostra Linnaeus, 1758","SPECIES",35.308912,-2.956307,9629160
"5938331495","Mimetes cucullatus (L.) R.Br.","SPECIES",-34.370836,20.559531,8349333
"5938331643","Schkuhria pinnata (Lam.) Kuntze","SPECIES",-24.45945,30.610227,8346536
"5938331655","Ischnura senegalensis (Rambur, 1842)","SPECIES",-23.861025,29.705412,1423286
"5938331706","Dioscorea dregeana (Kunth) T.Durand & Schinz","SPECIES",-24.16135,30.254786,2754819
"5938331810","Carcharodon carcharias (Linnaeus, 1758)","SPECIES",-32.777707,28.305201,2420694
"5938331857","Metalasia lichtensteinii Less.","SPECIES",-34.33092,19.007897,3095197
"5938331866","Cycnium racemosum Benth.","SPECIES",-29.542338,29.952975,3727216
"5938331897","Zapornia pusilla (Pallas, 1776)","SPECIES",-34.05978,18.498493,2474628
"5938332025","Uroplectes triangulifer (Thorell, 1876)","SPECIES",-32.720745,25.634328,6893396
"5938332313","Equus quagga chapmani Layard, 1865","SUBSPECIES",-24.4032,31.768742,2440892
"5938332375","Pelargonium pinnatum (L.) L'Hér.","SPECIES",-34.5795,19.779474,3826421
"5938332398","Melaenornis pammelaina (Stanley, 1814)","SPECIES",-29.818224,30.81116,2492656
"5938332403","Ceratogomphus pictus Hagen, 1854","SPECIES",-33.944467,22.063272,10712575
"5938332443","Crinifer zonurus (Ruppell, 1835)","SPECIES",-2.142804,34.579842,2475212
"5938332450","Orycteropus afer afer (Pallas, 1766)","SUBSPECIES",-26.942116,21.802451,5218416
"5938332462","Numenius phaeopus (Linnaeus, 1758)","SPECIES",28.133189,-16.785963,2481784
"5938332508","Ajuga ophrydis Burch. ex Benth.","SPECIES",-29.25113,29.440169,3886928
"5938332520","Euphorbia hirta L.","SPECIES",-23.829148,30.155823,3068937
"5938332529","Moraea setifolia (L.f.) Druce","SPECIES",-14.611339,26.165844,2744657
"5938332717","Euphorbia lamarckii Sweet","SPECIES",28.093486,-16.718925,3069469
"5938332768","Acrida sulphuripennis (Gerstaecker, 1869)","SPECIES",-25.151266,31.939741,5099461
"5938333156","Ardea melanocephala Children & Vigors, 1826","SPECIES",-1.94758,30.071198,2480923
"5938333161","Leucadendron gandogeri Schinz ex Gand.","SPECIES",-34.348282,18.873733,5638072
"5938333241","Stigmochelys pardalis (Bell, 1828)","SPECIES",-31.25399,23.490268,2441757
"5938333246","Lestes tridens McLachlan, 1895","SPECIES",-26.153008,32.001393,5051656
"5938333299","Necrosyrtes monachus (Temminck, 1823)","SPECIES",-25.228029,31.468864,2480715
"5938333302","Erica cristata Dulfer","SPECIES",-34.328825,19.005284,5682075
"5938333316","Orphium frutescens (L.) E.Mey.","SPECIES",-34.287037,18.437553,3844680
"5938333494","Madoqua Ogilby, 1837","GENUS",-2.103894,34.523735,NA
"5938333518","Canis lupaster Hemprich & Ehrenberg, 1833","SPECIES",-3.159349,35.558845,8702600
"5938333521","Scadoxus puniceus (L.) Friis & Nordal","SPECIES",-25.895015,27.800965,2860719
"5938335875","Columba livia var. domestica J.F.Gmelin, 1789","VARIETY",28.505525,-16.19135,2495414
"5938335898","Aichryson laxum (Haw.) Bramwell","SPECIES",28.44673,-16.411945,7334818
"5938335918","Curimopsis tenerifensis (Palm, 1976)","SPECIES",28.388501,-16.571757,4404833
"5938335975","Chlorocebus pygerythrus pygerythrus (F.Cuvier, 1821)","SUBSPECIES",-28.220021,31.948279,7262034
"5938335980","Euplectes capensis (Linnaeus, 1766)","SPECIES",-34.07041,18.52112,2494099
"5938335981","Tritoniopsis dodii (G.J.Lewis) G.J.Lewis","SPECIES",-34.395723,19.265289,5296467
"5938335991","Gladiolus ecklonii Lehm.","SPECIES",-25.411653,30.106369,2750118
"5938337045","Chondrodactylus laevigatus (Fischer, 1888)","SPECIES",-18.814353,17.129192,11134094
"5938337050","Acacia saligna (Labill.) H.L.Wendl.","SPECIES",-33.951802,25.487778,2978552
"5938337111","Euphorbia lamarckii Sweet","SPECIES",28.232289,-16.758917,3069469
"5938337294","Hippopotamus amphibius Linnaeus, 1758","SPECIES",-23.854903,31.575709,2441247
"5938337300","Pycnonotus barbatus (Desfontaines, 1789)","SPECIES",-28.747735,32.08229,2486147
"5938337815","Vanellus albiceps Gould, 1834","SPECIES",-25.116042,31.911511,5229144
"5938337991","Polistes marginalis (Fabricius, 1775)","SPECIES",-34.082459,18.427632,1310567
"5938337994","Euphorbia hirta L.","SPECIES",-24.144851,30.301103,3068937
"5938337998","Morus bassanus (Linnaeus, 1758)","SPECIES",36.805081,2.893922,2480964
"5938338018","Connochaetes taurinus mearnsi (Heller, 1913)","SUBSPECIES",-2.137733,34.493694,2441105
"5938338113","Heteromorpha arborescens var. abyssinica (Hochst. ex A.Rich.) H.Wolff","VARIETY",-25.859587,27.497384,6027321
"5938338145","Corvus corax Linnaeus, 1758","SPECIES",28.078506,-16.649558,2482492
"5938338269","Mystroxylon aethiopicum subsp. schlechteri (Loes.) R.H.Archer","SUBSPECIES",-24.406666,30.815045,7265777
"5938338656","Crassula fascicularis Lam.","SPECIES",-34.371386,20.540963,5688703
"5938341349","Anarhynchus Quoy & Gaimard, 1832","GENUS",-33.734702,26.576379,NA
"5938341357","Phylloscopus collybita (Vieillot, 1817)","SPECIES",36.804705,2.894642,2493091
"5938341495","Panthera leo melanochaita (C.E.H.Smith, 1858)","SUBSPECIES",-3.087878,35.764644,5219404
"5938341497","Civettictis civetta civetta (Schreber, 1776)","SUBSPECIES",13.519207,-16.475973,2434634
"5938342168","Tmesibasis lacerata (Hagen, 1853)","SPECIES",-27.552662,32.667478,2103013
"5938342246","Dendrocygna viduata (Linnaeus, 1766)","SPECIES",-33.958633,22.368503,2498396
"5938342279","Sonchus oleraceus L.","SPECIES",-25.824507,28.378483,8228544
"5938343115","Scotopelia peli Bonaparte, 1850","SPECIES",-18.360555,21.84723,2497870
"5938343204","Satyrium longicauda Lindl.","SPECIES",-28.946486,29.194568,5307416
"5938343261","Hyperolius marmoratus Rapp, 1842","SPECIES",-24.527902,31.060558,5217671
"5938343293","Catopsilia florella (Fabricius, 1775)","SPECIES",-25.426795,31.450177,1919346
"5938343742","Poyntonophrynus fenoulheti (Hewitt & Methuen, 1912)","SPECIES",-23.859749,31.12853,2422461
"5938343750","Lamprotornis bicolor (Gmelin, 1789)","SPECIES",-32.224756,25.478313,6100943
"5938343869","Pycnonotus barbatus (Desfontaines, 1789)","SPECIES",-28.220036,31.948274,2486147
"5938343902","Paspalum notatum Flüggé","SPECIES",-29.538213,30.254455,2705621
"5938343928","Melierax metabates mechowi Cabanis, 1882","SUBSPECIES",-25.262132,31.502214,2480733
"5938345421","Ropalidia distigma (Gerst., 1857)","SPECIES",-34.01168,25.526311,1311267
"5938345432","Acridotheres tristis (Linnaeus, 1766)","SPECIES",-26.308175,28.099362,2489005
"5938345537","Urothemis assignata (Selys, 1872)","SPECIES",-28.780516,32.088982,5052230
"5938345584","Protea denticulata Rourke","SPECIES",-34.371103,20.541294,5637904
"5938345650","Eutricha obscura (Walker, 1855)","SPECIES",-34.011696,25.526268,6113870
"5938345742","Chlidonias hybrida (Pallas, 1811)","SPECIES",-34.06099,18.496297,2481121
"5938345767","Trithemis annulata (Palisot de Beauvois, 1807)","SPECIES",-28.780624,32.088472,1428835
"5938345815","Iolaus silarus Druce, 1885","SPECIES",-28.77967,32.087176,1928076
"5938345821","Homopus areolatus (Thunberg, 1787)","SPECIES",-32.702648,25.617586,5220261
"5938345824","Otus senegalensis senegalensis (Swainson, 1837)","SUBSPECIES",-32.712251,25.64713,5232311
"5938345873","Falco peregrinus minor Bonaparte, 1850","SUBSPECIES",-33.775042,18.678682,2481047
"5938345875","Cornu aspersum (O.F.Müller, 1774)","SPECIES",35.785328,-5.808179,5858758
"5938345919","Ischnura senegalensis (Rambur, 1842)","SPECIES",-23.861022,29.705414,1423286
"5938345988","Mentha longifolia (L.) L.","SPECIES",-25.156379,30.543362,7510173
"5938346026","Ocypode Weber, 1795","GENUS",-32.748972,28.280255,NA
"5938346027","Melaniparus afer (J.F.Gmelin, 1789)","SPECIES",-32.220731,25.483189,2487931
"5938346030","Vachellia tortilis subsp. raddiana (Savi) Kyal. & Boatwr.","SUBSPECIES",31.227921,-4.765091,3974700
"5938346111","Geastrum saccatum Fr.","SPECIES",-24.829591,28.199891,2554333
"5938346118","Neptis saclava marpessa Hopffer, 1855","SUBSPECIES",-25.814535,27.605009,5131347
"5938346141","Ochna serrulata (Hochst.) Walp.","SPECIES",-33.970696,18.445619,3189680
"5938346158","Vanellus armatus (Burchell, 1822)","SPECIES",-24.989521,31.601769,5229136
"5938346253","Ceratogomphus pictus Hagen, 1854","SPECIES",-34.039602,22.132261,10712575
"5938346854","Panthera leo melanochaita (C.E.H.Smith, 1858)","SUBSPECIES",-24.802694,31.581901,5219404
"5938346970","Chiromantis xerampelina Peters, 1854","SPECIES",-28.219998,31.948349,5217208
"5938346977","Davallia canariensis (L.) Sm.","SPECIES",28.447144,-16.411553,4204692
"5938347198","Euphorbia steelpoortensis Bruyns","SPECIES",-24.309386,29.47531,12188719
"5938347201","Lobelia muscoides Cham.","SPECIES",-33.983682,20.448776,5408482
"5938347216","Buteo buteo (Linnaeus, 1758)","SPECIES",-28.220069,31.948295,2480537
"5938347220","Rhyothemis semihyalina (Desjardins, 1832)","SPECIES",-26.165899,31.998341,1428112
"5938347229","Leptotes Scudder, 1876","GENUS",-31.2886,30.010758,NA
"5938347372","Grewia occidentalis L.","SPECIES",-34.007342,25.678587,4261391
"5938347373","Ciconia microscelis G.R.Gray, 1848","SPECIES",-1.148953,35.274683,10891903
"5938348922","Laniarius atrococcineus (Burchell, 1822)","SPECIES",-19.621431,14.850376,2484863
"5938348937","Grewia villosa Willd.","SPECIES",-25.119325,31.915713,4259732
"5938349052","Dispholidus typus typus (Smith, 1829)","SUBSPECIES",-34.121678,18.39536,2452959
"5938349054","Zinnia peruviana (L.) L.","SPECIES",-25.327755,25.689641,9193953
"5938349080","Searsia lucida (L.) F.A.Barkley","SPECIES",-34.352943,18.818312,7321764
"5938349110","Bipalium kewense Moseley, 1878","SPECIES",-25.283523,30.989514,2502938
"5938349373","Leptolepida varians Kiriakoff, 1962","SPECIES",-25.346933,31.806172,1822661
"5938349402","Crassula tetragona L.","SPECIES",-33.31735,26.517306,7172747
"5938349410","Parus major Linnaeus, 1758","SPECIES",35.313291,-2.960825,9705453
"5938349473","Trachylepis striata (Peters, 1844)","SPECIES",-28.220012,31.948365,5225433
"5938349497","Sarangesa seineri seineri Strand, 1909","SUBSPECIES",-24.452172,31.977955,1942762
"5938349508","Protea repens (L.) L.","SPECIES",-34.356483,19.121839,5636761
"5938349582","Ciconia ciconia ciconia (Linnaeus, 1758)","SUBSPECIES",36.079978,6.589392,2481912
"5938349633","Camelus dromedarius Linnaeus, 1758","SPECIES",24.34754,-15.259955,9055455
"5938349639","Berzelia cordifolia Schltdl.","SPECIES",-34.373754,20.537656,5643101
"5938349788","Spilostethus pandurus (Scopoli, 1763)","SPECIES",28.138208,-16.787497,4486330
"5938349794","Amietia fuscigula (Duméril & Bibron, 1841)","SPECIES",-33.936214,18.864417,2429955
"5938350056","Equus zebra hartmannae Matschie, 1898","SUBSPECIES",-20.962425,16.791137,7799073
"5938350555","Passer domesticus (Linnaeus, 1758)","SPECIES",-34.151237,18.887245,5231190
"5938350634","Melaniparus cinerascens (Vieillot, 1818)","SPECIES",-23.591031,29.784553,2487932
"5938350636","Chiromantis xerampelina Peters, 1854","SPECIES",-22.82247,28.517655,5217208
"5938350663","Lanaria lanata (L.) T.Durand & Schinz","SPECIES",-33.916847,22.074103,5303637
"5938350766","Columba guinea phaeonota G.R.Gray, 1856","SUBSPECIES",-34.151237,18.887245,5231817
"5938350885","Acacia saligna (Labill.) H.L.Wendl.","SPECIES",-33.951403,25.487566,2978552
"5938351138","Graphipterus dispictus Basilewsky, 1977","SPECIES",-25.427005,31.450074,8131527
"5938351478","Gonimbrasia zambesina Walker, 1865","SPECIES",-24.405048,30.813402,1866249
"5938351486","Turraea obtusifolia Hochst.","SPECIES",-24.403003,31.971278,3852858
"5938351488","Dendropicos fuscescens (Vieillot, 1818)","SPECIES",-28.220021,31.948322,2478399
"5938351499","Combretum erythrophyllum (Burch.) Sond.","SPECIES",-24.239502,29.606313,3698798
"5938352041","Leucospermum truncatulum (Knight) Rourke","SPECIES",-34.584192,19.784917,3996925
"5938352048","Sclerophrys poweri (Hewitt, 1935)","SPECIES",-19.179201,15.918316,10775001
"5938352108","Eulophia alta (L.) Fawc. & Rendle","SPECIES",-17.925662,25.853545,5311790
"5938352134","Opistophthalmus jenseni (Lamoral, 1972)","SPECIES",-24.11114,15.905838,6894778
"5938352160","Brachycorythis ovata subsp. ovata","SUBSPECIES",-29.727178,30.828468,2805850
"5938352164","Helichrysum cymosum (L.) D.Don","SPECIES",-30.25992,30.588462,3131345
"5938352314","Lanius collaris Linnaeus, 1766","SPECIES",-32.238246,25.431646,2492863
"5938352327","Moraea viscaria (L.f.) Ker Gawl.","SPECIES",-33.412342,18.247713,2744610
"5938352377","Mausoleopsis amabilis (Schaum, 1844)","SPECIES",-33.934164,18.838071,1083024
"5938352418","Platalea alba Scopoli, 1786","SPECIES",-3.168137,35.543378,2480800
"5938352438","Papio ursinus ursinus (Kerr, 1792)","SUBSPECIES",-34.350995,18.48788,7262029
"5938352591","Telchinia serena (Fabricius, 1775)","SPECIES",-26.809627,31.920671,11375508
"5938352637","Adiantum capillus-veneris L.","SPECIES",-24.161929,30.253741,2651816
"5938352744","Plantago lanceolata L.","SPECIES",-24.595991,30.873787,8208358
"5938352808","Damaliscus pygargus pygargus (Pallas, 1767)","SUBSPECIES",-34.325344,18.436775,2441042
"5938352852","Cucumis hirsutus Sond.","SPECIES",-29.110571,31.600413,7894214
"5938352947","Trachylepis capensis (Gray, 1831)","SPECIES",-34.195486,18.415818,5225386
"5938353055","Connochaetes taurinus mearnsi (Heller, 1913)","SUBSPECIES",-3.221645,35.568508,2441105
"5938353192","Tarucus sybaris sybaris (Hopffer, 1855)","SUBSPECIES",-25.925809,27.552968,1930931
"5938353198","Teucrium kraussii Codd","SPECIES",-30.259903,30.588453,3895984
"5938353203","Kniphofia rooperi (T.Moore) Lem.","SPECIES",-32.723678,28.317106,5305028
"5938353542","Agonoscelis versicoloratus (Turton) Turton","SPECIES",-33.719008,23.369688,9847310
"5938353580","Boophone disticha (L.f.) Herb.","SPECIES",-24.189184,29.620601,2854664
"5938353686","Oriolus larvatus Lichtenstein, 1823","SPECIES",-24.83095,31.556406,2488966
"5938353709","Tetrathemis polleni (Selys, 1869)","SPECIES",-26.153017,32.001236,1427755
"5938353891","Papilio demodocus Esper, 1798","SPECIES",-34.346453,18.830063,1938125
"5938353908","Banyutus lethalis (Walker, 1853)","SPECIES",-24.355608,30.947097,2099959
"5938353923","Erica retorta L.fil.","SPECIES",-34.317054,19.008218,7866129
"5938353980","Orphium frutescens (L.) E.Mey.","SPECIES",-34.35542,18.478145,3844680
"5938353981","Aloeides pierus (Cramer, 1782)","SPECIES",-32.709382,25.62686,1927943
"5938354289","Anhinga rufa (Daudin, 1802)","SPECIES",-17.896715,25.82554,2482080
"5938354290","Podica senegalensis (Vieillot, 1817)","SPECIES",-17.883413,25.81242,2474345
"5938354295","Halcyon leucocephala pallidiventris Cabanis, 1881","SUBSPECIES",-23.859749,31.12853,5228304
"5938354362","Oxalis debilis Kunth","SPECIES",29.967821,31.267243,2891707
"5938354401","Chasmatophyllum musculinum (Haw.) Dinter & Schwantes","SPECIES",-31.80002,24.713555,3707770
"5938354419","Hypolimnas misippus Linnaeus, 1764","SPECIES",-19.180336,15.917675,1910628
"5938354473","Raphicerus campestris (Thunberg, 1811)","SPECIES",-20.766302,16.791271,2441141
"5938354555","Catalebeda cuneilinea (Walker, 1856)","SPECIES",-27.222022,32.793283,1732876
"5938354561","Gyps africanus Salvadori, 1865","SPECIES",-28.220036,31.948354,9487001
"5938354566","Crocothemis erythraea (Brullé, 1832)","SPECIES",-23.86103,29.705409,1427721
"5938354637","Nymphaea nouchali Burm.fil.","SPECIES",-19.899648,23.524528,7326947
"5938354731","Cirsium vulgare (Savi) Ten.","SPECIES",-25.267002,29.981989,3112801
"5938354775","Dumortiera hirsuta (Sw.) Nees","SPECIES",-25.845675,27.4964,2688613
"5938354784","Schismaderma carens (Smith, 1848)","SPECIES",-28.881291,30.024704,2422519
"5938354823","Arthroleptis stenodactylus Pfeffer, 1893","SPECIES",-26.694561,32.896391,2429767
"5938354958","Balanites aegyptiaca (L.) Delile","SPECIES",11.990587,18.237305,5421115
"5938354983","Neophedina cincta cincta","SUBSPECIES",-29.658576,29.558904,5230747
"5938355026","Trioceros jacksonii (Boulenger, 1896)","SPECIES",-1.379078,36.765255,8371864
"5938355041","Vanellus armatus (Burchell, 1822)","SPECIES",-24.990547,31.601714,5229136
"5938355081","Teira dugesii (Milne-Edwards, 1829)","SPECIES",32.689294,-17.092114,2468700
"5938355220","Anaciaeschna triangulifera McLachlan, 1896","SPECIES",-28.780398,32.091699,1424918
"5938355228","Serinus canicollis thompsonae Roberts, 1924","SUBSPECIES",-29.67741,29.535544,5231530
"5938355234","Drimiopsis burkei Baker","SPECIES",-24.404059,30.814123,2776491
"5938355297","Eicochrysops hippocrates (Fabricius, 1793)","SPECIES",-28.780201,32.09025,1923465
"5938356141","Geranium wakkerstroomianum R.Knuth","SPECIES",-28.959527,29.204209,2889981
"5938356158","Ochna natalitia (Meisn.) Walp.","SPECIES",-28.22004,31.948295,3695231
"5938356159","Telescopus semiannulatus Smith, 1849","SPECIES",-24.114821,30.876832,2457453
"5938356164","Campuloclinium macrocephalum (Less.) DC.","SPECIES",-25.802406,28.261794,3142398
"5938356188","Estrilda astrild (Linnaeus, 1758)","SPECIES",-34.129413,19.849704,2493660
"5938356197","Tagetes minuta L.","SPECIES",-24.152422,30.302559,3088481
"5938356247","Columba livia var. domestica J.F.Gmelin, 1789","VARIETY",-34.151237,18.887245,2495414
"5938356259","Cladonia floerkeana (Fr.) Flörke","SPECIES",-33.982455,20.81165,7453254
"5938356264","Grus paradisea (Lichtenstein & Aah, 1793)","SPECIES",-32.219089,25.427619,2474937
"5938356294","Pararge xiphioides Staudinger, 1871","SPECIES",28.827296,-17.814429,8049830
"5938356472","Raja straeleni Poll, 1951","SPECIES",-34.211188,24.9014,5216012
"5938357417","Ploceus subaureus A.Smith, 1839","SPECIES",-28.22005,31.948236,2494012
"5938357587","Searsia magalismontana (Sond.) Moffett","SPECIES",-25.859492,27.497484,7321755
"5938357604","Lachnocnema Trimen, 1887","GENUS",-29.820187,30.809614,NA
"5938357614","Watsonia pillansii L.Bolus","SPECIES",-33.987016,25.472188,5297846
"5938357730","Loxodonta africana (Blumenbach, 1797)","SPECIES",-3.574321,35.98775,2435350
"5938357739","Burhinus vermiculatus vermiculatus (Cabanis, 1868)","SUBSPECIES",-34.06097,18.4961,2482095
"5938357749","Centrobolus fulgidus (Lawrence, 1967)","SPECIES",-30.998984,30.260423,11135852
"5938357755","Antidorcas marsupialis (Zimmermann, 1780)","SPECIES",-32.161984,25.48088,2441064
"5938358435","Bauhinia galpinii N.E.Br.","SPECIES",-28.946901,29.206562,2953703
"5938358444","Pycnonotus capensis (Linnaeus, 1766)","SPECIES",-33.925829,19.885002,2486138
"5938359749","Gomphrena celosioides Mart.","SPECIES",-24.459456,30.610233,3084911
"5938359767","Thalasseus sandvicensis sandvicensis (Latham, 1787)","SUBSPECIES",-34.042685,23.382953,2481240
"5938359790","Macaca sylvanus (Linnaeus, 1758)","SPECIES",36.796804,5.136151,2436618
"5938359884","Searsia montana (Diels) Moffett","SPECIES",-29.283835,29.443132,5544282
"5938360016","Thalassoma hardwicke (Bennett, 1830)","SPECIES",-20.130581,57.757154,2384460
"5938360654","Anax imperator Leach, 1815","SPECIES",-24.452422,31.977895,5051775
"5938360658","Odontopacha fenestrata Aurivillius, 1908","SPECIES",-24.452558,31.977828,1734990
"5938360662","Pternistis adspersus (Waterhouse, 1838)","SPECIES",-20.834597,16.649956,2473845
"5938360727","Uloborus plumipes Lucas, 1846","SPECIES",-26.025162,28.031515,2142456
"5938361252","Prunella vulgaris L.","SPECIES",-29.801434,29.480453,5341297
"5938361253","Mimetes cucullatus (L.) R.Br.","SPECIES",-34.470972,19.579695,8349333
"5938361261","Secamone alpini Schult.","SPECIES",-33.730805,26.581258,3579429
"5938361271","Clamator jacobinus (Boddaert, 1783)","SPECIES",-24.990079,31.614322,2496468
"5938361818","Papilio demodocus Esper, 1798","SPECIES",-20.505948,47.240032,1938125
"5938362330","Eyprepocnemis plorans (Charpentier, 1825)","SPECIES",36.725098,2.99234,1701064
"5938362357","Tritoniopsis unguicularis (Lam.) G.J.Lewis","SPECIES",-34.067392,18.393928,5296462
"5938362361","Orthetrum caffrum (Burmeister, 1839)","SPECIES",-34.069734,18.815633,1428734
"5938362363","Syncarpha vestita (L.) B.Nord.","SPECIES",-34.31902,19.009534,3149780
"5938362378","Nucras ornata (Gray, 1864)","SPECIES",-28.853744,29.989861,2469333
"5938362424","Halcyon leucocephala (P.L.S.Müller, 1776)","SPECIES",-2.149089,34.571598,5228304
"5938362954","Brunia fragarioides Willd.","SPECIES",-34.342995,18.868611,5643126
"5938363012","Lavandula canariensis Mill.","SPECIES",28.507361,-16.190043,7307851
"5938363290","Oxyhaloa deusta (Thunberg, 1784)","SPECIES",-23.859749,31.12853,1995337
"5938363294","Bauhinia rufescens Lam.","SPECIES",11.990495,18.237997,2953710
"5938363666","Chersina angulata (Schweigger, 1812)","SPECIES",-34.593371,19.484559,5220285
"5938363684","Trachylepis spilogaster (Peters, 1882)","SPECIES",-22.526462,17.016056,5225400
"5938363745","Kobus ellipsiprymnus defassa (Rüppell, 1835)","SUBSPECIES",-1.169703,35.232025,5220160
"5938363865","Euplectes axillaris axillaris (A.Smith, 1838)","SUBSPECIES",-29.817852,30.812505,2494092
"5938364399","Merops viridissimus Swainson, 1837","SPECIES",12.39445,-1.491845,10685114
"5938364401","Dicronorhina derbyana derbyana Westwood, 1842","SUBSPECIES",-34.044148,18.44819,10796165
"5938364402","Chironia purpurascens (E.Mey.) Benth. & Hook.fil.","SPECIES",-25.85737,27.496877,5595642
"5938364416","Corythornis cristatus (Pallas, 1764)","SPECIES",-33.973442,18.785133,6095338
"5938367480","Kobus vardonii (Livingstone, 1857)","SPECIES",-15.382855,25.80745,5220163
"5938367651","Phalacrocorax carbo (Linnaeus, 1758)","SPECIES",36.804751,2.894242,2481890
"5938367671","Pseudogonia fasciata (Wiedemann, 1819)","SPECIES",-32.724043,25.641632,1474640
"5938367768","Elanus caeruleus caeruleus (Desfontaines, 1789)","SUBSPECIES",-24.756288,31.810708,2480372
"5938367774","Ardea ibis Linnaeus, 1758","SPECIES",28.055253,-14.324592,2480830
"5938367777","Bradypodion damaranum (Boulenger, 1887)","SPECIES",-34.065175,23.056232,2449252
"5938367881","Oenanthe familiaris (Wilkes, 1817)","SPECIES",-32.22479,25.478072,6100849
"5938367892","Acraea horta Linnaeus, 1764","SPECIES",-32.700361,25.618765,5136113
"5938367907","Holothrix brevipetala Immelman & Schelpe","SPECIES",-33.880446,22.400151,2782006
"5938367910","Cunonia capensis L.","SPECIES",-34.009819,20.842446,5535290
"5938367968","Cussonia thyrsiflora Thunb.","SPECIES",-34.009549,25.682043,3035250
"5938368454","Crocuta crocuta (Erxleben, 1777)","SPECIES",-1.469643,35.014633,5218781
"5938368500","Lanius collaris collaris Linnaeus, 1766","SUBSPECIES",-34.155389,18.879513,2492863
"5938368605","Bombomyia discoidea (Fabricius, 1794)","SPECIES",-29.007432,29.476562,1670707
"5938370530","Sus scrofa Linnaeus, 1758","SPECIES",35.789903,-5.924475,7705930
"5938370615","Rhyothemis semihyalina (Desjardins, 1832)","SPECIES",-19.516975,23.636081,1428112
"5938370617","Pseudocordylus subviridis (Smith, 1838)","SPECIES",-29.303442,29.615778,2471048
"5938370632","Phalacrocorax carbo lucidus","SUBSPECIES",-32.708968,28.343008,2481890
"5938370654","Lampranthus stenus (Haw.) N.E.Br.","SPECIES",-34.147328,18.319763,3704746
"5938370659","Prinia subflava (Gmelin, 1789)","SPECIES",-25.333192,31.796513,2492762
"5938370983","Cercopithecus mitis albogularis (Sykes, 1831)","SUBSPECIES",-3.307292,40.018336,5219578
"5938371310","Lanaria lanata (L.) T.Durand & Schinz","SPECIES",-34.326648,19.005487,5303637
"5938371312","Sclerocarya birrea (A.Rich.) Hochst.","SPECIES",-30.259903,30.588453,7160810
"5938371340","Chroicocephalus hartlaubii (Bruch, 1855)","SPECIES",-34.060778,18.494507,6065817
"5938371347","Dryoscopus cubla (Latham, 1802)","SPECIES",-25.354905,31.76178,2484832
"5938371425","Teleonemia scrupulosa Stål, 1873","SPECIES",-33.309375,26.528433,2020580
"5938371478","Estrilda astrild (Linnaeus, 1758)","SPECIES",-22.668353,14.816992,2493660
"5938371515","Spatalla parilis Knight","SPECIES",-33.984828,20.448367,3995774
"5938371558","Zerenopsis lepida (Walker, 1854)","SPECIES",-29.776837,30.835879,1967209
"5938371647","Chiromantis xerampelina Peters, 1854","SPECIES",-24.064395,30.559034,5217208
"5938371648","Harveya capensis (Burm.fil.) Hook.","SPECIES",-34.32649,19.005422,7896234
"5938371650","Searsia grandidens (Harv. ex Engl.) Moffett","SPECIES",-30.259903,30.588453,5544334
"5938371994","Sclerocarya birrea (A.Rich.) Hochst.","SPECIES",-30.259903,30.588453,7160810
"5938372013","Oxalis obliquifolia Steud. ex A.Rich.","SPECIES",-26.156406,27.965894,3627864
"5938372022","Larus dominicanus vetula Bruch, 1855","SUBSPECIES",-34.060778,18.494507,2481173
"5938372665","Cephonodes hylas Linnaeus, 1771","SPECIES",-27.722579,29.955921,1863034
"5938372719","Erica mammosa L.","SPECIES",-33.921995,18.705721,5684170
"5938372724","Barleria rigida Willd. ex Nees","SPECIES",-29.924642,24.526522,7565448
"5938372756","Chirodactylus brachydactylus (Cuvier, 1830)","SPECIES",-33.695617,26.666131,2392186
"5938372764","Acridotheres tristis (Linnaeus, 1766)","SPECIES",-23.823125,30.157015,2489005
"5938372834","Pseudocordylus subviridis (Smith, 1838)","SPECIES",-29.253072,29.419835,2471048
"5938373115","Agama atra Daudin, 1802","SPECIES",-34.048902,22.26719,5226254
"5938373116","Trachylepis margaritifer (Peters, 1854)","SPECIES",-23.929037,31.130636,5225388
"5938373436","Vanellus senegallus (Linnaeus, 1766)","SPECIES",-15.353988,25.838877,5229150
"5938374309","Afrocanthium gilfillanii (N.E.Br.) Lantz","SPECIES",-25.853702,27.496835,2900892
"5938374324","Leucospermum oleifolium (P.J.Bergius) R.Br.","SPECIES",-34.331755,19.01517,3997169
"5938374350","Stigmochelys pardalis (Bell, 1828)","SPECIES",-33.520288,23.746445,2441757
"5938374889","Guilleminea densa (Willd.) Moq.","SPECIES",-24.463075,30.608925,3085188
"5938374901","Campylanthus salsoloides Roth","SPECIES",28.507189,-16.190338,8164714
"5938374962","Pelargonium cucullatum (L.) L'Hér.","SPECIES",-33.995155,18.412788,7268508
"5938375000","Foudia madagascariensis (Linnaeus, 1766)","SPECIES",-21.262072,55.363425,2494077
"5938375076","Arbutus canariensis Duhamel","SPECIES",28.253466,-16.419905,4170826
"5938375301","Ageratina adenophora (Spreng.) R.M.King & H.Rob.","SPECIES",-24.159796,30.223751,5400613
"5938375391","Icthyophaga vocifer (Daudin, 1800)","SPECIES",-23.853493,31.576065,2480454
"5938375415","Chamaeleo dilepis Leach, 1819","SPECIES",-18.037835,33.17255,2449077
"5938375421","Erica cerinthoides L.","SPECIES",-33.951769,25.488311,7692345
"5938375438","Actitis hypoleucos (Linnaeus, 1758)","SPECIES",-24.756288,31.810708,2481800
"5938375440","Catacroptera cloanthe cloanthe (Stoll, 1781)","SUBSPECIES",-28.507457,28.616332,1899198
"5938375468","Capparis tomentosa Lam.","SPECIES",-25.332445,31.79847,5602023
"5938375492","Pelargonium myrrhifolium var. myrrhifolium","VARIETY",-34.574054,19.731672,3827650
"5938375511","Salicornia natalensis Bunge ex Ung.-Sternb.","SPECIES",-22.990135,14.471814,5568914
"5938375519","Agama atra Daudin, 1802","SPECIES",-32.227791,25.465548,5226254
"5938375546","Pseudocordylus microlepidotus (Cuvier, 1829)","SPECIES",-32.275478,25.420483,9419072
"5938375553","Hibiscus calyphyllus Cav.","SPECIES",-25.89594,27.772617,3152574
"5938375560","Monanthes pallens (Webb) Christ","SPECIES",28.035806,-16.707894,4197450
"5938375674","Acridotheres tristis (Linnaeus, 1766)","SPECIES",-22.822485,28.517644,2489005
"5938375714","Vachellia karroo (Hayne) Banfi & Galasso","SPECIES",-33.624906,26.610117,3974754
"5938375774","Clarias gariepinus (Burchell, 1822)","SPECIES",-27.969867,32.377179,5202793
"5938375803","Crithagra albogularis albogularis A.Smith, 1833","SUBSPECIES",-33.537138,23.724803,6100985
"5938375804","Gomphocarpus fruticosus (L.) W.T.Aiton","SPECIES",-33.386137,19.833722,7150619
"5938375826","Kiggelaria africana L.","SPECIES",-33.963599,18.447349,3880382
"5938375830","Ernsta Grishin, 2020","GENUS",-25.823,27.613,NA
"5938375834","Nymphalidae","FAMILY",-33.959549,18.46755,NA
"5938375846","Elphinstonia charlonia (Donzel, 1842)","SPECIES",28.64079,-13.839582,1919223
"5938375849","Misumenops rubrodecoratus Millot, 1942","SPECIES",-26.028329,28.163281,2167008
"5938375880","Leptotrichus panzerii (Audouin, 1826)","SPECIES",28.116098,-16.728444,5177053
"5938376617","Equus quagga Boddaert, 1785","SPECIES",-24.823988,31.548899,2440892
"5938376721","Acroteriobatus annulatus (Müller & Henle, 1841)","SPECIES",-29.715053,31.093828,8502641
"5938377225","Oxalis obliquifolia Steud. ex A.Rich.","SPECIES",-24.532619,30.6403,3627864
"5938377226","Grapsus tenuicrustatus (Herbst, 1783)","SPECIES",-29.582322,31.178947,2225821
"5938377240","Milvus migrans (Boddaert, 1783)","SPECIES",-1.944121,30.068757,5229167
"5938377315","Crithagra totta (Sparrman, 1786)","SPECIES",-34.353255,18.481578,6100995
"5938377448","Ceroplesis sumptuosa Pascoe, 1875","SPECIES",-34.035194,24.918638,1105191
"5938377483","Terpsiphone viridis plumbeiceps Reichenow, 1898","SUBSPECIES",-24.981368,31.566127,2486688
"5938377484","Thesium scabrum L.","SPECIES",-33.959587,18.876147,8281961
"5938377498","Pterocelastrus tricuspidatus (Lam.) Walp.","SPECIES",-34.347317,18.837433,3790873
"5938377754","Searsia dentata (Thunb.) F.A.Barkley","SPECIES",-25.865683,27.498181,5544380
"5938377760","Rothmannia capensis Thunb.","SPECIES",-25.85374,27.496745,2906198
"5938377782","Carpobrotus edulis (L.) N.E.Br.","SPECIES",28.202118,-16.83131,3084842
"5938377797","Myliobatis aquila (Linnaeus, 1758)","SPECIES",-34.195059,22.140381,2419310
"5938378304","Giraffa tippelskirchi tippelskirchi","SUBSPECIES",-3.631899,35.803815,9163257
"5938378320","Panthera leo melanochaita (C.E.H.Smith, 1858)","SUBSPECIES",-24.615243,31.960007,5219404
"5938378439","Giraffa giraffa giraffa (von Schreber, 1784)","SUBSPECIES",-23.525182,29.74038,8959277
"5938378488","Serinus serinus (Linnaeus, 1766)","SPECIES",35.314753,-2.954804,2494200
"5938378515","Hyllus argyrotoxus Simon, 1902","SPECIES",-26.166002,31.998403,5172247
"5938379786","Lygodactylus chobiensis Fitzsimons, 1932","SPECIES",-17.901057,25.826288,2446695
"5938379818","Temnopteryx phalerata (Saussure, 1864)","SPECIES",-33.974342,20.820803,5151436
"5938379882","Aptosimum lineare Marloth & Engl.","SPECIES",-25.339279,31.813162,3727574
"5938379886","Pavonia burchellii (DC.) R.A.Dyer","SPECIES",-25.356255,31.80998,5619236
"5938379892","Gleditsia triacanthos L.","SPECIES",-25.90371,27.79644,2959443
"5938380409","Paraxerus cepapi (A.Smith, 1836)","SPECIES",-23.854903,31.575709,2437354
"5938381318","Anthene amarah amarah (Guérin-Méneville, 1847)","SUBSPECIES",-24.380258,31.777253,1925609
"5938381319","Ostearius melanopygius (O.Pickard-Cambridge, 1880)","SPECIES",-29.089722,26.156389,2134305
"5938381321","Cocos nucifera L.","SPECIES",-6.916058,39.482055,2735117
"5938381326","Nivenia levynsiae Weim.","SPECIES",-34.312696,19.001305,5296584
"5938381406","Opuntia stricta (Haw.) Haw.","SPECIES",28.299636,-16.823997,5384075
"5938381469","Bauhinia rufescens Lam.","SPECIES",11.990705,18.237657,2953710
"5938381489","Haliotis midae Linnaeus, 1758","SPECIES",-34.218591,24.85367,4357751
"5938381495","Melaniparus cinerascens (Vieillot, 1818)","SPECIES",-20.578273,16.743287,2487932
"5938381532","Syncolostemon elliottii (Baker) D.F.Otieno","SPECIES",-24.400875,30.929796,3900323
"5938381559","Tragelaphus strepsiceros strepsiceros (Pallas, 1766)","SUBSPECIES",-24.982561,31.48725,5220183
"5938381657","Colotis annae (Wallengren, 1857)","SPECIES",-23.859749,31.12853,4699245
"5938381680","Tragelaphus strepsiceros strepsiceros (Pallas, 1766)","SUBSPECIES",-33.610438,24.228511,5220183
"5938381716","Connochaetes gnou (Zimmermann, 1780)","SPECIES",-32.185759,25.431628,2441106
"5938381735","Gallinula chloropus (Linnaeus, 1758)","SPECIES",-34.059877,18.498577,5228199
"5938381767","Lavia frons (É.Geoffroy Saint-Hilaire, 1810)","SPECIES",-7.690848,38.168946,2433354
"5938381776","Crassula multicava Lem.","SPECIES",32.746643,-16.775415,5362058
"5938381897","Coeliades pisistratus (Fabricius, 1793)","SPECIES",-23.859749,31.12853,1947112
"5938381904","Cypholoba graphipteroides (Guérin-Méneville, 1845)","SPECIES",-25.441073,31.707198,7459032
"5938382386","Asparagus umbellatus Link","SPECIES",28.073178,-16.657262,2768929
"5938382548","Phryneta spinator (Fabricius, 1793)","SPECIES",-33.874895,18.628625,1115076
"5938382566","Cossypha dichroa (Gmelin, 1789)","SPECIES",-33.977703,23.492467,2492583
"5938382673","Duponchelia lanceolalis Guenée, 1854","SPECIES",-33.315916,26.533948,5126204
"5938382706","Sarpa salpa (Linnaeus, 1758)","SPECIES",-33.695607,26.666184,2392628
"5938383083","Armadillo officinalis Duméril, 1816","SPECIES",36.747656,2.969892,2202347
"5938383158","Colotis euippe omphale (Godart, 1819)","SUBSPECIES",-23.859749,31.12853,1920370
"5938383166","Restio sieberi Kunth","SPECIES",-34.091339,18.874192,5290628
"5938383172","Erica cerinthoides L.","SPECIES",-34.093292,18.423583,7692345
"5938383226","Drosanthemum candens (Haw.) Schwantes","SPECIES",-33.695351,26.666152,3705352
"5938383247","Chamaeleo dilepis Leach, 1819","SPECIES",-25.849055,27.396563,2449077
"5938383268","Hippopotamus amphibius Linnaeus, 1758","SPECIES",-3.278374,35.552381,2441247
"5938384172","Curruca conspicillata (Temminck, 1820)","SPECIES",31.086589,-4.039314,2492959
"5938384181","Oxyhaloa deusta (Thunberg, 1784)","SPECIES",-24.524471,30.796053,1995337
"5938384213","Trithemis arteriosa (Burmeister, 1839)","SPECIES",-29.428231,31.251617,1428848
"5938384336","Basipta stolida Boheman, 1854","SPECIES",-30.987561,30.27662,6273569
"5938384348","Allocnemis leucosticta Selys, 1863","SPECIES",-33.965408,23.89613,1423913
"5938385156","Harmonia axyridis (Pallas, 1773)","SPECIES",-33.988785,18.430001,4989904
"5938385173","Asystasia intrusa (Forssk.) Blume","SPECIES",-17.924126,25.849807,7468660
"5938385181","Acalypha glabrata Thunb.","SPECIES",-25.85086,27.496532,3056185
"5938385542","Spilopelia senegalensis senegalensis (Linnaeus, 1766)","SUBSPECIES",-34.208924,24.830888,6101223
"5938385609","Ensete ventricosum (Welw.) Cheesman","SPECIES",5.93972,38.251224,2763050
"5938385615","Hypolimnas misippus Linnaeus, 1764","SPECIES",-23.859749,31.12853,1910628
"5938385637","Struthio camelus Linnaeus, 1758","SPECIES",-3.158283,35.604556,2495150
"5938385671","Tagetes minuta L.","SPECIES",-25.78068,28.108933,3088481
"5938385752","Buteo rufofuscus (J.R.Forster, 1798)","SPECIES",-30.275709,30.738325,2480554
"5938385805","Gymnodoris ceylonica (Kelaart, 1858)","SPECIES",-21.173399,55.286819,4359998
"5938385843","Uresiphita gilvata (Fabricius, 1794) Caradja, 1916","SPECIES",28.758292,-18.004943,1881126
"5938385996","Kirprellius syrichtus (Fabricius, 1775)","SPECIES",-31.269889,23.460626,11813971
"5938386100","Diospyros lycioides subsp. guerkei (Kuntze) De Winter","SUBSPECIES",-25.862444,27.496962,4070128
"5938386116","Circaetus cinereus Vieillot, 1818","SPECIES",-24.83441,31.55011,2480665
"5938386119","Lopholaena segmentata (Oliv.) S.Moore","SPECIES",-29.730247,30.854626,3122397
"5938386125","Pavetta gardeniifolia Hochst. ex A.Rich.","SPECIES",-25.851865,27.496317,2924573
"5938386171","Hyphaene petersiana Klotzsch ex Mart.","SPECIES",-20.303927,23.035365,8278609
"5938386255","Euchloron megaera Linnaeus, 1758","SPECIES",-29.868193,31.044771,1863282
"5938386260","Equus zebra zebra Linnaeus, 1758","SUBSPECIES",-32.285402,25.412288,2440888
"5938386279","Sparisoma cretense (Linnaeus, 1758)","SPECIES",28.65229,-17.758783,2393905
"5938386280","Hermbstaedtia odorata (Burch.) T.Cooke","SPECIES",-24.406697,30.817102,3085071
"5938387000","Sedum multiceps Coss. & Durieu","SPECIES",36.769779,5.101382,5690334
"5938387010","Leucadendron salignum P.J.Bergius","SPECIES",-34.155881,22.067982,5637611
"5938387073","Kleinia neriifolia Haw.","SPECIES",28.506526,-16.190806,5405673
"5938387140","Microcarbo africanus africanus (Gmelin, 1789)","SUBSPECIES",-25.228319,27.105326,6066519
"5938387502","Ommatoiulus moreleti (Lucas, 1860)","SPECIES",-33.986002,18.472117,4650395
"5938387510","Threskiornis aethiopicus (Latham, 1790)","SPECIES",-33.958928,22.368625,2480764
"5938387555","Sonchus canariensis (Webb) Boulos","SPECIES",28.294931,-16.811586,3105785
"5938387606","Damon annulatipes (Wood, 1869)","SPECIES",-32.7241,28.313347,2181348
"5938387636","Evolvulus alsinoides (L.) L.","SPECIES",-24.407682,30.813999,2928673
"5938387714","Dicronorhina derbyana derbyana Westwood, 1842","SUBSPECIES",-34.043813,18.448626,10796165
"5938388277","Aspalathus linearis (Burm.f.) R.Dahlgren","SPECIES",-34.031167,18.38905,5348220
"5938388761","Afrotyphlops fornasinii (Bianconi, 1849)","SPECIES",-27.548171,32.674998,7690442
"5938389144","Duberria lutrix (Linnaeus, 1758)","SPECIES",-34.011576,18.460059,2452676
"5938389174","Euplectes orix (Linnaeus, 1758)","SPECIES",-33.958457,22.36895,2494088
"5938389203","Poroderma africanum (Gmelin, 1789)","SPECIES",-33.729676,26.583202,2418714
"5938389773","Pachnoda sinuata (Fabricius, 1775)","SPECIES",-33.991261,18.501381,1081568
"5938389896","Dysdercus Guerin-Méneville, 1831","GENUS",-29.77679,30.835852,NA
"5938389898","Campethera abingoni (A.Smith, 1836)","SPECIES",-29.776848,30.835843,2478174
"5938391309","Picus vaillantii (Malherbe, 1847)","SPECIES",31.400747,-7.825958,2478547
"5938391840","Vanellus armatus (Burchell, 1822)","SPECIES",-24.046703,27.078781,5229136
"5938391959","Drimiopsis Lindl. & Paxton","GENUS",-24.218063,29.599135,NA
"5938391978","Cypholoba graphipteroides graphipteroides (Guérin-Méneville, 1845)","SUBSPECIES",-24.328611,31.071525,7459032
"5938392007","Campuloclinium macrocephalum (Less.) DC.","SPECIES",-24.146296,30.19982,3142398
"5938392805","Octopus cyanea Gray, 1849","SPECIES",-20.139632,57.754127,2289535
"5938393841","Leucospermum cuneiforme (Burm.fil.) Rourke","SPECIES",-34.373326,20.537796,3997464
"5938393856","Laurus novocanariensis Rivas Mart., Lousã, Fern.Prieto, E.Días, J.C.Costa & C.Aguiar","SPECIES",28.524116,-16.288126,4177599
"5938393981","Andropadus importunus (Vieillot, 1818)","SPECIES",-4.064152,39.679516,2486162
"5938394214","Anoplocnemis curvipes (Fabricius, 1781)","SPECIES",-25.427005,31.450106,4388917
"5938394221","Cyanotis speciosa (L.f.) Hassk.","SPECIES",-25.583512,28.634322,5303341
"5938394303","Herpestes pulverulentus (Wagner, 1839)","SPECIES",-34.212435,24.836071,5219126
"5938394324","Adiantum raddianum C.Presl","SPECIES",32.74543,-16.81725,2651826
"5938394436","Numenius phaeopus (Linnaeus, 1758)","SPECIES",28.455198,-17.843683,2481784
"5938394439","Limeum viscosum (J.Gay) Fenzl","SPECIES",-24.405772,30.819644,3783481
"5938394471","Halcyon senegalensis (Linnaeus, 1766)","SPECIES",-24.975236,31.467934,5228340
"5938395241","Fulica cristata Gmelin, 1789","SPECIES",-34.066622,18.810887,2474381
"5938395279","Naja nivea (Linnaeus, 1758)","SPECIES",-29.311438,17.105939,2470423
"5938396213","Corvus corax tingitanus Irby, 1874","SUBSPECIES",29.003711,-13.546753,2482492
"5938396268","Burhinus capensis capensis (M.H.K.Lichtenstein, 1823)","SUBSPECIES",-24.043019,27.065606,2482097
"5938396297","Rauvolfia L.","GENUS",-24.595899,30.887729,NA
"5938397336","Pterois miles (Bennett, 1828)","SPECIES",-4.31296,39.58815,2334433
"5938398163","Fraseria caerulescens (Hartlaub, 1865)","SPECIES",-29.776864,30.835806,2492562
"5938398249","Tragelaphus angasii Angas, 1849","SPECIES",-24.842983,31.549926,5220181
"5938398262","Leptotes Scudder, 1876","GENUS",-24.380255,31.777238,NA
"5938398267","Dicrurus adsimilis (Bechstein, 1794)","SPECIES",-29.540065,30.301428,2493963
"5938398364","Hieraaetus wahlbergi (Sundevall, 1850)","SPECIES",-24.806733,31.552051,5844448
"5938398442","Curruca deserticola (Tristram, 1859)","SPECIES",31.081359,-4.040113,2492951
"5938398460","Protea welwitschii Engl.","SPECIES",-24.487172,27.816708,7287022
"5938398479","Cliffortia ferruginea L.fil.","SPECIES",-34.584994,19.785319,8322142
"5938398545","Acraea neobule Doubleday, 1847","SPECIES",-24.380147,31.776767,5136306
"5938398700","Phacochoerus africanus sundevallii Lönnberg, 1908","SUBSPECIES",-24.98969,31.496555,2441212
"5938398706","Mycteria ibis (Linnaeus, 1766)","SPECIES",-1.133044,35.278554,2481936
"5938398716","Oedichirus paederinus Erichson, 1840","SPECIES",36.747894,2.971889,4439788
"5938398808","Typhlosaurus vermis Boulenger, 1887","SPECIES",-29.263163,16.909633,2461642
"5938398840","Salvia aurea L.","SPECIES",-33.694497,26.667832,3884533
"5938399333","Hyphaene thebaica (L.) Mart.","SPECIES",11.990755,18.237722,7931200
"5938399365","Balanites aegyptiaca (L.) Delile","SPECIES",12.021313,18.272453,5421115
"5938399368","Parinari capensis Harv.","SPECIES",-25.918528,27.846854,2985030
"5938399627","Ciconia ciconia ciconia (Linnaeus, 1758)","SUBSPECIES",31.626351,-7.988724,2481912
"5938399805","Tockus rufirostris (Sundevall, 1850)","SPECIES",-19.516975,23.636081,6095271
"5938399806","Roella incurva Banks ex A.DC.","SPECIES",-34.33127,19.014618,3166947
"5938399826","Erica obliqua F.A.Bauer","SPECIES",-34.461944,19.655556,5683840
"5938399851","Laniarius ferrugineus transvaalensis Roberts, 1922","SUBSPECIES",-25.228319,27.105326,2484860
"5938399854","Cisticola fulvicapilla (Vieillot, 1817)","SPECIES",-32.240355,25.456034,7340401
"5938399885","Heterocentrotus mamillatus (Linnaeus, 1758)","SPECIES",-20.141251,57.753353,5842749
"5938399896","Holothuria pervicax Selenka, 1867","SPECIES",-20.139632,57.754127,4343061
"5938400271","Rhinopomastus cyanomelas schalowi Neumann, 1900","SUBSPECIES",-24.791664,31.898197,2498426
"5938400272","Terathopius ecaudatus (Daudin, 1800)","SPECIES",-24.791589,31.898294,2480377
"5938400939","Columba guinea phaeonota G.R.Gray, 1856","SUBSPECIES",-30.284837,30.756869,5231817
"5938400974","Laevicaulis natalensis (Krauss, 1848)","SPECIES",-33.696781,25.816983,9787398
"5938401010","Lanius collaris Linnaeus, 1766","SPECIES",-28.704163,29.511994,2492863
"5938401033","Emberiza sahari J.Levaillant, 1850","SPECIES",31.6402,-8.001908,6100800
"5938401090","Tragelaphus strepsiceros strepsiceros (Pallas, 1766)","SUBSPECIES",-24.833118,31.56428,5220183
"5938401112","Euclea divinorum Hiern","SPECIES",-28.21995,31.948242,5662686
"5938401127","Lonicera japonica Thunb.","SPECIES",-25.807705,28.263847,5334240
"5938401170","Buteo rufofuscus (J.R.Forster, 1798)","SPECIES",-33.873439,19.194787,2480554
"5938401171","Pteridium aquilinum (L.) Kuhn","SPECIES",-24.15241,30.302563,5275012
"5938401253","Adenocarpus anagyrifolius Coss. & Balansa","SPECIES",31.32873,-7.375922,2951628
"5938401349","Opuntia cespitosa Raf.","SPECIES",-24.577024,30.624841,5384047
"5938401420","Uroplectes vittatus (Thorell, 1876)","SPECIES",-15.965524,28.920026,6893346
"5938401445","Alcelaphus buselaphus caama (É.Geoffroy Saint-Hilaire, 1803)","SUBSPECIES",-32.229076,25.470403,5706330
"5938401473","Cinnyris venustus (Shaw, 1799)","SPECIES",-2.693678,38.164361,7340636
"5938401555","Corvus ruficollis Lesson, 1831","SPECIES",31.091175,-4.039729,2482479
"5938401574","Tringa glareola Linnaeus, 1758","SPECIES",-25.118668,31.909763,2481713
"5938401636","Lophoceros nasutus epirhinus (Sundevall, 1850)","SUBSPECIES",-25.228319,27.105326,8101752
"5938401840","Alopochen aegyptiaca (Linnaeus, 1766)","SPECIES",-33.973334,18.464117,2498252
"5938401962","Lobelia comosa L.","SPECIES",-34.092645,18.422478,5408197
"5938401963","Maytenus undata (Thunb.) Blakelock","SPECIES",-25.848855,27.495892,3793673
"5938401968","Chironia linoides L.","SPECIES",-34.318204,19.008757,5595755
"5938402012","Hystrix africaeaustralis Peters, 1852","SPECIES",-29.775233,30.836959,5219885
"5938402028","Davallia canariensis (L.) Sm.","SPECIES",28.294772,-16.811942,4204692
"5938402121","Graphium leonidas (Fabricius, 1793)","SPECIES",-28.779119,32.086304,5141248
"5938402127","Berzelia lanuginosa (L.) Brongn.","SPECIES",-34.319917,18.964413,5643057
"5938402144","Protea roupelliae subsp. roupelliae","SUBSPECIES",-25.158653,30.547502,7287206
"5938402151","Anthus cinnamomeus Rüppell, 1840","SPECIES",-32.219174,25.4276,2490276
"5938402186","Dryoscopus cubla (Latham, 1802)","SPECIES",-25.357603,31.810237,2484832
"5938402283","Ipomoea oenotheroides (L.fil.) A.Meeuse & Welman","SPECIES",-32.722675,25.642176,7532105
"5938402514","Emberiza flaviventris Stephens, 1815","SPECIES",-32.222071,25.481388,2491478
"5938402539","Cocculus hirsutus (L.) W.Theob.","SPECIES",-24.405826,30.819982,3829491
"5938402549","Priva adhaerens (Forssk.) Chiov.","SPECIES",-24.403801,30.814566,4086945
"5938402709","Tragelaphus sylvaticus (Sparrman, 1780)","SPECIES",-17.924264,25.848481,5220182
"5938402777","Motacilla clara torrentium Ticehurst, 1940","SUBSPECIES",-29.776788,30.835742,2490305
"5938402920","Tragelaphus oryx (Pallas, 1766)","SPECIES",-32.150532,25.495231,5220167
"5938402924","Mimetes cucullatus (L.) R.Br.","SPECIES",-34.304461,18.425772,8349333
"5938403467","Coenyropsis natalii Boisduval, 1847","SPECIES",-24.453475,31.978888,1899045
"5938403489","Euphorbia serpens Kunth","SPECIES",-24.544863,30.61998,3064221
"5938403490","Fringilla canariensis Vieillot, 1817","SPECIES",28.526002,-16.288893,12225089
"5938403537","Elisolimax flavescens (W.Keferstein, 1866)","SPECIES",-26.947994,32.80986,9658573
"5938403543","Acroteriobatus annulatus (Müller & Henle, 1841)","SPECIES",-34.04392,23.382729,8502641
"5938403553","Numenius phaeopus (Linnaeus, 1758)","SPECIES",36.805206,2.895105,2481784
"5938403579","Trachylepis affinis (Gray, 1838)","SPECIES",13.168895,-16.763432,5225334
"5938403613","Spialia spio (Linnaeus, 1764)","SPECIES",-25.156432,30.544239,1945571
"5938403694","Drimiopsis Lindl. & Paxton","GENUS",-24.189378,29.619867,NA
"5938403731","Quelea quelea (Linnaeus, 1758)","SPECIES",-28.704163,29.511994,2493987
"5938403778","Gladiolus tristis L.","SPECIES",-34.024605,18.406803,2750383
"5938403840","Curruca melanocephala (J.F.Gmelin, 1789)","SPECIES",35.31373,-2.956869,9990095
"5938403887","Rynchops flavirostris Vieillot, 1816","SPECIES",-25.06212,31.993841,2481208
"5938403936","Crocosmia aurea (Pappe ex Hook.) Planch.","SPECIES",-26.991035,32.734811,2747948
"5938403951","Arbutus unedo L.","SPECIES",36.804194,3.587575,2882803
"5938403956","Rostratula benghalensis (Linnaeus, 1758)","SPECIES",-34.060043,18.498757,2482029
"5938403961","Phalacrocorax carbo (Linnaeus, 1758)","SPECIES",36.805527,2.895299,2481890
"5938404002","Coracias caudatus Linnaeus, 1766","SPECIES",-4.261896,39.593474,2475360
"5938404138","Connochaetes taurinus (Burchell, 1823)","SPECIES",-25.910498,27.817639,2441105
"5938404141","Karomia speciosa (Hutch. & Corbishley) R.Fern.","SPECIES",-24.405031,30.819686,7308478
"5938404163","Quelea quelea (Linnaeus, 1758)","SPECIES",-25.358875,31.892586,2493987
"5938404228","Kinixys lobatsiana (Power, 1927)","SPECIES",-25.66097,28.968989,2441705
"5938404262","Hoslundia opposita Vahl","SPECIES",-29.435152,31.254103,3884477
"5938404275","Lupulella Hilzheimer, 1906","GENUS",-24.764609,31.872448,NA
"5938405212","Ciconia microscelis G.R.Gray, 1848","SPECIES",-28.74773,32.08223,10891903
"5938405235","Diplacodes luminans (Karsch, 1893)","SPECIES",-24.364487,30.947317,1428431
"5938405244","Alaemon alaudipes (Desfontaines, 1789)","SPECIES",31.09112,-4.040756,2490659
"5938405248","Ricinus communis L.","SPECIES",-24.532508,30.640596,5380041
"5938405250","Sonchus canariensis (Webb) Boulos","SPECIES",28.072583,-16.654975,3105785
"5938405410","Donax serra Röding, 1798","SPECIES",-33.413538,18.238463,5729018
"5938405455","Cyanistes teneriffae (Lesson, 1831)","SPECIES",34.000812,-4.308469,7341849
"5938405524","Monticola rupestris (Vieillot, 1818)","SPECIES",-33.538724,23.725668,5231002
"5938405525","Leucadendron salignum P.J.Bergius","SPECIES",-34.573615,19.734262,5637611
"5938405557","Struthio camelus australis Gurney, 1868","SUBSPECIES",-20.502052,16.665003,2495150
"5938406404","Arthroleptis stenodactylus Pfeffer, 1893","SPECIES",-27.548182,32.674771,2429767
"5938406615","Crithagra sulphurata (Linnaeus, 1766)","SPECIES",-28.747757,32.082226,6100973
"5938406645","Harmonia axyridis (Pallas, 1773)","SPECIES",-33.973065,18.783664,4989904
"5938406652","Cynictis penicillata G","SPECIES",-32.156028,25.473752,2434174
"5938406656","Corythucha ciliata (Say, 1832)","SPECIES",-34.012809,18.823145,2020655
"5938406696","Scopus umbretta Gmelin, 1789","SPECIES",-24.967884,31.625693,5229154
"5938406962","Crambionella stuhlmanni (Chun, 1896)","SPECIES",-29.587206,31.174744,2264510
"5938406968","Searsia angustifolia (L.) F.A.Barkley","SPECIES",-33.957417,18.874262,5544425
"5938407090","Onychognathus morio (Linnaeus, 1766)","SPECIES",-28.21996,31.948301,5230739
"5938407101","Ligustrum lucidum W.T.Aiton","SPECIES",-25.800703,28.264277,3172297
"5938407102","Themeda triandra Forssk.","SPECIES",-25.807952,28.261717,2703467
"5938407190","Protea eximia (Knight) Fourc.","SPECIES",-33.912449,25.210274,5637779
"5938408225","Orthetrum julia Kirby, 1900","SPECIES",-33.966062,18.479889,1428738
"5938408241","Connochaetes taurinus mearnsi (Heller, 1913)","SUBSPECIES",-3.160258,35.628864,2441105
"5938408256","Retzia capensis Thunb.","SPECIES",-34.313086,19.009169,5611068
"5938409113","Cocos nucifera L.","SPECIES",-6.916261,39.483439,2735117
"5938409198","Diosma oppositifolia L.","SPECIES",-34.471287,19.580418,8316994
"5938409661","Oenanthe familiaris (Wilkes, 1817)","SPECIES",-22.668442,14.817072,6100849
"5938409862","Eulophia alta (L.) Fawc. & Rendle","SPECIES",-17.925662,25.853545,5311790
"5938409906","Mandingoa nitidula (Hartlaub, 1865)","SPECIES",-25.483861,31.003755,2493572
"5938409922","Perotis patens Gand.","SPECIES",-18.42776,21.893466,5678853
"5938410051","Leucadendron salignum P.J.Bergius","SPECIES",-34.573606,19.734227,5637611
"5938410054","Anas erythrorhyncha J.F.Gmelin, 1789","SPECIES",-34.277033,19.206259,2498064
"5938410085","Cecropis cucullata (Boddaert, 1783)","SPECIES",-29.666723,29.580761,5846387
"5938410097","Botaurus Stephens, 1819","GENUS",-34.06139,18.496496,NA
"5938410098","Acacia melanoxylon R.Br.","SPECIES",-33.978447,20.810117,2979000
"5938410103","Opistophthalmus holmi (Lawrence, 1969)","SPECIES",-24.137872,15.904348,6894794
"5938410113","Hilliardiella elaeagnoides (DC.) Swelank. & J.C.Manning","SPECIES",-25.904744,27.782808,3124745
"5938410140","Baryphas ahenus Simon, 1902","SPECIES",-29.549013,30.288575,2175947
"5938410270","Ceriagrion glabrum (Burmeister, 1839)","SPECIES",-34.03968,22.132601,1423214
"5938410275","Acacia saligna (Labill.) H.L.Wendl.","SPECIES",-33.960428,25.498459,2978552
"5938410468","Catacroptera cloanthe cloanthe (Stoll, 1781)","SUBSPECIES",-25.149579,30.536447,1899198
"5938410510","Oncoba spinosa Forssk.","SPECIES",-25.119417,31.915787,3879362
"5938410992","Pycnonotus capensis (Linnaeus, 1766)","SPECIES",-34.155389,18.879513,2486138
"5938411162","Acacia saligna (Labill.) H.L.Wendl.","SPECIES",-34.358028,19.123111,2978552
"5938411210","Acacia saligna (Labill.) H.L.Wendl.","SPECIES",-34.36487,19.1399,2978552
"5938411272","Pelargonium alchemilloides (L.) L'Hér. ex Sol.","SPECIES",-29.489575,30.260829,8588196
"5938411289","Protea cynaroides (L.) L.","SPECIES",-33.945473,22.457272,5637947
"5938411295","Leucospermum conocarpodendron subsp. conocarpodendron","SUBSPECIES",-33.954125,18.391083,7893210
"5938411369","Tragelaphus sylvaticus (Sparrman, 1780)","SPECIES",-33.9512,25.012866,5220182
"5938411370","Colius striatus J.F.Gmelin, 1789","SPECIES",-25.34897,31.780278,5229467
"5938411465","Ipomoea sinensis (Desr.) Choisy","SPECIES",-24.45603,31.998755,4927127
"5938411469","Bowkeria verticillata (Eckl. & Zeyh.) Druce","SPECIES",-29.251186,29.447531,8403580
"5938411531","Crassula orbicularis L.","SPECIES",-34.10104,23.382326,7334798
"5938411571","Trachylepis margaritifer (Peters, 1854)","SPECIES",-24.992269,31.59259,5225388
"5938411612","Catharanthus roseus (L.) G.Don","SPECIES",-25.03521,46.955538,3169830
"5938411652","Sclerophrys pantherina (Smith, 1828)","SPECIES",-34.045759,18.367367,10851350
"5938411674","Labroides bicolor Fowler & Bean, 1928","SPECIES",-20.141118,57.75299,2383735
"5938411745","Leucadendron salignum P.J.Bergius","SPECIES",-34.031573,18.389804,5637611
"5938411747","Euphorbia hirta L.","SPECIES",-17.809048,31.134752,3068937
"5938411758","Pelomedusa subrufa (Bonnaterre, 1789)","SPECIES",-1.405068,34.991436,10545407
"5938411814","Burhinus vermiculatus (Cabanis, 1868)","SPECIES",-33.926101,19.885612,2482095
"5938411881","Palpopleura vestita Rambur, 1842","SPECIES",-20.505982,47.239973,1428965
"5938411887","Acraea horta Linnaeus, 1764","SPECIES",-32.713705,25.647084,5136113
"5938412813","Merops apiaster Linnaeus, 1758","SPECIES",-30.900728,24.62867,2475443
"5938412824","Plumbago auriculata Lam.","SPECIES",-33.49496,26.485725,3082283
"5938412842","Dolichandra unguis-cati (L.) L.G.Lohmann","SPECIES",-23.828279,30.156634,5830619
"5938412846","Euphorbia prostrata Aiton","SPECIES",-23.82913,30.155819,3067891
"5938412849","Gunnarea gaimardi (Quatrefages, 1848)","SPECIES",-33.695335,26.66497,2326292
"5938413246","Pyxicephalus edulis Peters, 1854","SPECIES",-22.483803,31.098402,2429964
"5938413690","Zinnia peruviana (L.) L.","SPECIES",-20.208392,28.6071,9193953
"5938413766","Chloris chloris (Linnaeus, 1758)","SPECIES",35.307428,-2.959903,5845582
"5938413776","Rhodoneura flavicilia Hampson, 1906","SPECIES",-24.452342,31.977692,1993305
"5938415454","Dyticopycna semiclara (Germar, 1834)","SPECIES",-25.444583,30.966063,11136450
"5938415534","Spoladea recurvalis (Fabricius, 1775)","SPECIES",17.179886,-25.03193,1886251
"5938415852","Cyligramma latona Cramer, 1779","SPECIES",-24.524048,30.890503,1776268
"5938415863","Justicia flava (Forssk.) Vahl","SPECIES",-24.459493,30.610268,7494800
"5938415873","Gomphocarpus physocarpus E.Mey.","SPECIES",-28.220012,31.948236,3170326
"5938415910","Nototettigometra patruelis (Stål, 1855)","SPECIES",-29.540305,30.308069,9880727
"5938416279","Oxytate argenteooculata (Simon, 1886)","SPECIES",-33.859422,18.618839,2165837
"5938417501","Verbena bonariensis L.","SPECIES",-34.067708,20.459215,2925514
"5938417512","Hypoxis hemerocallidea Fisch., C.A.Mey. & Avé-Lall.","SPECIES",-26.309709,28.08822,2852840
"5938417573","Pachydactylus rangei (Andersson, 1908)","SPECIES",-23.107815,14.431189,5221164
"5938417847","Phaenocoma prolifera (L.) D.Don","SPECIES",-34.33223,18.988017,3104261
"5938417848","Monopsis lutea (L.) Urb.","SPECIES",-34.322997,18.963925,5413022
"5938417937","Apodytes dimidiata E.Mey. ex Arn.","SPECIES",-30.259903,30.588453,3597463
"5938418053","Nymphoides thunbergiana (Griseb.) Kuntze","SPECIES",-34.581419,19.722399,5592283
"5938418313","Hydrangea macrophylla (Thunb.) Ser.","SPECIES",32.705739,-16.986248,2985994
"5938418378","Lixus schoenherri Redtenbacher, 1867","SPECIES",-33.719061,23.369594,9534780
"5938418386","Juncus capensis Thunb.","SPECIES",-33.956333,18.873747,2701080
"5938418411","Sclerophrys capensis Tschudi, 1838","SPECIES",-30.282613,30.753657,9114626
"5938418467","Acanthacris ruficornis (Fabricius, 1787)","SPECIES",-32.702663,25.61766,1705891
"5938418468","Sideroxylon inerme L.","SPECIES",-24.40666,30.812558,2887200
"5938418500","Vachellia karroo (Hayne) Banfi & Galasso","SPECIES",-33.417412,26.473479,3974754
"5938418512","Prionium serratum (L.f.) Drège","SPECIES",-34.100827,18.432984,2731708
"5938418524","Alcelaphus buselaphus caama (É.Geoffroy Saint-Hilaire, 1803)","SUBSPECIES",-19.244563,16.047832,5706330
"5938418604","Ischnura senegalensis (Rambur, 1842)","SPECIES",-34.069782,18.815708,1423286
"5938418606","Disa cornuta (L.) Sw.","SPECIES",-34.318567,19.009146,2783718
"5938418650","Tychaedon coryphoeus (Lesson, 1831)","SPECIES",-33.769839,21.530853,10875768
"5938418726","Varanus niloticus (Linnaeus, 1766)","SPECIES",-33.650972,24.581072,2470656
"5938419050","Camponotus barbaricus Emery, 1905","SPECIES",36.725177,2.992277,1313695
"5938419134","Poicephalus rufiventris (Ruppell, 1845)","SPECIES",-2.947697,38.041443,2479948
"5938419175","Gunnera perpensa L.","SPECIES",-25.153899,30.551857,3723634
"5938419194","Spartium junceum L.","SPECIES",-33.862778,18.629338,5355395
"5938419214","Agrius convolvuli Linnaeus, 1758","SPECIES",-33.858945,18.985462,1861644
"5938419218","Cairina moschata var. domestica","VARIETY",-1.095103,37.251146,9751099
"5938419251","Hirundo rustica Linnaeus, 1758","SPECIES",-29.110586,31.60041,9515886
"5938419253","Kniphofia ritualis Codd","SPECIES",-29.254724,29.425658,5305032
"5938419327","Hyperolius marmoratus Rapp, 1842","SPECIES",-25.426311,31.450328,5217671
"5938420327","Chironia baccifera L.","SPECIES",-33.693704,26.669052,8252309
"5938420930","Cenchrus setaceus (Forssk.) Morrone","SPECIES",-25.89787,28.442795,5828232
"5938420942","Plumbago auriculata Lam.","SPECIES",-33.555808,26.550689,3082283
"5938421000","Chlorocebus pygerythrus (F.Cuvier, 1821)","SPECIES",-3.22815,35.525242,7262034
"5938421439","Rumina decollata (Linnaeus, 1758)","SPECIES",32.713045,-4.877358,2294129
"5938421474","Thereianthus bracteolatus (Lam.) G.J.Lewis","SPECIES",-34.074938,18.39662,2749511
"5938421517","Spilopelia senegalensis (Linnaeus, 1766)","SPECIES",-32.224758,25.478037,6101223
"5938421914","Struthio camelus australis Gurney, 1868","SUBSPECIES",-28.861833,29.982745,2495150
"5938422326","Gladiolus longicollis subsp. longicollis","SUBSPECIES",-29.270382,29.431216,2750516
"5938422331","Disa cornuta (L.) Sw.","SPECIES",-33.985099,18.415841,2783718
"5938422600","Cyrtanthus loddigesianus (Herb.) R.A.Dyer","SPECIES",-33.95195,25.488215,5326062
"5938422609","Opistophthalmus adustus Kraepelin, 1908","SPECIES",-24.099712,15.916098,6894730
"5938422625","Ochna holstii Engl.","SPECIES",-25.849014,27.496107,3696115
"5938422632","Cocos nucifera L.","SPECIES",-6.916074,39.48204,2735117
"5938422667","Scotopelia peli Bonaparte, 1850","SPECIES",-13.140341,27.854191,2497870
"5938422700","Himantoglossum metlesicsianum (W.P.Teschner) P.Delforge","SPECIES",28.317316,-16.901904,5324958
"5938422822","Dessonornis caffer (Linnaeus, 1771)","SPECIES",-32.221517,25.482453,10671440
"5938422982","Chrysochloris asiatica (Linnaeus, 1758)","SPECIES",-33.989997,18.428839,2432182
"5938423002","Pelusios sinuatus (Smith, 1838)","SPECIES",-25.262122,31.502419,2442335
"5938423086","Calendulauda albescens (Lafresnaye, 1839)","SPECIES",-33.761567,21.263174,7340931
"5938423203","Disa chrysostachya Sw.","SPECIES",-27.828729,31.367164,2783724
"5938423206","Dicrurus adsimilis adsimilis (Bechstein, 1794)","SUBSPECIES",-32.250098,25.451683,2493963
"5938423208","Apalis thoracica flaviventris Gunning & Roberts, 1911","SUBSPECIES",-25.814416,27.610322,2492723
"5938423225","Lachnocnema Trimen, 1887","GENUS",-24.452312,31.97763,NA
"5938423252","Tragelaphus oryx (Pallas, 1766)","SPECIES",-1.121887,35.285949,5220167
"5938423435","Ozoroa paniculosa (Sond.) R.Fern. & A.Fern.","SPECIES",-22.398392,26.661639,3662765
"5938423534","Cheilanthes viridis (Forssk.) Sw.","SPECIES",-24.405711,30.820189,7173446
"5938423538","Olax dissitiflora Oliv.","SPECIES",-24.404984,30.819929,3685821
"5938423563","Octopus vulgaris Cuvier, 1797","SPECIES",-34.08864,22.972687,2289671
"5938423575","Threskiornis aethiopicus (Latham, 1790)","SPECIES",-1.139001,35.280201,2480764
"5938423672","Dicrurus adsimilis (Bechstein, 1794)","SPECIES",-33.691333,26.667118,2493963
"5938423687","Oenanthe pleschanka (Lepechin, 1770)","SPECIES",-2.841293,38.087449,5231233
"5938423691","Hyperolius tuberilinguis Smith, 1849","SPECIES",-25.372942,31.861638,5217700
"5938423696","Phoeniconaias minor (É.Geoffroy Saint-Hilaire, 1798)","SPECIES",-3.118386,35.444637,2481104
"5938423882","Cenaeus Stål, 1861","GENUS",-32.022594,24.593972,NA
"5938424079","Erica platycodon (Webb & Berthel.) Rivas Mart. et al.","SPECIES",28.530457,-16.280281,7328280
"5938424104","Nidorella ivifolia (L.) J.C.Manning & Goldblatt","SPECIES",-25.865774,27.498286,9256235
"5938424248","Ardea cinerea Linnaeus, 1758","SPECIES",35.269152,-2.937481,9797180
"5938424310","Osteospermum moniliferum L.","SPECIES",-33.946418,22.060916,4252828
"5938424338","Prismatocarpus fruticosus (L.) L'Hér.","SPECIES",-33.923326,18.705588,9574792
"5938425318","Oecobius navus Blackwall, 1859","SPECIES",27.765161,-15.556177,2162537
"5938425428","Falco tinnunculus canariensis (A.F.Koenig, 1889)","SUBSPECIES",32.639247,-16.851233,9616058
"5938425459","Crotaphopeltis hotamboeia (Laurenti, 1768)","SPECIES",-34.441345,19.470075,9176658
"5938425494","Phylloscopus trochilus (Linnaeus, 1758)","SPECIES",-2.857066,38.079896,2493052
"5938425527","Gloriosa superba L.","SPECIES",-24.328493,31.071734,2740024
"5938425622","Trithemis annulata (Palisot de Beauvois, 1807)","SPECIES",-24.452313,31.978005,1428835
"5938425624","Orthetrum julia falsum Longfield, 1955","SUBSPECIES",-29.110576,31.600421,1428738
"5938425632","Jamesbrittenia aurantiaca (Burch.) Hilliard","SPECIES",-29.923442,24.529487,3741057
"5938425727","Acanthospermum hispidum DC.","SPECIES",-24.546874,31.336853,3100375
"5938425764","Lycium intricatum Boiss.","SPECIES",28.631394,-13.909947,3796884
"5938425775","Tragelaphus oryx (Pallas, 1766)","SPECIES",-34.293294,18.426125,5220167
"5938425793","Leptopelis natalensis (Smith, 1849)","SPECIES",-29.582106,30.2944,2429714
"5938425874","Danaus chrysippus (Linnaeus, 1758)","SPECIES",-22.68598,14.526458,7642610
"5938425951","Vidua macroura (Pallas, 1764)","SPECIES",-25.228319,27.105326,2484628
"5938425968","Gladiolus longicollis subsp. longicollis","SUBSPECIES",-29.271181,29.430387,2750516
"5938425990","Heliobolus lugubris (Smith, 1838)","SPECIES",-26.978775,21.836933,2469620
"5938426007","Bidens pilosa L.","SPECIES",-23.828216,30.156923,5391845
"5938427427","Streptopelia capicola (Sundevall, 1857)","SPECIES",-31.20214,23.475599,2495667
"5938427903","Hycleus lunatus (Pallas, 1781) Bologna, Amore & Pitzalis, 2018","SPECIES",-33.716883,26.626571,6955449
"5938428091","Passer melanurus melanurus (Statius Muller, 1776)","SUBSPECIES",-34.155389,18.879513,5231195
"5938428100","Chaetodon semilarvatus Cuvier, 1831","SPECIES",27.246213,33.885243,2385470
"5938428145","Egretta garzetta (Linnaeus, 1766)","SPECIES",32.718487,-16.763973,2480876
"5938428827","Afrogecko porphyreus (Daudin, 1802)","SPECIES",-34.809072,19.955725,2446392
"5938428828","Lybius torquatus torquatus (Dumont, 1805)","SUBSPECIES",-32.711894,25.646883,2479007
"5938428917","Arundo donax L.","SPECIES",28.50648,-16.192219,2703041
"5938428984","Flueggea virosa (Roxb. ex Willd.) Royle","SPECIES",-24.239282,29.605076,5382823
"5938428990","Hystrix africaeaustralis africaeaustralis Peters, 1852","SUBSPECIES",-31.194207,23.464272,5219885
"5938429001","Zapornia flavirostra (Swainson, 1837)","SPECIES",-34.129324,19.849725,2474736
"5938429702","Rhodometra sacraria (Linnaeus, 1767)","SPECIES",-24.45248,31.977645,1955694
"5938429811","Periploca laevigata Aiton","SPECIES",28.507004,-16.191637,6022574
"5938430062","Opistophthalmus opinatus (Simon, 1888)","SPECIES",-24.092627,15.914038,6894797
"5938430065","Aulax umbellata (Thunb.) R.Br.","SPECIES",-34.493415,19.894787,5637215
"5938430076","Ischnura senegalensis (Rambur, 1842)","SPECIES",-34.070813,18.817494,1423286
"5938430077","Erica cerinthoides L.","SPECIES",-34.330947,19.008134,7692345
"5938430117","Pogonocichla stellata stellata (Vieillot, 1818)","SUBSPECIES",-33.941429,22.449149,2492637
"5938430119","Riparia paludicola (Vieillot, 1817)","SPECIES",-34.061005,18.496301,5230750
"5938430217","Scutia myrtina (Burm.fil.) Kurz","SPECIES",-34.007154,25.678482,8317476
"5938430223","Watsonia tabularis J.W.Mathews & L.Bolus","SPECIES",-34.093936,18.423247,5297754
"5938430233","Milvus migrans (Boddaert, 1783)","SPECIES",-19.748328,26.071122,5229167
"5938430249","Cirsium vulgare (Savi) Ten.","SPECIES",-33.937955,18.842009,3112801
"5938430272","Oenanthe pleschanka (Lepechin, 1770)","SPECIES",-2.951811,38.053803,5231233
"5938430334","Doratogonus flavifilis (Peters, 1855)","SPECIES",-25.444697,30.967358,1026019
"5938430452","Brachylaena rotundata S.Moore","SPECIES",-25.849173,27.496137,3140959
"5938430455","Kigelia africana (Lam.) Benth.","SPECIES",-2.142558,34.473228,3172561
"5938430462","Plantago lanceolata L.","SPECIES",-34.349054,18.926527,8208358
"5938430463","Erica pulchella Houtt.","SPECIES",-34.321106,19.007459,5683288
"5938430492","Papio ursinus griseipes Pocock, 1911","SUBSPECIES",-24.861718,30.83582,7262029
"5938430653","Aquila fasciata Vieillot, 1822","SPECIES",36.755943,3.509581,5844449
"5938430690","Uroplectes vittatus (Thorell, 1876)","SPECIES",-24.469812,30.818745,6893346
"5938430740","Elasmopoda valga (Linnaeus, 1758)","SPECIES",-33.98813,18.433354,4389254
"5938430793","Monanthes pallens (Webb) Christ","SPECIES",28.294811,-16.81185,4197450
"5938430879","Syncerus caffer caffer (Sparrman, 1779)","SUBSPECIES",-32.265503,25.440832,2441034
"5938430889","Crassula rubricaulis Eckl. & Zeyh.","SPECIES",-34.09029,23.36831,5690330
"5938430895","Scopus umbretta umbretta Gmelin, 1789","SUBSPECIES",-29.667006,29.573551,5229154
"5938430907","Terminalia sericea Burch. ex DC.","SPECIES",-24.406991,30.813004,3699769
"5938430967","Kigelia africana (Lam.) Benth.","SPECIES",-25.337007,31.813591,3172561
"5938430972","Philenoptera violacea (Klotzsch) Schrire","SPECIES",-25.357346,31.810194,3976037
"5938431050","Protea susannae E.Phillips","SPECIES",-34.386238,20.506925,5636539
"5938431092","Phalaropus tricolor (Vieillot, 1819)","SPECIES",-33.190047,18.123867,5229389
"5938431099","Papilio demodocus Esper, 1798","SPECIES",-3.358593,35.670275,1938125
"5938431115","Chloris virgata Sw.","SPECIES",-24.126692,31.03601,5289624
"5938431152","Junonia natalica (Felder, 1860)","SPECIES",-29.781745,30.845722,5130448
"5938431244","Loxodonta africana (Blumenbach, 1797)","SPECIES",-0.304806,29.9595,2435350
"5938431273","Paropioxys jucundus Distant, 1899","SPECIES",-24.508162,30.895162,2051817
"5938431540","Tockus rufirostris (Sundevall, 1850)","SPECIES",-22.678283,29.01726,6095271
"5938431543","Tylopaedia sardonyx sardonyx (Trimen, 1868)","SUBSPECIES",-33.759527,21.354777,1926671
"5938431614","Potamonautes sidneyi (Rathbun, 1904)","SPECIES",-25.156548,30.540932,5790625
"5938431736","Cacyreus fracta fracta (Grünberg, 1912)","SUBSPECIES",-34.36969,18.885475,1932753
"5938431808","Diospyros whyteana (Hiern) F.White","SPECIES",-25.859699,27.497467,4070390
"5938431900","Lygodactylus chobiensis Fitzsimons, 1932","SPECIES",-19.911703,23.523242,2446695
"5938432114","Nicandra physalodes (L.) Gaertn.","SPECIES",28.507097,-16.191841,5341754
"5938432179","Pteropterus antennata (Bloch, 1787)","SPECIES",-4.312618,39.589996,2334443
"5938432245","Sphingomorpha chlorea Cramer, 1777","SPECIES",-24.452242,31.977733,1772352
"5938432263","Loxodonta africana (Blumenbach, 1797)","SPECIES",-24.911403,31.460511,2435350
"5938432285","Erythrina humeana Spreng.","SPECIES",-28.220012,31.948226,5349601
"5938432288","Pogonornis bidentatus (Shaw, 1798)","SPECIES",0.436641,32.597767,2479015
"5938432701","Cassine peragua subsp. affinis (Sond.) R.H.Archer","SUBSPECIES",-32.111883,19.06156,3791355
"5938432737","Lantana rugosa Thunb.","SPECIES",-24.463081,30.609052,7658661
"5938433352","Lophoceros nasutus (Linnaeus, 1766)","SPECIES",-2.909185,38.023833,8101752
"5938433397","Moringa ovalifolia Dinter & Berger","SPECIES",-19.039928,16.470901,3752366
"5938433451","Loxia curvirostra Linnaeus, 1758","SPECIES",35.309067,-2.956238,9629160
"5938433482","Pelecanus onocrotalus Linnaeus, 1758","SPECIES",-34.060778,18.494507,2480350
"5938433567","Heteromorpha arborescens var. abyssinica (Hochst. ex A.Rich.) H.Wolff","VARIETY",-25.86374,27.497368,6027321
"5938433570","Monopsis decipiens (Sond.) Thulin","SPECIES",-25.855205,27.497006,5413064
"5938433642","Nesciothemis farinosa (Förster, 1898)","SPECIES",-34.316667,18.963103,1428910
"5938434200","Palpares speciosus (Linnaeus, 1758)","SPECIES",-31.789102,25.596977,2097462
"5938434371","Orthetrum julia Kirby, 1900","SPECIES",-34.069766,18.816324,1428738
"5938434372","Gnidia juniperifolia Lam.","SPECIES",-34.332124,19.010281,5524718
"5938434380","Schizogyne sericea (L.fil.) DC.","SPECIES",28.092407,-16.720327,3089818
"5938434460","Papio ursinus ursinus (Kerr, 1792)","SUBSPECIES",-33.661959,24.393895,7262029
"5938435095","Searsia pyroides (Burch.) Moffett","SPECIES",-24.394725,30.797625,7321717
"5938435231","Ardea melanocephala Children & Vigors, 1826","SPECIES",-1.328311,36.922439,2480923
"5938435261","Leptotes Scudder, 1876","GENUS",-24.3803,31.77728,NA
"5938435272","Lantana camara L.","SPECIES",-24.161496,30.254677,2925303
"5938435283","Batis capensis (Linnaeus, 1766)","SPECIES",-29.776781,30.835837,5231178
"5938435830","Rhyticoris terminalis (Burmeister, 1835)","SPECIES",-25.483845,31.004183,4389548
"5938435842","Halcyon albiventris albiventris (Scopoli, 1786)","SUBSPECIES",-30.282214,30.753648,5228322
"5938435910","Heliconia bihai (L.) L.","SPECIES",0.403695,30.38288,2760874
"5938436339","Cymbula compressa (Linnaeus, 1758)","SPECIES",-34.140623,18.320884,5857997
"5938436373","Jasminum multipartitum Hochst.","SPECIES",-24.40662,30.81728,3683134
"5938436395","Aneilema aequinoctiale (P.Beauv.) G.Don","SPECIES",-28.780581,32.09378,9306839
"5938436445","Motacilla capensis capensis Linnaeus, 1766","SUBSPECIES",-34.418042,19.153362,2490296
"5938436489","Elephantulus intufi (A.Smith, 1836)","SPECIES",-20.529767,16.704459,2440842
"5938436500","Terathopius ecaudatus (Daudin, 1800)","SPECIES",-25.14682,31.901157,2480377
"5938436552","Alopochen aegyptiaca (Linnaeus, 1766)","SPECIES",-32.259722,25.454821,2498252
"5938436641","Vachellia natalitia (E.Mey.) Kyal. & Boatwr.","SPECIES",-30.259903,30.588453,7813441
"5938436667","Ornithogalum juncifolium Jacq.","SPECIES",-34.410193,19.512797,2773101
"5938436673","Spilopelia senegalensis (Linnaeus, 1766)","SPECIES",-25.354284,31.761244,6101223
"5938436675","Ploceus cucullatus spilonotus Vigors, 1831","SUBSPECIES",-21.043519,55.257169,2494058
"5938436716","Tragelaphus oryx (Pallas, 1766)","SPECIES",-34.349703,18.481952,5220167
"5938436718","Urothemis edwardsii (Selys, 1849)","SPECIES",-28.786946,32.102994,5052226
"5938436730","Cunonia capensis L.","SPECIES",-34.351721,18.92694,5535290
"5938436837","Lantana camara L.","SPECIES",-32.063563,29.091154,2925303
"5938436855","Coracias garrulus Linnaeus, 1758","SPECIES",-25.146178,31.9012,2475365
"5938436924","Rivina humilis L.","SPECIES",-29.110556,31.600413,3084027
"5938436935","Herpestes ichneumon (Linnaeus, 1758)","SPECIES",-33.912601,18.707435,2434255
"5938437061","Papilio nireus Linnaeus, 1758","SPECIES",-32.982618,27.921597,1937702
"5938437067","Pterocles namaqua (Gmelin, 1789)","SPECIES",-19.219721,16.05641,2480202
"5938437112","Leptotes pirithous (Linnaeus, 1767)","SPECIES",28.856361,-13.87005,1932976
"5938437122","Egretta garzetta (Linnaeus, 1766)","SPECIES",-34.059874,18.498452,2480876
"5938437135","Hypoxis rigidula Baker","SPECIES",-25.904724,27.78282,2852914
"5938437137","Papio ursinus (Kerr, 1792)","SPECIES",-20.401166,17.365254,7262029
"5938437168","Gallirex porphyreolophus (Vigors, 1831)","SPECIES",-24.943611,31.674272,2475239
"5938437169","Alopochen aegyptiaca (Linnaeus, 1766)","SPECIES",-1.074615,35.309406,2498252
"5938437173","Trachylepis homalocephala (Wiegmann, 1828)","SPECIES",-34.312257,18.446484,5225408
"5938437286","Moraea alticola Goldblatt","SPECIES",-29.254052,29.423393,2744533
"5938437339","Monticola rupestris (Vieillot, 1818)","SPECIES",-30.691785,30.221805,5231002
"5938437423","Porpita porpita (Linnaeus, 1758)","SPECIES",-33.192339,27.643121,5185632
"5938437455","Connochaetes taurinus taurinus (Burchell, 1823)","SUBSPECIES",-19.314738,15.940678,2441105
"5938437527","Oligographa juniperi Boisduval, 1847","SPECIES",-33.315916,26.533948,1862989
"5938437533","Protoreaster lincki (Blainville, 1830)","SPECIES",-4.283689,39.594269,5187275
"5938437538","Acacia saligna (Labill.) H.L.Wendl.","SPECIES",-33.959916,25.495946,2978552
"5938437634","Opistophthalmus holmi (Lawrence, 1969)","SPECIES",-24.140705,15.90385,6894794
"5938437644","Cenchrus ciliaris L.","SPECIES",-24.405805,30.81954,4109540
"5938437682","Ceratotheca triloba (Bernh.) Hook.fil.","SPECIES",-25.358152,31.810515,9700256
"5938437802","Perna perna (Linnaeus, 1758)","SPECIES",-33.695879,26.666048,5188828
"5938437836","Labroides dimidiatus (Valenciennes, 1839)","SPECIES",-20.130581,57.757154,2383731
"5938437858","Hippopotamus amphibius Linnaeus, 1758","SPECIES",-24.992027,31.593272,2441247
"5938437870","Sesbania punicea (Cav.) Benth.","SPECIES",-33.977489,20.706551,2970728
"5938437900","Helichrysum nudifolium (L.) Less.","SPECIES",-26.690954,27.124009,3131736
"5938437908","Gomphrena celosioides Mart.","SPECIES",-23.828081,30.157188,3084911
"5938437942","Chaetodon lunula (Lacepède, 1802)","SPECIES",-20.130581,57.757154,2385531
"5938437999","Jamesbrittenia breviflora (Schltr.) Hilliard","SPECIES",-29.262888,29.455473,3741034
"5938438007","Trithemis furva Karsch, 1899","SPECIES",-34.039606,22.132487,1428882
"5938438011","Anarhynchus Quoy & Gaimard, 1832","GENUS",-33.69548,26.664703,NA
"5938438026","Bucorvus leadbeateri (Vigors, 1825)","SPECIES",-3.732506,35.801978,2476041
"5938438064","Lantana rugosa Thunb.","SPECIES",-24.403918,30.814593,7658661
"5938438213","Mylothris agathina agathina (Cramer, 1779)","SUBSPECIES",-33.921167,22.91983,5137998
"5938438243","Cleome macrophylla Roxb.","SPECIES",-25.351351,31.761347,8197094
"5938438257","Pachnoda sinuata (Fabricius, 1775)","SPECIES",-22.578388,17.227312,1081568
"5938438266","Sarpa salpa (Linnaeus, 1758)","SPECIES",-33.69531,26.66492,2392628
"5938438502","Colotis euippe (Linnaeus, 1758)","SPECIES",-24.452953,31.977722,1920370
"5938438516","Heliotropium steudneri Vatke","SPECIES",-24.578495,30.616074,7294783
"5938438535","Ledebouria ensifolia (Eckl.) S.Venter & T.J.Edwards","SPECIES",-33.317312,26.517299,2773704
"5938438594","Curimopsis tenerifensis (Palm, 1976)","SPECIES",28.388414,-16.571582,4404833
"5938439392","Opistophthalmus jenseni (Lamoral, 1972)","SPECIES",-24.09947,15.910572,6894778
"5938439410","Hemidactylus mabouia (Moreau De Jonnès, 1818)","SPECIES",-25.81878,28.260735,5959942
"5938439571","Tragelaphus sylvaticus (Sparrman, 1780)","SPECIES",-33.612026,24.246551,5220182
"5938439583","Anas erythrorhyncha J.F.Gmelin, 1789","SPECIES",-34.06097,18.4961,2498064
"5938439584","Leucauge festiva (Blackwall, 1866)","SPECIES",-34.054633,23.242872,2151549
"5938439676","Ciconia ciconia ciconia (Linnaeus, 1758)","SUBSPECIES",-25.928312,27.83124,2481912
"5938439686","Lavandula canariensis Mill.","SPECIES",28.140456,-16.52587,7307851
"5938439688","Sturnus unicolor Temminck, 1820","SPECIES",36.211192,6.623705,2489104
"5938440417","Alopochen aegyptiaca (Linnaeus, 1766)","SPECIES",-33.988782,18.429977,2498252
"5938440434","Anastomus lamelligerus lamelligerus Temminck, 1823","SUBSPECIES",-24.756288,31.810708,5229411
"5938440475","Batocnema coquerelii (Boisduval, 1875)","SPECIES",-20.512999,47.239648,9178932
"5938440480","Dombeya rotundifolia (Hochst.) Planch.","SPECIES",-24.404975,30.819932,5546739
"5938440536","Plantago lanceolata L.","SPECIES",-25.784003,28.109089,8208358
"5938440555","Pinus kesiya Royle ex Gordon","SPECIES",-24.924308,47.04335,5285824
"5938440658","Manihot grahamii Hook.","SPECIES",-29.84429,30.900845,3060710
"5938440827","Priva adhaerens (Forssk.) Chiov.","SPECIES",-24.406239,30.81239,4086945
"5938440948","Strychnos spinosa Lam.","SPECIES",12.876803,-13.585297,5414400
"5938440962","Crocothemis erythraea (Brullé, 1832)","SPECIES",28.642788,-17.934678,1427721
"5938440985","Argyranthemum frutescens (L.) Sch.Bip.","SPECIES",28.506722,-16.190796,3104491
"5938440999","Hycleus lunatus (Pallas, 1781) Bologna, Amore & Pitzalis, 2018","SPECIES",-28.219974,31.948322,6955449
"5938441052","Opistophthalmus jenseni (Lamoral, 1972)","SPECIES",-24.113848,15.90657,6894778
"5938441054","Pontia helice (Linnaeus, 1764)","SPECIES",-29.792743,30.815863,5137799
"5938441212","Kigelia africana (Lam.) Benth.","SPECIES",-18.434564,21.905476,3172561
"5938441213","Carcharias taurus Rafinesque, 1810","SPECIES",-34.606687,19.404177,2420766
"5938441221","Sclerophrys garmani (Meek, 1897)","SPECIES",-24.45235,31.977963,10737210
"5938441275","Colotis annae (Wallengren, 1857)","SPECIES",-28.220031,31.948258,4699245
"5938441278","Cheilanthes viridis (Forssk.) Sw.","SPECIES",-25.800111,28.263838,7173446
"5938441281","Cactoblastis cactorum (Berg, 1885)","SPECIES",-0.593254,29.720209,1870532
"5938441428","Periploca laevigata Aiton","SPECIES",28.507037,-16.190873,6022574
"5938441440","Oenothera rosea Aiton","SPECIES",-26.308918,28.081864,3188875
"5938441442","Isoxya tabulata (Thorell, 1859)","SPECIES",-28.22004,31.948322,2159235
"5938441447","Agave americana L.","SPECIES",-25.802487,28.261816,2767031
"5938441460","Anthus cinnamomeus Rüppell, 1840","SPECIES",-34.129246,19.83668,2490276
"5938441540","Cussonia paniculata subsp. sinuata (Reyneke & Kok) De Winter","SUBSPECIES",-25.859549,27.497355,3035211
"5938441558","Clematis brachiata Thunb.","SPECIES",-25.852931,27.496339,3923641
"5938441569","Diospyros whyteana (Hiern) F.White","SPECIES",-24.592693,30.93525,4070390
"5938441582","Cinnyris afer afer (Linnaeus, 1766)","SUBSPECIES",-33.95862,22.368512,7340730
"5938441660","Tychaedon coryphoeus (Lesson, 1831)","SPECIES",-33.769839,21.530853,10875768
"5938442411","Rumex acetosella L.","SPECIES",-27.880915,29.71445,2888995
"5938442425","Aepyceros melampus melampus (Lichtenstein, 1812)","SUBSPECIES",-25.228319,27.105326,2441144
"5938442451","Eretis umbra umbra (Trimen, 1862)","SUBSPECIES",-29.820229,30.809427,1949080
"5938442502","Trichonephila senegalensis (Walckenaer, 1841)","SPECIES",-25.426253,31.450177,10711575
"5938442509","Smilax anceps Willd.","SPECIES",-24.595963,30.887687,5295301
"5938442662","Neotis denhami (Children & Vigors, 1826)","SPECIES",-29.359252,29.956391,2474874
"5938442716","Eretis umbra umbra (Trimen, 1862)","SUBSPECIES",-32.707937,25.624091,1949080
"5938442832","Ageratina adenophora (Spreng.) R.M.King & H.Rob.","SPECIES",-24.595855,30.887532,5400613
"5938443101","Megathyrsus maximus (Jacq.) B.K.Simon & S.W.L.Jacobs","SPECIES",-24.406559,30.818242,4108550
"5938443108","Searsia zeyheri (Sond.) Moffett","SPECIES",-25.902092,27.779154,5544186
"5938443273","Freesia grandiflora subsp. grandiflora","SUBSPECIES",-25.781739,28.296201,2747060
"5938444096","Lagonosticta senegala (Linnaeus, 1766)","SPECIES",-23.576734,29.816828,2493680
"5938444110","Schizogyne sericea (L.fil.) DC.","SPECIES",28.073128,-16.657072,3089818
"5938444405","Brachythemis leucosticta (Burmeister, 1839)","SPECIES",-24.350283,31.951417,1428570
"5938444447","Phalacrocorax carbo (Linnaeus, 1758)","SPECIES",36.805015,2.894051,2481890
"5938444513","Laurobasidium lauri (Geyl.) Jülich","SPECIES",28.526555,-16.281756,2513260
"5938444545","Aglais io (Linnaeus, 1758)","SPECIES",31.192395,29.918704,4535827
"5938444880","Alopochen aegyptiaca (Linnaeus, 1766)","SPECIES",-25.228319,27.105326,2498252
"5938444887","Potamonautes perlatus (H.Milne Edwards, 1837)","SPECIES",-34.066222,18.589346,5790572
"5938445107","Diastella thymelaeoides subsp. meridiana Rourke","SUBSPECIES",-34.347434,18.875838,7287287
"5938445135","Bauhinia galpinii N.E.Br.","SPECIES",-28.946958,29.206552,2953703
"5938445188","Balanites maughamii Sprague","SPECIES",-24.481785,30.824921,5421114
"5938445242","Lamprotornis fischeri (Reichenow, 1884)","SPECIES",-2.855694,38.078522,5845379
"5938445956","Euphorbia cooperi N.E.Br. ex A.Berger","SPECIES",-24.528973,30.824987,3069097
"5938446101","Columba livia var. domestica J.F.Gmelin, 1789","VARIETY",30.007966,31.253197,2495414
"5938447426","Dessonornis caffer (Linnaeus, 1771)","SPECIES",-33.934289,18.838276,10671440
"5938447446","Spilostethus taeniatus (Stal, 1865)","SPECIES",-34.296388,18.466671,8988802
"5938447451","Harpephyllum Bernh.","GENUS",-33.726701,26.581042,NA
"5938447470","Rhodometra sacraria (Linnaeus, 1767)","SPECIES",-33.696773,25.816963,1955694
"5938447475","Pachnoda marginata marginata (Drury, 1773)","SUBSPECIES",6.443514,3.488664,1081779
"5938447481","Bitis arietans Merrem, 1820","SPECIES",-23.591975,29.782788,8901465
"5938447496","Hyperolius marmoratus Rapp, 1842","SPECIES",-33.317658,26.531729,5217671
"5938447541","Popoudina linea (Walker, 1855)","SPECIES",-24.452588,31.977847,6112547
"5938447572","Larus dominicanus vetula Bruch, 1855","SUBSPECIES",-34.807228,20.060023,2481173
"5938447575","Milvus migrans parasitus Grant & Mackworth-Praed, 1933","SUBSPECIES",-34.077288,18.509923,5229167
"5938447608","Schismaderma carens (Smith, 1848)","SPECIES",-24.882163,28.370205,2422519
"5938447669","Aneilema aequinoctiale (P.Beauv.) G.Don","SPECIES",-24.161701,30.254318,9306839
"5938447702","Opistophthalmus jenseni (Lamoral, 1972)","SPECIES",-24.108873,15.906432,6894778
"5938447714","Ciconia abdimii Lichtenstein, 1823","SPECIES",-19.036352,16.338378,2481915
"5938447716","Gymnosporia buxifolia (L.) Szyszyl.","SPECIES",-25.852737,27.496505,3791606
"5938447863","Crinifer concolor bechuanae (Roberts, 1932)","SUBSPECIES",-25.228319,27.105326,2475259
"5938447919","Jasminum fluminense Vell.","SPECIES",-24.405819,30.82,3172270
"5938447931","Giraffa tippelskirchi tippelskirchi","SUBSPECIES",-7.798337,38.070817,9163257
"5938447939","Pittosporum undulatum Vent.","SPECIES",32.703667,-17.086467,2986239
"5938447977","Linaria reflexa (L.) Desf.","SPECIES",36.747762,2.968725,8151790
"5938448066","Adansonia digitata L.","SPECIES",-24.375772,30.663935,5406695
"5938448745","Behnia reticulata (Thunb.) Didr.","SPECIES",-24.162153,30.253816,2781143
"5938448752","Thinornis G.R.Gray, 1844","GENUS",-25.322199,31.512546,NA
"5938448757","Bradypodion ventrale (Gray, 1845)","SPECIES",-33.980112,25.565021,8462022
"5938448791","Hypericum aethiopicum Thunb.","SPECIES",-25.857828,27.497141,3711260
"5938448827","Cinnyris afer afer (Linnaeus, 1766)","SUBSPECIES",-33.958576,22.368566,7340730
"5938448834","Pollia condensata C.B.Clarke","SPECIES",0.435158,30.410883,5303496
"5938448917","Parabuthus granulatus (Ehrenberg, 1831)","SPECIES",-23.892697,16.550372,6894370
"5938448921","Tragelaphus strepsiceros strepsiceros (Pallas, 1766)","SUBSPECIES",-20.425659,17.348255,5220183
"5938448923","Aepyceros melampus melampus (Lichtenstein, 1812)","SUBSPECIES",-20.375566,17.460158,2441144
"5938448924","Sphyraena sphyraena (Linnaeus, 1758)","SPECIES",36.741664,5.045108,2394271
"5938448936","Pica mauritanica Malherbe, 1845","SPECIES",30.386111,-9.592849,10676018
"5938448946","Crocodylus niloticus Laurenti, 1768","SPECIES",-24.967185,31.625826,2441341
"5938449794","Upupa epops Linnaeus, 1758","SPECIES",27.770028,-15.542495,2498415
"5938450498","Agama atra Daudin, 1802","SPECIES",-33.919485,18.400778,5226254
"5938450507","Stigmochelys pardalis (Bell, 1828)","SPECIES",-31.198931,23.47093,2441757
"5938450540","Alcedo atthis (Linnaeus, 1758)","SPECIES",36.805466,2.895242,2475532
"5938450548","Polistes badius Gerst., 1873","SPECIES",-29.776803,30.835872,1310712
"5938450584","Verbena bonariensis L.","SPECIES",-34.323372,18.9671,2925514
"5938450633","Orthetrum julia Kirby, 1900","SPECIES",-32.938158,27.99811,1428738
"5938450807","Phalanta eurytis eurytis (Doubleday, 1847)","SUBSPECIES",-29.046525,30.298689,11688586
"5938450810","Petromus typicus A.Smith, 1831","SPECIES",-29.66672,17.998562,2437614
"5938451991","Artocarpus altilis (Parkinson) Fosberg","SPECIES",0.340873,6.735156,2984573
"5938452049","Corythornis cristatus cristatus (Pallas, 1764)","SUBSPECIES",-34.052222,18.50899,6095338
"5938452088","Anaphe reticulata Walker, 1855","SPECIES",-25.292039,31.001958,1827775
"5938452119","Schmidtia pappophoroides Steud. ex J.A.Schmidt","SPECIES",-24.342275,31.073121,5674887
"5938452198","Vachellia karroo (Hayne) Banfi & Galasso","SPECIES",-33.48866,22.033357,3974754
"5938452199","Hypolimnas misippus Linnaeus, 1764","SPECIES",-15.41668,28.364881,1910628
"5938452252","Orphium frutescens (L.) E.Mey.","SPECIES",-34.408541,19.273904,3844680
"5938452258","Gegenes Hübner, 1819","GENUS",-34.070119,18.816363,NA
"5938452269","Scopus umbretta umbretta Gmelin, 1789","SUBSPECIES",-24.756288,31.810708,5229154
"5938452723","Begonia sutherlandii Hook.fil.","SPECIES",-28.962301,29.203028,7303185
"5938452725","Lanius collurio Linnaeus, 1758","SPECIES",-28.220021,31.948322,7745240
"5938452726","Ninurta coeruleopunctatus (Hewitt & Methuen, 1913)","SPECIES",-33.976207,22.645534,8288127
"5938453024","Lantana camara L.","SPECIES",-17.925722,25.852971,2925303
"5938453027","Watsonia tabularis J.W.Mathews & L.Bolus","SPECIES",-33.989746,18.413763,5297754
"5938453113","Loxodonta africana (Blumenbach, 1797)","SPECIES",-17.89349,25.913153,2435350
"5938453119","Crithagra gularis (A.Smith, 1836)","SPECIES",-32.224775,25.478049,6100998
"5938453337","Parabuthus stridulus Hewitt, 1913","SPECIES",-24.137478,15.904047,6894355
"5938453438","Ploceus velatus Vieillot, 1819","SPECIES",-28.220002,31.948317,2494015
"5938453449","Promerops cafer (Linnaeus, 1758)","SPECIES",-34.026157,23.381131,5229963
"5938453473","Tockus rufirostris (Sundevall, 1850)","SPECIES",-25.006569,31.593888,6095271
"5938453546","Asplenium aethiopicum (Burm.fil.) Bech.","SPECIES",-25.851904,27.49628,2650613
"5938453548","Ciconia ciconia ciconia (Linnaeus, 1758)","SUBSPECIES",34.006962,-6.821301,2481912
"5938453550","Orthetrum julia Kirby, 1900","SPECIES",-34.07008,18.816285,1428738
"5938453673","Dumasia villosa DC.","SPECIES",-25.846419,27.4982,2955820
"5938453688","Mimetes cucullatus (L.) R.Br.","SPECIES",-34.493873,19.894696,8349333
"5938453699","Ruschia putterillii (L.Bolus) L.Bolus","SPECIES",-29.323392,27.29707,5555149
"5938453823","Streptocarpus rexii (Bowie ex Hook.) Lindl.","SPECIES",-33.902077,25.200588,5590514
"5938453828","Gymnothorax griseus (Lacepède, 1803)","SPECIES",-6.190542,39.161643,2404095
"5938453851","Struthio camelus Linnaeus, 1758","SPECIES",-34.348538,18.468264,2495150
"5938454097","Hibiscus vitifolius L.","SPECIES",-24.329591,31.071024,3152562
"5938454575","Crassula coccinea L.","SPECIES",-33.998745,18.413338,5689204
"5938454584","Caranx crysos (Mitchill, 1815)","SPECIES",16.89261,-24.994325,2390762
"5938454611","Dichrostachys cinerea (L.) Wight & Arn.","SPECIES",-20.578064,16.743477,2975891
"5938454653","Gryllus bimaculatus De Geer, 1773","SPECIES",34.000743,-4.306418,1713034
"5938454720","Ensete ventricosum (Welw.) Cheesman","SPECIES",5.940272,38.252705,2763050
"5938454790","Tuxentius calice (Hopffer, 1855)","SPECIES",-25.895937,27.772824,1932580
"5938454925","Mundulea sericea (Willd.) A.Chev.","SPECIES",-19.220753,16.042245,2933885
"5938454947","Spilostethus pandurus (Scopoli, 1763)","SPECIES",28.537497,-16.395675,4486330
"5938455321","Streptopelia decipiens (Hartlaub & Finsch, 1870)","SPECIES",12.39445,-1.491845,2495674
"5938455338","Orthetrum julia Kirby, 1900","SPECIES",-34.070126,18.816337,1428738
"5938455344","Brachythemis leucosticta (Burmeister, 1839)","SPECIES",-18.485108,21.982586,1428570
"5938455348","Habenaria disparilis Summerh.","SPECIES",-17.707002,31.126305,2828332
"5938455469","Struthio camelus australis Gurney, 1868","SUBSPECIES",-34.307885,18.443824,2495150
"5938455472","Erica mammosa L.","SPECIES",-33.859066,18.551538,5684170
"5938455487","Similiparma lurida (Cuvier, 1830)","SPECIES",28.652836,-17.759623,8873604
"5938455905","Gyps africanus Salvadori, 1865","SPECIES",-0.131006,37.374552,9487001
"5938455909","Raphicerus campestris (Thunberg, 1811)","SPECIES",-23.859749,31.12853,2441141
"5938455928","Pseudoselago spuria (L.) Hilliard","SPECIES",-34.093994,18.423388,3725329
"5938455936","Orthetrum abbotti Calvert, 1892","SPECIES",-29.111029,31.60016,1428661
"5938455943","Theretra capensis Linnaeus, 1764","SPECIES",-33.315916,26.533948,1862433
"5938455975","Sarpa salpa (Linnaeus, 1758)","SPECIES",-33.695618,26.666053,2392628
"5938456023","Calidris minuta (Leisler, 1812)","SPECIES",-34.078722,18.510624,2481749
"5938456040","Lupulella Hilzheimer, 1906","GENUS",-23.338678,14.501633,NA
"5938456158","Myrtaceae","FAMILY",-34.368105,19.141856,NA
"5938456197","Agama atra Daudin, 1802","SPECIES",-34.322684,19.004801,5226254
"5938456912","Notoceras bicorne (Aiton) Amo","SPECIES",28.583367,-13.960789,5374288
"5938457042","Acraea neobule Doubleday, 1847","SPECIES",-24.350405,31.951342,5136306
"5938457056","Gladiolus ecklonii Lehm.","SPECIES",-25.411953,30.106353,2750118
"5938457124","Chamaeleo dilepis Leach, 1819","SPECIES",-25.107333,31.41555,2449077
"5938457378","Ophiusa tirhaca Cramer, 1773","SPECIES",28.434811,-13.970782,1788553
"5938457455","Kobus ellipsiprymnus ellipsiprymnus (Ogilby, 1833)","SUBSPECIES",-23.835371,31.581566,5220160
"5938457510","Kleinia neriifolia Haw.","SPECIES",28.092434,-16.720266,5405673
"5938457555","Antirrhinum tortuosum Bosc ex Vent.","SPECIES",36.372488,6.610725,8252253
"5938457577","Chamaeleo dilepis Leach, 1819","SPECIES",-29.273792,31.284325,2449077
"5938457955","Merops apiaster Linnaeus, 1758","SPECIES",-33.777874,18.69729,2475443
"5938458035","Bitis atropos (Linnaeus, 1758)","SPECIES",-33.951754,24.302254,2444884
"5938458055","Syncerus caffer caffer (Sparrman, 1779)","SUBSPECIES",-0.529734,29.63295,2441034
"5938458115","Diplacodes luminans (Karsch, 1893)","SPECIES",-28.220002,31.948365,1428431
"5938458117","Kuhlia mugil (Forster, 1801)","SPECIES",-29.728753,31.088439,5208693
"5938458226","Fringilla spodiogenys africana J.Levaillant, 1850","SUBSPECIES",35.308732,-2.956366,12217905
"5938458382","Bitis arietans Merrem, 1820","SPECIES",-23.591844,29.783151,8901465
"5938458496","Limeum viscosum (J.Gay) Fenzl","SPECIES",-24.352019,31.075948,3783481
"5938458518","Launaea arborescens (Batt.) Murb.","SPECIES",31.431322,-8.160822,3144854
"5938458555","Aglais io (Linnaeus, 1758)","SPECIES",31.190176,29.918531,4535827
"5938458558","Aspidimorpha quadriremis (Gyllenhal, 1808)","SPECIES",-33.978662,18.442915,6274782
"5938458571","Sonchus canariensis (Webb) Boulos","SPECIES",28.076706,-16.645983,3105785
"5938459307","Papio ursinus ursinus (Kerr, 1792)","SUBSPECIES",-34.149204,18.927624,7262029
"5938459362","Sansevieria hyacinthoides (L.) Druce","SPECIES",-24.304062,30.992451,10754273
"5938459369","Cussonia transvaalensis Reyneke","SPECIES",-24.213138,29.607725,3035252
"5938459372","Ichthyaetus melanocephalus (Temminck, 1820)","SPECIES",36.805597,2.893807,8151548
"5938459434","Syncerus caffer caffer (Sparrman, 1779)","SUBSPECIES",-24.989903,31.601942,2441034
"5938459452","Acacia saligna (Labill.) H.L.Wendl.","SPECIES",-33.959718,25.494796,2978552
"5938459476","Zonocerus elegans (Thunberg, 1815)","SPECIES",-24.7277,25.817695,1727809
"5938459478","Amietia fuscigula (Duméril & Bibron, 1841)","SPECIES",-33.974743,22.344963,2429955
"5938459584","Melaenornis pammelaina ater","SUBSPECIES",-30.28227,30.753805,2492656
"5938459604","Chersina angulata (Schweigger, 1812)","SPECIES",-34.306553,18.4358,5220285
"5938459623","Hippopotamus amphibius Linnaeus, 1758","SPECIES",-34.060786,18.494513,2441247
"5938459637","Gasteracantha sanguinolenta C.L.Koch, 1844","SPECIES",-24.596463,30.873273,2158505
"5938459721","Tribulus terrestris L.","SPECIES",-24.546906,31.336838,5421116
"5938459763","Chersomanes albofasciata (Lafresnaye, 1836)","SPECIES",-32.162736,25.481262,2490687
"5938459848","Pycnonotus capensis (Linnaeus, 1766)","SPECIES",-34.418064,19.153429,2486138
"5938460016","Ptilopsis granti (Kollibay, 1910)","SPECIES",-20.836493,16.649897,5232238
"5938460044","Streptocarpus gardenii Hook.","SPECIES",-28.962847,29.201887,5591182
"5938460125","Harveya huttonii Hiern","SPECIES",-29.254488,29.430569,8028745
"5938460126","Acacia saligna (Labill.) H.L.Wendl.","SPECIES",-33.959739,25.494712,2978552
"5938460941","Marmaronetta angustirostris (Ménétries, 1832)","SPECIES",31.097232,-4.066025,2498390
"5938461033","Gloriosa superba L.","SPECIES",-25.426311,31.450435,2740024
"5938461066","Amietia poyntoni Channing & Baptista, 2013","SPECIES",-31.73308,23.255024,10777550
"5938461301","Peltophorum africanum Sond.","SPECIES",-24.149822,30.316822,2952780
"5938461350","Bauhinia rufescens Lam.","SPECIES",11.989187,18.23725,2953710
"5938461366","Asplenium ceterach L.","SPECIES",34.869664,-1.293431,2650617
"5938461433","Pittosporum undulatum Vent.","SPECIES",32.703225,-17.086222,2986239
"5938461480","Ceratotheca triloba (Bernh.) Hook.fil.","SPECIES",-22.202136,29.370767,9700256
"5938461495","Kobus ellipsiprymnus defassa (Rüppell, 1835)","SUBSPECIES",-0.518365,29.632554,5220160
"5938461496","Urothemis assignata (Selys, 1872)","SPECIES",-34.039629,22.132512,5052230
"5938462326","Treron calvus (Temminck, 1811)","SPECIES",-24.680372,27.164727,2495783
"5938462372","Widdringtonia nodiflora (L.) Powrie","SPECIES",-33.978663,20.812603,2684243
"5938462410","Lantana camara L.","SPECIES",-24.595881,30.87379,2925303
"5938462443","Discoglossus scovazzi Camerano, 1878","SPECIES",35.170876,-5.25638,2426618
"5938462535","Searsia pyroides (Burch.) Moffett","SPECIES",-25.855011,27.496881,7321717
"5938462556","Flueggea virosa (Roxb. ex Willd.) Royle","SPECIES",-24.852929,31.563281,5382823
"5938462569","Olinia emarginata Burtt Davy","SPECIES",-25.851701,27.496448,3672466
"5938462595","Ardea ibis Linnaeus, 1758","SPECIES",-25.027501,31.344365,2480830
"5938462626","Phymateus leprosus (Fabricius, 1793)","SPECIES",-24.933347,30.838642,1728339
"5938463002","Lepus microtis Heuglin, 1865","SPECIES",-2.103894,34.523735,2436723
"5938463027","Callorhinchus capensis Duméril, 1865","SPECIES",-34.0724,23.005019,2417425
"5938463044","Calidea Laporte, 1832","GENUS",-24.503394,30.83853,NA
"5938463190","Acanthacris ruficornis (Fabricius, 1787)","SPECIES",-34.199058,18.374622,1705891
"5938463523","Melierax canorus argentior Clancey, 1960","SUBSPECIES",-24.024753,27.095442,2480730
"5938463528","Tockus leucomelas (M.H.K.Lichtenstein, 1842)","SPECIES",-25.35429,31.761336,2475955
"5938463577","Phrynomantis bifasciatus (Smith, 1847)","SPECIES",-23.859749,31.12853,2421592
"5938463595","Corvus albus Statius Muller, 1776","SPECIES",-32.182093,25.478297,2482519
"5938463597","Struthio camelus australis Gurney, 1868","SUBSPECIES",-34.323705,18.435187,2495150
"5938463642","Disa harveyana subsp. harveyana","SUBSPECIES",-33.973411,18.386809,2784001
"5938463657","Portulaca oleracea L.","SPECIES",-24.532651,30.640469,3084719
"5938463686","Alcelaphus buselaphus caama (É.Geoffroy Saint-Hilaire, 1803)","SUBSPECIES",-20.766335,16.791246,5706330
"5938463982","Tabanus biguttatus Wiedemann, 1830","SPECIES",-26.165887,31.998335,1498523
"5938464013","Leucadendron salignum P.J.Bergius","SPECIES",-33.951685,25.487729,5637611
"5938464051","Bidens pilosa L.","SPECIES",-24.161776,30.254374,5391845
"5938464378","Diosma acmaeophylla Eckl. & Zeyh.","SPECIES",-32.108952,19.066828,7969114
"5938464504","Lygodactylus capensis (Smith, 1849)","SPECIES",-28.220017,31.948403,2446718
"5938464521","Laniarius ferrugineus (Gmelin, 1788)","SPECIES",-34.075615,20.454675,2484860
"5938464563","Chamaerops humilis L.","SPECIES",36.76004,5.105807,2736625
"5938464892","Saxicola torquatus torquatus (Linnaeus, 1766)","SUBSPECIES",-32.25746,25.43164,2492526
"5938464956","Salvia africana L.","SPECIES",-33.411438,18.244825,3886290
"5938464957","Argyranthemum pinnatifidum (L.fil.) Webb","SPECIES",32.782973,-16.908045,8303003
"5938464967","Cacyreus lingeus (Stoll, 1782)","SPECIES",-33.982016,22.607134,1932751
"5938465000","Solanum vespertilio Aiton","SPECIES",28.571383,-16.265683,2932113
"5938465134","Aeonium spathulatum (Hornem.) Praeger","SPECIES",28.293636,-16.812736,4197615
"5938465215","Buphagus erythrorhynchus (Stanley, 1814)","SPECIES",-25.353413,31.760183,2489052
"5938465234","Agapanthus praecox Willd.","SPECIES",32.761035,-16.792791,2854755
"5938466249","Gladiolus ecklonii Lehm.","SPECIES",-25.411892,30.106267,2750118
"5938466278","Orthetrum trinacria (Selys, 1841)","SPECIES",-34.066609,18.810656,1428708
"5938466460","Vidua macroura (Pallas, 1764)","SPECIES",-1.423241,34.97517,2484628
"5938466536","Loxodonta africana (Blumenbach, 1797)","SPECIES",-24.600364,31.57775,2435350
"5938466582","Dietes iridioides (L.) Sweet ex Klatt","SPECIES",-28.962231,29.202927,2742428
"5938466591","Muscicapa striata (Pallas, 1764)","SPECIES",-23.590926,29.784268,2492576
"5938466646","Spilopelia senegalensis (Linnaeus, 1766)","SPECIES",25.717552,32.601483,6101223
"5938467027","Giraffa giraffa giraffa (von Schreber, 1784)","SUBSPECIES",-28.220012,31.948231,8959277
"5938467028","Argemone ochroleuca Sweet","SPECIES",-31.273956,23.458546,2888490
"5938467076","Lobularia maritima (L.) Desv.","SPECIES",36.505242,4.762345,5373358
"5938467092","Syzygium cordatum Hochst.","SPECIES",-28.9427,31.764561,8652576
"5938467568","Numida meleagris mitratus Pallas, 1764","SUBSPECIES",-24.804101,31.555807,2473341
"5938467744","Lanius collurio Linnaeus, 1758","SPECIES",-24.83897,31.433038,7745240
"5938467805","Promerops cafer (Linnaeus, 1758)","SPECIES",-34.261323,18.457144,5229963
"5938467829","Belenois aurota (Fabricius, 1793)","SPECIES",-20.388893,17.411956,1919181
"5938467881","Numida meleagris (Linnaeus, 1758)","SPECIES",-25.160655,31.89468,2473341
"5938467973","Paranomus abrotanifolius Knight","SPECIES",-34.583367,19.784364,5638134
"5938468044","Tragelaphus sylvaticus (Sparrman, 1780)","SPECIES",9.07707,38.717803,5220182
"5938468058","Melaenornis edolioides (Swainson, 1837)","SPECIES",12.39445,-1.491845,2492659
"5938468080","Combretum hereroense Schinz","SPECIES",-24.568281,27.829535,7166924
"5938468134","Psammodromus algirus (Linnaeus, 1758)","SPECIES",34.000668,-4.308166,2469763
"5938468135","Lycosoides coarctata (Dufour, 1831)","SPECIES",34.000668,-4.308166,5168613
"5938468228","Philothamnus semivariegatus (Smith, 1840)","SPECIES",-30.282438,30.753734,2453195
"5938468325","Pelecanus onocrotalus Linnaeus, 1758","SPECIES",-34.671162,19.868161,2480350
"5938468335","Acontia trimaculata Aurivillius, 1879","SPECIES",-24.452575,31.977772,5109259
"5938468343","Agama atra Daudin, 1802","SPECIES",-34.155147,18.4336,5226254
"5938468344","Psidium guajava L.","SPECIES",-28.350212,32.317767,5420380
"5938468440","Hyperolius marmoratus taeniatus Peters, 1854","SUBSPECIES",-24.40005,31.960928,5217671
"5938468466","Opuntia stricta (Haw.) Haw.","SPECIES",28.077977,-14.377953,5384075
"5938468492","Apis mellifera scutellata Lepeletier, 1836","SUBSPECIES",-29.841448,30.928164,1341976
"5938468497","Passer melanurus (Statius Muller, 1776)","SPECIES",-25.910543,28.17306,5231195
"5938468511","Madoqua damarensis (Günther, 1880)","SPECIES",-19.351845,15.928005,2441001
"5938468933","Tockus rufirostris (Sundevall, 1850)","SPECIES",-23.854903,31.575709,6095271
"5938468992","Clypeaster humilis (Leske, 1778)","SPECIES",-4.312984,39.584138,5721228
"5938469041","Tragus berteronianus Schult.","SPECIES",-24.439834,30.622296,5290129
"5938469061","Euplectes orix (Linnaeus, 1758)","SPECIES",-26.678369,28.417958,2494088
"5938469250","Sillago sihama (Forsskål, 1775)","SPECIES",-29.714997,31.093711,2391929
"5938469254","Bubo africanus africanus (Temminck, 1821)","SUBSPECIES",-34.084228,18.517971,5959111
"5938469258","Coalisina Raf.","GENUS",-24.260703,31.64518,NA
"5938469323","Chersomanes albofasciata (Lafresnaye, 1836)","SPECIES",-32.231105,25.431453,2490687
"5938469466","Vangueria infausta Burch.","SPECIES",-25.771237,28.290924,2917876
"5938469497","Vachellia karroo (Hayne) Banfi & Galasso","SPECIES",-33.566416,26.575058,3974754
"5938469501","Labidura riparia (Pallas, 1773)","SPECIES",-29.581686,22.909443,1419912
"5938469520","Orthosiphon thymiflorus (Roth) Sleesen","SPECIES",-24.363524,30.947616,3891796
"5938469527","Peltasticus Dallas, 1851","GENUS",-34.415903,19.294623,NA
"5938469533","Ciconia abdimii Lichtenstein, 1823","SPECIES",-19.213107,16.059137,2481915
"5938469544","Halcyon leucocephala (P.L.S.Müller, 1776)","SPECIES",-2.868724,38.090882,5228304
"5938470585","Forsskaolea tenacissima L.","SPECIES",31.45528,-5.36264,4101888
"5938470625","Searsia discolor (E.Mey. ex Sond.) Moffett","SPECIES",-25.266724,29.985768,5544377
"5938470649","Trachylepis margaritifer (Peters, 1854)","SPECIES",-24.997186,31.769647,5225388
"5938470658","Alopochen aegyptiaca (Linnaeus, 1766)","SPECIES",-34.060778,18.494507,2498252
"5938470705","Anastomus lamelligerus lamelligerus Temminck, 1823","SUBSPECIES",-17.896715,25.82554,5229411
"5938470715","Forsskaolea angustifolia Retz.","SPECIES",28.29906,-16.823549,4102001
"5938471302","Mesembryanthemum aitonis Jacq.","SPECIES",-33.730817,26.581268,3708351
"5938471580","Oecophylla longinoda (Latreille, 1802)","SPECIES",5.420058,-3.911878,1317400
"5938471590","Carex spicatopaniculata Boeckeler ex C.B.Clarke","SPECIES",-24.596167,30.874664,2722199
"5938471658","Emberiza cirlus Linnaeus, 1767","SPECIES",35.305366,-2.96175,7626513
"5938472490","Volkameria glabra (E.Mey.) Mabb. & Y.W.Yuan","SPECIES",-28.699363,30.014589,6111581
"5938472522","Hyllus argyrotoxus Simon, 1902","SPECIES",-25.444125,30.968775,5172247
"5938472564","Morus alba L.","SPECIES",-25.800107,28.263988,5361889
"5938472569","Cascabela thevetia (L.) Lippold","SPECIES",34.006714,-6.822,3169652
"5938472592","Aulax umbellata (Thunb.) R.Br.","SPECIES",-34.583086,19.784272,5637215
"5938472906","Searsia pyroides (Burch.) Moffett","SPECIES",-31.194408,23.464242,7321717
"5938472907","Poroderma africanum (Gmelin, 1789)","SPECIES",-33.729357,26.58367,2418714
"5938473007","Anas platyrhynchos f. domesticus","FORM",-25.326714,30.695747,9761484
"5938473082","Spilopelia senegalensis senegalensis (Linnaeus, 1766)","SUBSPECIES",-29.722188,31.089822,6101223
"5938473086","Uroplectes lineatus (C.L.Koch, 1844)","SPECIES",-34.06334,18.869052,6893370
"5938473109","Gypohierax angolensis (Gmelin, 1788)","SPECIES",-28.963789,31.755126,2480393
"5938473139","Philothamnus occidentalis (Broadley, 1966)","SPECIES",-25.907818,27.797329,8941010
"5938474527","Serruria elongata (P.J.Bergius) R.Br.","SPECIES",-34.4934,19.894554,3997716
"5938474528","Equus quagga chapmani Layard, 1865","SUBSPECIES",-24.822468,31.548996,2440892
"5938474592","Taphozous mauritianus E.Geoffroy, 1818","SPECIES",-28.250682,31.990016,5218741
"5938474593","Motacilla aguimp vidua Sundevall, 1850","SUBSPECIES",-28.220045,31.948306,7405711
"5938474862","Crassula ericoides Haw.","SPECIES",-34.057424,20.462021,7334227
"5938474869","Dysdercus Guerin-Méneville, 1831","GENUS",-29.776937,30.835856,NA
"5938475032","Mimetes cucullatus (L.) R.Br.","SPECIES",-33.916792,22.074326,8349333
"5938475034","Acacia saligna (Labill.) H.L.Wendl.","SPECIES",-33.951267,25.487543,2978552
"5938475041","Catopsilia florella (Fabricius, 1775)","SPECIES",-14.653888,22.63997,1919346
"5938475201","Ardea ibis Linnaeus, 1758","SPECIES",25.604045,34.604973,2480830
"5938475206","Opistophthalmus adustus Kraepelin, 1908","SPECIES",-24.099055,15.910738,6894730
"5938475228","Naphius apicalis (Dallas, 1852)","SPECIES",-33.834312,18.56761,8646029
"5938475272","Leucadendron salignum P.J.Bergius","SPECIES",-33.951789,25.48825,5637611
"5938476324","Opuntia stricta (Haw.) Haw.","SPECIES",28.092626,-16.720183,5384075
"5938476330","Tetraena clavata (Schltr. & Diels) Beier & Thulin","SPECIES",-21.758785,13.966128,3987246
"5938476356","Platalea alba Scopoli, 1786","SPECIES",-34.060778,18.494507,2480800
"5938476487","Camponotus maculatus (Fabricius, 1782)","SPECIES",-3.547862,38.217262,1313646
"5938476495","Osmitopsis asteriscoides (L.) Less.","SPECIES",-34.342682,18.883881,3110760
"5938476517","Tachybaptus ruficollis (Pallas, 1764)","SPECIES",35.308596,-2.956728,2482048
"5938476527","Orthetrum julia Kirby, 1900","SPECIES",-34.069518,18.815925,1428738
"5938476555","Senna petersiana (Bolle) Lock","SPECIES",-24.405434,30.820396,2957867
"5938476588","Anthracocentrus capensis (White, 1853)","SPECIES",-22.854342,16.772312,1105788
"5938476807","Connochaetes taurinus mearnsi (Heller, 1913)","SUBSPECIES",-1.134103,35.312609,2441105
"5938477383","Orthetrum julia Kirby, 1900","SPECIES",-34.039513,22.132232,1428738
"5938477421","Pelecanus onocrotalus Linnaeus, 1758","SPECIES",-3.211303,35.601425,2480350
"5938477456","Acacia saligna (Labill.) H.L.Wendl.","SPECIES",-33.959412,25.495405,2978552
"5938477506","Bidens pilosa L.","SPECIES",-23.827321,30.15748,5391845
"5938477547","Gisekia africana (Lour.) Kuntze","SPECIES",-25.351351,31.761347,3794715
"5938477568","Ardea cinerea Linnaeus, 1758","SPECIES",28.049871,-14.358791,9797180
"5938477585","Cheilanthes involuta (Sw.) Schelpe & N.C.Anthony","SPECIES",-24.406446,30.818382,3747439
"5938477593","Monticola rupestris (Vieillot, 1818)","SPECIES",-29.815323,30.810748,5231002
"5938477597","Cyanistes teneriffae (Lesson, 1831)","SPECIES",35.305319,-2.96168,7341849
"5938477641","Tabanus biguttatus Wiedemann, 1830","SPECIES",-24.45235,31.97767,1498523
"5938477651","Sida acuta Burm.fil.","SPECIES",6.911695,3.025982,3933670
"5938477654","Helichrysum montanum DC.","SPECIES",-29.254973,29.422665,3131955
"5938477677","Numenius phaeopus (Linnaeus, 1758)","SPECIES",30.848892,-9.826297,2481784
"5938478310","Hippopotamus amphibius Linnaeus, 1758","SPECIES",-3.054925,35.593899,2441247
"5938478467","Onychognathus morio morio (Linnaeus, 1766)","SUBSPECIES",-23.853596,31.575084,5230739
"5938478500","Aquila rapax (Temminck, 1828)","SPECIES",-24.795422,31.545004,2480514
"5938478564","Cheilomenes lunata (Fabricius, 1775)","SPECIES",-34.05597,18.429566,6993524
"5938478608","Boaedon capensis Duméril, Bibron & Duméril, 1854","SPECIES",-13.973063,33.786625,9632100
"5938478694","Leptoptilos crumenifer (R.P.Lesson, 1831)","SPECIES",-3.211353,35.601509,9772663
"5938478811","Hirundo rustica Linnaeus, 1758","SPECIES",-34.084228,18.517971,9515886
"5938478825","Hydroprogne caspia (Pallas, 1770)","SPECIES",-34.061875,18.493722,2481236
"5938478836","Opistophthalmus coetzeei Lamoral, 1979","SPECIES",-23.289048,15.835293,6894750
"5938478868","Sclerophrys garmani (Meek, 1897)","SPECIES",-24.823341,31.492132,10737210
"5938478937","Lannea edulis (Sond.) Engl.","SPECIES",-25.864929,27.841856,3661070
"5938478983","Ageratum houstonianum Mill.","SPECIES",-20.505948,47.24003,5401760
"5938478992","Cupidopsis cissus cissus (Godart, 1824)","SUBSPECIES",-25.155312,30.543022,5138841
"5938479023","Pternistis swainsonii swainsonii (A.Smith, 1836)","SUBSPECIES",-25.141754,31.903466,2473944
"5938479386","Ceropegia fusca Bolle","SPECIES",28.073364,-16.657238,7150735
"5938479783","Protea cynaroides (L.) L.","SPECIES",-34.347458,18.928309,5637947
"5938479878","Thalasseus bergii (M.H.K.Lichtenstein, 1823)","SPECIES",-34.357325,18.473247,5789283
"5938479885","Maerua parvifolia Pax","SPECIES",-24.405166,30.818685,3871322
"5938479893","Sylvicapra grimmia (Linnaeus, 1758)","SPECIES",-24.038247,27.051717,2441187
"5938479956","Aristea rufobracteata Goldblatt & J.C.Manning","SPECIES",-33.989857,20.443221,9297550
"5938480078","Phelsuma grandis Gray, 1870","SPECIES",-20.340197,57.37393,2447558
"5938480471","Breynia disticha J.R.Forst. & G.Forst.","SPECIES",-26.778864,32.890029,5383031
"5938480527","Podocarpus elongatus (Aiton) L'Herit. ex Pers.","SPECIES",-33.974802,18.783547,9617039
"5938480532","Leptopelis natalensis (Smith, 1849)","SPECIES",-29.776753,30.831705,2429714
"5938480534","Mesembryanthemum crystallinum L.","SPECIES",28.20259,-16.830974,3084839
"5938480596","Civettictis civetta (Schreber, 1776)","SPECIES",5.107726,31.904252,2434634
"5938480684","Canis lupaster Hemprich & Ehrenberg, 1833","SPECIES",-3.172603,35.513772,8702600
"5938480701","Rhinecanthus aculeatus (Linnaeus, 1758)","SPECIES",-20.139632,57.754127,2407235
"5938480776","Hippopotamus amphibius Linnaeus, 1758","SPECIES",-3.17203,40.120846,2441247
"5938480792","Acacia saligna (Labill.) H.L.Wendl.","SPECIES",-33.960326,25.496254,2978552
"5938481116","Acacia saligna (Labill.) H.L.Wendl.","SPECIES",-33.937775,18.84207,2978552
"5938481167","Gymnothorax pictus (Ahl, 1789)","SPECIES",-20.139632,57.754127,2403789
"5938481168","Creatophora cinerea (Meuschen, 1787)","SPECIES",-24.195541,30.907875,2489016
"5938481238","Agave americana L.","SPECIES",28.506957,-16.190168,2767031
"5938481280","Salvia verbenaca L.","SPECIES",-31.247728,23.472327,6409706
"5938481690","Ardea cinerea cinerea Linnaeus, 1758","SUBSPECIES",-23.874549,31.125984,9797180
"5938481699","Plectropterus gambensis (Linnaeus, 1766)","SPECIES",-34.059795,18.498489,5232465
"5938481939","Lomariocycas tabularis (Thunb.) Gasper & A.R.Sm.","SPECIES",-33.978237,20.811597,9503771
"5938482935","Stigmochelys pardalis (Bell, 1828)","SPECIES",-25.101167,31.886497,2441757
"5938482997","Evolvulus alsinoides (L.) L.","SPECIES",-26.153002,32.001191,2928673
"5938483057","Juncus kraussii Hochst.","SPECIES",-34.590679,19.490454,2701413
"5938483927","Brunia laevis Thunb.","SPECIES",-34.579478,19.775086,5643091
"5938483964","Chondrodactylus laevigatus (Fischer, 1888)","SPECIES",-22.095346,14.994898,11134094
"5938483974","Alpinia zerumbet (Pers.) B.L.Burtt & R.M.Sm.","SPECIES",-25.889868,32.56351,5301979
"5938483977","Ciconia microscelis G.R.Gray, 1848","SPECIES",-30.282128,30.754302,10891903
"5938484016","Hypolimnas misippus Linnaeus, 1764","SPECIES",-25.354815,31.761621,1910628
"5938484083","Cercopithecus mitis Wolf, 1822","SPECIES",-3.237897,35.857354,5219578
"5938484086","Sturnus vulgaris Linnaeus, 1758","SPECIES",-34.136397,18.861451,9809229
"5938484223","Stigmochelys pardalis (Bell, 1828)","SPECIES",5.288177,38.387835,2441757
"5938484231","Polistes dominula (Christ, 1791)","SPECIES",-33.934109,18.83396,5871389
"5938484329","Ophrys fusca subsp. maghrebiaca Kreutz, Rebbas, Babali, Miara & Ait-Hamm.","SUBSPECIES",36.603137,4.709684,2793158
"5938484360","Euphorbia clavarioides Boiss.","SPECIES",-29.323412,27.29663,3065778
"5938484498","Leucadendron laxum I.Williams","SPECIES",-34.5735,19.73284,5637948
"5938484532","Lobularia maritima (L.) Desv.","SPECIES",34.861019,-1.268349,5373358
"5938485203","Hippotion celerio Linnaeus, 1758","SPECIES",-24.313942,29.767113,1862293
"5938485208","Aepyceros melampus melampus (Lichtenstein, 1812)","SUBSPECIES",-23.587216,29.819911,2441144
"5938485219","Ficus trichopoda Baker","SPECIES",-28.966941,31.753549,5572235
"5938485515","Vinca major L.","SPECIES",28.46871,-16.451345,3169708
"5938485543","Sclerocarya birrea (A.Rich.) Hochst.","SPECIES",-24.532234,30.640646,7160810
"5938485597","Aepyceros melampus melampus (Lichtenstein, 1812)","SUBSPECIES",-20.766296,16.79126,2441144
"5938485690","Kobus ellipsiprymnus ellipsiprymnus (Ogilby, 1833)","SUBSPECIES",-24.83115,31.559806,5220160
"5938485755","Orthochilus walleri (Rchb.f.) Bytebier","SPECIES",-14.444879,26.105564,5311429
"5938485910","Celtis africana Burm.fil.","SPECIES",-25.853782,27.496848,5834428
"5938485937","Vanellus armatus (Burchell, 1822)","SPECIES",-29.359969,29.954898,5229136
"5938485940","Tockus erythrorhynchus (Temminck, 1823)","SPECIES",12.39445,-1.491845,2475965
"5938485985","Alopochen aegyptiaca (Linnaeus, 1766)","SPECIES",-13.140341,27.854191,2498252
"5938486095","Haemanthus sanguineus Jacq.","SPECIES",-34.065628,23.021595,2855110
"5938486101","Pelargonium grossularioides (L.) L'Hér.","SPECIES",-34.574414,19.735014,2891614
"5938486137","Dicronorhina derbyana derbyana Westwood, 1842","SUBSPECIES",-25.780848,28.363589,10796165
"5938486140","Hirundo rustica Linnaeus, 1758","SPECIES",-29.658158,29.540643,9515886
"5938486160","Problepsis Lederer, 1853","GENUS",-24.405161,30.818694,NA
"5938486186","Ephippiorhynchus senegalensis (Shaw, 1800)","SPECIES",-24.942054,31.677532,2481904
"5938487308","Coracias caudatus Linnaeus, 1766","SPECIES",-3.763878,36.023303,2475360
"5938487484","Eutricha bifascia (Walker, 1855)","SPECIES",-33.640206,23.425083,6113868
"5938487499","Cannabis sativa L.","SPECIES",-28.779119,32.086304,5361880
"5938487541","Grewia flavescens Juss.","SPECIES",-24.524429,30.795915,4260042
"5938487560","Elisolimax flavescens (W.Keferstein, 1866)","SPECIES",-4.658547,39.37064,9658573
"5938487563","Zonocerus elegans (Thunberg, 1815)","SPECIES",-24.418608,31.961483,1727809
"5938487687","Phelsuma grandis Gray, 1870","SPECIES",-20.256137,57.754012,2447558
"5938487689","Caloplaca cerina (Hedw.) Th.Fr.","SPECIES",36.918102,7.654601,7251342
"5938487695","Prosymna stuhlmanni (Pfeffer, 1893)","SPECIES",-27.471244,31.926156,4819971
"5938487720","Graphium policenes (Cramer, 1775)","SPECIES",-28.780412,32.087622,5141216
"5938487821","Apteranthes burchardii (N.E.Br.) Plowes","SPECIES",28.08639,-16.70716,9472170
"5938487930","Cuculus clamosus Latham, 1802","SPECIES",-32.724063,25.644142,5231913
"5938488019","Geosciurus inauris (Zimmermann, 1780)","SPECIES",-28.933563,26.368183,2437454
"5938488034","Senna petersiana (Bolle) Lock","SPECIES",-24.405015,30.819821,2957867
"5938488050","Equus quagga chapmani Layard, 1865","SUBSPECIES",-24.99297,31.532398,2440892
"5938488122","Schizophyllum commune Fr.","SPECIES",-25.910872,28.44762,5241128
"5938488132","Vachellia karroo (Hayne) Banfi & Galasso","SPECIES",-33.426219,26.477501,3974754
"5938488143","Sclerophrys capensis Tschudi, 1838","SPECIES",-29.314912,29.691172,9114626
"5938488168","Loxodonta africana (Blumenbach, 1797)","SPECIES",-2.741898,38.084716,2435350
"5938488180","Vanellus crassirostris (Hartlaub, 1855)","SPECIES",-3.167117,35.544842,5229130
"5938488232","Sideroxylon inerme L.","SPECIES",-34.76194,19.931215,2887200
"5938488245","Hermas villosa (L.) Thunb.","SPECIES",-34.094005,18.42337,3641868
"5938488258","Boraginaceae","FAMILY",-25.906337,28.446387,NA
"5938488277","Satyrium bicorne (L.) Thunb.","SPECIES",-34.100604,18.431049,5307363
"5938488904","Alopochen aegyptiaca (Linnaeus, 1766)","SPECIES",-25.116035,31.911439,2498252
"5938488973","Kobus ellipsiprymnus ellipsiprymnus (Ogilby, 1833)","SUBSPECIES",-23.588787,29.783767,5220160
"5938488977","Tragus berteronianus Schult.","SPECIES",-31.252775,23.487008,5290129
"5938489056","Colius striatus striatus J.F.Gmelin, 1789","SUBSPECIES",-34.371595,21.410467,5229467
"5938489352","Coalisina Raf.","GENUS",-24.407133,30.813239,NA
"5938489362","Sclerophrys gutturalis (Power, 1927)","SPECIES",-30.873155,30.357528,9456514
"5938489409","Zantedeschia albomaculata (Hook.) Baill.","SPECIES",-30.585395,27.719858,2868796
"5938489420","Capeorchestia capensis (Dana, 1853)","SPECIES",-34.140623,18.320884,9131682
"5938489448","Yucca gigantea Lem.","SPECIES",-33.923199,18.704442,2775716
"5938489453","Anthracocentrus capensis (White, 1853)","SPECIES",-22.85428,16.77235,1105788
"5938489526","Furcifer pardalis (Cuvier, 1829)","SPECIES",-21.043519,55.257169,5221988
"5938489562","Rufoclanis numosae Wallengren, 1860","SPECIES",-24.452278,31.977717,1861584
"5938489582","Trioceros jacksonii (Boulenger, 1896)","SPECIES",-1.378592,36.7646,8371864
"5938489583","Uroplectes vittatus (Thorell, 1876)","SPECIES",-23.998495,31.767952,6893346
"5938489589","Cordylus vittifer (Reichenow, 1887)","SPECIES",-29.815593,30.810755,5227207
"5938489655","Macaca sylvanus (Linnaeus, 1758)","SPECIES",33.508708,-5.075599,2436618
"5938489677","Actophilornis africanus (J.F.Gmelin, 1789)","SPECIES",-23.574183,29.826201,2481853
"5938489686","Trichonephila senegalensis (Walckenaer, 1841)","SPECIES",-24.364045,30.946848,10711575
"5938489749","Ephippiorhynchus senegalensis (Shaw, 1800)","SPECIES",-25.146601,31.557595,2481904
"5938489885","Acroteriobatus annulatus (Müller & Henle, 1841)","SPECIES",-34.606687,19.404177,8502641
"5938489901","Asianopis cylindrica (Pocock, 1898)","SPECIES",-24.328559,31.071782,2142008
"5938489912","Crinum stuhlmannii Baker","SPECIES",-25.415737,31.440239,2853683
"5938489931","Dispholidus typus typus (Smith, 1829)","SUBSPECIES",-34.011675,25.526221,2452959
"5938489995","Heliotropium ciliatum Kaplan","SPECIES",-24.339469,31.071365,4066841
"5938490018","Mimusops L.","GENUS",-32.777645,28.213986,NA
"5938490089","Prinia maculosa (Boddaert, 1783)","SPECIES",-32.286215,25.412358,2492750
"5938490133","Aeonium glandulosum (Aiton) Webb & Berthel.","SPECIES",32.855436,-17.15301,4198162
"5938490239","Gymnoris pyrgita (Heuglin, 1862)","SPECIES",-2.870782,38.074402,6100970
"5938490419","Cussonia paniculata Eckl. & Zeyh.","SPECIES",-29.247909,29.45407,3035211
"5938490553","Acokanthera oppositifolia (Lam.) Codd","SPECIES",-25.859699,27.497467,3619546
"5938490581","Solanum giganteum Jacq.","SPECIES",-25.853245,27.496637,2930578
"5938490602","Halcyon senegalensis (Linnaeus, 1766)","SPECIES",-24.756288,31.810708,5228340
"5938490722","Egybolis vaillantina Stoll, 1790","SPECIES",-4.261896,39.593474,1782645
"5938490771","Milvus migrans parasitus Grant & Mackworth-Praed, 1933","SUBSPECIES",-29.666703,29.573953,5229167
"5938490792","Holothuria atra Jaeger, 1833","SPECIES",-12.306994,44.431326,2279167
"5938490800","Trioceros hoehnelii (Steindachner, 1891)","SPECIES",-1.378762,36.764695,7582319
"5938491679","Pinarocorys nigricans (Sundevall, 1850)","SPECIES",-24.049519,27.062595,2490606
"5938491710","Alcelaphus buselaphus caama (É.Geoffroy Saint-Hilaire, 1803)","SUBSPECIES",-34.056942,20.465504,5706330
"5938491766","Uraeginthus angolensis (Linnaeus, 1758)","SPECIES",-28.220031,31.948387,2493726
"5938491815","Protea eximia (Knight) Fourc.","SPECIES",-33.980999,25.509563,5637779
"5938491827","Oxalis obliquifolia Steud. ex A.Rich.","SPECIES",-29.057253,29.399398,3627864
"5938491860","Pan troglodytes schweinfurthii (Giglioli, 1872)","SUBSPECIES",0.589304,30.46124,5219534
"5938491869","Senecio barbertonicus Klatt","SPECIES",-25.85269,27.496576,5694160
"5938491870","Olea capensis subsp. enervis (Harv.) I.Verd.","SUBSPECIES",-25.850441,27.496451,7475694
"5938491912","Bradypodion damaranum (Boulenger, 1887)","SPECIES",-33.903758,22.967817,2449252
"5938491964","Cheloctonus crassimanus depressus Hewitt, 1918","SUBSPECIES",-28.881179,30.024754,6892732
"5938492023","Bicyclus safitza (Westwood, 1850)","SPECIES",-29.781766,30.845643,1893562
"5938492042","Butorides Blyth, 1852","GENUS",-25.34251,31.81264,NA
"5938492052","Peltophorum africanum Sond.","SPECIES",-25.361552,31.808576,2952780
"5938492137","Turdus merula Linnaeus, 1758","SPECIES",31.623586,-7.995339,2490719
"5938492149","Lachnaea grandiflora (L.fil.) Baill.","SPECIES",-34.088815,18.429241,5523203
"5938492317","Zosterops virens Sundevall, 1850","SPECIES",-32.222586,25.480622,7857709
"5938492361","Spilostethus pandurus (Scopoli, 1763)","SPECIES",28.116584,-16.729749,4486330
"5938492367","Hieraaetus wahlbergi (Sundevall, 1850)","SPECIES",-24.966677,31.745428,5844448
"5938492483","Lamprotornis unicolor (Shelley, 1881)","SPECIES",-3.77048,36.021614,5845377
"5938493327","Opistophthalmus glabrifrons Peters, 1861","SPECIES",-25.535766,26.837946,6894733
"5938493350","Heterohyrax brucei (Gray, 1868)","SPECIES",-2.21762,34.901779,2437073
"5938493351","Stigmochelys pardalis (Bell, 1828)","SPECIES",-28.858208,29.9811,2441757
"5938493354","Ardeotis kori struthiunculus (Neumann, 1907)","SUBSPECIES",-3.158414,35.449469,2474909
"5938493385","Leucadendron album (Thunb.) Fourc.","SPECIES",-33.62116,23.531518,5638399
"5938493757","Falco rupicolus Daudin, 1800","SPECIES",-34.060283,18.495085,6065652
"5938493774","Hibiscus calyphyllus Cav.","SPECIES",-25.895958,27.77265,3152574
"5938493817","Oedichirus paederinus Erichson, 1840","SPECIES",36.74789,2.971971,4439788
"5938493905","Litogyne gariepina (DC.) Anderb.","SPECIES",-22.414158,31.270946,3127458
"5938494218","Cordylus cordylus (Linnaeus, 1758)","SPECIES",-33.695591,26.666397,5227229
"5938494474","Dendropicos fuscescens (Vieillot, 1818)","SPECIES",-34.474618,19.897193,2478399
"5938494492","Tachybaptus ruficollis capensis (Salvadori, 1884)","SUBSPECIES",-34.06097,18.4961,2482048
"5938494554","Grewia flavescens Juss.","SPECIES",-24.403843,30.814616,4260042
"5938494710","Allocyttus verrucosus (Gilchrist, 1906)","SPECIES",-33.758803,18.441861,2415343
"5938495037","Agama lionotus Boulenger, 1896","SPECIES",-4.284204,39.592057,5226293
"5938495909","Panthera pardus pardus (Linnaeus, 1758)","SUBSPECIES",-20.834329,16.783339,5219436
"5938495942","Aphaenogaster senilis Mayr, 1853","SPECIES",36.725144,2.992226,1316075
"5938496476","Acacia longifolia (Andrews) Willd.","SPECIES",-34.032999,18.396056,2978730
"5938496489","Cenaeus Stål, 1861","GENUS",-29.776743,30.835888,NA
"5938496491","Lavandula canariensis Mill.","SPECIES",28.524116,-16.288126,7307851
"5938496523","Ardeotis kori (Burchell, 1822)","SPECIES",-20.600739,16.762445,2474909
"5938496617","Zinnia peruviana (L.) L.","SPECIES",-28.220002,31.948301,9193953
"5938496625","Disa aurata (Bolus) L.T.Parker & Koop.","SPECIES",-33.98368,20.44877,2783627
"5938496677","Ischnura senegalensis (Rambur, 1842)","SPECIES",-34.302799,21.02644,1423286
"5938496932","Indigofera candolleana Meisn.","SPECIES",-33.991512,18.411149,2972106
"5938497058","Chrysococcyx caprius (Boddaert, 1783)","SPECIES",-2.127153,34.477615,2496333
"5938497061","Solanum giganteum Jacq.","SPECIES",-25.845093,27.495731,2930578
"5938497074","Spermestes cucullata Swainson, 1837","SPECIES",-24.756288,31.810708,2493624
"5938497076","Hyperolius marmoratus verrucosus Hewitt, 1937","SUBSPECIES",-30.275231,30.739098,5217671
"5938497088","Precis archesia Cramer, 1782","SPECIES",-29.542392,29.953022,11726907
"5938497099","Aptera fusca (Thunberg, 1784)","SPECIES",-33.980297,18.4086,1994735
"5938497104","Pseudanaphaeis Bernardi, 1953","GENUS",-25.33295,31.797613,NA
"5938497246","Adenium obesum (Forssk.) Roem. & Schult.","SPECIES",11.989863,18.237095,7155887
"5938497511","Dendrocygna viduata (Linnaeus, 1766)","SPECIES",-28.353302,32.32639,2498396
"5938497539","Tmesibasis lacerata (Hagen, 1853)","SPECIES",-24.452805,31.977853,2103013
"5938497563","Ardea ibis Linnaeus, 1758","SPECIES",-34.163854,24.827544,2480830
"5938497861","Danaus chrysippus orientis (Aurivillius, 1909)","SUBSPECIES",-29.923908,24.528703,7642610
"5938497891","Pseudagrion hageni Karsch, 1893","SPECIES",-29.772322,30.739262,1422870
"5938497910","Satyrium longicauda Lindl.","SPECIES",-29.80877,30.773346,5307416
"5938497914","Ardea cinerea Linnaeus, 1758","SPECIES",-1.446262,34.961926,9797180
"5938497961","Orthetrum trinacria (Selys, 1841)","SPECIES",-34.066343,18.810706,1428708
"5938498017","Galactites tomentosa Moench","SPECIES",32.759373,-16.788309,3137579
"5938498373","Mimetes cucullatus (L.) R.Br.","SPECIES",-34.323405,18.45069,8349333
"5938498407","Mycteria ibis (Linnaeus, 1766)","SPECIES",-3.22858,35.551761,2481936
"5938498424","Cosentinia vellea (Aiton) Tod.","SPECIES",28.14035,-16.525844,7335582
"5938498476","Ceratotheca triloba (Bernh.) Hook.fil.","SPECIES",-24.146939,31.033882,9700256
"5938498478","Chlorocebus pygerythrus (F.Cuvier, 1821)","SPECIES",-1.118541,35.293043,7262034
"5938498627","Leycesteria formosa Wall.","SPECIES",-29.801144,29.480014,2888579
"5938498633","Aselgeia ramulifera Walker, 1851","SPECIES",-24.328472,31.071695,2052787
"5938498681","Ardea melanocephala Children & Vigors, 1826","SPECIES",-1.944271,30.064174,2480923
"5938499029","Polycarpaea nivea (Aiton) Webb","SPECIES",30.503853,-9.695421,7268237
"5938499054","Apis mellifera Linnaeus, 1758","SPECIES",36.72511,2.992272,1341976
"5938499164","Agapanthus africanus (L.) Hoffmanns.","SPECIES",-34.330748,19.007373,2854740
"5938499166","Coracias garrulus Linnaeus, 1758","SPECIES",-33.764564,18.46076,2475365
"5938499200","Psidium guajava L.","SPECIES",-24.596088,30.873876,5420380
"5938499310","Urocyclus kirkii Gray, 1864","SPECIES",-30.282319,30.753786,9648932
"5938499330","Gegenes Hübner, 1819","GENUS",-29.007501,29.476539,NA
"5938499403","Scopus umbretta umbretta Gmelin, 1789","SUBSPECIES",-32.238547,25.458102,5229154
"5938499523","Trachyphonus vaillantii Ranzani, 1821","SPECIES",-25.195637,31.880806,2478899
"5938499542","Bauhinia galpinii N.E.Br.","SPECIES",-24.830626,31.508462,2953703
"5938499581","Senecio erubescens Aiton","SPECIES",-25.782578,28.110303,7617006
"5938499590","Kniphofia angustifolia (Baker) Codd","SPECIES",-29.2497,29.443432,5305008
"5938499693","Haemanthus sanguineus Jacq.","SPECIES",-34.023039,22.238367,2855110
"5938499734","Portulacaria afra Jacq.","SPECIES",-33.657224,24.431124,3084777
"5938499746","Ruschia geminiflora (Haw.) Schwantes ex H.Jacobsen","SPECIES",-33.860072,18.551102,12246165
"5938499752","Petascelis remipes Signoret, 1847","SPECIES",-24.435791,30.785117,4389993
"5938499762","Bostrychia hagedash hagedash (Latham, 1790)","SUBSPECIES",-25.341453,27.084189,5229203
"5938499911","Ricinus communis L.","SPECIES",-23.828044,30.157272,5380041
"5938499914","Diplodus capensis (Smith, 1844)","SPECIES",-33.692455,26.67358,5210964
"5938499944","Varanus niloticus (Linnaeus, 1766)","SPECIES",-25.372973,31.861527,2470656
"5938500006","Arenaria interpres (Linnaeus, 1758)","SPECIES",32.71788,-16.763387,2481776
"5938500080","Fagonia cretica L.","SPECIES",28.300729,-16.373749,6384851
"5938500152","Gasteracantha sanguinolenta C.L.Koch, 1844","SPECIES",-32.698786,25.619828,2158505
"5938500241","Anomalipus Latreille, 1846","GENUS",-26.448494,31.998298,NA
"5938500257","Emberiza sahari J.Levaillant, 1850","SPECIES",30.387033,-9.594185,6100800
"5938500272","Melia azedarach L.","SPECIES",-33.9383,18.842126,5914287
"5938500414","Lasiosiphon rubescens (B.Peterson) J.C.Manning & Magee","SPECIES",-24.446158,31.978092,5524198
"5938500425","Solanum rubetorum Dunal","SPECIES",-33.730826,26.581203,2930550
"5938500426","Dicrurus adsimilis adsimilis (Bechstein, 1794)","SUBSPECIES",-33.958537,22.368688,2493963
"5938500570","Eurema brigitta brigitta (Stoll, 1780)","SUBSPECIES",-25.877177,28.144983,5137828
"5938500573","Tragelaphus angasii Angas, 1849","SPECIES",-28.220021,31.948252,5220181
"5938500589","Civettictis civetta (Schreber, 1776)","SPECIES",-23.062866,30.061237,2434634
"5938500628","Haematopus moquini Bonaparte, 1856","SPECIES",-33.735183,26.575811,2480263
"5938500638","Ardea ibis Linnaeus, 1758","SPECIES",-31.592512,28.779388,2480830
"5938500653","Tomopterna natalensis (Smith, 1849)","SPECIES",-29.776791,30.835876,2429923
"5938500883","Breviceps adspersus Peters, 1882","SPECIES",-28.881387,30.024684,5218071
"5938501229","Bucorvus leadbeateri (Vigors, 1825)","SPECIES",-3.521861,35.962439,2476041
"5938501238","Microcarbo africanus africanus (Gmelin, 1789)","SUBSPECIES",-34.066266,18.874756,6066519
"5938501240","Bradypodion setaroi Raw, 1976","SPECIES",-26.698152,32.898238,2449158
"5938501262","Alopochen aegyptiaca (Linnaeus, 1766)","SPECIES",-34.06194,18.493854,2498252
"5938501276","Thunbergia neglecta Sond.","SPECIES",-24.405685,30.820239,5573832
"5938501278","Precis pelarga Fabricius, 1775","SPECIES",5.661838,-0.185591,1897965
"5938501279","Bowiea volubilis Harv. ex Hook.f.","SPECIES",-25.898344,27.797892,7386178
"5938501458","Kirkia wilmsii Engl.","SPECIES",-24.532597,30.640337,5555193
"5938502368","Kleinia neriifolia Haw.","SPECIES",28.232225,-16.758861,5405673
"5938502396","Ceratopachys nigricornis (Germar, 1838)","SPECIES",-24.452362,31.977553,6543633
"5938502404","Chironia baccifera L.","SPECIES",-33.413875,18.240712,8252309
"5938503040","Apis mellifera Linnaeus, 1758","SPECIES",-28.254989,29.114739,1341976
"5938503059","Philothamnus occidentalis (Broadley, 1966)","SPECIES",-30.98564,30.274229,8941010
"5938503082","Litopus latipes (Fabricius, 1787)","SPECIES",-28.952213,29.203906,6263093
"5938503103","Erythrocebus patas patas (Schreber, 1774)","SUBSPECIES",11.843432,-13.94994,2436548
"5938503110","Zanthoxylum capense (Thunb.) Harv.","SPECIES",-25.864595,27.497808,3832553
"5938503124","Psoralea repens P.J.Bergius","SPECIES",-34.14728,18.319403,2944083
"5938503814","Microsorum scolopendria (Burm.fil.) Copel.","SPECIES",-28.963868,31.758258,2650532
"5938503860","Varanus albigularis angolensis Schmidt, 1933","SUBSPECIES",-22.947511,17.703342,2470802
"5938503874","Crocuta crocuta (Erxleben, 1777)","SPECIES",-25.175813,31.56362,5218781
"5938503884","Serruria elongata (P.J.Bergius) R.Br.","SPECIES",-34.579772,19.773961,3997716
"5938503940","Numida meleagris (Linnaeus, 1758)","SPECIES",-33.406195,18.257947,2473341
"5938503953","Chamaeleo dilepis Leach, 1819","SPECIES",-24.756288,31.810708,2449077
"5938504038","Hermannia boraginiflora Hook.","SPECIES",-24.407069,30.813054,7561898
"5938504047","Junonia hierta cebrene Trimen, 1870","SUBSPECIES",-20.642759,17.153007,5130542
"5938504527","Hypochaeris radicata L.","SPECIES",-25.583328,28.634278,3093702
"5938504570","Coenyropsis natalii natalii (Boisduval, 1847)","SUBSPECIES",-24.452608,31.977633,1899045
"5938504574","Bombomyia discoidea (Fabricius, 1794)","SPECIES",-34.197805,22.045969,1670707
"5938504581","Phoenicurus moussieri (Olphe-Galliard, 1852)","SPECIES",36.407669,10.641443,5231221
"5938504594","Breonadia salicina (Vahl) Hepper & J.R.I.Wood","SPECIES",-24.592691,30.935092,2900926
"5938504659","Cinnyris notatus (Statius Muller, 1776)","SPECIES",-20.505835,47.239992,7340554
"5938504661","Ardeotis kori kori (Burchell, 1822)","SUBSPECIES",-19.278938,16.125268,2474909
"5938504664","Melierax poliopterus Cabanis, 1868","SPECIES",-2.92301,38.027711,2480731
"5938505310","Euclea crispa (Thunb.) Gürke","SPECIES",-25.851156,27.496881,6056988
"5938505319","Phorcinus albofasciatus (Stal, 1865)","SPECIES",-33.720668,23.359746,8959088
"5938505368","Oxytate argenteooculata (Simon, 1886)","SPECIES",-29.776519,30.835872,2165837
"5938505374","Endostemon obtusifolius (E.Mey.) N.E.Br.","SPECIES",-24.596544,30.873223,3899644
"5938506247","Radyera urens (L.fil.) Bullock","SPECIES",-31.250592,23.48446,3934524
"5938506257","Faurea saligna Harv.","SPECIES",-25.812217,27.600722,5636801
"5938506285","Dictyophorus spumans (Thunberg, 1787)","SPECIES",-24.512912,26.408322,1727415
"5938506288","Antigastra morysalis Walker, 1859","SPECIES",-34.068083,18.425212,5126668
"5938506329","Clanga pomarina (C.L.Brehm, 1831)","SPECIES",-24.54585,31.33721,2480505
"5938506333","Ketupa lactea (Temminck, 1820)","SPECIES",-2.851626,38.074467,5959139
"5938506362","Portulaca quadrifida L.","SPECIES",-25.340326,31.812132,3084699
"5938506363","Ardea cinerea Linnaeus, 1758","SPECIES",-25.334612,31.880653,9797180
"5938506371","Chlorocebus pygerythrus (F.Cuvier, 1821)","SPECIES",-25.346947,31.810382,7262034
"5938506376","Anax imperator Leach, 1815","SPECIES",-34.062012,18.497973,5051775
"5938506415","Peltocalathos baurii (Mac Owan) M.Tamura","SPECIES",-29.284974,29.445339,3930223
"5938506417","Hylochoerus meinertzhageni Thomas, 1904","SPECIES",-0.281908,29.963898,2441228
"5938506438","Brephidium metophis (Wallengren, 1860)","SPECIES",-31.614674,18.204675,1932177
"5938506471","Pterocles decoratus Cabanis, 1868","SPECIES",-2.86941,38.075089,2480196
"5938506671","Ploceus rubiginosus Rüppell, 1840","SPECIES",-2.953182,38.020844,2494071
"5938506692","Cymatomerella spilophora (Walker, 1870)","SPECIES",-24.45395,31.979662,1690723
"5938506696","Ceratogomphus pictus Hagen, 1854","SPECIES",-33.92731,22.0458,10712575
"5938506900","Chlorocebus pygerythrus pygerythrus (F.Cuvier, 1821)","SUBSPECIES",-23.854825,31.57926,7262034
"5938506935","Pellaea calomelanos (Sw.) Link","SPECIES",-24.576995,30.624671,7335563
"5938507026","Anthus berthelotii Bolle, 1862","SPECIES",28.210747,-16.655813,2490270
"5938507046","Cyrtophora citricola (Forsskål, 1775)","SPECIES",-22.398588,26.663821,5171231
"5938507067","Larus michahellis J.F.Naumann, 1840","SPECIES",35.786056,-5.808253,9413670
"5938507086","Eriocaulon dregei Hochst.","SPECIES",-29.266006,29.434524,2691079
"5938507095","Acacia saligna (Labill.) H.L.Wendl.","SPECIES",-33.951196,25.48755,2978552
"5938507180","Dryoscopus cubla (Latham, 1802)","SPECIES",-33.924786,22.059066,2484832
"5938507219","Latrodectus geometricus C.L.Koch, 1841","SPECIES",-33.814862,18.664567,2157944
"5938507468","Panthera pardus pardus (Linnaeus, 1758)","SUBSPECIES",-2.400238,34.932212,5219436
"5938507470","Helinus integrifolius (Lam.) Kuntze","SPECIES",-25.850322,27.496403,3875572
"5938507471","Pavetta gardeniifolia Hochst. ex A.Rich.","SPECIES",-25.849052,27.496172,2924573
"5938507502","Cordylus niger Cuvier, 1829","SPECIES",-34.356571,18.496906,5227194
"5938507508","Agave americana L.","SPECIES",28.145604,-16.723934,2767031
"5938508232","Sclerophrys gutturalis (Power, 1927)","SPECIES",-28.959996,31.756349,9456514
"5938509334","Phoeniculus purpureus (J.F.Miller, 1784)","SPECIES",-30.284759,30.737205,2498452
"5938509360","Parabuthus planicauda (Pocock, 1889)","SPECIES",-33.757185,21.354885,6894360
"5938509370","Opistophthalmus holmi (Lawrence, 1969)","SPECIES",-24.741302,15.335027,6894794
"5938509371","Acacia saligna (Labill.) H.L.Wendl.","SPECIES",-33.951262,25.487647,2978552
"5938509384","Gallinula chloropus meridionalis (C.L.Brehm, 1831)","SUBSPECIES",-33.94552,22.463705,5228199
"5938509427","Chrysopoloma isabellina Aurivillius, 1895","SPECIES",-24.452425,31.977713,1754000
"5938509435","Orthosiphon thymiflorus (Roth) Sleesen","SPECIES",-28.220088,31.948252,3891796
"5938509436","Trichonephila senegalensis (Walckenaer, 1841)","SPECIES",-23.933566,31.513327,10711575
"5938509485","Aneilema aequinoctiale (P.Beauv.) G.Don","SPECIES",-24.159865,30.223915,9306839
"5938509491","Pseudomicrommata longipes (Bösenberg & Lenz, 1895)","SPECIES",-26.812605,31.920382,2161544
"5938509493","Sus scrofa Linnaeus, 1758","SPECIES",35.786708,-5.929072,7705930
"5938509577","Merops nubicoides Des Murs & Pucheran, 1846","SPECIES",-24.756288,31.810708,2475399
"5938509582","Platalea alba Scopoli, 1786","SPECIES",-33.958563,22.366517,2480800
"5938509590","Momordica foetida Schum.","SPECIES",-25.333706,30.715576,3625538
"5938509747","Equus caballus Linnaeus, 1758","SPECIES",-34.363646,19.13707,2440886
"5938509778","Diplacodes luminans (Karsch, 1893)","SPECIES",-19.515185,23.633221,1428431
"5938509788","Azanus jesous (Guérin-Méneville, 1847)","SPECIES",-24.380328,31.77728,1926546
"5938509800","Zyrphelis foliosa (Harv.) Kuntze","SPECIES",-34.327514,19.005224,3134620
"5938509924","Asystasia intrusa (Forssk.) Blume","SPECIES",-29.718212,31.091811,7468660
"5938510064","Crocodylus niloticus Laurenti, 1768","SPECIES",-24.967403,31.625658,2441341
"5938510091","Alepidea thodei Dümmer","SPECIES",-29.26982,29.429003,3632925
"5938510186","Searsia lucida (L.) F.A.Barkley","SPECIES",-34.57426,19.731392,7321764
"5938510198","Capparis decidua (Forssk.) Edgew.","SPECIES",11.989867,18.237077,7782352
"5938510205","Crassula lanuginosa Harv.","SPECIES",-32.258936,25.447424,7334088
"5938510216","Motacilla capensis capensis Linnaeus, 1766","SUBSPECIES",-34.151237,18.887245,2490296
"5938510245","Hippotragus niger niger (Harris, 1838)","SUBSPECIES",-25.868484,27.857237,2441031
"5938510257","Alopochen aegyptiaca (Linnaeus, 1766)","SPECIES",-33.8734,18.629481,2498252
"5938510280","Nanger granti granti (Brooke, 1872)","SUBSPECIES",-1.134377,35.329845,7261447
"5938510482","Schkuhria pinnata (Lam.) Kuntze","SPECIES",-24.463143,30.608968,8346536
"5938510636","Duberria lutrix (Linnaeus, 1758)","SPECIES",-34.011559,18.460055,2452676
"5938510785","Chamaeleo dilepis Leach, 1819","SPECIES",-29.714774,31.09263,2449077
"5938511300","Anhinga rufa rufa","SUBSPECIES",-33.958613,22.368497,2482080
"5938511382","Ensete ventricosum (Welw.) Cheesman","SPECIES",5.939737,38.251928,2763050
"5938511421","Eulophia welwitschii (Rchb.f.) Rolfe","SPECIES",-29.691378,29.598046,5311917
"5938511442","Zanthoxylum capense (Thunb.) Harv.","SPECIES",-25.895022,27.800981,3832553
"5938512211","Sideritis oroteneriffae Négrin & P.Pérez","SPECIES",28.419528,-16.410364,7307524
"5938512241","Protorhus longifolia (Bernh.) Engl.","SPECIES",-24.161018,30.255065,3661281
"5938512659","Asplenium onopteris L.","SPECIES",28.530748,-16.280078,4258713
"5938512719","Crocuta crocuta (Erxleben, 1777)","SPECIES",-24.867858,31.561102,5218781
"5938512730","Thereianthus bracteolatus (Lam.) G.J.Lewis","SPECIES",-34.092373,18.422627,2749511
"5938512733","Rothmannia capensis Thunb.","SPECIES",-25.84888,27.495947,2906198
"5938512749","Erica massonii var. massonii","VARIETY",-34.315373,19.00897,7651334
"5938512780","Pachydactylus maculatus Gray, 1845","SPECIES",-32.707676,25.624748,5221196
"5938512793","Hystrix africaeaustralis Peters, 1852","SPECIES",-20.834467,16.652412,5219885
"5938513684","Estrilda astrild (Linnaeus, 1758)","SPECIES",-23.590948,29.784258,2493660
"5938513821","Cyperus ascocapensis Bauters","SPECIES",-29.267326,29.471538,9533573
"5938513909","Willdenowia sulcata Mast.","SPECIES",-33.922242,18.703684,2707673
"5938513924","Peltocalathos baurii (Mac Owan) M.Tamura","SPECIES",-29.251437,29.447155,3930223
"5938513926","Viburnum rugosum Pers.","SPECIES",28.558236,-16.174632,3856160
"5938513929","Buteo buteo (Linnaeus, 1758)","SPECIES",-25.625493,30.743519,2480537
"5938513964","Merops superciliosus Linnaeus, 1766","SPECIES",-2.695353,38.162211,2475440
"5938513981","Ardea melanocephala Children & Vigors, 1826","SPECIES",-3.160228,35.555725,2480923
"5938513997","Bohadschia subrubra (Quoy & Gaimard, 1834)","SPECIES",-20.139632,57.754127,5721579
"5938514131","Olinia emarginata Burtt Davy","SPECIES",-25.864039,27.497586,3672466
"5938514202","Coturnix coturnix (Linnaeus, 1758)","SPECIES",-25.619576,30.736358,2474156
"5938514347","Melaenornis pammelaina (Stanley, 1814)","SPECIES",-25.358718,31.89267,2492656
"5938514368","Schizophyllum commune Fr.","SPECIES",-25.772984,28.360637,5241128
"5938514663","Platysaurus intermedius wilhelmi Hewitt, 1909","SUBSPECIES",-25.44467,30.967412,5227141
"5938514701","Searsia rehmanniana (Engl.) Moffett","SPECIES",-34.487618,19.904796,7321709
"5938516117","Dictyophorus spumans (Thunberg, 1787)","SPECIES",-29.071637,26.223936,1727415
"5938516164","Euphorbia balsamifera Aiton","SPECIES",28.507807,-16.19162,3069871
"5938516248","Hypericum aethiopicum Thunb.","SPECIES",-27.878903,29.712682,3711260
"5938516262","Ceryle rudis (Linnaeus, 1758)","SPECIES",30.051268,31.227697,2475679
"5938518170","Oenopia Mulsant, 1850","GENUS",-29.776747,30.835924,NA
"5938518709","Trithemis arteriosa (Burmeister, 1839)","SPECIES",-34.127814,18.916937,1428848
"5938518792","Passer diffusus (A.Smith, 1836)","SPECIES",-33.74316,18.561122,7341262
"5938518819","Aspalathus retroflexa L.","SPECIES",-33.923275,18.705376,5348338
"5938518845","Rhabdomys pumilio (Sparrman, 1784)","SPECIES",-34.119225,18.447258,2438736
"5938518965","Datura innoxia Mill.","SPECIES",28.506321,-16.190564,2928755
"5938519023","Ocimum labiatum (N.E.Br.) A.J.Paton","SPECIES",-24.189224,29.617338,3897145
"5938519091","Misumenops rubrodecoratus Millot, 1942","SPECIES",-25.831673,27.662342,2167008
"5938519207","Leucadendron laxum I.Williams","SPECIES",-34.573489,19.732994,5637948
"5938519216","Vachellia seyal (Delile) P.J.H.Hurter","SPECIES",11.9894,18.237095,3974722
"5938519225","Trithemis furva Karsch, 1899","SPECIES",-29.046525,30.298689,1428882
"5938519234","Papio ursinus (Kerr, 1792)","SPECIES",-32.276507,25.419885,7262029
"5938519237","Numida meleagris (Linnaeus, 1758)","SPECIES",-32.226553,25.470568,2473341
"5938519244","Sclerocarya birrea (A.Rich.) Hochst.","SPECIES",-25.77303,28.211474,7160810
"5938519271","Cissus rotundifolia (Forssk.) Vahl","SPECIES",-24.403801,30.814635,3039168
"5938519343","Cenaeus Stål, 1861","GENUS",-33.989267,18.473288,NA
"5938519388","Ranunculus cortusifolius Willd.","SPECIES",28.530748,-16.280077,6374399
"5938519443","Dendroaspis polylepis Günther, 1864","SPECIES",-30.169779,30.754017,8054654
"5938519453","Erica hirtiflora Curtis","SPECIES",-33.998797,18.413288,5684769
"5938519583","Dixeia charina (Boisduval, 1836)","SPECIES",-34.09029,23.36831,1919924
"5938519590","Drymaria cordata (L.) Willd. ex Schult.","SPECIES",-29.738585,30.840272,5384509
"5938519610","Disperis lindleyana Rchb.f.","SPECIES",-33.94968,23.160629,2805111
"5938519627","Saxicola tectes (Gmelin, 1789)","SPECIES",-21.097936,55.582675,2492525
"5938519646","Ceryle rudis (Linnaeus, 1758)","SPECIES",-24.968028,31.625694,2475679
"5938520309","Musa acuminata Colla","SPECIES",-1.254088,29.713467,2762680
"5938520314","Leucadendron levisanus (L.) P.J.Bergius","SPECIES",-33.859892,18.553041,5637939
"5938521374","Acacia mearnsii De Wild.","SPECIES",-34.091319,18.874188,2979775
"5938521390","Pseudagrion kersteni (Gerstäcker, 1869)","SPECIES",-29.819715,30.809697,1422973
"5938521412","Moraea alticola Goldblatt","SPECIES",-29.256992,29.42256,2744533
"5938521417","Verbascum virgatum Stokes","SPECIES",-33.93927,18.842505,3171954
"5938521514","Dendrocygna bicolor (Vieillot, 1816)","SPECIES",-34.084228,18.517971,2498402
"5938521527","Platyoides walteri (Karsch, 1887)","SPECIES",-26.058582,27.975388,2178345
"5938521552","Felimare picta (R.A.Philippi, 1836)","SPECIES",28.380286,-16.293004,6519348
"5938521614","Vidua macroura (Pallas, 1764)","SPECIES",-23.859749,31.12853,2484628
"5938521631","Aristea galpinii N.E.Br. ex Weim.","SPECIES",-29.270588,29.486457,2744954
"5938521647","Locris arithmetica (Walker, 1851)","SPECIES",-32.716093,25.645111,2017876
"5938521970","Aloe striata Haw.","SPECIES",-33.317146,26.517711,2778035
"5938522162","Calidris alba (Pallas, 1764)","SPECIES",36.805339,2.895022,2481748
"5938522196","Paragymnopteris marantae (L.) K.H.Shing","SPECIES",28.232589,-16.757203,7148187
"5938522279","Pelargonium luridum (Andrews) Sweet","SPECIES",-25.857762,27.497003,3828518
"5938522298","Andropadus importunus importunus (Vieillot, 1818)","SUBSPECIES",-26.092408,32.953162,2486162
"5938523103","Lygodactylus capensis (Smith, 1849)","SPECIES",-33.948013,18.476979,2446718
"5938523381","Cenchrus setaceus (Forssk.) Morrone","SPECIES",28.507275,-16.190503,5828232
"5938523466","Leonotis ocymifolia (Burm.f.) Iwarsson","SPECIES",-32.723304,25.64198,7307634
"5938523490","Euphorbia balsamifera Aiton","SPECIES",28.506369,-16.190812,3069871
"5938523553","Junonia oenone oenone (Linnaeus, 1758)","SUBSPECIES",-24.380412,31.776833,5130392
"5938523554","Porcellio scaber Latreille, 1804","SPECIES",-29.089722,26.156389,6284337
"5938523691","Anas capensis J.F.Gmelin, 1789","SPECIES",-34.084228,18.517971,2498094
"5938523703","Palpopleura vestita Rambur, 1842","SPECIES",-20.514937,47.240231,1428965
"5938524647","Paropioxys jucundus Distant, 1899","SPECIES",-24.569504,27.835301,2051817
"5938524712","Cheilanthes viridis (Forssk.) Sw.","SPECIES",-24.149952,30.317075,7173446
"5938524713","Macaca sylvanus (Linnaeus, 1758)","SPECIES",36.706766,5.131013,2436618
"5938525061","Eucalyptus conferruminata D.J.Carr & S.G.M.Carr","SPECIES",-34.367703,19.141878,3177088
"5938525105","Christella dentata (Forssk.) Brownsey & Jermy","SPECIES",-25.848714,27.495818,7160028
"5938525114","Robsonodendron maritimum (Bolus) R.H.Archer","SPECIES",-34.630545,19.301753,3793485
"5938525121","Erica obliqua F.A.Bauer","SPECIES",-34.31597,19.009099,5683840
"5938525169","Desmodium incanum (Sw.) DC.","SPECIES",-24.595938,30.873806,2967060
"5938526733","Tchagra australis (A.Smith, 1836)","SPECIES",-25.34897,31.780278,2484826
"5938527393","Vachellia karroo (Hayne) Banfi & Galasso","SPECIES",-33.373668,26.473977,3974754
"5938527415","Tridax procumbens L.","SPECIES",-23.828273,30.156817,3149462
"5938527422","Afrogecko porphyreus (Daudin, 1802)","SPECIES",-34.288631,21.910766,2446392
"5938527429","Alfredectes semiaeneus (Serville, 1838)","SPECIES",-34.331427,18.97476,1692182
"5938527487","Vachellia karroo (Hayne) Banfi & Galasso","SPECIES",-33.568186,26.584277,3974754
"5938527673","Disa glandulosa Burch. ex Lindl.","SPECIES",-34.095467,18.42963,2783948
"5938527674","Richardia brasiliensis Gomes","SPECIES",-23.82744,30.157476,5337499
"5938527676","Phacochoerus africanus massaicus Lönnberg, 1908","SUBSPECIES",-3.773858,35.996712,2441212
"5938527689","Chrysotoxum triarcuatum Macquart, 1839","SPECIES",28.656568,-17.884889,1535888
"5938527717","Ardea ibis Linnaeus, 1758","SPECIES",35.78739,-5.81272,2480830
"5938528349","Halichoeres hortulanus (Lacepède, 1801)","SPECIES",-20.130581,57.757154,2384141
"5938528393","Carlina salicifolia (L.fil.) Cav.","SPECIES",28.294083,-16.816914,3105400
"5938528466","Hirundo rustica Linnaeus, 1758","SPECIES",-34.258475,18.381747,9515886
"5938528540","Ardea melanocephala Children & Vigors, 1826","SPECIES",-30.821367,27.253855,2480923
"5938528550","Catharanthus roseus (L.) G.Don","SPECIES",-29.110569,31.600428,3169830
"5938528552","Ceriagrion glabrum (Burmeister, 1839)","SPECIES",-29.111029,31.600176,1423214
"5938528604","Terastia africana Sourakov, 2015","SPECIES",-33.315916,26.533948,8986756
"5938528621","Vanessa cardui (Linnaeus, 1758)","SPECIES",-20.505918,47.240037,4299368
"5938528640","Philothamnus semivariegatus (Smith, 1840)","SPECIES",-25.824901,28.378788,2453195
"5938528677","Orthetrum trinacria (Selys, 1841)","SPECIES",-29.110996,31.600141,1428708
"5938529303","Leucadendron modestum I.Williams","SPECIES",-34.568695,19.743671,5637884
"5938529306","Trachinotus botla (Shaw, 1803)","SPECIES",-29.715167,31.093578,5210646
"5938529328","Searsia discolor (E.Mey. ex Sond.) Moffett","SPECIES",-25.155516,30.545726,5544377
"5938529340","Ardea melanocephala Children & Vigors, 1826","SPECIES",-34.061956,18.493887,2480923
"5938529347","Hermbstaedtia odorata (Burch.) T.Cooke","SPECIES",-24.406324,30.818539,3085071
"5938529387","Desmodium incanum (Sw.) DC.","SPECIES",-28.780627,32.094821,2967060
"5938530172","Schizophyllum commune Fr.","SPECIES",-25.806157,28.262932,5241128
"5938530202","Chamaeleo dilepis Leach, 1819","SPECIES",-25.035944,31.589612,2449077
"5938530747","Oena capensis capensis (Linnaeus, 1766)","SUBSPECIES",-25.096778,31.471308,2495342
"5938530757","Physalis peruviana L.","SPECIES",-24.159872,30.223885,5341784
"5938531713","Cordyline mauritiana (Lam.) J.F.Macbr.","SPECIES",-21.099503,55.546061,2766252
"5938531751","Centrocoris variegatus Kolenati, 1845","SPECIES",28.452852,-16.273808,4388683
"5938532391","Latoia vivida (Walker, 1865)","SPECIES",-29.797098,30.822383,5105503
"5938532475","Moraea brevistyla (Goldblatt) Goldblatt","SPECIES",-29.057766,29.397372,2744679
"5938532553","Cocos nucifera L.","SPECIES",-6.915411,39.482833,2735117
"5938532556","Dendrocygna viduata (Linnaeus, 1766)","SPECIES",-2.11744,34.498669,2498396
"5938532565","Edmondia sesamoides (L.) Hilliard","SPECIES",-34.314662,19.008831,5405586
"5938532566","Aethiopocassis vigintimaculata (Thunberg, 1789)","SPECIES",-30.259903,30.588453,6271829
"5938533600","Tetrathemis polleni (Selys, 1869)","SPECIES",-24.364443,30.947187,1427755
"5938534600","Corvus splendens Vieillot, 1817","SPECIES",-4.284158,39.592305,2482499
"5938534620","Amata simplex Walker, 1854","SPECIES",-29.776695,30.83592,1808375
"5938535310","Euphorbia clavarioides Boiss.","SPECIES",-31.801397,24.712187,3065778
"5938535315","Passer domesticus (Linnaeus, 1758)","SPECIES",-30.900737,24.6275,5231190
"5938535318","Actinopyga echinites (Jaeger, 1833)","SPECIES",-20.132478,57.613425,2279192
"5938535368","Platycypha caligata (Selys, 1853)","SPECIES",-24.503394,30.83853,1426787
"5938535448","Jamesbrittenia dentatisepala (Overkott) Hilliard","SPECIES",-29.25438,29.424155,3740977
"5938535563","Tragelaphus imberbis (Blyth, 1869)","SPECIES",-2.846956,38.050402,5220177
"5938535583","Pontederia crassipes Mart.","SPECIES",-29.110562,31.600417,2765942
"5938535590","Laelia fusca (Walker, 1855)","SPECIES",-33.315916,26.533948,6122301
"5938535614","Crassula nudicaulis L.","SPECIES",-34.100426,18.430678,7333929
"5938535621","Gazania rigens (L.) Gaertn.","SPECIES",-33.695336,26.666127,3112455
"5938535944","Combretum glutinosum Perr. ex DC.","SPECIES",14.578887,-15.883455,3698250
"5938536594","Hippopotamus amphibius Linnaeus, 1758","SPECIES",-25.228319,27.105326,2441247
"5938536638","Acherontia atropos Linnaeus, 1758","SPECIES",-29.556277,30.345029,1861510
"5938536656","Numenius phaeopus (Linnaeus, 1758)","SPECIES",28.100325,-16.755437,2481784
"5938536706","Sandersonia aurantiaca Hook.","SPECIES",-29.364768,29.402474,2740395
"5938536760","Upupa epops africana Bechstein, 1811","SUBSPECIES",-34.085648,18.859923,2498421
"5938537192","Elasmopoda valga (Linnaeus, 1758)","SPECIES",-33.986579,18.44063,4389254
"5938537220","Oenothera rosea Aiton","SPECIES",-30.76612,27.612376,3188875
"5938537450","Pelomedusa galeata (Schoepff, 1792)","SPECIES",-28.220017,31.948274,2442276
"5938537703","Sphingomorpha chlorea Cramer, 1777","SPECIES",-23.592534,29.783819,1772352
"5938538374","Casuarina cunninghamiana Miq.","SPECIES",-34.367413,19.142017,2891932
"5938538400","Oxalis obliquifolia Steud. ex A.Rich.","SPECIES",-29.542397,29.952978,3627864
"5938538408","Chamaeleo dilepis Leach, 1819","SPECIES",-29.714197,31.092997,2449077
"5938538537","Lamprotornis superbus Rüppell, 1845","SPECIES",-1.524517,35.051861,2489075
"5938538559","Polygala sphenoptera Fresen.","SPECIES",-24.405821,30.819545,4051511
"5938539438","Tephrosia capensis (Jacq.) Pers.","SPECIES",-34.068881,20.503201,5342125
"5938539478","Pteris vittata L.","SPECIES",-24.461373,30.609861,5275398
"5938539643","Acraea neobule Doubleday, 1847","SPECIES",-24.380428,31.777255,5136306
"5938539683","Micromeria imbricata (Forssk.) C.Chr.","SPECIES",-24.148328,30.204851,7307029
"5938542747","Ploceus cucullatus (Statius Muller, 1776)","SPECIES",-28.747768,32.082194,2494058
"5938543632","Lantana rugosa Thunb.","SPECIES",-24.53251,30.640395,7658661
"5938543748","Tomopterna marmorata (Peters, 1854)","SPECIES",-24.014736,30.433037,2429917
"5938543749","Phacochoerus africanus sundevallii Lönnberg, 1908","SUBSPECIES",-28.22005,31.948199,2441212
"5938544938","Aloe arborescens Mill.","SPECIES",34.006664,-6.823413,2777537
"5938544942","Phelsuma laticauda laticauda (Boettger, 1880)","SUBSPECIES",-20.950049,55.652784,2447506
"5938545257","Acanthus mollis L.","SPECIES",-29.000491,29.471181,5415455
"5938545322","Trachylepis striata (Peters, 1844)","SPECIES",-25.119367,31.915753,5225433
"5938545647","Foeniculum vulgare Mill.","SPECIES",-34.28734,21.857186,3034922
"5938545650","Threskiornis aethiopicus (Latham, 1790)","SPECIES",-34.01727,18.457953,2480764
"5938545658","Paspalum dilatatum Poir.","SPECIES",-29.537422,30.255313,2705565
"5938545668","Sclerophrys gutturalis (Power, 1927)","SPECIES",-24.88213,28.370247,9456514
"5938545677","Zapornia pusilla (Pallas, 1776)","SPECIES",-34.06009,18.498415,2474628
"5938545719","Junonia hierta cebrene Trimen, 1870","SUBSPECIES",-15.416605,28.364975,5130542
"5938545727","Chlorophytum bowkeri Baker","SPECIES",-25.853186,27.496618,2774746
"5938546353","Disa aurata (Bolus) L.T.Parker & Koop.","SPECIES",-33.98367,20.44879,2783627
"5938546496","Orthetrum julia falsum Longfield, 1955","SUBSPECIES",-30.275139,30.739248,1428738
"5938546714","Lantana camara L.","SPECIES",-15.13424,39.173988,2925303
"5938547002","Stenochora lancinalis (Guenée, 1854)","SPECIES",-24.569547,27.8353,8955839
"5938547252","Cyperus longus var. tenuiflorus (Rottb.) Boeckeler","VARIETY",-31.269744,23.460432,8243603
"5938553706","Trachyphonus vaillantii Ranzani, 1821","SPECIES",-25.34897,31.780278,2478899
"5938553750","Zinnia peruviana (L.) L.","SPECIES",-24.532512,30.640392,9193953
"5938553751","Momordica charantia L.","SPECIES",-24.461178,30.609809,2874581
"5938555337","Crocuta crocuta (Erxleben, 1777)","SPECIES",-2.786595,34.976429,5218781
"5938555439","Ensete ventricosum (Welw.) Cheesman","SPECIES",5.943104,38.251409,2763050
"5938555461","Philyrophyllum schinzii O.Hoffm.","SPECIES",-24.405131,30.820412,9471253
"5938555722","Sopubia cana Harv.","SPECIES",-29.270503,29.48605,3732185
"5938555730","Uroplectes triangulifer (Thorell, 1876)","SPECIES",-32.716846,25.642012,6893396
"5938555750","Merops superciliosus Linnaeus, 1766","SPECIES",-2.862552,38.074402,2475440
"5938555754","Combretum coccineum (Sonn.) Lam.","SPECIES",-24.962042,47.082481,3699496
"5938556394","Orthetrum julia Kirby, 1900","SPECIES",-34.069983,18.816639,1428738
"5938556395","Aristea oligocephala Baker","SPECIES",-34.331995,19.009778,2744903
"5938557638","Microcarbo africanus africanus (Gmelin, 1789)","SUBSPECIES",-33.728282,26.5796,6066519
"5938557641","Panthera leo melanochaita (C.E.H.Smith, 1858)","SUBSPECIES",-24.693746,31.548705,5219404
"5938557732","Euplectes axillaris (A.Smith, 1838)","SPECIES",-28.219969,31.948317,2494092
"5938560545","Platysaurus orientalis Fitzsimons, 1941","SPECIES",-24.576956,30.624679,5227180
"5938560555","Grewia flavescens Juss.","SPECIES",-25.119347,31.91572,4260042
"5938560676","Oenanthe isabellina (Temminck, 1829)","SPECIES",-2.955925,38.026337,5231245
"5938561327","Varanus albigularis albigularis Daudin, 1802","SUBSPECIES",-32.260148,25.454833,2470802
"5938561332","Hirundo smithii Leach & K.D.Koenig, 1818","SPECIES",-24.96792,31.626475,5230801
"5938562531","Ensete ventricosum (Welw.) Cheesman","SPECIES",5.939515,38.250958,2763050
"5938562575","Ehretia amoena Klotzsch","SPECIES",-24.406179,30.818747,4067176
"5938563309","Equus caballus Linnaeus, 1758","SPECIES",-34.363913,19.137395,2440886
"5938563310","Equus caballus Linnaeus, 1758","SPECIES",-34.362973,19.136456,2440886
"5938563332","Cacyreus marshalli Butler, 1897","SPECIES",-33.485381,21.262602,1932752
"5938563334","Lycus Fabricius, 1787","GENUS",-24.053914,27.05092,NA
"5938563336","Pseudocordylus subviridis (Smith, 1838)","SPECIES",-28.688228,28.930783,2471048
"5938563357","Chalcomitra amethystina amethystina (Shaw, 1812)","SUBSPECIES",-30.281944,30.753777,7340881
"5938563365","Xylocopa flavorufa (DeGeer, 1778)","SPECIES",-29.540311,30.308047,1342244
"5938563559","Trichilia emetica (Forssk.) Vahl","SPECIES",-24.406616,30.812459,3190493
"5938563566","Jasminum fluminense Vell.","SPECIES",-24.407008,30.814887,3172270
"5938563595","Xanthoria parietina (L.) Th.Fr.","SPECIES",36.813739,2.97131,8197849
"5938563739","Pulvinaria mesembryanthemi Ben-Dov, 1993","SPECIES",-30.650782,30.524962,2092051
"5938563742","Maura rubroornata (Stål, 1855)","SPECIES",-25.155911,30.54831,1728523
"5938564342","Aquila rapax (Temminck, 1828)","SPECIES",-1.502003,35.188801,2480514
"5938564360","Grewia bicolor Juss.","SPECIES",-24.519962,30.797679,8042537
"5938564407","Syzygium cordatum Hochst.","SPECIES",-34.353006,18.928808,8652576
"5938564411","Lophostethus dumolinii Angas, 1849","SPECIES",-29.776715,30.831647,1863640
"5938564451","Elephantulus intufi (A.Smith, 1836)","SPECIES",-20.578117,16.743472,2440842
"5938564461","Stigmochelys pardalis (Bell, 1828)","SPECIES",-31.738439,23.250802,2441757
"5938564486","Moraea alticola Goldblatt","SPECIES",-29.267752,29.426976,2744533
"5938564489","Tricliceras schinzii subsp. laceratum (Oberm.) R.Fern.","SUBSPECIES",-24.363498,30.947426,4160974
"5938564506","Campethera abingoni (A.Smith, 1836)","SPECIES",-29.723023,31.053126,2478174
"5938564510","Dalbergia armata E.Mey.","SPECIES",-24.595822,30.887482,2968664
"5938564563","Phelsuma robertmertensi Meier, 1980","SPECIES",-12.87216,45.059555,2447503
"5938564581","Lycianthes rantonnetii (Carrière ex Lesc.) Bitter","SPECIES",34.058853,-4.987676,3799026
"5938564610","Mentaxya albifrons (Geyer, 1837)","SPECIES",-26.088758,28.029574,6116368
"5938564634","Rumex lunaria L.","SPECIES",28.486387,-17.848753,4032398
"5938564707","Acraea neobule Doubleday, 1847","SPECIES",-23.859749,31.12853,5136306
"5938564709","Corythornis vintsioides (Eydoux & Gervais, 1836)","SPECIES",-19.039948,46.734824,7342309
"5938564736","Cotyledon campanulata Marloth","SPECIES",-32.272408,25.419573,5688694
"5938565173","Helianthemum canariense (Jacq.) Pers.","SPECIES",28.579675,-13.957442,7331445
"5938565264","Plagiochasma rupestre (J.R.Forst. & G.Forst.) Steph.","SPECIES",-25.865634,27.498331,8606860
"5938566421","Eragrostis superba Peyr.","SPECIES",-24.544705,30.619992,2705445
"5938566514","Turdus smithi Bonaparte, 1850","SPECIES",-25.674,28.188,5846236
"5938566534","Phylloscopus collybita (Vieillot, 1817)","SPECIES",35.313776,-2.959815,2493091
"5938566622","Buteo buteo (Linnaeus, 1758)","SPECIES",-28.219979,31.948263,2480537
"5938566645","Gyps africanus Salvadori, 1865","SPECIES",-23.502141,18.31567,9487001
"5938566656","Evolvulus alsinoides (L.) L.","SPECIES",-24.484317,27.827142,2928673
"5938566679","Ciconia microscelis G.R.Gray, 1848","SPECIES",-25.323578,31.510338,10891903
"5938566682","Abisares viridipennis (Burmeister, 1838)","SPECIES",-29.776304,30.836038,11375262
"5938567385","Disa cornuta (L.) Sw.","SPECIES",-33.987711,18.408316,2783718
"5938567426","Senegalia ataxacantha (DC.) Kyal. & Boatwr.","SPECIES",-24.595731,30.906573,7510932
"5938567456","Ajuga ophrydis Burch. ex Benth.","SPECIES",-26.678285,28.418013,3886928
"5938567457","Cinnyris afer afer (Linnaeus, 1766)","SUBSPECIES",-29.7956,29.489,7340730
"5938567493","Crocuta crocuta (Erxleben, 1777)","SPECIES",-7.629526,38.102038,5218781
"5938567632","Octopus vulgaris Cuvier, 1797","SPECIES",30.840067,-9.822528,2289671
"5938567728","Equus quagga chapmani Layard, 1865","SUBSPECIES",-24.819376,31.547504,2440892
"5938567741","Ocypode ryderi Kingsley, 1880","SPECIES",-26.766728,32.893917,4382445
"5938567753","Helichrysum longifolium DC.","SPECIES",-30.25992,30.588462,3131561
"5938567759","Alfredectes semiaeneus (Serville, 1838)","SPECIES",-34.365333,18.892117,1692182
"5938567760","Hypolycaena philippus philippus (Fabricius, 1793)","SUBSPECIES",-25.336033,31.795935,1932302
"5938569404","Poyntonophrynus fenoulheti (Hewitt & Methuen, 1912)","SPECIES",-17.61602,31.175588,2422461
"5938569427","Streptopetalum serratum Hochst.","SPECIES",-24.406676,30.817181,4161112
"5938569431","Ruellia patula Jacq.","SPECIES",-24.406327,30.818531,5573538
"5938569475","Ardea melanocephala Children & Vigors, 1826","SPECIES",-1.128721,35.285597,2480923
"5938569479","Passer melanurus (Statius Muller, 1776)","SPECIES",-29.717111,17.911708,5231195
"5938569654","Zonocerus elegans (Thunberg, 1815)","SPECIES",-25.91539,27.848944,1727809
"5938569663","Burhinus vermiculatus vermiculatus (Cabanis, 1868)","SUBSPECIES",-33.725357,26.580275,2482095
"5938569692","Zizeeria knysna knysna (Trimen, 1862)","SUBSPECIES",-34.127789,18.916717,1933649
"5938569733","Lamprotornis nitens (Linnaeus, 1766)","SPECIES",-28.220045,31.948295,2489073
"5938569752","Glaucidium perlatum (Vieillot, 1817)","SPECIES",-25.179363,31.564903,5232086
"5938569794","Scadoxus puniceus (L.) Friis & Nordal","SPECIES",-25.859699,27.497467,2860719
"5938569835","Protea dracomontana Beard","SPECIES",-29.679223,29.535091,5637864
"5938569868","Balearica regulorum (E.T.Bennett, 1834)","SPECIES",-1.134652,35.272196,5228229
"5938569997","Disa atricapilla (Harv. ex Lindl.) Bolus","SPECIES",-34.100702,18.432375,2783860
"5938570148","Bradypodion damaranum (Boulenger, 1887)","SPECIES",-33.96485,23.898278,2449252
"5938570220","Phoenicurus moussieri (Olphe-Galliard, 1852)","SPECIES",34.851387,-1.64092,5231221
"5938571257","Pieris cheiranthi Hübner, 1816","SPECIES",28.604369,-17.634155,1920509
"5938571351","Pseudatelus Linnavuori, 1982","GENUS",-24.452583,31.977787,NA
"5938571413","Pseudanthias squamipinnis (Peters, 1855)","SPECIES",27.256618,33.889499,2387652
"5938571588","Ichthyaetus melanocephalus (Temminck, 1820)","SPECIES",36.805404,2.893335,8151548
"5938571599","Chamaeleo dilepis Leach, 1819","SPECIES",-25.114855,31.399237,2449077
"5938571603","Allocnemis leucosticta Selys, 1863","SPECIES",-29.776895,30.835843,1423913
"5938571605","Celtis africana Burm.fil.","SPECIES",-24.159856,30.223849,5834428
"5938571684","Pinus canariensis C.Sm.","SPECIES",28.293814,-16.810022,5285243
"5938571691","Apis mellifera Linnaeus, 1758","SPECIES",-34.064571,18.425829,1341976
"5938571710","Gallotia galloti (Oudart, 1839)","SPECIES",28.092358,-16.720566,8682680
"5938572618","Chiromantis xerampelina Peters, 1854","SPECIES",-24.328312,31.071372,5217208
"5938572641","Cheilanthes eckloniana (Kunze) Mett.","SPECIES",-24.21442,29.609834,3749056
"5938572748","Cecropis abyssinica unitatis (W.L.Sclater & Mackworth-Praed, 1918)","SUBSPECIES",-32.691709,28.373267,6095032
"5938574467","Tragia okanyua Pax","SPECIES",-26.19739,31.981636,3061555
"5938574654","Leucadendron laxum I.Williams","SPECIES",-34.575864,19.733627,5637948
"5938577347","Himantoglossum metlesicsianum (W.P.Teschner) P.Delforge","SPECIES",28.383949,-16.965987,5324958
"5938577457","Adenium obesum (Forssk.) Roem. & Schult.","SPECIES",11.98972,18.23724,7155887
"5938578309","Dixeia charina (Boisduval, 1836)","SPECIES",-33.982016,22.607134,1919924
"5938578329","Ardea ibis Linnaeus, 1758","SPECIES",36.748025,2.972472,2480830
"5938579723","Cedrus atlantica (Endl.) Manetti ex Carriere","SPECIES",33.419746,-5.178523,5284702
"5938580381","Centrobolus anulatus (Attems, 1934)","SPECIES",-29.776739,30.835881,11366097
"5938580649","Protea compacta R.Br.","SPECIES",-34.321275,18.96465,5638086
"5938580656","Polyboroides typus A.Smith, 1829","SPECIES",-6.261048,38.657552,2480659
"5938580665","Halleria lucida L.","SPECIES",-25.852065,27.496461,5560356
"5938580667","Panthera leo melanochaita (C.E.H.Smith, 1858)","SUBSPECIES",-3.136021,35.731679,5219404
"5938580672","Anthene amarah amarah (Guérin-Méneville, 1847)","SUBSPECIES",-24.380275,31.777247,1925609
"5938580680","Rumina decollata (Linnaeus, 1758)","SPECIES",28.432896,-13.970376,2294129
"5938580708","Neoscona triangula (Keyserling, 1864)","SPECIES",-26.81323,28.155874,2158863
"5938581416","Panthera leo melanochaita (C.E.H.Smith, 1858)","SUBSPECIES",-24.828866,31.573804,5219404
"5938581438","Impatiens hochstetteri Warb.","SPECIES",-32.603547,26.943504,7309716
"5938581572","Messor minor hesperius Santschi, 1927","SUBSPECIES",28.06964,-16.659204,1316434
"5938581576","Euxanthe wakefieldi (Ward, 1873)","SPECIES",-29.517683,31.222612,10873137
"5938581593","Bradypodion damaranum (Boulenger, 1887)","SPECIES",-33.946542,22.464436,2449252
"5938581597","Vachellia nilotica (L.) P.J.H.Hurter & Mabb.","SPECIES",12.020072,18.273117,3974744
"5938581611","Satyrium hallackii subsp. hallackii","SUBSPECIES",-34.361737,18.899056,5307339
"5938581649","Cisticola chiniana (A.Smith, 1843)","SPECIES",-29.680663,31.108083,7340518
"5938581707","Marthasterias africana (Müller & Troschel, 1842)","SPECIES",-34.087336,22.975733,2274219
"5938581770","Solanum sisymbriifolium Lam.","SPECIES",-26.309436,28.088449,2932184
"5938582681","Serinus canicollis (Swainson, 1838)","SPECIES",-33.952822,25.48815,5231530
"5938582695","Opisthacanthus capensis Thorell, 1876","SPECIES",-33.604489,19.08796,6892714
"5938582715","Phacochoerus africanus sundevallii Lönnberg, 1908","SUBSPECIES",-33.438403,25.790467,2441212
"5938583317","Erica cerinthoides L.","SPECIES",-34.058737,20.461514,7692345
"5938583397","Sideroxylon inerme L.","SPECIES",-34.011589,25.526292,2887200
"5938583479","Brachylaena neriifolia (L.) R.Br.","SPECIES",-34.323387,18.964455,3140978
"5938583526","Pseudocordylus subviridis (Smith, 1838)","SPECIES",-29.542403,29.95303,2471048
"5938585359","Hibiscus sidiformis Baill.","SPECIES",-24.439774,30.622314,3933466
"5938585370","Passer domesticus (Linnaeus, 1758)","SPECIES",-28.220132,31.948145,5231190
"5938585375","Dasypeltis scabra (Linnaeus, 1758)","SPECIES",-34.084591,18.438487,2456029
"5938585381","Vidua macroura (Pallas, 1764)","SPECIES",-33.94688,22.464859,2484628
"5938585382","Erigeron bonariensis L.","SPECIES",-25.80825,28.261274,3146717
"5938585419","Searsia discolor (E.Mey. ex Sond.) Moffett","SPECIES",-28.946614,29.232164,5544377
"5938585420","Eutricha obscura (Walker, 1855)","SPECIES",-29.296642,29.62922,6113870
"5938585437","Cassine peragua subsp. peragua Linnaeus, 1753","SUBSPECIES",-33.98162,23.487933,3791355
"5938585563","Opistophthalmus adustus Kraepelin, 1908","SPECIES",-24.102467,15.909447,6894730
"5938585750","Merops apiaster Linnaeus, 1758","SPECIES",-28.927,26.38398,2475443
"5938585753","Ricinus communis L.","SPECIES",-15.132407,39.174642,5380041
"5938586344","Stactolaema leucotis leucotis (Sundevall, 1850)","SUBSPECIES",-29.776835,30.835871,2478798
"5938586392","Pittosporum viridiflorum Sims","SPECIES",-25.86514,27.498186,2986302
"5938586400","Trachylepis varia (Peters, 1867)","SPECIES",-24.573528,30.798318,5225340
"5938587403","Nicotiana glauca Graham","SPECIES",29.003461,-13.546572,2928783
"5938587420","Ciconia microscelis G.R.Gray, 1848","SPECIES",-1.324905,34.989124,10891903
"5938587427","Sclerophrys garmani (Meek, 1897)","SPECIES",-23.59199,29.782827,10737210
"5938587445","Conostomium natalense (Hochst.) Bremek.","SPECIES",-28.945974,29.206159,2898353
"5938587448","Trichonephila inaurata (Walckenaer, 1841)","SPECIES",-28.220054,31.948344,10896946
"5938587500","Aseroe rubra Labill.","SPECIES",-25.846024,27.498912,4911642
"5938589357","Pluvialis squatarola (Linnaeus, 1758)","SPECIES",-20.141771,57.750973,2480327
"5938589395","Kalanchoe delagoensis Eckl. & Zeyh.","SPECIES",-25.338037,31.813849,2985940
"5938589404","Hyperolius marmoratus Rapp, 1842","SPECIES",-24.869167,28.29195,5217671
"5938590191","Cheloctonus jonesii Pocock, 1892","SPECIES",-24.328471,31.071691,6892730
"5938590200","Vanellus armatus (Burchell, 1822)","SPECIES",-33.988175,22.716233,5229136
"5938590324","Stigmochelys pardalis (Bell, 1828)","SPECIES",-24.446408,31.975545,2441757
"5938590329","Streptopelia capicola (Sundevall, 1857)","SPECIES",-20.578231,16.743269,2495667
"5938592322","Varanus albigularis albigularis Daudin, 1802","SUBSPECIES",-31.901853,24.568537,2470802
"5938592343","Momordica charantia L.","SPECIES",14.611082,-17.153683,2874581
"5938592447","Bycanistes brevis Friedmann, 1929","SPECIES",7.092336,38.639812,5228450
"5938592478","Paspalum urvillei Steud.","SPECIES",-29.537362,30.255305,2705650
"5938592499","Bos taurus Linnaeus, 1758","SPECIES",36.770615,5.102542,2441022
"5938593328","Hippopotamus amphibius Linnaeus, 1758","SPECIES",-30.850066,24.640396,2441247
"5938593561","Junonia elgiva Hewitson, 1864","SPECIES",-28.220021,31.948311,5130347
"5938593719","Eragrostis superba Peyr.","SPECIES",-28.219965,31.948274,2705445
"5938593726","Poyntonophrynus fenoulheti (Hewitt & Methuen, 1912)","SPECIES",-23.515318,29.705448,2422461
"5938593781","Andropadus importunus (Vieillot, 1818)","SPECIES",-29.77676,30.836147,2486162
"5938593964","Myrsine africana L.","SPECIES",-25.86582,27.498267,7331120
"5938593979","Opistophthalmus adustus Kraepelin, 1908","SPECIES",-24.11059,15.909065,6894730
"5938593988","Merops pusillus P.L.S.Müller, 1776","SPECIES",-24.834693,31.571063,2475403
"5938593999","Phylloscopus collybita (Vieillot, 1817)","SPECIES",34.126781,-6.855392,2493091
"5938594001","Maerua Forssk.","GENUS",-25.847974,27.496098,NA
"5938594007","Pelecanus onocrotalus Linnaeus, 1758","SPECIES",-33.407028,18.258475,2480350
"5938594010","Erythrina humeana Spreng.","SPECIES",-30.25992,30.588462,5349601
"5938594012","Trachyandra esterhuysenae Oberm.","SPECIES",-34.212586,19.005965,2779250
"5938594031","Scopus umbretta umbretta Gmelin, 1789","SUBSPECIES",-3.229574,35.551732,5229154
"5938594221","Apus affinis (J.E.Gray, 1830)","SPECIES",-34.080273,18.507622,5228662
"5938594233","Chrysococcyx klaas (Stephens, 1815)","SPECIES",-29.772655,30.846132,2496316
"5938594256","Opuntia stricta (Haw.) Haw.","SPECIES",36.760734,5.103559,5384075
"5938594262","Gypohierax angolensis (Gmelin, 1788)","SPECIES",-29.776808,30.835911,2480393
"5938594727","Melierax canorus (Thunberg, 1799)","SPECIES",-33.443829,25.781278,2480730
"5938594747","Amietia delalandii (Duméril & Bibron, 1841)","SPECIES",-25.152704,30.538585,9311531
"5938595546","Tribulus terrestris L.","SPECIES",-24.459485,30.610169,5421116
"5938595560","Amblyospiza albifrons (Vigors, 1831)","SPECIES",-23.861609,29.705813,2494005
"5938595581","Cordylus niger Cuvier, 1829","SPECIES",-34.353538,18.490812,5227194
"5938595618","Passer diffusus (A.Smith, 1836)","SPECIES",-23.859749,31.12853,7341262
"5938595682","Gallinula chloropus meridionalis (C.L.Brehm, 1831)","SUBSPECIES",-34.066584,18.810838,5228199
"5938596696","Ziziphus mucronata Willd.","SPECIES",-25.803841,28.26122,3875567
"5938597571","Senna petersiana (Bolle) Lock","SPECIES",-24.595087,30.912035,2957867
"5938597585","Loxodonta africana (Blumenbach, 1797)","SPECIES",-3.187924,35.410255,2435350
"5938597605","Parabuthus villosus (Peters, 1862)","SPECIES",-23.8938,16.551165,6894351
"5938597691","Dinemellia dinemelli (Rüppell, 1845)","SPECIES",-3.739188,35.969945,2493991
"5938597745","Anaplectes rubriceps (Sundevall, 1850)","SPECIES",-3.352812,36.847543,2494106
"5938597751","Acacia cyclops A.Cunn. ex G.Don","SPECIES",-34.576489,19.734829,2980425
"5938597787","Papio ursinus (Kerr, 1792)","SPECIES",-34.335273,18.457494,7262029
"5938597810","Kalanchoe paniculata Harv.","SPECIES",-25.895082,27.801196,4199199
"5938598015","Ptychadena anchietae (Bocage, 1868)","SPECIES",-24.45212,31.977905,2428904
"5938598127","Chlorocebus pygerythrus pygerythrus (F.Cuvier, 1821)","SUBSPECIES",-25.095744,30.703744,7262034
"5938598205","Brithys crini (Fabricius, 1775)","SPECIES",-34.022831,22.808978,1789957
"5938598233","Pica mauritanica Malherbe, 1845","SPECIES",31.589096,-7.941132,10676018
"5938598238","Searsia incisa (L.fil.) F.A.Barkley","SPECIES",-33.972286,25.596918,7321795
"5938598241","Disa atricapilla (Harv. ex Lindl.) Bolus","SPECIES",-34.100713,18.432368,2783860
"5938598594","Rhabdomys pumilio (Sparrman, 1784)","SPECIES",-33.414067,18.241045,2438736
"5938599459","Solanum robustum H.Wendl.","SPECIES",0.186303,6.613081,2931442
"5938599550","Rhamnus prinoides L'Hér.","SPECIES",-32.278951,25.42423,3875856
"5938599603","Dais cotinifolia L.","SPECIES",-24.596245,30.874794,3570325
"5938599798","Melasma scabrum P.J.Bergius","SPECIES",-34.092322,18.422675,8088819
"5938599821","Cliffortia ferruginea L.fil.","SPECIES",-34.575493,19.729488,8322142
"5938599896","Temnopteryx phalerata (Saussure, 1864)","SPECIES",-34.02618,18.486705,5151436
"5938599897","Pistia stratiotes L.","SPECIES",32.757103,-16.784706,2870583
"5938599921","Geosciurus inauris (Zimmermann, 1780)","SPECIES",-30.689463,25.151945,2437454
"5938599936","Mauligobius maderensis (Valenciennes, 1837)","SPECIES",28.099389,-16.756067,2376663
"5938600068","Oryx gazella (Linnaeus, 1758)","SPECIES",-19.296449,15.94089,5220166
"5938600075","Goniobranchus conchyliatus (Yonow, 1984)","SPECIES",-29.910448,31.033457,6519794
"5938601607","Catopsilia florella (Fabricius, 1775)","SPECIES",-23.798354,30.117925,1919346
"5938603907","Tmesibasis lacerata (Hagen, 1853)","SPECIES",-23.873756,31.158618,2103013
"5938603946","Ardea purpurea Linnaeus, 1766","SPECIES",-29.35794,29.998437,2480934
"5938603972","Nilus rossi (Pocock, 1902)","SPECIES",-24.328299,31.071438,7456512
"5938603984","Crocothemis erythraea (Brullé, 1832)","SPECIES",-34.066582,18.810625,1427721
"5938604008","Palystes superciliosus L.Koch, 1875","SPECIES",-29.42704,31.256079,2161858
"5938604322","Chalcomitra amethystina amethystina (Shaw, 1812)","SUBSPECIES",-25.823,27.613,7340881
"5938604348","Spirostachys africana Sond.","SPECIES",-24.407066,30.814784,5378880
"5938604392","Tanychlamys W.H.Benson, 1834","GENUS",-20.983204,55.393452,NA
"5938605636","Cisticola tinniens (Lichtenstein, 1842)","SPECIES",-29.696391,29.597876,2492807
"5938605644","Paramollugo nudicaulis (Lam.) Thulin","SPECIES",-24.406609,30.818038,9476003
"5938605670","Metarctia lateritia (Herrich-Schäffer, 1855)","SPECIES",-29.45097,29.524075,5115381
"5938605757","Lauridia tetragona (L.fil.) R.H.Archer","SPECIES",-34.009431,25.682278,3792943
"5938605763","Phylloscopus canariensis (Hartwig, 1886)","SPECIES",28.172847,-16.607972,7341593
"5938605769","Euphorbia stenoclada Baill.","SPECIES",-23.061486,43.586892,3064163
"5938605778","Gorilla beringei beringei Matschie, 1903","SUBSPECIES",-1.126033,29.637369,7262070
"5938605788","Vachellia karroo (Hayne) Banfi & Galasso","SPECIES",-33.49761,26.485892,3974754
"5938605819","Cercotrichas paena (A.Smith, 1836)","SPECIES",-19.227835,16.030063,5788857
"5938605829","Paraxerus cepapi (A.Smith, 1836)","SPECIES",-19.037285,16.469744,2437354
"5938605877","Leucospermum prostratum (Thunb.) Stapf","SPECIES",-34.471378,19.580393,3997071
"5938605883","Gerbera jamesonii Adlam","SPECIES",-24.189311,29.619054,7969761
"5938605991","Nesciothemis farinosa (Förster, 1898)","SPECIES",-28.220064,31.948317,1428910
"5938605998","Leptotes Scudder, 1876","GENUS",-34.196644,22.046046,NA
"5938606037","Bitis atropos (Linnaeus, 1758)","SPECIES",-33.879668,19.178177,2444884
"5938606154","Killickia pilosa (Benth.) Bräuchler, Heubl & Doroszenko","SPECIES",-29.283808,29.505456,3896074
"5938606161","Schizocarphus nervosus (Burch.) van der Merwe","SPECIES",-29.268639,29.504507,2771381
"5938606226","Pycnonotus barbatus (Desfontaines, 1789)","SPECIES",31.401384,-7.826374,2486147
"5938606435","Junonia natalica natalica (C. & R.Felder, 1860)","SUBSPECIES",-25.373411,31.860515,5130448
"5938606527","Trithemis arteriosa (Burmeister, 1839)","SPECIES",-34.070108,18.816335,1428848
"5938606530","Acropteris illiturata Warren","SPECIES",-24.451028,31.977862,5143257
"5938606539","Wahlenbergia undulata (L.f.) A.DC.","SPECIES",-24.596585,30.873282,5413193
"5938606632","Agama aculeata Merrem, 1820","SPECIES",-22.85747,16.772295,5226280
"5938606711","Halichoeres scapularis (Bennett, 1832)","SPECIES",-20.129322,57.756618,2384164
"5938606728","Lanius excubitor Linnaeus, 1758","SPECIES",28.859549,-13.867071,9444556
"5938606783","Falco rupicolus Daudin, 1800","SPECIES",-34.345897,18.463395,6065652
"5938606802","Opistophthalmus praedo Thorell, 1876","SPECIES",-28.881133,30.0248,7417064
"5938606854","Dardanus megistos (J.F.W.Herbst, 1804)","SPECIES",-6.189976,39.161319,2224426
"5938606899","Sonchus bulbosus (L.) N.Kilian & Greuter","SPECIES",32.768472,21.16228,3143051
"5938607060","Diascia purpurea N.E.Br.","SPECIES",-29.285103,29.44749,5559456
"5938607177","Elattoneura glauca (Burmeister, 1860)","SPECIES",-28.780652,32.094164,1421737
"5938607198","Cistus monspeliensis L.","SPECIES",28.140327,-16.525816,2874030
"5938607273","Euplectes orix (Linnaeus, 1758)","SPECIES",-22.487665,17.463256,2494088
"5938607293","Calotropis procera (Aiton) W.T.Aiton","SPECIES",31.520339,-4.613924,5414566
"5938609308","Urocyclus kirkii Gray, 1864","SPECIES",-29.830881,31.01275,9648932
"5938610161","Argiope flavipalpis (Lucas, 1858)","SPECIES",-29.773406,30.736972,5171036
"5938610167","Cypsiurus parvus (M.H.K.Lichtenstein, 1823)","SPECIES",-28.747729,32.082208,2477093
"5938610204","Satyrium longicauda Lindl.","SPECIES",-29.366244,30.18532,5307416
"5938610242","Aeonium urbicum (C.Sm. ex Hornem.) Webb & Berthel.","SPECIES",28.506074,-16.191522,7333984
"5938611440","Hypsosinga lithyphantoides Caporiacco, 1947","SPECIES",-4.658549,39.370765,2160399
"5938611976","Cirsium vulgare (Savi) Ten.","SPECIES",-28.947439,29.204005,3112801
"5938611992","Oxalis obliquifolia Steud. ex A.Rich.","SPECIES",-25.802675,28.264048,3627864
"5938611996","Spermestes cucullata Swainson, 1837","SPECIES",-4.051415,39.682197,2493624
"5938612030","Melaniparus niger niger","SUBSPECIES",-29.776829,30.835884,2487941
"5938612035","Achyranthes aspera L.","SPECIES",-24.159756,30.223749,3085168
"5938612037","Trithemis arteriosa (Burmeister, 1839)","SPECIES",-34.066594,18.810936,1428848
"5938612125","Testudo graeca marokkensis Pieh & Perälä, 2004","SUBSPECIES",33.92444,-5.068673,2441461
"5938614512","Cissus rotundifolia (Forssk.) Vahl","SPECIES",-24.394504,30.797963,3039168
"5938614519","Orthetrum trinacria (Selys, 1841)","SPECIES",-34.127814,18.916937,1428708
"5938614521","Ploceus subaureus A.Smith, 1839","SPECIES",-6.118723,39.280495,2494012
"5938615639","Promerops cafer (Linnaeus, 1758)","SPECIES",-33.992532,20.3697,5229963
"5938615771","Nymphaea nouchali Burm.fil.","SPECIES",-28.219974,31.948215,7326947
"5938615970","Adansonia digitata L.","SPECIES",12.674936,-13.052517,5406695
"5938615989","Lachnospermum umbellatum (L.fil.) Pillans","SPECIES",-34.330722,19.007826,3122072
"5938616001","Amphibolia laevis (Aiton) H.E.K.Hartmann","SPECIES",-33.412762,18.238197,5554892
"5938616047","Lybius torquatus (Dumont, 1805)","SPECIES",-25.354768,31.76208,2479007
"5938616145","Dyschoriste rogersii S.Moore","SPECIES",-24.352853,31.952672,8223872
"5938616848","Equus quagga boehmi Matschie, 1892","SUBSPECIES",4.863651,38.328668,2440892
"5938616895","Pelusios sinuatus (Smith, 1838)","SPECIES",-24.981308,31.566203,2442335
"5938616988","Tribulus terrestris L.","SPECIES",-24.459691,30.609877,5421116
"5938616994","Tenaxia stricta (Schrad.) N.P.Barker & H.P.Linder","SPECIES",-34.090419,18.874772,4932133
"5938616995","Cocos nucifera L.","SPECIES",-6.913706,39.48458,2735117
"5938616998","Oena capensis (Linnaeus, 1766)","SPECIES",-24.840103,31.461475,2495342
"5938617024","Senecio oxyriifolius DC.","SPECIES",-28.951724,29.227164,3106967
"5938617040","Launaea arborescens (Batt.) Murb.","SPECIES",28.031346,-16.54295,3144854
"5938617208","Opistophthalmus adustus Kraepelin, 1908","SPECIES",-24.105732,15.91227,6894730
"5938617223","Euxerus erythropus (E.Geoffroy Saint-Hilaire, 1803)","SPECIES",13.595801,-16.513013,8950740
"5938617258","Lybius torquatus torquatus (Dumont, 1805)","SUBSPECIES",-29.776795,30.835861,2479007
"5938617415","Ispidina picta (Boddaert, 1783)","SPECIES",-23.577189,29.796128,2475821
"5938617851","Strychnos spinosa Lam.","SPECIES",12.876783,-13.585323,5414400
"5938617874","Chamaeleo dilepis Leach, 1819","SPECIES",-25.086736,31.869105,2449077
"5938617930","Ploceus subaureus subaureus A.Smith, 1839","SUBSPECIES",-33.725087,26.577907,2494012
"5938618000","Morella serrata (Lam.) Killick","SPECIES",-25.853511,27.496705,3745060
"5938618001","Asplenium cordatum (Thunb.) Sw.","SPECIES",-25.850267,27.496538,4256278
"5938618020","Kleinia neriifolia Haw.","SPECIES",28.431128,-14.011952,5405673
"5938618033","Eulophia streptopetala Lindl.","SPECIES",-29.488659,30.260358,5311707
"5938618087","Boaedon capensis Duméril, Bibron & Duméril, 1854","SPECIES",-29.6848,17.901937,9632100
"5938618308","Synapta maculata (Chamisso & Eysenhardt, 1821)","SPECIES",-20.139632,57.754127,5721258
"5938618343","Lantana rugosa Thunb.","SPECIES",-24.34152,31.072834,7658661
"5938618355","Namazonurus lawrenci (Fitzsimons, 1939)","SPECIES",-29.278885,17.066918,7506891
"5938618382","Euphorbia hirta L.","SPECIES",-23.827847,30.157383,3068937
"5938618422","Plotosus lineatus (Thunberg, 1787)","SPECIES",-20.130581,57.757154,7965247
"5938618506","Columba livia var. domestica J.F.Gmelin, 1789","VARIETY",28.100345,-16.755422,2495414
"5938618538","Rufoclanis numosae Wallengren, 1860","SPECIES",-24.393303,31.777419,1861584
"5938618559","Suricata suricatta (Schreber, 1776)","SPECIES",-29.267872,16.912538,2434126
"5938618566","Kiggelaria africana L.","SPECIES",-33.940248,18.842774,3880382
"5938618604","Aulostomus chinensis (Linnaeus, 1766)","SPECIES",-20.130299,57.757357,2332603
"5938618668","Corymbium glabrum L.","SPECIES",-34.097125,18.425845,7444199
"5938618693","Ploceus intermedius Rüppell, 1845","SPECIES",-19.748972,26.071242,2494014
"5938619036","Pelargonium pinnatum (L.) L'Hér.","SPECIES",-34.090336,18.429895,3826421
"5938619063","Melierax poliopterus Cabanis, 1868","SPECIES",-2.870782,38.075776,2480731
"5938619080","Tringa glareola Linnaeus, 1758","SPECIES",-25.116181,31.911568,2481713
"5938619150","Gallotia galloti (Oudart, 1839)","SPECIES",28.184722,-16.605389,8682680
"5938619162","Gomphocarpus tomentosus Burch.","SPECIES",-25.332392,31.799055,7311874
"5938619176","Tauraco corythaix corythaix (Wagler, 1827)","SUBSPECIES",-33.977672,23.492455,2475250
"5938619221","Campuloclinium macrocephalum (Less.) DC.","SPECIES",-26.185189,28.074169,3142398
"5938619224","Crocuta crocuta (Erxleben, 1777)","SPECIES",-24.4032,31.768742,5218781
"5938619334","Trema orientale (L.) Blume","SPECIES",-24.463246,30.608909,2984508
"5938619476","Udea ferrugalis Hübner, 1796","SPECIES",-23.919723,29.461351,6121184
"5938619510","Thalasseus sandvicensis (Latham, 1787)","SPECIES",36.804926,2.894039,2481240
"5938619688","Pappea capensis Eckl. & Zeyh.","SPECIES",-25.850115,27.495963,3785741
"5938620236","Hibiscus tiliaceus L.","SPECIES",-29.110556,31.600397,7115794
"5938620242","Morasa modesta Walker, 1855","SPECIES",-33.315916,26.533948,6121912
"5938620277","Gladiolus dalenii Van Geel","SPECIES",-20.505952,47.239917,2750406
"5938620288","Acrosternum heegeri Fieber, 1861","SPECIES",28.537717,-16.395683,2079176
"5938620966","Butorides Blyth, 1852","GENUS",-20.887099,55.450061,NA
"5938620984","Tmesibasis lacerata (Hagen, 1853)","SPECIES",-26.812087,31.918055,2103013
"5938621028","Disa aurata (Bolus) L.T.Parker & Koop.","SPECIES",-33.98364,20.4488,2783627
"5938621031","Anarhynchus Quoy & Gaimard, 1832","GENUS",-34.36931,18.864939,NA
"5938621047","Senecio oxyriifolius DC.","SPECIES",-24.214322,29.600945,3106967
"5938621061","Zizeeria knysna (Trimen, 1862)","SPECIES",-29.360672,29.956988,1933649
"5938621075","Rhabdomys pumilio (Sparrman, 1784)","SPECIES",-34.07513,20.45508,2438736
"5938621218","Duberria rhodesiana Broadley, 1958","SPECIES",-18.242861,31.576971,9465822
"5938621281","Amata longipes (Herrich-Schäffer, 1855)","SPECIES",-29.776787,30.835911,1807634
"5938621860","Gymnosporia buxifolia (L.) Szyszyl.","SPECIES",-32.278792,25.424408,3791606
"5938621906","Osyridicarpos schimperianus (Hochst. ex A.Rich.) A.DC.","SPECIES",-24.404876,30.820003,3789065
"5938621942","Agathisanthemum bojeri Klotzsch","SPECIES",-24.353374,31.070997,2910952
"5938622340","Boophone disticha (L.f.) Herb.","SPECIES",-25.159093,30.548626,2854664
"5938622398","Gyps africanus Salvadori, 1865","SPECIES",-25.31435,31.881551,9487001
"5938622533","Plumbago auriculata Lam.","SPECIES",-33.465103,26.481632,3082283
"5938622536","Hemiolaus caeculus (Hopffer, 1855)","SPECIES",-24.4066,30.81803,1922468
"5938622586","Siphanta acuta (Walker, 1851)","SPECIES",-33.980831,25.509634,2066903
"5938622621","Eucomis bicolor Baker","SPECIES",-29.254119,29.431682,2775154
"5938622691","Plumbago auriculata Lam.","SPECIES",-33.427051,26.479162,3082283
"5938622721","Geosciurus inauris (Zimmermann, 1780)","SPECIES",-19.247011,16.044492,2437454
"5938622737","Dendrocygna viduata (Linnaeus, 1766)","SPECIES",-30.89155,24.632806,2498396
"5938622752","Neotinea maculata (Desf.) Stearn","SPECIES",28.349128,-16.527617,2812458
"5938622815","Schkuhria pinnata (Lam.) Kuntze","SPECIES",-24.54689,31.336856,8346536
"5938622819","Lycodonomorphus rufulus (Lichtenstein, 1823)","SPECIES",-33.556417,26.967675,2454527
"5938622826","Pontia helice (Linnaeus, 1764)","SPECIES",-28.51342,28.653782,5137799
"5938622855","Acanthistius joanae Heemstra, 2010","SPECIES",-29.851214,31.080717,5853330
"5938622898","Trichonephila fenestrata (Thorell, 1859)","SPECIES",-24.524149,30.890704,10685575
"5938622922","Dyschoriste rogersii S.Moore","SPECIES",-25.351351,31.761347,8223872
"5938622948","Opistophthalmus flavescens Purcell, 1898","SPECIES",-24.141453,15.904702,6894692
"5938622970","Columba guinea Linnaeus, 1758","SPECIES",6.436007,2.34685,5231817
"5938623228","Antidorcas marsupialis (Zimmermann, 1780)","SPECIES",-19.036266,16.339828,2441064
"5938623327","Nezara capicola (Westwood, 1837)","SPECIES",-33.987995,18.476653,7864568
"5938623351","Chamaeleo dilepis Leach, 1819","SPECIES",-25.146858,31.30538,2449077
"5938623670","Dicerothamnus rhinocerotis (L.fil.) Koek.","SPECIES",-34.366454,19.141531,3104052
"5938623708","Azanus jesous (Guérin-Méneville, 1847)","SPECIES",-24.380313,31.777338,1926546
"5938623735","Corythornis cristatus (Pallas, 1764)","SPECIES",-25.332261,31.799384,6095338
"5938623907","Ceratotheca triloba (Bernh.) Hook.fil.","SPECIES",-26.093861,31.104337,9700256
"5938623909","Pavetta schumanniana F.Hoffm. ex K.Schum.","SPECIES",-17.841381,31.09734,2924782
"5938623921","Acacia mearnsii De Wild.","SPECIES",32.751836,-16.771044,2979775
"5938623932","Chelidonichthys lastoviza (Bonnaterre, 1788)","SPECIES",28.378237,-16.256066,2336534
"5938623950","Messor minor (Andre, 1883)","SPECIES",28.116128,-16.728433,1316434
"5938624053","Vachellia karroo (Hayne) Banfi & Galasso","SPECIES",-33.533325,26.528853,3974754
"5938624074","Junonia oenone (Linnaeus, 1764)","SPECIES",-20.50587,47.240118,5130392
"5938624085","Struthio camelus australis Gurney, 1868","SUBSPECIES",-19.261175,16.000812,2495150
"5938624089","Amicta cabrerai (Rebel, 1894)","SPECIES",28.656989,-17.886258,4526269
"5938624345","Rumex lunaria L.","SPECIES",28.5171,-16.193838,4032398
"5938624412","Numida meleagris (Linnaeus, 1758)","SPECIES",-33.951761,25.489158,2473341
"5938624681","Calesia zambesita Walker, 1865","SPECIES",-24.452558,31.977828,1774826
"5938624683","Alaemon alaudipes (Desfontaines, 1789)","SPECIES",31.089386,-4.031365,2490659
"5938624725","Portia schultzi Karsch, 1878","SPECIES",-24.469772,30.818687,5173474
"5938624820","Ceratotheca sesamoides Endl.","SPECIES",-24.352558,31.952488,9681047
"5938624901","Hyperolius semidiscus Hewitt, 1927","SPECIES",-29.58195,30.294525,5217719
"5938625027","Opistophthalmus opinatus (Simon, 1888)","SPECIES",-24.097843,15.912628,6894797
"5938625030","Stenaelurillus darwini Wesołowska & Russell-Smith, 2000","SPECIES",-4.658456,39.370759,2173793
"5938625321","Chersina angulata (Schweigger, 1812)","SPECIES",-33.921188,18.706907,5220285
"5938625378","Tockus leucomelas (M.H.K.Lichtenstein, 1842)","SPECIES",-25.33546,31.806487,2475955
"5938625566","Hippopotamus amphibius Linnaeus, 1758","SPECIES",-0.736163,29.646066,2441247
"5938625578","Lantana camara L.","SPECIES",-33.483502,26.489475,2925303
"5938625582","Pernis apivorus (Linnaeus, 1758)","SPECIES",-24.40471,30.81434,2480420
"5938625620","Parolinia intermedia Svent. & Bramwell","SPECIES",28.043646,-16.705377,5377796
"5938625697","Plumbago auriculata Lam.","SPECIES",-33.463869,26.482073,3082283
"5938625701","Hemiolaus caeculus (Hopffer, 1855)","SPECIES",-24.40655,30.81822,1922468
"5938625725","Diplodus capensis (Smith, 1844)","SPECIES",-33.695011,26.664465,5210964
"5938625750","Euplectes orix (Linnaeus, 1758)","SPECIES",-30.89977,24.628434,2494088
"5938625787","Tarentola mauritanica (Linnaeus, 1758)","SPECIES",34.125162,-6.611549,2445034
"5938625801","Disa stachyoides Rchb.f.","SPECIES",-30.986011,28.181202,2783863
"5938625807","Crassula sarcocaulis Eckl. & Zeyh.","SPECIES",-29.254051,29.431696,7172895
"5938625867","Doratogonus annulipes Carl, 1917","SPECIES",-33.977745,23.492383,5791491
"5938625924","Agama atra Daudin, 1802","SPECIES",-32.76055,28.260223,5226254
"5938625958","Ochna pulchra Hook.","SPECIES",-25.844653,27.396825,3694581
"5938626009","Vanellus armatus (Burchell, 1822)","SPECIES",-25.336604,31.813036,5229136
"5938626030","Justicia matammensis Oliv.","SPECIES",-24.352642,31.952675,8242435
"5938626071","Phacochoerus africanus sundevallii Lönnberg, 1908","SUBSPECIES",-25.228319,27.105326,2441212
"5938626084","Phyllastrephus terrestris terrestris Swainson, 1837","SUBSPECIES",-29.476683,31.251318,2486094
"5938626171","Cycnium racemosum Benth.","SPECIES",-29.2539,29.432457,3727216
"5938626187","Spilopelia senegalensis (Linnaeus, 1766)","SPECIES",-2.81386,38.101868,6101223
"5938626203","Chloris virgata Sw.","SPECIES",-24.342439,31.073455,5289624
"5938626204","Vidua paradisaea (Linnaeus, 1758)","SPECIES",-24.941051,31.680859,2484626
"5938626292","Danaus chrysippus orientis (Aurivillius, 1909)","SUBSPECIES",-25.672067,28.315481,7642610
"5938627758","Berzelia abrotanoides (L.) Brongn.","SPECIES",-34.371667,20.564167,5643132
"5938627871","Gallinula chloropus meridionalis (C.L.Brehm, 1831)","SUBSPECIES",-33.958745,22.3684,5228199
"5938627905","Hypochaeris radicata L.","SPECIES",-25.807882,28.260931,3093702
"5938627907","Acacia saligna (Labill.) H.L.Wendl.","SPECIES",-33.951198,25.487547,2978552
"5938628014","Zyrphelis foliosa (Harv.) Kuntze","SPECIES",-34.332338,19.01294,3134620
"5938628082","Schkuhria pinnata (Lam.) Kuntze","SPECIES",-24.532068,31.347711,8346536
"5938628091","Papio ursinus ursinus (Kerr, 1792)","SUBSPECIES",-33.658275,24.366295,7262029
"5938628102","Hyphaene thebaica (L.) Mart.","SPECIES",11.989535,18.236723,7931200
"5938628113","Harpephyllum Bernh.","GENUS",-34.331325,19.038889,NA
"5938628118","Coracias garrulus Linnaeus, 1758","SPECIES",-33.760041,18.457354,2475365
"5938628833","Sonchus canariensis (Webb) Boulos","SPECIES",28.074378,-16.656058,3105785
"5938628925","Passer diffusus (A.Smith, 1836)","SPECIES",-34.075674,18.843266,7341262
"5938628930","Cyperus congestus Vahl","SPECIES",-31.254298,23.487735,2714656
"5938628934","Portia schultzi Karsch, 1878","SPECIES",-4.658732,39.370828,5173474
"5938629351","Stigmochelys pardalis (Bell, 1828)","SPECIES",-31.733332,23.25729,2441757
"5938629360","Milvus migrans parasitus Grant & Mackworth-Praed, 1933","SUBSPECIES",-34.084228,18.517971,5229167
"5938629368","Zonocerus elegans (Thunberg, 1815)","SPECIES",-17.045574,28.014208,1727809
"5938629580","Periplaneta americana (Linnaeus, 1758)","SPECIES",28.238712,-16.834583,2000152
"5938629940","Tragelaphus angasii Angas, 1849","SPECIES",-28.219993,31.948226,5220181
"5938629944","Ommatoiulus moreleti (Lucas, 1860)","SPECIES",-33.751381,18.959335,4650395
"5938629969","Hirundo albigularis Strickland, 1849","SPECIES",-32.711907,25.64693,5230776
"5938630026","Aizoon canariense L.","SPECIES",28.303449,-16.374025,8124412
"5938630090","Tragelaphus angasii Angas, 1849","SPECIES",-25.868761,27.495789,5220181
"5938630096","Brachylaena rotundata S.Moore","SPECIES",-25.853878,27.496755,3140959
"5938630098","Brabejum stellatifolium L.","SPECIES",-34.320295,18.965,3996608
"5938630250","Watsonia borbonica (Pourr.) Goldblatt","SPECIES",-34.086353,18.361203,5297820
"5938630762","Eristalinus taeniops (Wiedemann, 1818)","SPECIES",-26.150664,28.367639,1542714
"5938630866","Pteridium aquilinum subsp. capense (Thunb.) C.Chr.","SUBSPECIES",-24.14769,30.19902,5275012
"5938630895","Acacia saligna (Labill.) H.L.Wendl.","SPECIES",-34.356487,19.121839,2978552
"5938630992","Leucadendron salignum P.J.Bergius","SPECIES",-33.95177,25.488312,5637611
"5938631225","Searsia zeyheri (Sond.) Moffett","SPECIES",-24.218799,29.606134,5544186
"5938631235","Halcyon albiventris (Scopoli, 1786)","SPECIES",-34.129271,19.849618,5228322
"5938631246","Polistes madiburensis Schulthess, 1921","SPECIES",-33.934158,18.83807,1310726
"5938631434","Eristalinus taeniops (Wiedemann, 1818)","SPECIES",-25.415825,30.103914,1542714
"5938631502","Actophilornis africanus (J.F.Gmelin, 1789)","SPECIES",-29.053938,30.301143,2481853
"5938631547","Allagopappus canariensis (Willd.) Greuter","SPECIES",28.300908,-16.373757,3098637
"5938631569","Eulophia alta (L.) Fawc. & Rendle","SPECIES",-17.925647,25.853538,5311790
"5938631605","Halcyon albiventris albiventris (Scopoli, 1786)","SUBSPECIES",-29.80142,30.853405,5228322
"5938631606","Englerophytum magalismontanum (Sond.) T.D.Penn.","SPECIES",-25.849033,27.496026,2888092
"5938631758","Gyps africanus Salvadori, 1865","SPECIES",-20.462185,16.734786,9487001
"5938631804","Andryala pinnatifida Aiton","SPECIES",28.533231,-16.341495,3105489
"5938631924","Lavandula canariensis Mill.","SPECIES",28.035961,-16.707661,7307851
"5938631926","Connochaetes taurinus mearnsi (Heller, 1913)","SUBSPECIES",-3.164174,35.521763,2441105
"5938631989","Acacia saligna (Labill.) H.L.Wendl.","SPECIES",-33.959626,25.494915,2978552
"5938631992","Rhodohypoxis rubella (Baker) Nel","SPECIES",-29.266796,29.434547,2852601
"5938631995","Laniarius ferrugineus ferrugineus (Gmelin, 1788)","SUBSPECIES",-34.418096,19.153337,2484860
"5938632073","Uroplectes gracilior Hewitt, 1913","SPECIES",-24.104315,15.908715,6893384
"5938632146","Notopholia corrusca (Nordmann, 1835)","SPECIES",-28.747778,32.082249,6100936
"5938632179","Tragelaphus oryx (Pallas, 1766)","SPECIES",-3.166109,35.545871,5220167
"5938632225","Diospyros lycioides subsp. guerkei (Kuntze) De Winter","SUBSPECIES",-25.771638,28.291071,4070128
"5938632234","Morinda citrifolia L.","SPECIES",5.660997,-0.117147,5339879
"5938632262","Hyperolius marmoratus Rapp, 1842","SPECIES",-34.441178,19.470212,5217671
"5938632264","Spilopelia senegalensis senegalensis (Linnaeus, 1766)","SUBSPECIES",-24.392833,31.776992,6101223
"5938632340","Spermestes cucullata scutata Heuglin, 1863","SUBSPECIES",-28.747747,32.082243,2493624
"5938632400","Artemisia thuscula Cav.","SPECIES",28.495285,-17.855535,3121623
"5938632461","Asota speciosa Drury, 1773","SPECIES",-34.054277,19.604505,1774600
"5938632486","Alopochen aegyptiaca (Linnaeus, 1766)","SPECIES",-28.220002,31.948306,2498252
"5938632507","Setaria megaphylla (Steud.) T.Durand & Schinz","SPECIES",-25.801296,28.262888,5289665
"5938633224","Larus dominicanus M.H.K.Lichtenstein, 1823","SPECIES",-34.048064,23.378988,2481173
"5938633231","Uroplectes otjimbinguensis (Karsch, 1879)","SPECIES",-20.527301,17.668887,6893387
"5938633232","Grewia occidentalis L.","SPECIES",-25.806158,28.26299,4261391
"5938633259","Cordylus vittifer (Reichenow, 1887)","SPECIES",-24.217151,29.60456,5227207
"5938633295","Syzygium cordatum Hochst.","SPECIES",-24.161905,30.253819,8652576
"5938633355","Eulophia alta (L.) Fawc. & Rendle","SPECIES",-17.925655,25.853547,5311790
"5938633375","Opistophthalmus jenseni (Lamoral, 1972)","SPECIES",-24.106138,15.90785,6894778
"5938634808","Spilopelia senegalensis senegalensis (Linnaeus, 1766)","SUBSPECIES",-34.155389,18.879513,6101223
"5938634897","Zinnia peruviana (L.) L.","SPECIES",-24.459463,30.610013,9193953
"5938634973","Austrocylindropuntia subulata (Muehlenpf.) Backeb.","SPECIES",-26.079016,27.774227,7282135
"5938634977","Tomopterna natalensis (Smith, 1849)","SPECIES",-24.48837,27.814345,2429923
"5938635077","Leptailurus serval lipostictus (Pocock, 1907)","SUBSPECIES",-3.163303,35.530853,2435172
"5938636953","Stigmochelys pardalis (Bell, 1828)","SPECIES",-33.485162,21.262555,2441757
"5938636954","Sphaerocoris Burmeister, 1835","GENUS",-29.129275,31.385928,NA
"5938637214","Leucadendron xanthoconus (Kuntze) K.Schum.","SPECIES",-34.369561,20.542266,5637380
"5938637302","Alcelaphus buselaphus cokii Günther, 1884","SUBSPECIES",-2.111171,34.499733,5220185
"5938637303","Passer hispaniolensis (Temminck, 1820)","SPECIES",28.397991,-13.853855,5231209
"5938637363","Argiope australis (Walckenaer, 1805)","SPECIES",-24.341388,31.072552,5170988
"5938637410","Sclerophrys capensis Tschudi, 1838","SPECIES",-33.923572,19.121089,9114626
"5938637413","Asphodelus ramosus L.","SPECIES",28.189611,-16.604617,2778478
"5938637495","Terminalia prunioides M.A.Lawson","SPECIES",-24.241415,30.998627,3698514
"5938637523","Africallagma glaucum (Burmeister, 1839)","SPECIES",-29.660763,25.378775,1422431
"5938637660","Drimia sphaerocephala Baker","SPECIES",-29.250926,29.44477,2776901
"5938637684","Loxodonta africana (Blumenbach, 1797)","SPECIES",-1.16831,35.249041,2435350
"5938637776","Corvus albus Statius Muller, 1776","SPECIES",-23.061483,43.586812,2482519
"5938637783","Mungos mungo (Gmelin, 1788)","SPECIES",-1.142939,35.29026,5219080
"5938637802","Acacia saligna (Labill.) H.L.Wendl.","SPECIES",-33.960779,25.497635,2978552
"5938637821","Stenotaphrum secundatum (Walter) Kuntze","SPECIES",-33.695269,26.666332,2702870
"5938637824","Allophylus natalensis (Sond.) de Winter","SPECIES",-32.859441,28.109944,5577194
"5938637836","Melierax poliopterus Cabanis, 1868","SPECIES",-2.868724,38.075776,2480731
"5938637894","Motacilla aguimp vidua Sundevall, 1850","SUBSPECIES",-24.967247,31.625534,7405711
"5938637902","Neotinea maculata (Desf.) Stearn","SPECIES",28.349372,-16.526039,2812458
"5938637919","Eulophia hians var. nutans (Sond.) S.Thomas","VARIETY",-29.81563,30.437823,5311381
"5938637945","Pachnoda sinuata flaviventris (Gory & Percheron, 1833)","SUBSPECIES",-25.328755,30.695795,1081568
"5938638004","Neotinea maculata (Desf.) Stearn","SPECIES",28.349014,-16.527133,2812458
"5938638141","Camelus dromedarius Linnaeus, 1758","SPECIES",31.524649,-4.458546,9055455
"5938638150","Loxodonta africana (Blumenbach, 1797)","SPECIES",-3.784828,35.899186,2435350
"5938638761","Euphorbia hirta L.","SPECIES",6.598722,3.357467,3068937
"5938639328","Priva adhaerens (Forssk.) Chiov.","SPECIES",-24.578371,30.616128,4086945
"5938639338","Geograpsus grayi (H.Milne Edwards, 1853)","SPECIES",-4.65867,39.371194,4382804
"5938639362","Caesia contorta (L.f.) T.Durand & Schinz","SPECIES",-33.990146,20.440685,5304991
"5938639740","Balanites aegyptiaca (L.) Delile","SPECIES",11.989403,18.237563,5421115
"5938639764","Gisekia africana (Lour.) Kuntze","SPECIES",-24.407143,30.813177,3794715
"5938639784","Pavetta schumanniana F.Hoffm. ex K.Schum.","SPECIES",-17.841399,31.097444,2924782
"5938639943","Schinus molle L.","SPECIES",-31.255208,23.488367,3190642
"5938639965","Chroicocephalus hartlaubii (Bruch, 1855)","SPECIES",-34.807201,20.060097,6065817
"5938640058","Gymnosporia polyacantha subsp. vacciniifolia (Conrath) Jordaan","SUBSPECIES",-25.86483,27.49805,7265750
"5938640061","Myrsine africana L.","SPECIES",-25.853738,27.496688,7331120
"5938640064","Opistophthalmus jenseni (Lamoral, 1972)","SPECIES",-24.11176,15.90598,6894778
"5938640074","Erica cerinthoides L.","SPECIES",-34.332047,19.01543,7692345
"5938640092","Lycium intricatum Boiss.","SPECIES",28.076247,-16.647187,3796884
"5938640250","Dessonornis humeralis A.Smith, 1836","SPECIES",-23.579627,29.801386,2492584
"5938640316","Zosterops virens virens","SUBSPECIES",-28.74776,32.082207,7857709
"5938640942","Thamnolaea cinnamomeiventris (Lafresnaye, 1836)","SPECIES",-28.219998,31.948209,2492397
"5938640957","Ichthyaetus hemprichii (Bruch, 1855)","SPECIES",-3.945367,39.773222,8303453
"5938640964","Lycus Fabricius, 1787","GENUS",-22.678283,29.01726,NA
"5938640975","Azanus natalensis (Trimen, 1887)","SPECIES",-29.00668,29.473548,1926531
"5938641032","Grielum grandiflorum (L.) Druce","SPECIES",-33.750964,18.441968,3701822
"5938643494","Rothmannia capensis Thunb.","SPECIES",-25.810255,27.607078,2906198
"5938643495","Merops bullockoides A.Smith, 1834","SPECIES",-24.08338,27.773138,2475445
"5938643611","Burchellia bubalina (L.f.) Sims","SPECIES",-30.25992,30.588462,5341085
"5938643703","Crithagra leucoptera Sharpe, 1871","SPECIES",-32.214392,18.984525,6101006
"5938643965","Leptinotarsa texana Schaeffer, 1906","SPECIES",-29.204885,26.171713,4990492
"5938643975","Merops hirundineus A.A.H.Lichtenstein, 1793","SPECIES",-20.398834,17.373491,2475434
"5938643976","Bradypodion damaranum (Boulenger, 1887)","SPECIES",-33.944173,22.462774,2449252
"5938644040","Anthus berthelotii Bolle, 1862","SPECIES",28.569259,-16.265589,2490270
"5938644119","Naja nigricollis Reinhardt, 1843","SPECIES",13.553132,-16.511216,7580657
"5938644144","Vanellus coronatus (Boddaert, 1783)","SPECIES",-19.218339,16.056949,5229137
"5938644417","Corythornis cristatus (Pallas, 1764)","SPECIES",-25.34897,31.780278,6095338
"5938644441","Ximenia L.","GENUS",-24.333216,31.066931,NA
"5938644447","Dischista rufa (Degeer, 1778)","SPECIES",-24.487183,27.816708,1081159
"5938644476","Ceryle rudis rudis (Linnaeus, 1758)","SUBSPECIES",-33.958635,22.366769,2475679
"5938644484","Stenotaphrum secundatum (Walter) Kuntze","SPECIES",-33.952216,25.489661,2702870
"5938644893","Thereianthus bracteolatus (Lam.) G.J.Lewis","SPECIES",-34.07961,18.397348,2749511
"5938644931","Aeropetes tulbaghia (Linnaeus, 1764)","SPECIES",-33.873032,19.196506,10587253
"5938644974","Anax imperator Leach, 1815","SPECIES",-34.066488,18.810395,5051775
"5938645071","Chamaeleo dilepis Leach, 1819","SPECIES",-18.042067,33.174805,2449077
"5938645097","Ischnura senegalensis (Rambur, 1842)","SPECIES",-34.070709,18.817219,1423286
"5938645099","Opistophthalmus praedo Thorell, 1876","SPECIES",-28.847174,29.997577,7417064
"5938645138","Harveya capensis (Burm.fil.) Hook.","SPECIES",-34.079588,18.398272,7896234
"5938646141","Bombax costatum Pellegr. & Vuillet","SPECIES",12.876362,-13.583403,4073451
"5938646151","Hottentotta trilineatus (Peters, 1861)","SPECIES",-24.364492,31.959508,6893427
"5938646284","Serinus canicollis (Swainson, 1838)","SPECIES",-29.250952,29.44253,5231530
"5938646315","Caretta caretta (Linnaeus, 1758)","SPECIES",-26.651512,32.963675,8894817
"5938646340","Sula leucogaster (Boddaert, 1783)","SPECIES",27.267746,33.887031,2480975
"5938646436","Halichoeres iridis Randall & Smith, 1982","SPECIES",-29.851363,31.080631,2384067
"5938646466","Catharanthus roseus (L.) G.Don","SPECIES",-33.93887,18.84232,3169830
"5938646482","Papio ursinus (Kerr, 1792)","SPECIES",-34.011097,23.869928,7262029
"5938646526","Dessonornis caffer caffer","SUBSPECIES",-34.41802,19.153402,10671440
"5938646622","Senegalia schweinfurthii (Brenan & Exell) Seigler & Ebinger","SPECIES",-24.406151,30.812427,7831469
"5938646626","Galerida theklae A.E.Brehm, 1857","SPECIES",30.546793,-9.718404,9330514
"5938646674","Psammophis leightoni Boulenger, 1902","SPECIES",-33.405287,18.262412,5959482
"5938646697","Volkameria glabra (E.Mey.) Mabb. & Y.W.Yuan","SPECIES",-30.650854,30.524967,6111581
"5938646736","Tachybaptus ruficollis capensis (Salvadori, 1884)","SUBSPECIES",-34.059847,18.498847,2482048
"5938646805","Tragelaphus sylvaticus (Sparrman, 1780)","SPECIES",-17.888291,25.813271,5220182
"5938646841","Vangueria infausta Burch.","SPECIES",-24.406551,30.818224,2917876
"5938647075","Vachellia karroo (Hayne) Banfi & Galasso","SPECIES",-33.412695,26.475595,3974754
"5938647174","Tragelaphus strepsiceros strepsiceros (Pallas, 1766)","SUBSPECIES",-19.352875,15.930146,5220183
"5938647300","Porpita porpita (Linnaeus, 1758)","SPECIES",-33.192405,27.642262,5185632
"5938647327","Geosciurus inauris (Zimmermann, 1780)","SPECIES",-19.265419,16.000762,2437454
"5938647337","Tragelaphus oryx (Pallas, 1766)","SPECIES",-3.172875,35.569267,5220167
"5938647356","Echinometra mathaei (Blainville, 1825)","SPECIES",-20.12906,57.756221,2278863
"5938647416","Anthus berthelotii Bolle, 1862","SPECIES",28.415962,-16.549483,2490270
"5938647470","Alternanthera pungens Kunth","SPECIES",-24.459991,30.609715,3084949
"5938647474","Sclerophrys capensis Tschudi, 1838","SPECIES",-30.282612,30.753738,9114626
"5938647497","Halcyon chelicuti chelicuti (Stanley, 1814)","SUBSPECIES",-25.128204,31.550736,5228300
"5938647677","Vicirionessa mustela (Simon, 1902)","SPECIES",-29.776837,30.835706,8407454
"5938647715","Protea welwitschii Engl.","SPECIES",-25.812445,27.596838,7287022
"5938647717","Trachylepis wahlbergii (Peters, 1870)","SPECIES",-19.516975,23.636081,11194422
"5938647723","Cenchrus setaceus (Forssk.) Morrone","SPECIES",28.092202,-16.721155,5828232
"5938647725","Aloe vera (L.) Burm.f.","SPECIES",28.092276,-16.721669,2777724
"5938647732","Pellaea calomelanos (Sw.) Link","SPECIES",-26.156456,27.965837,7335563
"5938647765","Crassula coccinea L.","SPECIES",-34.003761,18.413978,5689204
"5938647778","Anthia thoracica (Thunberg, 1784)","SPECIES",-32.162826,25.468924,7400682
"5938647811","Zonocerus elegans (Thunberg, 1815)","SPECIES",-29.110587,31.600412,1727809
"5938647834","Onychognathus morio morio (Linnaeus, 1766)","SUBSPECIES",-24.573642,30.798624,5230739
"5938647910","Lagonosticta rhodopareia (Heuglin, 1868)","SPECIES",-23.859749,31.12853,2493683
"5938647914","Passer domesticus domesticus (Linnaeus, 1758)","SUBSPECIES",-25.228319,27.105326,5231190
"5938647918","Dixeia charina (Boisduval, 1836)","SPECIES",-34.102885,23.384557,1919924
"5938647985","Vachellia karroo (Hayne) Banfi & Galasso","SPECIES",-33.461856,26.495327,3974754
"5938648012","Sarpa salpa (Linnaeus, 1758)","SPECIES",-33.692463,26.673548,2392628
"5938648032","Scopus umbretta Gmelin, 1789","SPECIES",-3.228522,35.551722,5229154
"5938648175","Plumbago auriculata Lam.","SPECIES",-23.835531,30.295442,3082283
"5938648202","Vachellia karroo (Hayne) Banfi & Galasso","SPECIES",-33.474016,26.484075,3974754
"5938648217","Watsonia tabularis J.W.Mathews & L.Bolus","SPECIES",-34.100685,18.432227,5297754
"5938648253","Ardeotis kori (Burchell, 1822)","SPECIES",-3.076412,35.462553,2474909
"5938649607","Psoralea fruticans (L.) Druce","SPECIES",-34.033513,18.396741,2978009
"5938649619","Euphorbia cooperi var. cooperi","VARIETY",-25.444897,30.968287,3069097
"5938649635","Emberiza tahapisi A.Smith, 1836","SPECIES",-25.019309,31.781581,2491491
"5938649653","Sonchus leptocephalus Cass.","SPECIES",28.506756,-16.190589,3105698
"5938649665","Palystes superciliosus L.Koch, 1875","SPECIES",-25.711608,28.142575,2161858
"5938649680","Erica mammosa L.","SPECIES",-33.996432,18.413133,5684170
"5938650318","Opistophthalmus adustus Kraepelin, 1908","SPECIES",-24.110262,15.905733,6894730
"5938650346","Trithemis arteriosa (Burmeister, 1839)","SPECIES",-34.070767,18.817361,1428848
"5938650391","Oenanthe familiaris familiaris (Wilkes, 1817)","SUBSPECIES",-34.079736,18.396795,6100849
"5938650506","Briza maxima L.","SPECIES",-34.574265,19.734348,2702792
"5938650529","Dessonornis caffer caffer","SUBSPECIES",-32.247323,25.453186,10671440
"5938650534","Certhilauda subcoronata A.Smith, 1843","SPECIES",-32.230362,25.431233,7340868
"5938650535","Alcelaphus buselaphus caama (É.Geoffroy Saint-Hilaire, 1803)","SUBSPECIES",-32.183971,25.479004,5706330
"5938650551","Apis mellifera Linnaeus, 1758","SPECIES",-32.260617,25.454028,1341976
"5938650566","Flueggea virosa (Roxb. ex Willd.) Royle","SPECIES",-24.405397,30.820472,5382823
"5938650590","Spartium junceum L.","SPECIES",-33.969644,18.76948,5355395
"5938650678","Halcyon albiventris vociferans Clancey, 1952","SUBSPECIES",-25.228319,27.105326,5228322
"5938650690","Sigelus silens (Shaw, 1809)","SPECIES",-34.008467,25.680001,2492444
"5938650705","Moraea alticola Goldblatt","SPECIES",-29.252968,29.4198,2744533
"5938650753","Syncerus caffer caffer (Sparrman, 1779)","SUBSPECIES",-24.400992,31.753339,2441034
"5938652477","Passer diffusus (A.Smith, 1836)","SPECIES",-24.827165,31.543925,7341262
"5938652532","Aloe vera (L.) Burm.f.","SPECIES",28.417727,-16.545587,2777724
"5938652586","Pomatomus saltatrix (Linnaeus, 1766)","SPECIES",-29.726858,31.089431,5208090
"5938652588","Trochocercus cyanomelas (Vieillot, 1818)","SPECIES",-34.34604,18.927805,2486673
"5938652622","Polypodium cambricum L.","SPECIES",36.770351,5.102663,5274944
"5938652644","Orthetrum trinacria (Selys, 1841)","SPECIES",-34.066383,18.810666,1428708
"5938652647","Anthocleista grandiflora Gilg","SPECIES",-24.161999,30.254301,4019317
"5938653662","Numida meleagris (Linnaeus, 1758)","SPECIES",-20.830863,16.66192,2473341
"5938653674","Crocodylus niloticus Laurenti, 1768","SPECIES",-24.399197,31.96093,2441341
"5938655569","Tachybaptus ruficollis capensis (Salvadori, 1884)","SUBSPECIES",-33.728282,26.5796,2482048
"5938655647","Chlorocebus pygerythrus pygerythrus (F.Cuvier, 1821)","SUBSPECIES",-24.829509,31.564355,7262034
"5938655752","Papio ursinus (Kerr, 1792)","SPECIES",-17.928822,25.857496,7262029
"5938655766","Orthetrum julia Kirby, 1900","SPECIES",-33.946019,22.064809,1428738
"5938656106","Bulbophyllum falcatum (Lindl.) Rchb.f.","SPECIES",0.186303,6.613081,2844976
"5938656125","Nidorella hottentotica DC.","SPECIES",-25.894989,27.800971,3117468
"5938656141","Gasteracantha sanguinolenta C.L.Koch, 1844","SPECIES",-24.460986,30.786055,2158505
"5938656144","Lophoceros alboterminatus Büttikofer, 1889","SPECIES",-24.994406,31.526395,7983173
"5938656230","Searsia glauca (Thunb.) Moffett","SPECIES",-34.761902,19.930927,5544347
"5938656257","Dietes grandiflora N.E.Br.","SPECIES",-32.778777,28.208944,2742427
"5938656431","Fringilla canariensis Vieillot, 1817","SPECIES",28.55698,-16.179929,12225089
"5938656457","Xenopus laevis (Daudin, 1802)","SPECIES",-34.040939,19.6162,5217334
"5938656472","Sonchus oleraceus L.","SPECIES",-23.825979,30.156046,8228544
"5938656486","Euphorbia clavarioides Boiss.","SPECIES",-30.650312,27.75217,3065778
"5938656507","Stigmochelys pardalis (Bell, 1828)","SPECIES",-2.868039,38.074402,2441757
"5938656523","Dolabella auricularia (Lightfoot) , 1786","SPECIES",-20.139632,57.754127,4359297
"5938656527","Locris transversa (Thunberg, 1822)","SPECIES",-33.933691,22.421138,2017919
"5938656749","Hypericum aethiopicum Thunb.","SPECIES",-25.774838,28.301106,3711260
"5938656752","Cheilomenes lunata (Fabricius, 1775)","SPECIES",-26.150469,28.186117,6993524
"5938658100","Dismegistus Amyot & Serville, 1843","GENUS",-34.05389,18.429726,NA
"5938658114","Passer diffusus (A.Smith, 1836)","SPECIES",-28.219941,31.948376,7341262
"5938658133","Senna septemtrionalis (Viv.) H.S.Irwin & Barneby","SPECIES",-25.807882,28.260931,2957529
"5938658272","Ischnura senegalensis (Rambur, 1842)","SPECIES",-30.865756,24.634667,1423286
"5938658282","Buddleja salviifolia (L.) Lam.","SPECIES",-25.853702,27.496835,4055797
"5938658329","Commelina erecta L.","SPECIES",-28.703537,30.016722,2764389
"5938658609","Falco tinnunculus Linnaeus, 1758","SPECIES",35.314877,-2.954669,9616058
"5938658628","Plangia graminea (Serville, 1838)","SPECIES",-28.281377,31.98862,1690661
"5938658637","Calendula arvensis L.","SPECIES",28.46871,-16.451345,9182765
"5938658671","Gymnoris superciliaris Blyth, 1845","SPECIES",-32.240412,25.456234,6100969
"5938658682","Curruca iberiae (Svensson, 2013)","SPECIES",35.305384,-2.961836,10700636
"5938658722","Alepidea thodei Dümmer","SPECIES",-29.254936,29.422552,3632925
"5938658994","Phacochoerus africanus sundevallii Lönnberg, 1908","SUBSPECIES",-25.205608,31.874822,2441212
"5938659106","Empusa pennata (Thunberg, 1815)","SPECIES",34.836036,-6.231993,5048815
"5938659157","Spilopelia senegalensis (Linnaeus, 1766)","SPECIES",-25.90955,28.173365,6101223
"5938659245","Jamesbrittenia dentatisepala (Overkott) Hilliard","SPECIES",-29.255219,29.422617,3740977
"5938659325","Pelargonium caucalifolium subsp. caucalifolium","SUBSPECIES",-33.826921,20.462601,7268548
"5938659332","Vachellia karroo (Hayne) Banfi & Galasso","SPECIES",-33.426316,26.477684,3974754
"5938659353","Chironia baccifera L.","SPECIES",-33.691298,26.667482,8252309
"5938659368","Antidorcas marsupialis (Zimmermann, 1780)","SPECIES",-19.179386,15.936757,2441064
"5938659375","Stachys natalensis Hochst.","SPECIES",-25.18542,30.972953,7309558
"5938659376","Streptopelia decipiens (Hartlaub & Finsch, 1870)","SPECIES",-24.392833,31.776992,2495674
"5938659379","Mungos mungo (Gmelin, 1788)","SPECIES",-3.739172,35.970047,5219080
"5938659413","Testudo graeca marokkensis Pieh & Perälä, 2004","SUBSPECIES",34.139413,-6.576567,2441461
"5938660240","Elisolimax flavescens (W.Keferstein, 1866)","SPECIES",-29.60972,30.334592,9658573
"5938660284","Cecropis abyssinica (Guerin-Meneville, 1843)","SPECIES",-28.747759,32.082189,6095032
"5938660347","Agama atra Daudin, 1802","SPECIES",-34.322031,19.005186,5226254
"5938660393","Elanus caeruleus (Desfontaines, 1789)","SPECIES",-2.10254,34.536919,2480372
"5938660400","Limonium scabrum (Thunb.) Kuntze","SPECIES",-34.354288,18.479028,4089992
"5938663371","Dicrurus adsimilis (Bechstein, 1794)","SPECIES",-3.365117,40.002061,2493963
"5938663437","Ipomoea indica (Burm.) Merr.","SPECIES",-28.948443,29.206508,2928598
"5938663551","Gleditsia triacanthos L.","SPECIES",-25.897666,27.7992,2959443
"5938663653","Parabuthus capensis (Ehrenberg, 1831)","SPECIES",-29.263422,16.910022,6894329
"5938663687","Polihierax semitorquatus (A.Smith, 1836)","SPECIES",-2.828948,38.078522,2481096
"5938663768","Coenomorpha nervosa","SPECIES",-24.523998,30.890821,12174892
"5938666380","Zophosis Latreille, 1802","GENUS",-22.697013,14.817375,NA
"5938666416","Stemonitis splendens Rostaf., 1874","SPECIES",-25.805585,28.260681,5425763
"5938666555","Kleinia neriifolia Haw.","SPECIES",28.524087,-16.288232,5405673
"5938666601","Cheilanthes viridis (Forssk.) Sw.","SPECIES",-25.853733,27.496744,7173446
"5938666617","Tragelaphus angasii Angas, 1849","SPECIES",-24.849806,31.564367,5220181
"5938666634","Pardopsis punctatissima Boisduval, 1833","SPECIES",-29.81638,30.811077,1915499
"5938666653","Tephrosia longipes Meisn.","SPECIES",-24.569382,27.836291,5342003
"5938666671","Orthoporoides tabulinus (Attems, 1914)","SPECIES",-34.399229,19.498341,1025597
"5938667317","Impatiens hochstetteri Warb.","SPECIES",-24.162395,30.254639,7309716
"5938667620","Raphicerus campestris (Thunberg, 1811)","SPECIES",-24.043455,27.071256,2441141
"5938667622","Alternanthera pungens Kunth","SPECIES",14.611226,-17.151461,3084949
"5938667671","Delosperma caespitosum L.Bolus","SPECIES",-32.723663,28.318498,3707461
"5938669462","Chenopodiastrum murale (L.) S.Fuentes, Uotila & Borsch","SPECIES",28.507902,-16.190419,8149099
"5938669523","Guilleminea densa (Willd.) Moq.","SPECIES",-24.459452,30.610234,3085188
"5938669535","Commelina erecta L.","SPECIES",-24.304017,30.992428,2764389
"5938669539","Hermas villosa (L.) Thunb.","SPECIES",-34.114125,18.455573,3641868
"5938669599","Searsia pyroides (Burch.) Moffett","SPECIES",-24.487542,27.82357,7321717
"5938669713","Myrtaceae","FAMILY",-34.357525,19.120261,NA
"5938669734","Thericles obtusifrons Stål, 1875","SPECIES",-24.189391,29.619193,1695732
"5938669750","Bubo africanus (Temminck, 1821)","SPECIES",-29.359973,29.95661,5959111
"5938670310","Ipomoea indica (Burm.) Merr.","SPECIES",-33.315849,26.533903,2928598
"5938670339","Drimia sphaerocephala Baker","SPECIES",-29.261669,29.454949,2776901
"5938670350","Vachellia karroo (Hayne) Banfi & Galasso","SPECIES",-33.523313,26.526105,3974754
"5938670382","Mauremys leprosa (Schweigger, 1812)","SPECIES",34.252815,-6.667543,2443341
"5938670471","Chironia baccifera L.","SPECIES",-34.10451,23.392105,8252309
"5938670488","Struthio camelus Linnaeus, 1758","SPECIES",-3.167349,35.544532,2495150
"5938670549","Acacia saligna (Labill.) H.L.Wendl.","SPECIES",-33.959487,25.494812,2978552
"5938670616","Acridotheres tristis (Linnaeus, 1766)","SPECIES",-23.061522,43.586813,2489005
"5938670637","Acacia saligna (Labill.) H.L.Wendl.","SPECIES",-33.959466,25.495178,2978552
"5938670641","Helichrysum pagophilum M.D.Hend.","SPECIES",-29.268663,29.434261,3132058
"5938670653","Tockus deckeni (Cabanis, 1868)","SPECIES",-3.73918,35.970067,2475971
"5938670733","Oxalis corniculata L.","SPECIES",-24.394495,30.797972,8427624
"5938670793","Otomys unisulcatus F.Cuvier, 1829","SPECIES",-32.224831,25.477984,4264856
"5938670801","Vanellus crassirostris (Hartlaub, 1855)","SPECIES",-3.167346,35.54454,5229130
"5938672478","Searsia leptodictya (Diels) T.S.Yi, A.J.Mill. & J.Wen","SPECIES",-24.46322,30.608938,7321777
"5938672627","Roella ciliata L.","SPECIES",-33.923286,18.705601,3166968
"5938672657","Dessonornis caffer (Linnaeus, 1771)","SPECIES",-33.414087,18.24112,10671440
"5938672832","Lichtensteinia lacera Cham. & Schltdl.","SPECIES",-34.331454,19.015189,5540298
"5938672969","Philanthus triangulum (Fabricius, 1775)","SPECIES",-33.966062,18.479885,5760758
"5938673367","Apis mellifera Linnaeus, 1758","SPECIES",-28.946132,29.20339,1341976
"5938673604","Actophilornis africanus (J.F.Gmelin, 1789)","SPECIES",-24.86007,31.556066,2481853
"5938673617","Orthetrum trinacria (Selys, 1841)","SPECIES",-34.070469,18.816877,1428708
"5938673646","Pancratium canariense Ker Gawl.","SPECIES",28.078345,-16.645197,2853237
"5938673659","Amata khoisana khoisana","SUBSPECIES",-33.600678,23.541442,9228428
"5938673779","Lotus campylocladus Webb & Berthel.","SPECIES",28.170719,-16.632311,5356890
"5938674350","Tringa glareola Linnaeus, 1758","SPECIES",-1.155157,35.275739,2481713
"5938674364","Crithmum maritimum L.","SPECIES",28.373008,-16.766027,3632234
"5938674467","Vachellia karroo (Hayne) Banfi & Galasso","SPECIES",-33.462312,26.491049,3974754
"5938674469","Telophorus viridis (Vieillot, 1817)","SPECIES",-24.40474,30.81773,2484846
"5938675192","Mimetes cucullatus (L.) R.Br.","SPECIES",-33.993742,20.821469,8349333
"5938675440","Merops bullockoides A.Smith, 1834","SPECIES",-28.220012,31.948295,2475445
"5938675455","Opistophthalmus capensis (Herbst, 1800)","SPECIES",-33.919485,18.400778,6894701
"5938675480","Ardeola ralloides (Scopoli, 1769)","SPECIES",-34.062072,18.495378,2480906
"5938675508","Cyanomitra olivacea olivacea (A.Smith, 1840)","SUBSPECIES",-29.776822,30.835878,6088979
"5938675541","Cosentinia vellea (Aiton) Tod.","SPECIES",28.232525,-16.757183,7335582
"5938675580","Fornicocassis rufocincta Spaeth, 1917","SPECIES",-24.35035,30.949372,6275295
"5938675612","Aspidomorpha madagascarica Boheman, 1854","SPECIES",-24.332392,30.75143,6274935
"5938675763","Lygodactylus stevensoni Hewitt, 1926","SPECIES",-22.24332,29.400655,2446738
"5938675785","Vachellia karroo (Hayne) Banfi & Galasso","SPECIES",-33.399156,26.473889,3974754
"5938675857","Opistophthalmus adustus Kraepelin, 1908","SPECIES",-24.098132,15.917162,6894730
"5938675873","Icthyophaga vocifer (Daudin, 1800)","SPECIES",-30.278944,30.753964,2480454
"5938675887","Trachylepis makolowodei Chirio, Ineich, Schmitz & Lebreton, 2008","SPECIES",0.600923,14.932271,7607830
"5938675918","Anas undulata undulata C.F.Dubois, 1838","SUBSPECIES",-34.060786,18.494513,2498156
"5938675933","Sclerochiton harveyanus Nees","SPECIES",-24.596414,30.873453,5574895
"5938676086","Hermas villosa (L.) Thunb.","SPECIES",-33.98565,18.416217,3641868
"5938676093","Numenius phaeopus (Linnaeus, 1758)","SPECIES",28.950053,-13.593287,2481784
"5938676104","Karomia speciosa (Hutch. & Corbishley) R.Fern.","SPECIES",-24.40621,30.818689,7308478
"5938676108","Pappea capensis Eckl. & Zeyh.","SPECIES",-25.894989,27.800971,3785741
"5938676138","Physalia utriculus (Gmelin, 1788)","SPECIES",-34.479687,20.506267,2264734
"5938676280","Ceratotheca sesamoides Endl.","SPECIES",-24.456408,32.008628,9681047
"5938676413","Anas undulata undulata C.F.Dubois, 1838","SUBSPECIES",-33.958605,22.367787,2498156
"5938676608","Phylloscopus trochilus (Linnaeus, 1758)","SPECIES",-34.056462,18.518845,2493052
"5938676612","Motacilla alba Linnaeus, 1758","SPECIES",36.805078,2.894752,9687165
"5938676712","Linum africanum L.","SPECIES",-34.330982,19.008052,4048711
"5938677016","Ensete ventricosum (Welw.) Cheesman","SPECIES",5.939637,38.251556,2763050
"5938677044","Crassula atropurpurea (Haw.) D.Dietr.","SPECIES",-34.09029,23.36831,7334462
"5938677585","Apus caffer (M.H.K.Lichtenstein, 1823)","SPECIES",-28.747744,32.082212,5228644
"5938677606","Euplectes orix (Linnaeus, 1758)","SPECIES",-33.728282,26.5796,2494088
"5938677610","Acacia melanoxylon R.Br.","SPECIES",-34.032891,18.397428,2979000
"5938677626","Passer simplex (Lichtenstein, 1823)","SPECIES",31.143296,-4.020364,5231205
"5938677677","Endostemon tereticaulis (Poir.) M.R.Ashby","SPECIES",-24.439825,30.622333,3899585
"5938677714","Protea pudens Rourke","SPECIES",-34.580472,19.779697,5636843
"5938677779","Amauris echeria (Stoll, 1790)","SPECIES",-30.25992,30.588462,1906117
"5938677849","Spilopelia senegalensis senegalensis (Linnaeus, 1766)","SUBSPECIES",-25.228319,27.105326,6101223
"5938677882","Calidris alba (Pallas, 1764)","SPECIES",28.454872,-17.841074,2481748
"5938677886","Peltophorum africanum Sond.","SPECIES",-24.40587,30.820134,2952780
"5938678489","Gypohierax angolensis (Gmelin, 1788)","SPECIES",-4.658484,39.370426,2480393
"5938678757","Haematopus moquini Bonaparte, 1856","SPECIES",-33.735123,26.575687,2480263
"5938678766","Asplenium trichomanes L.","SPECIES",36.770351,5.102663,8108066
"5938678804","Zephyranthes robusta (Herb.) Baker","SPECIES",-30.656187,30.518625,2853500
"5938678915","Pittosporum viridiflorum Sims","SPECIES",-25.853747,27.496704,2986302
"5938678928","Stigmochelys pardalis (Bell, 1828)","SPECIES",-24.858404,31.556623,2441757
"5938679001","Thalasseus bergii (M.H.K.Lichtenstein, 1823)","SPECIES",-34.356895,18.473433,5789283
"5938679126","Struthio camelus Linnaeus, 1758","SPECIES",-32.273084,25.419941,2495150
"5938679150","Opistophthalmus flavescens Purcell, 1898","SPECIES",-24.134357,15.900932,6894692
"5938679162","Emberiza tahapisi tahapisi A.Smith, 1836","SUBSPECIES",-24.569602,27.835405,2491491
"5938679270","Ornithogalum saundersiae Baker","SPECIES",-27.808028,32.229126,2773403
"5938679283","Phyla nodiflora (L.) Greene","SPECIES",-24.45383,31.996955,5341112
"5938679292","Estrilda astrild tenebridorsa Clancey, 1957","SUBSPECIES",-29.816639,30.80962,2493660
"5938679349","Acridotheres tristis (Linnaeus, 1766)","SPECIES",-19.748275,26.071047,2489005
"5938679470","Onitis alexis Klug, 1835","SPECIES",-32.712299,25.647195,1087005
"5938679485","Bitis arietans Merrem, 1820","SPECIES",-25.939426,27.57294,8901465
"5938679658","Schistocerca gregaria (Forskål, 1775)","SPECIES",29.488554,-10.065917,1707320
"5938679818","Cephonodes hylas Linnaeus, 1771","SPECIES",-29.540108,30.307947,1863034
"5938679858","Leptoptilos crumenifer (R.P.Lesson, 1831)","SPECIES",-24.861739,31.55188,9772663
"5938679873","Columba livia var. domestica J.F.Gmelin, 1789","VARIETY",-30.282489,30.753995,2495414
"5938680028","Echium wildpretii H.Pearson ex Hook.fil.","SPECIES",28.172683,-16.625431,7295503
"5938680048","Sideritis cretica L.","SPECIES",28.29906,-16.823549,7862362
"5938680072","Brachylaena neriifolia (L.) R.Br.","SPECIES",-34.350802,18.927616,3140978
"5938680243","Freesia grandiflora subsp. grandiflora","SUBSPECIES",-25.770959,28.297122,2747060
"5938680269","Vachellia karroo (Hayne) Banfi & Galasso","SPECIES",-33.508865,26.491714,3974754
