"key","speciesKey","scientificName","taxonRank","decimalLatitude","decimalLongitude"
"182368733",3039454,"Frangula dodonei subsp. dodonei","SUBSPECIES",47.6669,2.26047
"1826325281",5769068,"Agriopis marginaria (Fabricius)","SPECIES",52.9323,-6.2311
"2238275141",2533401,"Hypholoma subericaeum (Fr.) Kühner","SPECIES",56.384856,9.89984
"5003659260",2487879,"Cyanistes caeruleus (Linnaeus, 1758)","SPECIES",61.998259,23.017286
"5003660008",9705453,"Parus major Linnaeus, 1758","SPECIES",61.998259,23.017286
"5003661107",6100954,"Coloeus monedula (Linnaeus, 1758)","SPECIES",61.998259,23.017286
"5003662260",2477968,"Dendrocopos major (Linnaeus, 1758)","SPECIES",61.998259,23.017286
"5003662630",5231198,"Passer montanus (Linnaeus, 1758)","SPECIES",61.998259,23.017286
"5003663380",5229490,"Pica pica (Linnaeus, 1758)","SPECIES",61.998259,23.017286
"5003663381",8211070,"Sciurus vulgaris Linnaeus, 1758","SPECIES",61.998259,23.017286
"5003665347",2495414,"Columba livia f. domestica","FORM",61.998259,23.017286
"5003666471",9409796,"Corvus corone Linnaeus, 1758","SPECIES",61.998259,23.017286
"5098954341",5739298,"Aegolius funereus (Linnaeus, 1758)","SPECIES",65.32296,21.633
"5899807411",1860072,"BOLD:AAJ6176","UNRANKED",38.4929,15.917
"5906874064",2157233,"Steatoda bipunctata (Linnaeus, 1758)","SPECIES",62.436653,22.1765
"5933004352",2494543,"Pyrrhula pyrrhula (Linnaeus, 1758)","SPECIES",59.69751,16.63321
"5936456445",5220126,"Capreolus capreolus (Linnaeus, 1758)","SPECIES",52.335525,7.744023
"5936456446",9752149,"Phasianus colchicus Linnaeus, 1758","SPECIES",47.895742,7.687016
"5936469311",9705453,"Parus major Linnaeus, 1758","SPECIES",61.082589,28.150475
"5936469312",9537647,"Mergus merganser Linnaeus, 1758","SPECIES",60.319882,22.222179
"5936469368",2480449,"Haliaeetus albicilla (Linnaeus, 1758)","SPECIES",60.197412,25.113368
"5936469369",2487603,"Certhia familiaris Linnaeus, 1758","SPECIES",60.178619,25.045083
"5936469392",2487603,"Certhia familiaris Linnaeus, 1758","SPECIES",61.082589,28.150475
"5936469393",2487866,"Poecile montanus (Conrad von Baldenstein, 1827)","SPECIES",65.951137,29.224578
"5936469409",2492956,"Sylvia atricapilla (Linnaeus, 1758)","SPECIES",65.951137,29.224578
"5936469440",8211070,"Sciurus vulgaris Linnaeus, 1758","SPECIES",62.877037,27.684604
"5936469454",2477872,"Dryocopus martius (Linnaeus, 1758)","SPECIES",60.748415,26.987656
"5936469472",2494686,"Carduelis carduelis (Linnaeus, 1758)","SPECIES",63.55492,27.218909
"5936469487",2494543,"Pyrrhula pyrrhula (Linnaeus, 1758)","SPECIES",61.224374,23.738591
"5936469488",6092830,"Spinus spinus (Linnaeus, 1758)","SPECIES",63.55492,27.218909
"5936469502",2480449,"Haliaeetus albicilla (Linnaeus, 1758)","SPECIES",61.224374,23.738591
"5936469503",2495414,"Columba livia f. domestica","FORM",61.356678,22.927253
"5936469512",5229490,"Pica pica (Linnaeus, 1758)","SPECIES",60.403699,23.273387
"5936469536",2477968,"Dendrocopos major (Linnaeus, 1758)","SPECIES",61.509946,23.815925
"5936469549",5231198,"Passer montanus (Linnaeus, 1758)","SPECIES",61.454797,21.716119
"5936469550",5229490,"Pica pica (Linnaeus, 1758)","SPECIES",64.914279,25.558603
"5936469551",2494543,"Pyrrhula pyrrhula (Linnaeus, 1758)","SPECIES",63.03609,22.315763
"5936469563",2487879,"Cyanistes caeruleus (Linnaeus, 1758)","SPECIES",60.178619,25.045083
"5936469593",9705453,"Parus major Linnaeus, 1758","SPECIES",60.178619,25.045083
"5936469606",6092830,"Spinus spinus (Linnaeus, 1758)","SPECIES",64.805289,25.404778
"5936469607",5229490,"Pica pica (Linnaeus, 1758)","SPECIES",62.613896,24.0828
"5936469622",2487871,"Periparus ater (Linnaeus, 1758)","SPECIES",60.178619,25.045083
"5936469633",5229493,"Garrulus glandarius (Linnaeus, 1758)","SPECIES",62.613896,24.0828
"5936469650",9752149,"Phasianus colchicus Linnaeus, 1758","SPECIES",60.987865,21.57245
"5936469679",2487879,"Cyanistes caeruleus (Linnaeus, 1758)","SPECIES",64.914279,25.558603
"5936469681",9705453,"Parus major Linnaeus, 1758","SPECIES",60.624442,22.319602
"5936469694",5229490,"Pica pica (Linnaeus, 1758)","SPECIES",64.146423,28.250541
"5936469695",5229493,"Garrulus glandarius (Linnaeus, 1758)","SPECIES",62.877037,27.684604
"5936469710",2490737,"Turdus pilaris Linnaeus, 1758","SPECIES",63.55492,27.218909
"5936469743",2477968,"Dendrocopos major (Linnaeus, 1758)","SPECIES",62.877037,27.684604
"5936469744",2487871,"Periparus ater (Linnaeus, 1758)","SPECIES",60.624442,22.319602
"5936469773",2487871,"Periparus ater (Linnaeus, 1758)","SPECIES",64.914279,25.558603
"5936469775",2487879,"Cyanistes caeruleus (Linnaeus, 1758)","SPECIES",60.624442,22.319602
"5936469788",5231630,"Acanthis flammea (Linnaeus, 1758)","SPECIES",61.509946,23.815925
"5936469809",5231630,"Acanthis flammea (Linnaeus, 1758)","SPECIES",63.55492,27.218909
"5936469823",2487879,"Cyanistes caeruleus (Linnaeus, 1758)","SPECIES",61.082589,28.150475
"5936469858",5229490,"Pica pica (Linnaeus, 1758)","SPECIES",61.082589,28.150475
"5936469875",2490719,"Turdus merula Linnaeus, 1758","SPECIES",61.454797,21.716119
"5936469886",5229493,"Garrulus glandarius (Linnaeus, 1758)","SPECIES",61.262028,21.581256
"5936469887",2494543,"Pyrrhula pyrrhula (Linnaeus, 1758)","SPECIES",60.319882,22.222179
"5936469906",5229493,"Garrulus glandarius (Linnaeus, 1758)","SPECIES",61.082589,28.150475
"5936469929",2494543,"Pyrrhula pyrrhula (Linnaeus, 1758)","SPECIES",64.805289,25.404778
"5936469930",5229490,"Pica pica (Linnaeus, 1758)","SPECIES",61.262028,21.581256
"5936469969",9705453,"Parus major Linnaeus, 1758","SPECIES",64.146423,28.250541
"5936469970",2487879,"Cyanistes caeruleus (Linnaeus, 1758)","SPECIES",61.224374,23.738591
"5936469971",2490719,"Turdus merula Linnaeus, 1758","SPECIES",61.262028,21.581256
"5936469972",2477968,"Dendrocopos major (Linnaeus, 1758)","SPECIES",60.748415,26.987656
"5936469999",2487871,"Periparus ater (Linnaeus, 1758)","SPECIES",60.197412,25.113368
"5936470008",2491534,"Emberiza citrinella Linnaeus, 1758","SPECIES",60.197412,25.113368
"5936470009",2494543,"Pyrrhula pyrrhula (Linnaeus, 1758)","SPECIES",60.178619,25.045083
"5936470020",2487879,"Cyanistes caeruleus (Linnaeus, 1758)","SPECIES",64.146423,28.250541
"5936470021",2487871,"Periparus ater (Linnaeus, 1758)","SPECIES",61.224374,23.738591
"5936470030",8211070,"Sciurus vulgaris Linnaeus, 1758","SPECIES",65.723401,24.62299
"5936470042",9705453,"Parus major Linnaeus, 1758","SPECIES",61.224374,23.738591
"5936470079",2477968,"Dendrocopos major (Linnaeus, 1758)","SPECIES",60.403699,23.273387
"5936470080",9705453,"Parus major Linnaeus, 1758","SPECIES",64.914279,25.558603
"5936470091",5231190,"Passer domesticus (Linnaeus, 1758)","SPECIES",60.987865,21.57245
"5936470117",6092830,"Spinus spinus (Linnaeus, 1758)","SPECIES",60.184081,21.02378
"5936470131",2484596,"Regulus regulus (Linnaeus, 1758)","SPECIES",60.319882,22.222179
"5936470141",2491534,"Emberiza citrinella Linnaeus, 1758","SPECIES",65.120196,25.338563
"5936470183",2477872,"Dryocopus martius (Linnaeus, 1758)","SPECIES",62.821154,22.973743
"5936470184",2487603,"Certhia familiaris Linnaeus, 1758","SPECIES",60.624442,22.319602
"5936470200",5229490,"Pica pica (Linnaeus, 1758)","SPECIES",62.877037,27.684604
"5936470201",5231198,"Passer montanus (Linnaeus, 1758)","SPECIES",60.987865,21.57245
"5936470202",5231630,"Acanthis flammea (Linnaeus, 1758)","SPECIES",60.748415,26.987656
"5936470215",2487879,"Cyanistes caeruleus (Linnaeus, 1758)","SPECIES",63.293899,27.432041
"5936470217",2477968,"Dendrocopos major (Linnaeus, 1758)","SPECIES",62.821154,22.973743
"5936470226",5229490,"Pica pica (Linnaeus, 1758)","SPECIES",65.723401,24.62299
"5936470227",NA,"Loxia Linnaeus, 1758","GENUS",61.509946,23.815925
"5936470241",2477968,"Dendrocopos major (Linnaeus, 1758)","SPECIES",65.723401,24.62299
"5936470242",9705453,"Parus major Linnaeus, 1758","SPECIES",63.293899,27.432041
"5936470256",9409796,"Corvus corone Linnaeus, 1758","SPECIES",64.146423,28.250541
"5936470257",6100954,"Coloeus monedula (Linnaeus, 1758)","SPECIES",62.877037,27.684604
"5936470273",2487871,"Periparus ater (Linnaeus, 1758)","SPECIES",63.293899,27.432041
"5936470284",6100954,"Coloeus monedula (Linnaeus, 1758)","SPECIES",64.146423,28.250541
"5936470285",2494543,"Pyrrhula pyrrhula (Linnaeus, 1758)","SPECIES",63.55492,27.218909
"5936470286",5229490,"Pica pica (Linnaeus, 1758)","SPECIES",60.624442,22.319602
"5936470310",5229493,"Garrulus glandarius (Linnaeus, 1758)","SPECIES",65.723401,24.62299
"5936470349",2487879,"Cyanistes caeruleus (Linnaeus, 1758)","SPECIES",65.951137,29.224578
"5936470366",2498343,"Cygnus olor (J.F.Gmelin, 1789)","SPECIES",60.197412,25.113368
"5936470378",2480637,"Accipiter nisus (Linnaeus, 1758)","SPECIES",61.262028,21.581256
"5936470379",9705453,"Parus major Linnaeus, 1758","SPECIES",63.55492,27.218909
"5936470389",9409796,"Corvus corone Linnaeus, 1758","SPECIES",60.624442,22.319602
"5936470397",2481139,"Larus argentatus Pontoppidan, 1763","SPECIES",61.224374,23.738591
"5936470410",9409796,"Corvus corone Linnaeus, 1758","SPECIES",65.723401,24.62299
"5936470411",2482492,"Corvus corax Linnaeus, 1758","SPECIES",60.624442,22.319602
"5936470414",9761484,"Anas platyrhynchos Linnaeus, 1758","SPECIES",60.197412,25.113368
"5936470423",2495414,"Columba livia f. domestica","FORM",64.146423,28.250541
"5936470436",5231198,"Passer montanus (Linnaeus, 1758)","SPECIES",64.146423,28.250541
"5936470437",5229493,"Garrulus glandarius (Linnaeus, 1758)","SPECIES",61.224374,23.738591
"5936470454",2487879,"Cyanistes caeruleus (Linnaeus, 1758)","SPECIES",63.55492,27.218909
"5936470496",9409796,"Corvus corone Linnaeus, 1758","SPECIES",60.403699,23.273387
"5936470512",2487603,"Certhia familiaris Linnaeus, 1758","SPECIES",60.197412,25.113368
"5936470525",2494543,"Pyrrhula pyrrhula (Linnaeus, 1758)","SPECIES",61.356678,22.927253
"5936470551",5229490,"Pica pica (Linnaeus, 1758)","SPECIES",65.951137,29.224578
"5936470567",2480449,"Haliaeetus albicilla (Linnaeus, 1758)","SPECIES",60.319882,22.222179
"5936470583",5229490,"Pica pica (Linnaeus, 1758)","SPECIES",63.293899,27.432041
"5936470584",9444556,"Lanius excubitor Linnaeus, 1758","SPECIES",61.262028,21.581256
"5936470585",2491534,"Emberiza citrinella Linnaeus, 1758","SPECIES",62.821154,22.973743
"5936470610",2482492,"Corvus corax Linnaeus, 1758","SPECIES",60.403699,23.273387
"5936470611",5229493,"Garrulus glandarius (Linnaeus, 1758)","SPECIES",60.624442,22.319602
"5936470624",2477968,"Dendrocopos major (Linnaeus, 1758)","SPECIES",64.805289,25.404778
"5936470626",2487879,"Cyanistes caeruleus (Linnaeus, 1758)","SPECIES",60.197412,25.113368
"5936470658",2491534,"Emberiza citrinella Linnaeus, 1758","SPECIES",61.224374,23.738591
"5936470669",2487603,"Certhia familiaris Linnaeus, 1758","SPECIES",61.224374,23.738591
"5936470692",9705453,"Parus major Linnaeus, 1758","SPECIES",60.197412,25.113368
"5936470718",9752149,"Phasianus colchicus Linnaeus, 1758","SPECIES",60.624442,22.319602
"5936470735",5229493,"Garrulus glandarius (Linnaeus, 1758)","SPECIES",63.293899,27.432041
"5936470748",9409796,"Corvus corone Linnaeus, 1758","SPECIES",61.082589,28.150475
"5936470749",2482492,"Corvus corax Linnaeus, 1758","SPECIES",61.262028,21.581256
"5936470774",9409796,"Corvus corone Linnaeus, 1758","SPECIES",61.262028,21.581256
"5936470775",5229490,"Pica pica (Linnaeus, 1758)","SPECIES",65.120196,25.338563
"5936470776",5229493,"Garrulus glandarius (Linnaeus, 1758)","SPECIES",60.197412,25.113368
"5936470788",2481172,"Larus marinus Linnaeus, 1758","SPECIES",60.197412,25.113368
"5936470810",2490737,"Turdus pilaris Linnaeus, 1758","SPECIES",60.184081,21.02378
"5936470821",2482492,"Corvus corax Linnaeus, 1758","SPECIES",61.082589,28.150475
"5936470822",2482613,"Nucifraga caryocatactes (Linnaeus, 1758)","SPECIES",63.03609,22.315763
"5936470823",5229490,"Pica pica (Linnaeus, 1758)","SPECIES",60.197412,25.113368
"5936470841",2495414,"Columba livia f. domestica","FORM",61.224374,23.738591
"5936470854",5231190,"Passer domesticus (Linnaeus, 1758)","SPECIES",62.877037,27.684604
"5936470855",2436756,"Lepus timidus Linnaeus, 1758","SPECIES",61.509946,23.815925
"5936470885",6100954,"Coloeus monedula (Linnaeus, 1758)","SPECIES",61.082589,28.150475
"5936470887",5229493,"Garrulus glandarius (Linnaeus, 1758)","SPECIES",63.03609,22.315763
"5936470905",2490719,"Turdus merula Linnaeus, 1758","SPECIES",60.403699,23.273387
"5936470907",2484596,"Regulus regulus (Linnaeus, 1758)","SPECIES",63.03609,22.315763
"5936470909",2487871,"Periparus ater (Linnaeus, 1758)","SPECIES",60.319882,22.222179
"5936470922",2494543,"Pyrrhula pyrrhula (Linnaeus, 1758)","SPECIES",60.748415,26.987656
"5936470937",2490737,"Turdus pilaris Linnaeus, 1758","SPECIES",60.403699,23.273387
"5936470939",2487879,"Cyanistes caeruleus (Linnaeus, 1758)","SPECIES",60.319882,22.222179
"5936470949",8211070,"Sciurus vulgaris Linnaeus, 1758","SPECIES",60.197412,25.113368
"5936470961",2495000,"Aegithalos caudatus (Linnaeus, 1758)","SPECIES",61.262028,21.581256
"5936470962",2495414,"Columba livia f. domestica","FORM",60.178619,25.045083
"5936470985",2487866,"Poecile montanus (Conrad von Baldenstein, 1827)","SPECIES",63.03609,22.315763
"5936470986",2484605,"Bombycilla garrulus (Linnaeus, 1758)","SPECIES",65.120196,25.338563
"5936470987",9705453,"Parus major Linnaeus, 1758","SPECIES",60.319882,22.222179
"5936470998",5231198,"Passer montanus (Linnaeus, 1758)","SPECIES",64.914279,25.558603
"5936470999",5220126,"Capreolus capreolus (Linnaeus, 1758)","SPECIES",60.197412,25.113368
"5936471010",2487883,"Lophophanes cristatus (Linnaeus, 1758)","SPECIES",60.403699,23.273387
"5936471020",2434806,"Halichoerus grypus (Fabricius, 1791)","SPECIES",60.178619,25.045083
"5936471023",2498347,"Cygnus cygnus (Linnaeus, 1758)","SPECIES",61.356678,22.927253
"5936471035",2495000,"Aegithalos caudatus (Linnaeus, 1758)","SPECIES",60.748415,26.987656
"5936471047",5231190,"Passer domesticus (Linnaeus, 1758)","SPECIES",65.951137,29.224578
"5936471096",5231198,"Passer montanus (Linnaeus, 1758)","SPECIES",65.723401,24.62299
"5936471108",2487603,"Certhia familiaris Linnaeus, 1758","SPECIES",63.293899,27.432041
"5936471109",2477968,"Dendrocopos major (Linnaeus, 1758)","SPECIES",65.120196,25.338563
"5936471117",9409796,"Corvus corone Linnaeus, 1758","SPECIES",62.877037,27.684604
"5936471131",2487866,"Poecile montanus (Conrad von Baldenstein, 1827)","SPECIES",61.262028,21.581256
"5936471157",9705453,"Parus major Linnaeus, 1758","SPECIES",65.951137,29.224578
"5936471182",2481139,"Larus argentatus Pontoppidan, 1763","SPECIES",60.178619,25.045083
"5936471214",8211070,"Sciurus vulgaris Linnaeus, 1758","SPECIES",65.120196,25.338563
"5936471223",2484596,"Regulus regulus (Linnaeus, 1758)","SPECIES",61.262028,21.581256
"5936471224",2487603,"Certhia familiaris Linnaeus, 1758","SPECIES",65.951137,29.224578
"5936471225",2481172,"Larus marinus Linnaeus, 1758","SPECIES",60.178619,25.045083
"5936471264",5231198,"Passer montanus (Linnaeus, 1758)","SPECIES",61.082589,28.150475
"5936471266",2482492,"Corvus corax Linnaeus, 1758","SPECIES",65.120196,25.338563
"5936471289",5845582,"Chloris chloris (Linnaeus, 1758)","SPECIES",61.262028,21.581256
"5936471290",9444556,"Lanius excubitor Linnaeus, 1758","SPECIES",60.319882,22.222179
"5936471291",2482492,"Corvus corax Linnaeus, 1758","SPECIES",60.197412,25.113368
"5936471306",2481172,"Larus marinus Linnaeus, 1758","SPECIES",60.319882,22.222179
"5936471317",5229493,"Garrulus glandarius (Linnaeus, 1758)","SPECIES",61.356678,22.927253
"5936471318",2482492,"Corvus corax Linnaeus, 1758","SPECIES",63.03609,22.315763
"5936471320",9409796,"Corvus corone Linnaeus, 1758","SPECIES",60.197412,25.113368
"5936471336",2487871,"Periparus ater (Linnaeus, 1758)","SPECIES",62.877037,27.684604
"5936471350",5845582,"Chloris chloris (Linnaeus, 1758)","SPECIES",60.624442,22.319602
"5936471351",2498347,"Cygnus cygnus (Linnaeus, 1758)","SPECIES",60.987865,21.57245
"5936471362",5232162,"Glaucidium passerinum (Linnaeus, 1758)","SPECIES",61.224374,23.738591
"5936471375",6100954,"Coloeus monedula (Linnaeus, 1758)","SPECIES",61.224374,23.738591
"5936471393",2487879,"Cyanistes caeruleus (Linnaeus, 1758)","SPECIES",62.877037,27.684604
"5936471411",2494686,"Carduelis carduelis (Linnaeus, 1758)","SPECIES",62.877037,27.684604
"5936471412",9409796,"Corvus corone Linnaeus, 1758","SPECIES",61.224374,23.738591
"5936471470",2490719,"Turdus merula Linnaeus, 1758","SPECIES",64.805289,25.404778
"5936471485",2491534,"Emberiza citrinella Linnaeus, 1758","SPECIES",60.319882,22.222179
"5936471508",2491534,"Emberiza citrinella Linnaeus, 1758","SPECIES",63.55492,27.218909
"5936471509",6100954,"Coloeus monedula (Linnaeus, 1758)","SPECIES",60.624442,22.319602
"5936471526",2487871,"Periparus ater (Linnaeus, 1758)","SPECIES",60.748415,26.987656
"5936471548",2487603,"Certhia familiaris Linnaeus, 1758","SPECIES",60.403699,23.273387
"5936471549",2495414,"Columba livia f. domestica","FORM",63.55492,27.218909
"5936471550",2477968,"Dendrocopos major (Linnaeus, 1758)","SPECIES",60.624442,22.319602
"5936471551",2487883,"Lophophanes cristatus (Linnaeus, 1758)","SPECIES",65.120196,25.338563
"5936471602",2491534,"Emberiza citrinella Linnaeus, 1758","SPECIES",64.805289,25.404778
"5936471604",6100954,"Coloeus monedula (Linnaeus, 1758)","SPECIES",61.262028,21.581256
"5936471618",2487879,"Cyanistes caeruleus (Linnaeus, 1758)","SPECIES",60.748415,26.987656
"5936471643",8211070,"Sciurus vulgaris Linnaeus, 1758","SPECIES",61.224374,23.738591
"5936471664",2481890,"Phalacrocorax carbo (Linnaeus, 1758)","SPECIES",60.197412,25.113368
"5936471677",2487883,"Lophophanes cristatus (Linnaeus, 1758)","SPECIES",61.262028,21.581256
"5936471694",9761484,"Anas platyrhynchos Linnaeus, 1758","SPECIES",61.224374,23.738591
"5936471702",2487883,"Lophophanes cristatus (Linnaeus, 1758)","SPECIES",63.03609,22.315763
"5936471703",2487603,"Certhia familiaris Linnaeus, 1758","SPECIES",60.319882,22.222179
"5936471730",2495414,"Columba livia f. domestica","FORM",61.082589,28.150475
"5936471740",9409796,"Corvus corone Linnaeus, 1758","SPECIES",65.951137,29.224578
"5936471773",2482492,"Corvus corax Linnaeus, 1758","SPECIES",60.178619,25.045083
"5936471783",2477968,"Dendrocopos major (Linnaeus, 1758)","SPECIES",60.197412,25.113368
"5936471798",6092830,"Spinus spinus (Linnaeus, 1758)","SPECIES",61.082589,28.150475
"5936471799",6100954,"Coloeus monedula (Linnaeus, 1758)","SPECIES",61.356678,22.927253
"5936471859",5231198,"Passer montanus (Linnaeus, 1758)","SPECIES",61.224374,23.738591
"5936471866",2477872,"Dryocopus martius (Linnaeus, 1758)","SPECIES",60.319882,22.222179
"5936471884",9409796,"Corvus corone Linnaeus, 1758","SPECIES",61.356678,22.927253
"5936471885",5845582,"Chloris chloris (Linnaeus, 1758)","SPECIES",63.03609,22.315763
"5936471887",6100954,"Coloeus monedula (Linnaeus, 1758)","SPECIES",60.319882,22.222179
"5936471907",5231190,"Passer domesticus (Linnaeus, 1758)","SPECIES",61.224374,23.738591
"5936471916",2487871,"Periparus ater (Linnaeus, 1758)","SPECIES",61.262028,21.581256
"5936471942",2487871,"Periparus ater (Linnaeus, 1758)","SPECIES",63.03609,22.315763
"5936471943",2490719,"Turdus merula Linnaeus, 1758","SPECIES",65.120196,25.338563
"5936471954",5845582,"Chloris chloris (Linnaeus, 1758)","SPECIES",62.877037,27.684604
"5936471969",2487879,"Cyanistes caeruleus (Linnaeus, 1758)","SPECIES",61.262028,21.581256
"5936471970",2498273,"Clangula hyemalis (Linnaeus, 1758)","SPECIES",60.184081,21.02378
"5936471981",5229490,"Pica pica (Linnaeus, 1758)","SPECIES",62.821154,22.973743
"5936471996",2490737,"Turdus pilaris Linnaeus, 1758","SPECIES",65.120196,25.338563
"5936472004",5231438,"Troglodytes troglodytes (Linnaeus, 1758)","SPECIES",60.178619,25.045083
"5936472023",9705453,"Parus major Linnaeus, 1758","SPECIES",61.262028,21.581256
"5936472024",2484596,"Regulus regulus (Linnaeus, 1758)","SPECIES",60.748415,26.987656
"5936472025",2498326,"Bucephala clangula (Linnaeus, 1758)","SPECIES",60.184081,21.02378
"5936472061",5229490,"Pica pica (Linnaeus, 1758)","SPECIES",61.224374,23.738591
"5936472097",2484596,"Regulus regulus (Linnaeus, 1758)","SPECIES",60.403699,23.273387
"5936472107",5845582,"Chloris chloris (Linnaeus, 1758)","SPECIES",64.146423,28.250541
"5936472108",8211070,"Sciurus vulgaris Linnaeus, 1758","SPECIES",60.178619,25.045083
"5936472145",2487603,"Certhia familiaris Linnaeus, 1758","SPECIES",65.120196,25.338563
"5936472159",2491534,"Emberiza citrinella Linnaeus, 1758","SPECIES",64.914279,25.558603
"5936472160",9409796,"Corvus corone Linnaeus, 1758","SPECIES",61.509946,23.815925
"5936472195",2477968,"Dendrocopos major (Linnaeus, 1758)","SPECIES",65.951137,29.224578
"5936472215",2495414,"Columba livia f. domestica","FORM",65.951137,29.224578
"5936472228",5845582,"Chloris chloris (Linnaeus, 1758)","SPECIES",65.951137,29.224578
"5936472237",2477968,"Dendrocopos major (Linnaeus, 1758)","SPECIES",62.613896,24.0828
"5936472250",9809229,"Sturnus vulgaris Linnaeus, 1758","SPECIES",60.184081,21.02378
"5936472261",2490719,"Turdus merula Linnaeus, 1758","SPECIES",61.224374,23.738591
"5936472298",5231190,"Passer domesticus (Linnaeus, 1758)","SPECIES",61.356678,22.927253
"5936472299",6092830,"Spinus spinus (Linnaeus, 1758)","SPECIES",60.197412,25.113368
"5936472300",5845582,"Chloris chloris (Linnaeus, 1758)","SPECIES",60.178619,25.045083
"5936472323",6100954,"Coloeus monedula (Linnaeus, 1758)","SPECIES",61.454797,21.716119
"5936472324",5231198,"Passer montanus (Linnaeus, 1758)","SPECIES",61.356678,22.927253
"5936472366",5229493,"Garrulus glandarius (Linnaeus, 1758)","SPECIES",62.821154,22.973743
"5936472394",2491534,"Emberiza citrinella Linnaeus, 1758","SPECIES",64.146423,28.250541
"5936472395",6092830,"Spinus spinus (Linnaeus, 1758)","SPECIES",61.224374,23.738591
"5936472396",2494543,"Pyrrhula pyrrhula (Linnaeus, 1758)","SPECIES",60.624442,22.319602
"5936472425",2490719,"Turdus merula Linnaeus, 1758","SPECIES",61.356678,22.927253
"5936472427",2487883,"Lophophanes cristatus (Linnaeus, 1758)","SPECIES",60.748415,26.987656
"5936472468",9705453,"Parus major Linnaeus, 1758","SPECIES",61.509946,23.815925
"5936472484",8211070,"Sciurus vulgaris Linnaeus, 1758","SPECIES",64.805289,25.404778
"5936472486",6100954,"Coloeus monedula (Linnaeus, 1758)","SPECIES",65.120196,25.338563
"5936472487",5219243,"Vulpes vulpes (Linnaeus, 1758)","SPECIES",60.319882,22.222179
"5936472488",5229493,"Garrulus glandarius (Linnaeus, 1758)","SPECIES",60.178619,25.045083
"5936472500",9705453,"Parus major Linnaeus, 1758","SPECIES",61.454797,21.716119
"5936472517",5845582,"Chloris chloris (Linnaeus, 1758)","SPECIES",63.293899,27.432041
"5936472519",5231198,"Passer montanus (Linnaeus, 1758)","SPECIES",61.262028,21.581256
"5936472520",9409796,"Corvus corone Linnaeus, 1758","SPECIES",65.120196,25.338563
"5936472521",5229490,"Pica pica (Linnaeus, 1758)","SPECIES",60.178619,25.045083
"5936472525",9761484,"Anas platyrhynchos Linnaeus, 1758","SPECIES",61.356678,22.927253
"5936472536",2487866,"Poecile montanus (Conrad von Baldenstein, 1827)","SPECIES",60.748415,26.987656
"5936472537",9537647,"Mergus merganser Linnaeus, 1758","SPECIES",60.184081,21.02378
"5936472551",5231198,"Passer montanus (Linnaeus, 1758)","SPECIES",65.951137,29.224578
"5936472569",5231190,"Passer domesticus (Linnaeus, 1758)","SPECIES",63.293899,27.432041
"5936472583",2487866,"Poecile montanus (Conrad von Baldenstein, 1827)","SPECIES",64.805289,25.404778
"5936472584",2480449,"Haliaeetus albicilla (Linnaeus, 1758)","SPECIES",60.403699,23.273387
"5936472585",2477968,"Dendrocopos major (Linnaeus, 1758)","SPECIES",60.987865,21.57245
"5936472602",5231198,"Passer montanus (Linnaeus, 1758)","SPECIES",63.293899,27.432041
"5936472612",9705453,"Parus major Linnaeus, 1758","SPECIES",62.877037,27.684604
"5936472613",2487866,"Poecile montanus (Conrad von Baldenstein, 1827)","SPECIES",62.821154,22.973743
"5936472631",6092830,"Spinus spinus (Linnaeus, 1758)","SPECIES",62.877037,27.684604
"5936472644",2480449,"Haliaeetus albicilla (Linnaeus, 1758)","SPECIES",60.987865,21.57245
"5936472646",2484596,"Regulus regulus (Linnaeus, 1758)","SPECIES",60.178619,25.045083
"5936472659",2494543,"Pyrrhula pyrrhula (Linnaeus, 1758)","SPECIES",61.082589,28.150475
"5936472660",9409796,"Corvus corone Linnaeus, 1758","SPECIES",61.454797,21.716119
"5936472671",2477872,"Dryocopus martius (Linnaeus, 1758)","SPECIES",63.03609,22.315763
"5936472672",2490719,"Turdus merula Linnaeus, 1758","SPECIES",60.197412,25.113368
"5936472689",5231630,"Acanthis flammea (Linnaeus, 1758)","SPECIES",60.197412,25.113368
"5936472705",2484605,"Bombycilla garrulus (Linnaeus, 1758)","SPECIES",63.55492,27.218909
"5936472706",2484596,"Regulus regulus (Linnaeus, 1758)","SPECIES",60.624442,22.319602
"5936472759",2495000,"Aegithalos caudatus (Linnaeus, 1758)","SPECIES",61.224374,23.738591
"5936472784",2487879,"Cyanistes caeruleus (Linnaeus, 1758)","SPECIES",61.454797,21.716119
"5936472795",2480537,"Buteo buteo (Linnaeus, 1758)","SPECIES",60.319882,22.222179
"5936472797",9761484,"Anas platyrhynchos Linnaeus, 1758","SPECIES",60.178619,25.045083
"5936472813",5231198,"Passer montanus (Linnaeus, 1758)","SPECIES",60.624442,22.319602
"5936472836",2494543,"Pyrrhula pyrrhula (Linnaeus, 1758)","SPECIES",65.723401,24.62299
"5936472858",6100954,"Coloeus monedula (Linnaeus, 1758)","SPECIES",62.821154,22.973743
"5936472890",5229490,"Pica pica (Linnaeus, 1758)","SPECIES",60.319882,22.222179
"5936472904",2487603,"Certhia familiaris Linnaeus, 1758","SPECIES",62.877037,27.684604
"5936472905",2487879,"Cyanistes caeruleus (Linnaeus, 1758)","SPECIES",60.403699,23.273387
"5936472915",2481890,"Phalacrocorax carbo (Linnaeus, 1758)","SPECIES",60.178619,25.045083
"5936472923",2487866,"Poecile montanus (Conrad von Baldenstein, 1827)","SPECIES",61.082589,28.150475
"5936472924",2498326,"Bucephala clangula (Linnaeus, 1758)","SPECIES",60.197412,25.113368
"5936472925",2481172,"Larus marinus Linnaeus, 1758","SPECIES",60.184081,21.02378
"5936472958",9629160,"Loxia curvirostra Linnaeus, 1758","SPECIES",64.914279,25.558603
"5936472973",2477968,"Dendrocopos major (Linnaeus, 1758)","SPECIES",60.178619,25.045083
"5936472985",5845582,"Chloris chloris (Linnaeus, 1758)","SPECIES",61.082589,28.150475
"5936472986",5229490,"Pica pica (Linnaeus, 1758)","SPECIES",61.356678,22.927253
"5936473001",2487871,"Periparus ater (Linnaeus, 1758)","SPECIES",60.403699,23.273387
"5936473002",2484596,"Regulus regulus (Linnaeus, 1758)","SPECIES",65.120196,25.338563
"5936473013",5229493,"Garrulus glandarius (Linnaeus, 1758)","SPECIES",63.55492,27.218909
"5936473027",2480449,"Haliaeetus albicilla (Linnaeus, 1758)","SPECIES",60.184081,21.02378
"5936473039",9409796,"Corvus corone Linnaeus, 1758","SPECIES",62.821154,22.973743
"5936473040",2434806,"Halichoerus grypus (Fabricius, 1791)","SPECIES",60.184081,21.02378
"5936473049",9705453,"Parus major Linnaeus, 1758","SPECIES",60.748415,26.987656
"5936473078",2482492,"Corvus corax Linnaeus, 1758","SPECIES",60.987865,21.57245
"5936473079",2491534,"Emberiza citrinella Linnaeus, 1758","SPECIES",61.262028,21.581256
"5936473090",2490719,"Turdus merula Linnaeus, 1758","SPECIES",60.319882,22.222179
"5936473091",2484596,"Regulus regulus (Linnaeus, 1758)","SPECIES",60.197412,25.113368
"5936473101",2491534,"Emberiza citrinella Linnaeus, 1758","SPECIES",61.082589,28.150475
"5936473102",2494686,"Carduelis carduelis (Linnaeus, 1758)","SPECIES",61.356678,22.927253
"5936473120",2495696,"Streptopelia decaocto (Frivaldszky, 1838)","SPECIES",64.805289,25.404778
"5936473133",6092830,"Spinus spinus (Linnaeus, 1758)","SPECIES",61.356678,22.927253
"5936473135",2494771,"Pinicola enucleator (Linnaeus, 1758)","SPECIES",63.03609,22.315763
"5936473136",2494543,"Pyrrhula pyrrhula (Linnaeus, 1758)","SPECIES",65.120196,25.338563
"5936473144",9705453,"Parus major Linnaeus, 1758","SPECIES",60.403699,23.273387
"5936473145",2487866,"Poecile montanus (Conrad von Baldenstein, 1827)","SPECIES",65.120196,25.338563
"5936473156",5229490,"Pica pica (Linnaeus, 1758)","SPECIES",63.55492,27.218909
"5936473174",2477968,"Dendrocopos major (Linnaeus, 1758)","SPECIES",61.082589,28.150475
"5936473175",2484605,"Bombycilla garrulus (Linnaeus, 1758)","SPECIES",60.178619,25.045083
"5936473176",NA,"Astur Lacepède, 1799","GENUS",60.184081,21.02378
"5936473187",5229490,"Pica pica (Linnaeus, 1758)","SPECIES",64.805289,25.404778
"5936473188",2482492,"Corvus corax Linnaeus, 1758","SPECIES",62.821154,22.973743
"5936473189",2480537,"Buteo buteo (Linnaeus, 1758)","SPECIES",60.184081,21.02378
"5936473212",9444556,"Lanius excubitor Linnaeus, 1758","SPECIES",60.184081,21.02378
"5936473224",2487879,"Cyanistes caeruleus (Linnaeus, 1758)","SPECIES",64.805289,25.404778
"5936473225",2478548,"Picus canus J.F.Gmelin, 1788","SPECIES",63.293899,27.432041
"5936473234",5229493,"Garrulus glandarius (Linnaeus, 1758)","SPECIES",60.748415,26.987656
"5936473237",9761484,"Anas platyrhynchos Linnaeus, 1758","SPECIES",60.184081,21.02378
"5936473252",2490719,"Turdus merula Linnaeus, 1758","SPECIES",60.987865,21.57245
"5936473273",5231198,"Passer montanus (Linnaeus, 1758)","SPECIES",65.120196,25.338563
"5936473274",9409796,"Corvus corone Linnaeus, 1758","SPECIES",60.178619,25.045083
"5936473289",2477968,"Dendrocopos major (Linnaeus, 1758)","SPECIES",61.224374,23.738591
"5936473301",5229490,"Pica pica (Linnaeus, 1758)","SPECIES",60.184081,21.02378
"5936473302",2498343,"Cygnus olor (J.F.Gmelin, 1789)","SPECIES",60.184081,21.02378
"5936473315",9705453,"Parus major Linnaeus, 1758","SPECIES",64.805289,25.404778
"5936473316",2480449,"Haliaeetus albicilla (Linnaeus, 1758)","SPECIES",65.120196,25.338563
"5936473330",2494543,"Pyrrhula pyrrhula (Linnaeus, 1758)","SPECIES",64.914279,25.558603
"5936473331",6100954,"Coloeus monedula (Linnaeus, 1758)","SPECIES",60.178619,25.045083
"5936473345",2487603,"Certhia familiaris Linnaeus, 1758","SPECIES",60.748415,26.987656
"5936473375",2477968,"Dendrocopos major (Linnaeus, 1758)","SPECIES",64.914279,25.558603
"5936473388",5229490,"Pica pica (Linnaeus, 1758)","SPECIES",61.509946,23.815925
"5936473416",2498347,"Cygnus cygnus (Linnaeus, 1758)","SPECIES",60.184081,21.02378
"5936473441",5231190,"Passer domesticus (Linnaeus, 1758)","SPECIES",65.120196,25.338563
"5936473450",2477968,"Dendrocopos major (Linnaeus, 1758)","SPECIES",64.146423,28.250541
"5936473476",2492462,"Erithacus rubecula (Linnaeus, 1758)","SPECIES",60.178619,25.045083
"5936473489",6100954,"Coloeus monedula (Linnaeus, 1758)","SPECIES",64.805289,25.404778
"5936473490",5229490,"Pica pica (Linnaeus, 1758)","SPECIES",61.454797,21.716119
"5936473491",9809229,"Sturnus vulgaris Linnaeus, 1758","SPECIES",61.356678,22.927253
"5936473492",5231190,"Passer domesticus (Linnaeus, 1758)","SPECIES",62.821154,22.973743
"5936473493",9409796,"Corvus corone Linnaeus, 1758","SPECIES",60.319882,22.222179
"5936473494",2498238,"Melanitta fusca (Linnaeus, 1758)","SPECIES",60.184081,21.02378
"5936473507",2487879,"Cyanistes caeruleus (Linnaeus, 1758)","SPECIES",65.723401,24.62299
"5936473508",9705453,"Parus major Linnaeus, 1758","SPECIES",62.821154,22.973743
"5936473523",6100954,"Coloeus monedula (Linnaeus, 1758)","SPECIES",63.55492,27.218909
"5936473536",2490719,"Turdus merula Linnaeus, 1758","SPECIES",60.178619,25.045083
"5936473550",5231198,"Passer montanus (Linnaeus, 1758)","SPECIES",62.821154,22.973743
"5936473551",2482492,"Corvus corax Linnaeus, 1758","SPECIES",60.319882,22.222179
"5936473552",2498247,"Melanitta nigra (Linnaeus, 1758)","SPECIES",60.184081,21.02378
"5936473565",2481139,"Larus argentatus Pontoppidan, 1763","SPECIES",61.454797,21.716119
"5936473566",2495414,"Columba livia f. domestica","FORM",61.509946,23.815925
"5936473577",9409796,"Corvus corone Linnaeus, 1758","SPECIES",64.805289,25.404778
"5936473578",2498285,"Mergellus albellus (Linnaeus, 1758)","SPECIES",60.184081,21.02378
"5936473609",2482492,"Corvus corax Linnaeus, 1758","SPECIES",61.356678,22.927253
"5936473620",9705453,"Parus major Linnaeus, 1758","SPECIES",65.723401,24.62299
"5936473622",2487871,"Periparus ater (Linnaeus, 1758)","SPECIES",65.120196,25.338563
"5936473635",2494543,"Pyrrhula pyrrhula (Linnaeus, 1758)","SPECIES",64.146423,28.250541
"5936473636",5845582,"Chloris chloris (Linnaeus, 1758)","SPECIES",61.224374,23.738591
"5936473637",8211070,"Sciurus vulgaris Linnaeus, 1758","SPECIES",60.987865,21.57245
"5936473652",2484916,"Sitta europaea Linnaeus, 1758","SPECIES",65.723401,24.62299
"5936473653",2487879,"Cyanistes caeruleus (Linnaeus, 1758)","SPECIES",65.120196,25.338563
"5936473664",5220126,"Capreolus capreolus (Linnaeus, 1758)","SPECIES",60.987865,21.57245
"5936473665",9409796,"Corvus corone Linnaeus, 1758","SPECIES",63.55492,27.218909
"5936473706",2490719,"Turdus merula Linnaeus, 1758","SPECIES",60.624442,22.319602
"5936473742",5231190,"Passer domesticus (Linnaeus, 1758)","SPECIES",60.178619,25.045083
"5936473757",2495414,"Columba livia f. domestica","FORM",62.877037,27.684604
"5936473758",2490737,"Turdus pilaris Linnaeus, 1758","SPECIES",64.914279,25.558603
"5936473775",2482492,"Corvus corax Linnaeus, 1758","SPECIES",60.748415,26.987656
"5936473776",5231198,"Passer montanus (Linnaeus, 1758)","SPECIES",60.178619,25.045083
"5936473787",9705453,"Parus major Linnaeus, 1758","SPECIES",65.120196,25.338563
"5936473795",2494543,"Pyrrhula pyrrhula (Linnaeus, 1758)","SPECIES",62.877037,27.684604
"5936473796",6100954,"Coloeus monedula (Linnaeus, 1758)","SPECIES",61.509946,23.815925
"5936473797",2482492,"Corvus corax Linnaeus, 1758","SPECIES",63.55492,27.218909
"5936473822",2482492,"Corvus corax Linnaeus, 1758","SPECIES",64.805289,25.404778
"5936473825",NA,"Cygnus Bechstein, 1803","GENUS",60.184081,21.02378
"5936473840",2477968,"Dendrocopos major (Linnaeus, 1758)","SPECIES",60.319882,22.222179
"5936473854",2494686,"Carduelis carduelis (Linnaeus, 1758)","SPECIES",63.03609,22.315763
"5936473863",2487879,"Cyanistes caeruleus (Linnaeus, 1758)","SPECIES",61.356678,22.927253
"5936473876",6100954,"Coloeus monedula (Linnaeus, 1758)","SPECIES",60.184081,21.02378
"5936473891",9705453,"Parus major Linnaeus, 1758","SPECIES",61.356678,22.927253
"5936473893",2498326,"Bucephala clangula (Linnaeus, 1758)","SPECIES",60.178619,25.045083
"5936473905",2491534,"Emberiza citrinella Linnaeus, 1758","SPECIES",60.403699,23.273387
"5936473930",2494543,"Pyrrhula pyrrhula (Linnaeus, 1758)","SPECIES",65.951137,29.224578
"5936473931",9409796,"Corvus corone Linnaeus, 1758","SPECIES",60.184081,21.02378
"5936473956",2491534,"Emberiza citrinella Linnaeus, 1758","SPECIES",62.877037,27.684604
"5936473974",2495414,"Columba livia f. domestica","FORM",64.805289,25.404778
"5936473986",5231198,"Passer montanus (Linnaeus, 1758)","SPECIES",64.805289,25.404778
"5936473987",2481890,"Phalacrocorax carbo (Linnaeus, 1758)","SPECIES",60.184081,21.02378
"5936474002",2477968,"Dendrocopos major (Linnaeus, 1758)","SPECIES",63.55492,27.218909
"5936474016",5231198,"Passer montanus (Linnaeus, 1758)","SPECIES",63.55492,27.218909
"5936474047",2487603,"Certhia familiaris Linnaeus, 1758","SPECIES",61.356678,22.927253
"5936474048",9537647,"Mergus merganser Linnaeus, 1758","SPECIES",60.178619,25.045083
"5936474059",2482492,"Corvus corax Linnaeus, 1758","SPECIES",60.184081,21.02378
"5936474080",2494543,"Pyrrhula pyrrhula (Linnaeus, 1758)","SPECIES",63.293899,27.432041
"5936474081",5229490,"Pica pica (Linnaeus, 1758)","SPECIES",60.987865,21.57245
"5936474095",2498326,"Bucephala clangula (Linnaeus, 1758)","SPECIES",61.224374,23.738591
"5936474105",8211070,"Sciurus vulgaris Linnaeus, 1758","SPECIES",64.914279,25.558603
"5936474106",5231198,"Passer montanus (Linnaeus, 1758)","SPECIES",61.509946,23.815925
"5936474107",5845582,"Chloris chloris (Linnaeus, 1758)","SPECIES",63.55492,27.218909
"5936474158",2482492,"Corvus corax Linnaeus, 1758","SPECIES",61.454797,21.716119
"5936474159",5845582,"Chloris chloris (Linnaeus, 1758)","SPECIES",61.356678,22.927253
"5936474160",2481743,"Calidris maritima (Brünnich, 1764)","SPECIES",60.184081,21.02378
"5936474175",6065824,"Chroicocephalus ridibundus (Linnaeus, 1766)","SPECIES",60.184081,21.02378
"5936474184",NA,"Animalia","KINGDOM",60.184081,21.02378
"5936474232",2491534,"Emberiza citrinella Linnaeus, 1758","SPECIES",65.951137,29.224578
"5936474245",2487866,"Poecile montanus (Conrad von Baldenstein, 1827)","SPECIES",60.624442,22.319602
"5936474263",2498343,"Cygnus olor (J.F.Gmelin, 1789)","SPECIES",60.319882,22.222179
"5936474295",2491534,"Emberiza citrinella Linnaeus, 1758","SPECIES",63.293899,27.432041
"5936474296",6100954,"Coloeus monedula (Linnaeus, 1758)","SPECIES",60.987865,21.57245
"5936474297",2494686,"Carduelis carduelis (Linnaeus, 1758)","SPECIES",60.178619,25.045083
"5936474314",2484596,"Regulus regulus (Linnaeus, 1758)","SPECIES",61.082589,28.150475
"5936474315",7982160,"Larus canus Linnaeus, 1758","SPECIES",60.184081,21.02378
"5936474338",2481139,"Larus argentatus Pontoppidan, 1763","SPECIES",60.184081,21.02378
"5936474347",2498347,"Cygnus cygnus (Linnaeus, 1758)","SPECIES",60.319882,22.222179
"5936474359",2487879,"Cyanistes caeruleus (Linnaeus, 1758)","SPECIES",60.987865,21.57245
"5936474360",2495414,"Columba livia f. domestica","FORM",62.821154,22.973743
"5936474373",6092830,"Spinus spinus (Linnaeus, 1758)","SPECIES",60.178619,25.045083
"5936474380",2487883,"Lophophanes cristatus (Linnaeus, 1758)","SPECIES",61.082589,28.150475
"5936474425",2477968,"Dendrocopos major (Linnaeus, 1758)","SPECIES",61.262028,21.581256
"5936474436",9761484,"Anas platyrhynchos Linnaeus, 1758","SPECIES",60.319882,22.222179
"5936474452",2495414,"Columba livia f. domestica","FORM",65.723401,24.62299
"5936474453",9705453,"Parus major Linnaeus, 1758","SPECIES",60.987865,21.57245
"5936474454",2477968,"Dendrocopos major (Linnaeus, 1758)","SPECIES",63.03609,22.315763
"5936474468",9409796,"Corvus corone Linnaeus, 1758","SPECIES",60.987865,21.57245
"5936474492",2491534,"Emberiza citrinella Linnaeus, 1758","SPECIES",60.624442,22.319602
"5936510311",9409796,"Corvus corone Linnaeus, 1758","SPECIES",60.436839,22.205432
"5936510356",2490719,"Turdus merula Linnaeus, 1758","SPECIES",60.325518,22.234156
"5936510366",5229490,"Pica pica (Linnaeus, 1758)","SPECIES",60.195158,24.966832
"5936510375",2484596,"Regulus regulus (Linnaeus, 1758)","SPECIES",60.248621,24.981568
"5936510376",2491534,"Emberiza citrinella Linnaeus, 1758","SPECIES",64.843819,25.415673
"5936510409",2490719,"Turdus merula Linnaeus, 1758","SPECIES",60.195158,24.966832
"5936510410",5231198,"Passer montanus (Linnaeus, 1758)","SPECIES",61.313968,23.729279
"5936510474",2498343,"Cygnus olor (J.F.Gmelin, 1789)","SPECIES",60.330861,22.230444
"5936510498",2490719,"Turdus merula Linnaeus, 1758","SPECIES",64.807913,25.40072
"5936510514",2494543,"Pyrrhula pyrrhula (Linnaeus, 1758)","SPECIES",60.179562,24.663776
"5936510522",2687927,"Equisetum hyemale L.","SPECIES",62.25378,25.756432
"5936510544",2684178,"Thuja occidentalis L.","SPECIES",62.25378,25.756432
"5936510545",2495414,"Columba livia f. domestica","FORM",64.843819,25.415673
"5936510558",9705453,"Parus major Linnaeus, 1758","SPECIES",60.179562,24.663776
"5936510567",5275149,"Dryopteris carthusiana (Vill.) H.P.Fuchs","SPECIES",62.25378,25.756432
"5936510573",6100954,"Coloeus monedula (Linnaeus, 1758)","SPECIES",60.322724,22.223651
"5936510585",2490719,"Turdus merula Linnaeus, 1758","SPECIES",60.437009,22.204703
"5936510631",9705453,"Parus major Linnaeus, 1758","SPECIES",60.312652,22.201568
"5936510653",2477968,"Dendrocopos major (Linnaeus, 1758)","SPECIES",60.323508,22.228209
"5936510703",2477968,"Dendrocopos major (Linnaeus, 1758)","SPECIES",60.320923,22.225562
"5936510704",2491534,"Emberiza citrinella Linnaeus, 1758","SPECIES",60.4292,22.177185
"5936510705",2487866,"Poecile montanus (Conrad von Baldenstein, 1827)","SPECIES",60.082307,24.391682
"5936510729",2491534,"Emberiza citrinella Linnaeus, 1758","SPECIES",60.37222,23.081663
"5936510736",2487879,"Cyanistes caeruleus (Linnaeus, 1758)","SPECIES",60.312362,22.201241
"5936510748",2487866,"Poecile montanus (Conrad von Baldenstein, 1827)","SPECIES",61.313968,23.729279
"5936510758",5284884,"Picea abies (L.) H.Karst.","SPECIES",62.25378,25.756432
"5936510759",2491534,"Emberiza citrinella Linnaeus, 1758","SPECIES",60.323227,22.228292
"5936510760",5229490,"Pica pica (Linnaeus, 1758)","SPECIES",60.427465,22.181636
"5936510782",2686212,"Larix decidua Mill.","SPECIES",62.25378,25.756432
"5936510818",8197849,"Xanthoria parietina (L.) Th.Fr.","SPECIES",62.25378,25.756432
"5936510819",9705453,"Parus major Linnaeus, 1758","SPECIES",60.37222,23.081663
"5936510820",5231198,"Passer montanus (Linnaeus, 1758)","SPECIES",60.4292,22.177185
"5936510821",2478548,"Picus canus J.F.Gmelin, 1788","SPECIES",60.081376,24.390865
"5936510850",9705453,"Parus major Linnaeus, 1758","SPECIES",60.139403,24.446973
"5936510856",2481172,"Larus marinus Linnaeus, 1758","SPECIES",60.335682,22.229139
"5936510879",5284884,"Picea abies (L.) H.Karst.","SPECIES",60.178911,24.664395
"5936510885",6092830,"Spinus spinus (Linnaeus, 1758)","SPECIES",60.079487,24.376475
"5936510909",9705453,"Parus major Linnaeus, 1758","SPECIES",60.24725,24.983573
"5936510937",8620875,"Phlyctis argena (Ach.) Flot.","SPECIES",62.25378,25.756432
"5936510938",5231198,"Passer montanus (Linnaeus, 1758)","SPECIES",60.247179,24.983519
"5936510968",2487603,"Certhia familiaris Linnaeus, 1758","SPECIES",64.807294,25.405503
"5936511011",5231198,"Passer montanus (Linnaeus, 1758)","SPECIES",60.24725,24.983573
"5936511018",9705453,"Parus major Linnaeus, 1758","SPECIES",60.312089,22.203341
"5936511042",7249709,"Graphis scripta (L.) Ach.","SPECIES",62.25378,25.756432
"5936511048",2498343,"Cygnus olor (J.F.Gmelin, 1789)","SPECIES",60.083596,24.368013
"5936511058",2439261,"Rattus norvegicus (Berkenhout, 1769)","SPECIES",60.283623,25.029954
"5936511074",2684709,"Juniperus communis L.","SPECIES",60.178911,24.664395
"5936511075",6092830,"Spinus spinus (Linnaeus, 1758)","SPECIES",60.08243,24.392223
"5936511106",3434172,"Hypocenomyce scalaris (Ach.) M.Choisy","SPECIES",62.25378,25.756432
"5936511107",2495696,"Streptopelia decaocto (Frivaldszky, 1838)","SPECIES",64.806343,25.397879
"5936511120",2482613,"Nucifraga caryocatactes (Linnaeus, 1758)","SPECIES",64.652722,24.528299
"5936511127",2608920,"Physcia caesia (Hoffm.) Fürnr.","SPECIES",62.25378,25.756432
"5936511136",5231438,"Troglodytes troglodytes (Linnaeus, 1758)","SPECIES",60.098083,24.384616
"5936511149",2494422,"Fringilla coelebs Linnaeus, 1758","SPECIES",64.821667,25.38517
"5936511165",5219243,"Vulpes vulpes (Linnaeus, 1758)","SPECIES",61.524495,24.428194
"5936511189",2487879,"Cyanistes caeruleus (Linnaeus, 1758)","SPECIES",60.247236,24.983583
"5936511239",2487871,"Periparus ater (Linnaeus, 1758)","SPECIES",60.311779,22.203539
"5936511247",5286325,"Radula complanata (L.) Dumort.","SPECIES",60.183965,24.662571
"5936511280",5285637,"Pinus sylvestris L.","SPECIES",60.178911,24.664395
"5936511281",5229490,"Pica pica (Linnaeus, 1758)","SPECIES",64.264334,24.818632
"5936511299",2487879,"Cyanistes caeruleus (Linnaeus, 1758)","SPECIES",60.429462,22.177735
"5936511300",2495000,"Aegithalos caudatus (Linnaeus, 1758)","SPECIES",60.08243,24.392223
"5936511319",2487879,"Cyanistes caeruleus (Linnaeus, 1758)","SPECIES",60.139403,24.446973
"5936511327",9761484,"Anas platyrhynchos Linnaeus, 1758","SPECIES",60.329144,22.233728
"5936511353",9409796,"Corvus corone Linnaeus, 1758","SPECIES",60.31904,22.219606
"5936511354",9705453,"Parus major Linnaeus, 1758","SPECIES",60.429212,22.17728
"5936511355",2487871,"Periparus ater (Linnaeus, 1758)","SPECIES",60.08243,24.392223
"5936511404",5241128,"Schizophyllum commune Fr.","SPECIES",62.258843,25.732046
"5936511405",5229490,"Pica pica (Linnaeus, 1758)","SPECIES",60.135664,24.445163
"5936511414",5334242,"Lonicera tatarica L.","SPECIES",62.25378,25.756432
"5936511424",2490719,"Turdus merula Linnaeus, 1758","SPECIES",60.247256,24.983123
"5936511449",2484596,"Regulus regulus (Linnaeus, 1758)","SPECIES",62.25378,25.756432
"5936511493",2487603,"Certhia familiaris Linnaeus, 1758","SPECIES",60.312513,22.202437
"5936511504",9705453,"Parus major Linnaeus, 1758","SPECIES",62.25378,25.756432
"5936511518",2477968,"Dendrocopos major (Linnaeus, 1758)","SPECIES",60.323057,22.225158
"5936511519",2490719,"Turdus merula Linnaeus, 1758","SPECIES",60.4292,22.177185
"5936511529",2477968,"Dendrocopos major (Linnaeus, 1758)","SPECIES",62.25378,25.756432
"5936511530",2494543,"Pyrrhula pyrrhula (Linnaeus, 1758)","SPECIES",60.247202,24.985525
"5936511550",2490719,"Turdus merula Linnaeus, 1758","SPECIES",60.326463,22.233771
"5936511555",2487871,"Periparus ater (Linnaeus, 1758)","SPECIES",64.893843,25.571512
"5936511556",2494543,"Pyrrhula pyrrhula (Linnaeus, 1758)","SPECIES",61.013976,24.891618
"5936511596",NA,"Astur Lacepède, 1799","GENUS",62.25378,25.756432
"5936511617",2487879,"Cyanistes caeruleus (Linnaeus, 1758)","SPECIES",64.276518,24.962304
"5936511618",2498347,"Cygnus cygnus (Linnaeus, 1758)","SPECIES",60.263971,25.820089
"5936511627",2495414,"Columba livia f. domestica","FORM",60.137261,24.446182
"5936511629",2482492,"Corvus corax Linnaeus, 1758","SPECIES",60.327548,22.236831
"5936511638",2494543,"Pyrrhula pyrrhula (Linnaeus, 1758)","SPECIES",64.893852,25.571703
"5936511639",5845582,"Chloris chloris (Linnaeus, 1758)","SPECIES",61.013957,24.891624
"5936511648",9409796,"Corvus corone Linnaeus, 1758","SPECIES",60.319364,22.223666
"5936511667",2494543,"Pyrrhula pyrrhula (Linnaeus, 1758)","SPECIES",60.178471,24.662823
"5936511706",2491534,"Emberiza citrinella Linnaeus, 1758","SPECIES",60.135664,24.445163
"5936511711",9705453,"Parus major Linnaeus, 1758","SPECIES",60.327804,22.234679
"5936511722",2494543,"Pyrrhula pyrrhula (Linnaeus, 1758)","SPECIES",60.135664,24.445163
"5936511725",2494543,"Pyrrhula pyrrhula (Linnaeus, 1758)","SPECIES",60.328051,22.234246
"5936511740",2526716,"Plicatura nivea (Fr.) P.Karst.","SPECIES",62.258843,25.732046
"5936511748",2882835,"Vaccinium vitis-idaea L.","SPECIES",62.25378,25.756432
"5936511846",2484596,"Regulus regulus (Linnaeus, 1758)","SPECIES",60.326866,22.235386
"5936511870",5231190,"Passer domesticus (Linnaeus, 1758)","SPECIES",60.25388,24.979369
"5936511876",2484596,"Regulus regulus (Linnaeus, 1758)","SPECIES",60.31319,22.226406
"5936511886",3021037,"Prunus padus L.","SPECIES",60.178911,24.664395
"5936511897",6092830,"Spinus spinus (Linnaeus, 1758)","SPECIES",64.821441,25.386778
"5936511914",3012167,"Sorbus aucuparia L.","SPECIES",60.178911,24.664395
"5936511926",5845582,"Chloris chloris (Linnaeus, 1758)","SPECIES",60.247254,24.983565
"5936511931",2484596,"Regulus regulus (Linnaeus, 1758)","SPECIES",60.312564,22.225709
"5936511945",3120946,"Artemisia vulgaris L.","SPECIES",60.178911,24.664395
"5936511946",2608167,"Ramalina farinacea (L.) Ach.","SPECIES",60.185477,24.664118
"5936511963",5220126,"Capreolus capreolus (Linnaeus, 1758)","SPECIES",60.139293,24.446814
"5936511979",2605261,"Evernia prunastri (L.) Ach.","SPECIES",62.25378,25.756432
"5936511980",5231198,"Passer montanus (Linnaeus, 1758)","SPECIES",60.179902,24.658418
"5936511981",2593105,"Taphrina betulina Rostr.","SPECIES",62.258843,25.732046
"5936511982",2477968,"Dendrocopos major (Linnaeus, 1758)","SPECIES",64.822825,25.386715
"5936511989",2888605,"Viburnum opulus L.","SPECIES",62.25378,25.756432
"5936512008",2607131,"Lecidella stigmatea (Ach.) Hertel & Leuckert","SPECIES",62.25378,25.756432
"5936512009",2482515,"Corvus corone cornix Linnaeus, 1758","SUBSPECIES",60.24792,24.982336
"5936512010",2605326,"Melanohalea olivacea (L.) O.Blanco, A.Crespo, Divakar, Essl., D.Hawksw. & Lumbsch","SPECIES",62.258843,25.732046
"5936512018",2888723,"Sambucus racemosa L.","SPECIES",62.25378,25.756432
"5936512037",2608944,"Physcia tenella (Scop.) DC.","SPECIES",62.25378,25.756432
"5936512038",2487603,"Certhia familiaris Linnaeus, 1758","SPECIES",60.24725,24.983573
"5936512044",2491534,"Emberiza citrinella Linnaeus, 1758","SPECIES",60.312165,22.201156
"5936512072",2487879,"Cyanistes caeruleus (Linnaeus, 1758)","SPECIES",61.313968,23.729279
"5936512086",2606780,"Lecanora chlarotera Nyl.","SPECIES",62.25378,25.756432
"5936512087",2490719,"Turdus merula Linnaeus, 1758","SPECIES",60.434152,22.172165
"5936512088",5229493,"Garrulus glandarius (Linnaeus, 1758)","SPECIES",60.08243,24.392223
"5936512107",2542395,"Fomitopsis pinicola (Sw.) P.Karst.","SPECIES",60.183276,24.662932
"5936512112",2606859,"Lecanora pulicaris (Pers.) Ach.","SPECIES",62.25378,25.756432
"5936512113",2548374,"Trametes ochracea (Pers.) Gilb. & Ryvarden","SPECIES",62.258843,25.732046
"5936512120",5285637,"Pinus sylvestris L.","SPECIES",62.25378,25.756432
"5936512152",2490719,"Turdus merula Linnaeus, 1758","SPECIES",60.220459,25.140498
"5936512164",2494686,"Carduelis carduelis (Linnaeus, 1758)","SPECIES",60.434107,22.172161
"5936512165",2481172,"Larus marinus Linnaeus, 1758","SPECIES",60.076711,24.369734
"5936512182",5845582,"Chloris chloris (Linnaeus, 1758)","SPECIES",60.255922,24.869719
"5936512192",7247635,"Hypogymnia physodes (L.) Nyl.","SPECIES",62.25378,25.756432
"5936512223",2605685,"Melanelixia subaurifera (Nyl.) O.Blanco, A.Crespo, Divakar, Essl., D.Hawksw. & Lumbsch","SPECIES",62.25378,25.756432
"5936512224",5229490,"Pica pica (Linnaeus, 1758)","SPECIES",60.255721,24.978021
"5936512231",2482492,"Corvus corax Linnaeus, 1758","SPECIES",60.314256,22.228932
"5936512241",9409796,"Corvus corone Linnaeus, 1758","SPECIES",60.17789,24.974314
"5936512268",2605335,"Melanohalea exasperatula (Nyl.) O.Blanco, A.Crespo, Divakar, Essl., D.Hawksw. & Lumbsch","SPECIES",62.25378,25.756432
"5936512269",2882833,"Vaccinium myrtillus L.","SPECIES",62.258843,25.732046
"5936512270",2481139,"Larus argentatus Pontoppidan, 1763","SPECIES",60.076711,24.369734
"5936512278",2943190,"Caragana arborescens Lam.","SPECIES",62.25378,25.756432
"5936512291",2562487,"Illosporiopsis christiansenii (B.L.Brady & D.Hawksw.) D.Hawksw.","SPECIES",62.25378,25.756432
"5936512292",2521089,"Inonotus obliquus (Fr.) Pilát","SPECIES",62.258843,25.732046
"5936512303",2876213,"Alnus glutinosa (L.) Gaertn.","SPECIES",62.25378,25.756432
"5936512346",8211070,"Sciurus vulgaris Linnaeus, 1758","SPECIES",60.255857,24.977743
"5936512368",2482515,"Corvus corone cornix Linnaeus, 1758","SUBSPECIES",60.24456,24.990406
"5936512406",5231198,"Passer montanus (Linnaeus, 1758)","SPECIES",64.276518,24.962304
"5936512458",2491534,"Emberiza citrinella Linnaeus, 1758","SPECIES",60.320487,22.211894
"5936512459",2494543,"Pyrrhula pyrrhula (Linnaeus, 1758)","SPECIES",60.434128,22.172142
"5936512460",9761484,"Anas platyrhynchos Linnaeus, 1758","SPECIES",60.079013,24.370186
"5936512513",9409796,"Corvus corone Linnaeus, 1758","SPECIES",60.322812,22.213413
"5936512514",6092830,"Spinus spinus (Linnaeus, 1758)","SPECIES",60.434128,22.172142
"5936512515",2498261,"Aythya fuligula (Linnaeus, 1758)","SPECIES",60.076711,24.369734
"5936512554",2491534,"Emberiza citrinella Linnaeus, 1758","SPECIES",60.312731,22.225236
"5936512564",5229490,"Pica pica (Linnaeus, 1758)","SPECIES",60.335765,22.992745
"5936512605",2490719,"Turdus merula Linnaeus, 1758","SPECIES",60.320772,22.211619
"5936512622",2487883,"Lophophanes cristatus (Linnaeus, 1758)","SPECIES",64.893798,25.571495
"5936512623",5231198,"Passer montanus (Linnaeus, 1758)","SPECIES",61.013967,24.891643
"5936512666",9409796,"Corvus corone Linnaeus, 1758","SPECIES",60.321675,22.208527
"5936512681",9409796,"Corvus corone Linnaeus, 1758","SPECIES",61.123016,21.52901
"5936512708",9761484,"Anas platyrhynchos Linnaeus, 1758","SPECIES",63.108309,21.609531
"5936512709",2490719,"Turdus merula Linnaeus, 1758","SPECIES",61.013961,24.891611
"5936512721",2491534,"Emberiza citrinella Linnaeus, 1758","SPECIES",60.256075,24.977604
"5936512726",2477968,"Dendrocopos major (Linnaeus, 1758)","SPECIES",60.317854,22.222904
"5936512766",9752149,"Phasianus colchicus Linnaeus, 1758","SPECIES",64.843819,25.415673
"5936512796",2494686,"Carduelis carduelis (Linnaeus, 1758)","SPECIES",63.106388,21.611309
"5936512813",2491534,"Emberiza citrinella Linnaeus, 1758","SPECIES",60.318817,22.226073
"5936512836",7720839,"Athelia arachnoidea (Berk.) Jülich","SPECIES",62.25378,25.756432
"5936512837",2487879,"Cyanistes caeruleus (Linnaeus, 1758)","SPECIES",60.434104,22.172286
"5936512865",9705453,"Parus major Linnaeus, 1758","SPECIES",60.243197,24.994602
"5936512866",3118274,"Tanacetum vulgare L.","SPECIES",60.18293,24.66364
"5936512889",5229493,"Garrulus glandarius (Linnaeus, 1758)","SPECIES",64.276518,24.962304
"5936512903",9218477,"Corticium roseum Pers.","SPECIES",62.25378,25.756432
"5936512922",2487866,"Poecile montanus (Conrad von Baldenstein, 1827)","SPECIES",64.893813,25.571728
"5936512923",9705453,"Parus major Linnaeus, 1758","SPECIES",64.843819,25.415673
"5936512924",9705453,"Parus major Linnaeus, 1758","SPECIES",61.013963,24.891644
"5936512935",7624816,"Phellinus conchatus (Pers.) Quél.","SPECIES",62.25378,25.756432
"5936512943",3172358,"Fraxinus excelsior L.","SPECIES",62.25378,25.756432
"5936512959",2494441,"Fringilla montifringilla Linnaeus, 1758","SPECIES",60.258073,24.977464
"5936512974",2487879,"Cyanistes caeruleus (Linnaeus, 1758)","SPECIES",64.843819,25.415673
"5936512983",8669905,"Phellinus punctatus (P.Karst.) Pilát","SPECIES",62.25378,25.756432
"5936512984",2487879,"Cyanistes caeruleus (Linnaeus, 1758)","SPECIES",60.324966,22.233846
"5936512985",2487603,"Certhia familiaris Linnaeus, 1758","SPECIES",60.437366,22.202731
"5936512994",3040249,"Populus tremula L.","SPECIES",62.25378,25.756432
"5936512999",2481139,"Larus argentatus Pontoppidan, 1763","SPECIES",62.725663,21.167398
"5936513070",5331916,"Betula pendula Roth","SPECIES",62.25378,25.756432
"5936513090",3040249,"Populus tremula L.","SPECIES",60.18293,24.66364
"5936513091",2487871,"Periparus ater (Linnaeus, 1758)","SPECIES",60.130953,24.45586
"5936513115",2495414,"Columba livia f. domestica","FORM",60.24339,24.992663
"5936513164",5229490,"Pica pica (Linnaeus, 1758)","SPECIES",60.436839,22.205432
"5936513165",2477968,"Dendrocopos major (Linnaeus, 1758)","SPECIES",60.13619,24.445562
"5936513189",2532944,"Chondrostereum purpureum (Pers.) Pouzar","SPECIES",62.25378,25.756432
"5936513190",6100954,"Coloeus monedula (Linnaeus, 1758)","SPECIES",60.255177,24.974932
"5936513199",9148577,"Alnus incana (L.) Moench","SPECIES",62.25378,25.756432
"5936513217",2490719,"Turdus merula Linnaeus, 1758","SPECIES",60.437351,22.203021
"5936513218",5229490,"Pica pica (Linnaeus, 1758)","SPECIES",60.134803,24.449567
"5936513238",NA,"Laridae","FAMILY",60.435588,22.210009
"5936513239",9409796,"Corvus corone Linnaeus, 1758","SPECIES",60.134803,24.449567
"5936513249",9118014,"Betula pubescens Ehrh.","SPECIES",62.25378,25.756432
"5936513267",2606511,"Hypogymnia tubulosa (Schaer.) Hav.","SPECIES",60.178911,24.664395
"5936513268",2477968,"Dendrocopos major (Linnaeus, 1758)","SPECIES",60.318317,22.204103
"5936513288",9444556,"Lanius excubitor Linnaeus, 1758","SPECIES",64.242543,24.974613
"5936513289",2491534,"Emberiza citrinella Linnaeus, 1758","SPECIES",60.326664,22.243247
"5936513314",2477968,"Dendrocopos major (Linnaeus, 1758)","SPECIES",60.179261,24.661741
"5936513327",10474267,"Tuckermannopsis chlorophylla (Willd.) Hale","SPECIES",60.178911,24.664395
"5936513379",7247635,"Hypogymnia physodes (L.) Nyl.","SPECIES",60.178911,24.664395
"5936513380",2495696,"Streptopelia decaocto (Frivaldszky, 1838)","SPECIES",60.390143,23.121106
"5936513407",2605342,"Platismatia glauca (L.) W.L.Culb. & C.F.Culb.","SPECIES",60.178911,24.664395
"5936513419",4485421,"Sigara nigrolineata (Fieber, 1848)","SPECIES",60.26206,24.090994
"5936513433",2491534,"Emberiza citrinella Linnaeus, 1758","SPECIES",60.314971,22.206476
"5936513434",2477968,"Dendrocopos major (Linnaeus, 1758)","SPECIES",60.43414,22.172238
"5936513447",9705453,"Parus major Linnaeus, 1758","SPECIES",60.179261,24.661741
"5936513461",9444556,"Lanius excubitor Linnaeus, 1758","SPECIES",60.314834,22.206404
"5936513518",2553117,"Stereum rugosum Pers.","SPECIES",62.25378,25.756432
"5936513524",3012167,"Sorbus aucuparia L.","SPECIES",62.25378,25.756432
"5936513549",2491534,"Emberiza citrinella Linnaeus, 1758","SPECIES",60.318059,22.207745
"5936513550",9705453,"Parus major Linnaeus, 1758","SPECIES",60.434107,22.172161
"5936513596",9705453,"Parus major Linnaeus, 1758","SPECIES",60.325189,22.233669
"5936513626",7916380,"Basidioradulum radula (Fr.) Nobles","SPECIES",62.25378,25.756432
"5936513627",2492462,"Erithacus rubecula (Linnaeus, 1758)","SPECIES",60.258037,24.977441
"5936513633",2878688,"Quercus robur L.","SPECIES",62.25378,25.756432
"5936513652",5219243,"Vulpes vulpes (Linnaeus, 1758)","SPECIES",60.31618,22.209327
"5936513653",2987999,"Filipendula ulmaria (L.) Maxim.","SPECIES",60.18293,24.66364
"5936513680",5231198,"Passer montanus (Linnaeus, 1758)","SPECIES",60.139113,24.446801
"5936513681",2487603,"Certhia familiaris Linnaeus, 1758","SPECIES",61.313968,23.729279
"5936513690",2494686,"Carduelis carduelis (Linnaeus, 1758)","SPECIES",60.37222,23.081663
"5936513698",2986129,"Ribes spicatum E.Robson","SPECIES",62.25378,25.756432
"5936513710",2491534,"Emberiza citrinella Linnaeus, 1758","SPECIES",64.893813,25.571521
"5936513718",5229490,"Pica pica (Linnaeus, 1758)","SPECIES",62.25378,25.756432
"5936513719",5845582,"Chloris chloris (Linnaeus, 1758)","SPECIES",60.37222,23.081663
"5936513840",2491534,"Emberiza citrinella Linnaeus, 1758","SPECIES",60.317146,22.227105
"5936513866",2491534,"Emberiza citrinella Linnaeus, 1758","SPECIES",60.318213,22.20816
"5936513867",2487871,"Periparus ater (Linnaeus, 1758)","SPECIES",60.434107,22.172161
"5936513881",2477968,"Dendrocopos major (Linnaeus, 1758)","SPECIES",60.139333,24.447676
"5936513915",2482492,"Corvus corax Linnaeus, 1758","SPECIES",60.326017,22.234765
"5936513916",9705453,"Parus major Linnaeus, 1758","SPECIES",60.435177,22.199198
"5936513924",5229490,"Pica pica (Linnaeus, 1758)","SPECIES",60.327798,22.24455
"5936513946",2487879,"Cyanistes caeruleus (Linnaeus, 1758)","SPECIES",60.43258,22.193041
"5936513947",2520859,"Phellinus populicola Niemelä","SPECIES",60.115057,24.44231
"5936513964",5231190,"Passer domesticus (Linnaeus, 1758)","SPECIES",60.390143,23.121106
"5936513965",2490719,"Turdus merula Linnaeus, 1758","SPECIES",61.313968,23.729279
"5936513978",9705453,"Parus major Linnaeus, 1758","SPECIES",60.312444,22.203789
"5936514002",8211070,"Sciurus vulgaris Linnaeus, 1758","SPECIES",60.178911,24.664395
"5936514018",2491534,"Emberiza citrinella Linnaeus, 1758","SPECIES",64.276518,24.962304
"5936514030",2491534,"Emberiza citrinella Linnaeus, 1758","SPECIES",60.324634,22.233211
"5936514031",2481172,"Larus marinus Linnaeus, 1758","SPECIES",60.432263,22.193571
"5936514032",5231190,"Passer domesticus (Linnaeus, 1758)","SPECIES",60.119934,24.441134
"5936514041",3189846,"Acer platanoides L.","SPECIES",62.25378,25.756432
"5936514059",2484596,"Regulus regulus (Linnaeus, 1758)","SPECIES",60.313379,22.204669
"5936514075",5229493,"Garrulus glandarius (Linnaeus, 1758)","SPECIES",62.258843,25.732046
"5936514101",10932974,"Pseudevernia furfuracea (L.) Zopf","SPECIES",62.258843,25.732046
"5936514102",5229490,"Pica pica (Linnaeus, 1758)","SPECIES",61.313968,23.729279
"5936514138",2494543,"Pyrrhula pyrrhula (Linnaeus, 1758)","SPECIES",60.390143,23.121106
"5936514153",2480537,"Buteo buteo (Linnaeus, 1758)","SPECIES",60.327615,22.243541
"5936514164",NA,"Lewinskya F.Lara, Garilleti & Goffinet","GENUS",60.178911,24.664395
"5936514165",2480524,"Buteo lagopus (Pontoppidan, 1763)","SPECIES",60.390143,23.121106
"5936514166",6100954,"Coloeus monedula (Linnaeus, 1758)","SPECIES",60.120032,24.439224
"5936514176",2480449,"Haliaeetus albicilla (Linnaeus, 1758)","SPECIES",60.106523,22.966496
"5936514193",5372952,"Salix caprea L.","SPECIES",62.25378,25.756432
"5936514233",9809229,"Sturnus vulgaris Linnaeus, 1758","SPECIES",60.37222,23.081663
"5936514234",2491534,"Emberiza citrinella Linnaeus, 1758","SPECIES",60.323485,22.229092
"5936514235",2490719,"Turdus merula Linnaeus, 1758","SPECIES",60.42769,22.183555
"5936514236",2481890,"Phalacrocorax carbo (Linnaeus, 1758)","SPECIES",60.097041,24.436065
"5936514266",9705453,"Parus major Linnaeus, 1758","SPECIES",60.313206,22.205492
"5936514306",9705453,"Parus major Linnaeus, 1758","SPECIES",60.324884,22.234163
"5936514307",2487879,"Cyanistes caeruleus (Linnaeus, 1758)","SPECIES",60.43548,22.19982
"5936514308",2494329,"Coccothraustes coccothraustes (Linnaeus, 1758)","SPECIES",60.12888,24.450794
"5936514321",9761484,"Anas platyrhynchos Linnaeus, 1758","SPECIES",62.258843,25.732046
"5936514334",5420852,"Daphne mezereum L.","SPECIES",62.25378,25.756432
"5936514340",2498347,"Cygnus cygnus (Linnaeus, 1758)","SPECIES",60.325903,22.247404
"5936514341",2487879,"Cyanistes caeruleus (Linnaeus, 1758)","SPECIES",62.258843,25.732046
"5936514352",2495000,"Aegithalos caudatus (Linnaeus, 1758)","SPECIES",60.435177,22.199198
"5936514353",2495414,"Columba livia f. domestica","FORM",60.119873,24.442578
"5936514374",5845582,"Chloris chloris (Linnaeus, 1758)","SPECIES",60.390143,23.121106
"5936514382",2487879,"Cyanistes caeruleus (Linnaeus, 1758)","SPECIES",60.244711,24.989858
"5936514401",2491534,"Emberiza citrinella Linnaeus, 1758","SPECIES",60.322014,22.240085
"5936514415",2490719,"Turdus merula Linnaeus, 1758","SPECIES",64.893853,25.571531
"5936514416",6100954,"Coloeus monedula (Linnaeus, 1758)","SPECIES",64.264334,24.818632
"5936514417",5231198,"Passer montanus (Linnaeus, 1758)","SPECIES",60.390143,23.121106
"5936514458",2605963,"Parmelia sulcata Taylor","SPECIES",62.25378,25.756432
"5936514459",2498347,"Cygnus cygnus (Linnaeus, 1758)","SPECIES",60.37222,23.081663
"5936514491",2609145,"Phaeophyscia orbicularis (Neck.) Moberg","SPECIES",60.178911,24.664395
"5936514519",2487871,"Periparus ater (Linnaeus, 1758)","SPECIES",60.276038,24.963568
"5936514523",2491534,"Emberiza citrinella Linnaeus, 1758","SPECIES",60.3209,22.240564
"5936514547",2491534,"Emberiza citrinella Linnaeus, 1758","SPECIES",60.313084,22.204646
"5936514603",2480537,"Buteo buteo (Linnaeus, 1758)","SPECIES",60.328419,22.241732
"5936514610",2490719,"Turdus merula Linnaeus, 1758","SPECIES",60.139606,24.447308
"5936514618",2552308,"Peniophora incarnata (Pers.) P.Karst.","SPECIES",62.25378,25.756432
"5936514619",2484916,"Sitta europaea Linnaeus, 1758","SPECIES",60.275958,24.963853
"5936514626",3021037,"Prunus padus L.","SPECIES",62.25378,25.756432
"5936514634",5231190,"Passer domesticus (Linnaeus, 1758)","SPECIES",60.179904,24.658421
"5936514641",10700730,"Hydnoporia tabacina (Sowerby) Spirin, Miettinen & K.H.Larss.","SPECIES",62.25378,25.756432
"5936514642",2494422,"Fringilla coelebs Linnaeus, 1758","SPECIES",60.258073,24.977464
"5936514647",2480537,"Buteo buteo (Linnaeus, 1758)","SPECIES",60.32206,22.238871
"5936514660",2545089,"Phlebia radiata Fr.","SPECIES",62.25378,25.756432
"5936514661",2487879,"Cyanistes caeruleus (Linnaeus, 1758)","SPECIES",60.324771,22.234027
"5936514668",3033191,"Aquilegia vulgaris L.","SPECIES",62.25378,25.756432
"5936514669",2491534,"Emberiza citrinella Linnaeus, 1758","SPECIES",60.328051,22.23924
"5936514694",2491534,"Emberiza citrinella Linnaeus, 1758","SPECIES",60.321152,22.223703
"5936514705",2487879,"Cyanistes caeruleus (Linnaeus, 1758)","SPECIES",60.179261,24.661741
"5936514734",8211070,"Sciurus vulgaris Linnaeus, 1758","SPECIES",62.559284,24.089694
"5936514743",8367739,"Trametes hirsuta (Wulfen) Pilát","SPECIES",62.25378,25.756432
"5936514803",5229493,"Garrulus glandarius (Linnaeus, 1758)","SPECIES",60.276807,24.961102
"5936514809",2491534,"Emberiza citrinella Linnaeus, 1758","SPECIES",60.322291,22.237581
"5936514818",2498343,"Cygnus olor (J.F.Gmelin, 1789)","SPECIES",60.24296,25.787615
"5936514830",8620875,"Phlyctis argena (Ach.) Flot.","SPECIES",60.178911,24.664395
"5936514836",2498326,"Bucephala clangula (Linnaeus, 1758)","SPECIES",60.079013,24.370186
"5936514842",2487879,"Cyanistes caeruleus (Linnaeus, 1758)","SPECIES",64.893901,25.571605
"5936514843",8104397,"Linaria cannabina (Linnaeus, 1758)","SPECIES",64.82596,25.306146
"5936514854",7487512,"Polycauliona candelaria (L.) Frödén, Arup & Søchting","SPECIES",62.25378,25.756432
"5936514855",2494543,"Pyrrhula pyrrhula (Linnaeus, 1758)","SPECIES",64.82596,25.306146
"5936514868",5231190,"Passer domesticus (Linnaeus, 1758)","SPECIES",60.24473,24.989686
"5936514881",2605963,"Parmelia sulcata Taylor","SPECIES",60.178911,24.664395
"5936514897",2490719,"Turdus merula Linnaeus, 1758","SPECIES",60.244931,24.990856
"5936514899",2490719,"Turdus merula Linnaeus, 1758","SPECIES",60.390143,23.121106
"5936514927",2480449,"Haliaeetus albicilla (Linnaeus, 1758)","SPECIES",63.58919,24.094766
"5936514937",2494543,"Pyrrhula pyrrhula (Linnaeus, 1758)","SPECIES",62.25378,25.756432
"5936514938",5231438,"Troglodytes troglodytes (Linnaeus, 1758)","SPECIES",60.37222,23.081663
"5936514939",2491534,"Emberiza citrinella Linnaeus, 1758","SPECIES",60.313658,22.204818
"5936514963",10932974,"Pseudevernia furfuracea (L.) Zopf","SPECIES",60.178911,24.664395
"5936514990",2219853,"Gammarus pulex (Linnaeus, 1758)","SPECIES",60.178911,24.664395
"5936514991",2487879,"Cyanistes caeruleus (Linnaeus, 1758)","SPECIES",60.313182,22.205081
"5936515000",2482492,"Corvus corax Linnaeus, 1758","SPECIES",64.294804,25.078971
"5936515036",2605831,"Vulpicida pinastri (Scop.) J.-E.Mattsson & M.J.Lai","SPECIES",60.178911,24.664395
"5936515047",2484596,"Regulus regulus (Linnaeus, 1758)","SPECIES",62.815588,21.17461
"5936515058",9409796,"Corvus corone Linnaeus, 1758","SPECIES",62.25378,25.756432
"5936515059",2480449,"Haliaeetus albicilla (Linnaeus, 1758)","SPECIES",60.429793,22.188656
"5936515060",2494422,"Fringilla coelebs Linnaeus, 1758","SPECIES",60.098049,24.435179
"5936515077",6100954,"Coloeus monedula (Linnaeus, 1758)","SPECIES",62.25378,25.756432
"5936515078",2492462,"Erithacus rubecula (Linnaeus, 1758)","SPECIES",60.37222,23.081663
"5936515093",8211070,"Sciurus vulgaris Linnaeus, 1758","SPECIES",60.390143,23.121106
"5936515108",2609167,"Phaeophyscia ciliata (Hoffm.) Moberg","SPECIES",62.25378,25.756432
"5936515128",9705453,"Parus major Linnaeus, 1758","SPECIES",60.323239,22.230083
"5936515129",9409796,"Corvus corone Linnaeus, 1758","SPECIES",60.428066,22.182512
"5936515130",2482492,"Corvus corax Linnaeus, 1758","SPECIES",60.098948,24.442369
"5936515135",9537647,"Mergus merganser Linnaeus, 1758","SPECIES",60.331051,22.231377
"5936515174",2682503,"Pylaisia polyantha (Hedw.) Schimp.","SPECIES",62.25378,25.756432
"5936515175",2477872,"Dryocopus martius (Linnaeus, 1758)","SPECIES",60.319187,22.242487
"5936515176",5229490,"Pica pica (Linnaeus, 1758)","SPECIES",64.843819,25.415673
"5936515186",2491534,"Emberiza citrinella Linnaeus, 1758","SPECIES",60.328589,22.243307
"5936515204",2477968,"Dendrocopos major (Linnaeus, 1758)","SPECIES",60.324402,22.233653
"5936515210",2491534,"Emberiza citrinella Linnaeus, 1758","SPECIES",60.328723,22.242713
"5936515221",2477872,"Dryocopus martius (Linnaeus, 1758)","SPECIES",64.654124,24.53495
"5936515228",2553068,"Stereum sanguinolentum (Alb. & Schwein.) Fr.","SPECIES",62.25378,25.756432
"5936515229",5231190,"Passer domesticus (Linnaeus, 1758)","SPECIES",64.843819,25.415673
"5936515238",2491534,"Emberiza citrinella Linnaeus, 1758","SPECIES",60.327785,22.239534
"5936515251",6092830,"Spinus spinus (Linnaeus, 1758)","SPECIES",60.26827,24.959382
"5936515266",2494771,"Pinicola enucleator (Linnaeus, 1758)","SPECIES",64.654124,24.53495
"5936515275",2678415,"Climacium dendroides (Hedw.) F.Weber & D.Mohr","SPECIES",62.25378,25.756432
"5936515276",5845582,"Chloris chloris (Linnaeus, 1758)","SPECIES",64.843819,25.415673
"5936515286",3220735,"Agrobacterium radiobacter (Beijerinck & van Delden, 1902) Conn, 1942","SPECIES",62.25378,25.756432
"5936515325",2482492,"Corvus corax Linnaeus, 1758","SPECIES",64.654124,24.53495
"5936515335",7830431,"Tremella aurantia Weinm.","SPECIES",62.25378,25.756432
"5936515336",5220126,"Capreolus capreolus (Linnaeus, 1758)","SPECIES",60.276494,24.964012
"5936515337",5231198,"Passer montanus (Linnaeus, 1758)","SPECIES",64.843819,25.415673
"5936515342",2480449,"Haliaeetus albicilla (Linnaeus, 1758)","SPECIES",60.326596,22.226601
"5936515358",5281668,"Schistidium apocarpum (Hedw.) Bruch & Schimp.","SPECIES",62.25378,25.756432
"5936515359",2494686,"Carduelis carduelis (Linnaeus, 1758)","SPECIES",60.260314,24.974224
"5936515360",2494543,"Pyrrhula pyrrhula (Linnaeus, 1758)","SPECIES",64.843819,25.415673
"5936515376",5219243,"Vulpes vulpes (Linnaeus, 1758)","SPECIES",60.409626,22.36107
"5936515377",6092830,"Spinus spinus (Linnaeus, 1758)","SPECIES",64.82596,25.306146
"5936515390",5231630,"Acanthis flammea (Linnaeus, 1758)","SPECIES",64.82596,25.306146
"5936515411",2605831,"Vulpicida pinastri (Scop.) J.-E.Mattsson & M.J.Lai","SPECIES",62.25378,25.756432
"5936515412",9409796,"Corvus corone Linnaeus, 1758","SPECIES",60.37222,23.081663
"5936515413",2491534,"Emberiza citrinella Linnaeus, 1758","SPECIES",64.82596,25.306146
"5936515420",9537647,"Mergus merganser Linnaeus, 1758","SPECIES",60.079013,24.370186
"5936515438",2605342,"Platismatia glauca (L.) W.L.Culb. & C.F.Culb.","SPECIES",62.25378,25.756432
"5936515439",2482492,"Corvus corax Linnaeus, 1758","SPECIES",60.37222,23.081663
"5936515446",2487871,"Periparus ater (Linnaeus, 1758)","SPECIES",60.312797,22.204708
"5936515458",2433753,"Lutra lutra (Linnaeus, 1758)","SPECIES",62.130396,24.511324
"5936515467",9537647,"Mergus merganser Linnaeus, 1758","SPECIES",60.42659,22.186293
"5936515468",2484596,"Regulus regulus (Linnaeus, 1758)","SPECIES",60.095735,24.42347
"5936515492",3188736,"Lythrum salicaria L.","SPECIES",60.178911,24.664395
"5936515497",7982160,"Larus canus Linnaeus, 1758","SPECIES",60.076711,24.369734
"5936515505",5229490,"Pica pica (Linnaeus, 1758)","SPECIES",64.276518,24.962304
"5936515520",2606030,"Usnea hirta (L.) F.H.Wigg.","SPECIES",62.25378,25.756432
"5936515521",6100954,"Coloeus monedula (Linnaeus, 1758)","SPECIES",60.37222,23.081663
"5936515522",2487603,"Certhia familiaris Linnaeus, 1758","SPECIES",60.095735,24.42347
"5936515523",2494686,"Carduelis carduelis (Linnaeus, 1758)","SPECIES",64.82596,25.306146
"5936515537",2491719,"Plectrophenax nivalis (Linnaeus, 1758)","SPECIES",64.826044,25.307822
"5936515544",2987999,"Filipendula ulmaria (L.) Maxim.","SPECIES",60.178911,24.664395
"5936515555",2490719,"Turdus merula Linnaeus, 1758","SPECIES",60.24296,25.787615
"5936515567",3040249,"Populus tremula L.","SPECIES",60.178911,24.664395
"5936525124",5284884,"Picea abies (L.) H.Karst.","SPECIES",62.65729,17.62639
"5936527832",3173338,"Buddleja davidii Franch.","SPECIES",57.4864,12.07596
"5936528724",9761484,"Anas platyrhynchos Linnaeus, 1758","SPECIES",56.60455,16.70008
"5936533713",3189846,"Acer platanoides L.","SPECIES",62.6557,17.63051
"5936533745",6100954,"Coloeus monedula (Linnaeus, 1758)","SPECIES",59.86541,17.61749
"5936534299",5285637,"Pinus sylvestris L.","SPECIES",62.65685,17.62373
"5936535814",10474267,"Nephromopsis chlorophylla (Willd.) Divakar, A.Crespo & Lumbsch","SPECIES",62.6555,17.62902
"5936535990",2592659,"Arthonia radiata (Pers.) Ach.","SPECIES",62.65504,17.63007
"5936536153",2562487,"Illosporiopsis christiansenii (B.L.Brady & D.Hawksw.) D.Hawksw.","SPECIES",62.6555,17.62902
"5936540733",3040249,"Populus tremula L.","SPECIES",62.65667,17.62635
"5936546208",5229490,"Pica pica (Linnaeus, 1758)","SPECIES",60.67493,17.21564
"5936547353",6100954,"Coloeus monedula (Linnaeus, 1758)","SPECIES",56.6689,12.87623
"5936547354",5229490,"Pica pica (Linnaeus, 1758)","SPECIES",57.69391,11.93621
"5936547582",2605326,"Melanohalea olivacea (L.) O.Blanco, A.Crespo, Divakar, Essl., D.Hawksw. & Lumbsch","SPECIES",62.6557,17.63051
"5936547643",9797180,"Ardea cinerea Linnaeus, 1758","SPECIES",56.35725,16.40928
"5936548278",2605814,"Parmeliopsis ambigua (Hoffm.) Nyl.","SPECIES",62.6555,17.62902
"5936555101",2608941,"Physcia stellaris (L.) Nyl.","SPECIES",62.6557,17.63051
"5936555131",5273123,"Trentepohlia umbrina (Kütz.) Bornet","SPECIES",62.6555,17.62902
"5936555148",9761484,"Anas platyrhynchos Linnaeus, 1758","SPECIES",59.30391,18.04679
"5936555756",2482515,"Corvus cornix Linnaeus, 1758","SPECIES",56.67241,12.91358
"5936555757",9282206,"Strix aluco Linnaeus, 1758","SPECIES",59.86299,18.80811
"5936558449",9761484,"Anas platyrhynchos Linnaeus, 1758","SPECIES",56.66824,12.87359
"5936558450",8012439,"Symphoricarpos albus (L.) K.Koch","SPECIES",57.48478,12.07388
"5936558451",5289423,"Typha latifolia L.","SPECIES",57.48478,12.07388
"5936558650",5220126,"Capreolus capreolus (Linnaeus, 1758)","SPECIES",56.64589,16.4798
"5936558654",2490719,"Turdus merula Linnaeus, 1758","SPECIES",55.52209,13.24701
"5936558710",2876213,"Alnus glutinosa (L.) Gaertn.","SPECIES",57.48478,12.07388
"5936559171",2605963,"Parmelia sulcata Taylor","SPECIES",57.48478,12.07388
"5936562361",7251037,"Physcia adscendens H.Olivier","SPECIES",62.6557,17.63051
"5936562380",9118014,"Betula pubescens Ehrh.","SPECIES",62.6555,17.62902
"5936564698",5372952,"Salix caprea L.","SPECIES",62.65575,17.62911
"5936568484",2987999,"Filipendula ulmaria (L.) Maxim.","SPECIES",57.48478,12.07388
"5936568682",2705308,"Dactylis glomerata L.","SPECIES",57.48478,12.07388
"5936569225",6100954,"Coloeus monedula (Linnaeus, 1758)","SPECIES",59.27687,15.20761
"5936574434",5229490,"Pica pica (Linnaeus, 1758)","SPECIES",56.6689,12.87623
"5936574435",2495414,"Columba livia J.F.Gmelin, 1789","SPECIES",57.69391,11.93621
"5936576015",8200663,"Cymbalaria muralis G.Gaertn., B.Mey. & Scherb.","SPECIES",57.48653,12.07622
"5936578467",2490737,"Turdus pilaris Linnaeus, 1758","SPECIES",57.48711,12.0761
"5936578977",2605335,"Melanohalea exasperatula (Nyl.) O.Blanco, A.Crespo, Divakar, Essl., D.Hawksw. & Lumbsch","SPECIES",62.6557,17.63051
"5936580254",2490719,"Turdus merula Linnaeus, 1758","SPECIES",59.62749,16.58635
"5936580416",2605963,"Parmelia sulcata Taylor","SPECIES",62.6557,17.63051
"5936580882",6100954,"Coloeus monedula (Linnaeus, 1758)","SPECIES",57.49016,15.02249
"5936584402",7251342,"Caloplaca cerina (Hedw.) Th.Fr.","SPECIES",62.6555,17.62902
"5936585415",5232437,"Branta canadensis (Linnaeus, 1758)","SPECIES",56.07311,14.61933
"5936586629",5414995,"Digitalis purpurea L.","SPECIES",57.4864,12.07596
"5936588383",8197849,"Xanthoria parietina (L.) Th.Fr.","SPECIES",62.6557,17.63051
"5936589481",2608920,"Physcia caesia (Hoffm.) Fürnr.","SPECIES",62.6555,17.62902
"5936589508",2490737,"Turdus pilaris Linnaeus, 1758","SPECIES",59.29164,18.08931
"5936590250",3120946,"Artemisia vulgaris L.","SPECIES",57.48478,12.07388
"5936594472",12229553,"Opeltia flavorubescens (Huds.) S.Y.Kondr. & Hur","SPECIES",62.65667,17.62635
"5936597554",10711935,"Glaucomaria carpinea (L.) S.Y.Kondr., Lőkös & Farkas","SPECIES",62.6557,17.63051
"5936606793",2606859,"Lecanora pulicaris (Pers.) Ach.","SPECIES",62.6557,17.63051
"5936609917",9282206,"Strix aluco Linnaeus, 1758","SPECIES",59.51619,16.4354
"5936614714",9282206,"Strix aluco Linnaeus, 1758","SPECIES",57.49016,15.02249
"5936614892",2606544,"Bryoria capillaris (Ach.) Brodo & D.Hawksw.","SPECIES",62.6555,17.62902
"5936615383",2605342,"Platismatia glauca (L.) W.L.Culb. & C.F.Culb.","SPECIES",62.6555,17.62902
"5936615568",2498326,"Bucephala clangula (Linnaeus, 1758)","SPECIES",59.33751,18.89783
"5936617702",10242289,"Lewinskya speciosa (Nees) F.Lara, Garilleti & Goffinet","SPECIES",62.6557,17.63051
"5936623231",9797180,"Ardea cinerea Linnaeus, 1758","SPECIES",56.60455,16.70008
"5936623232",2681972,"Hypnum cupressiforme Hedw.","SPECIES",57.48478,12.07388
"5936641301",2487866,"Poecile montanus (Conrad von Baldenstein, 1827)","SPECIES",63.303087,9.076312
"5936641302",2482515,"Corvus cornix Linnaeus, 1758","SPECIES",60.37067,6.093643
"5936641303",9705453,"Parus major Linnaeus, 1758","SPECIES",58.533052,6.340293
"5936641304",5845582,"Chloris chloris (Linnaeus, 1758)","SPECIES",58.533052,6.340293
"5936641305",5229490,"Pica pica (Linnaeus, 1758)","SPECIES",58.533052,6.340293
"5936641307",2494543,"Pyrrhula pyrrhula (Linnaeus, 1758)","SPECIES",58.533052,6.340293
"5936641308",9705453,"Parus major Linnaeus, 1758","SPECIES",63.303087,9.076312
"5936641309",5231190,"Passer domesticus (Linnaeus, 1758)","SPECIES",58.533052,6.340293
"5936641310",2492462,"Erithacus rubecula (Linnaeus, 1758)","SPECIES",58.533052,6.340293
"5936641311",2491534,"Emberiza citrinella Linnaeus, 1758","SPECIES",63.303087,9.076312
"5936641312",5229493,"Garrulus glandarius (Linnaeus, 1758)","SPECIES",60.37067,6.093643
"5936641313",5229490,"Pica pica (Linnaeus, 1758)","SPECIES",58.338822,8.546734
"5936641314",9705453,"Parus major Linnaeus, 1758","SPECIES",60.37067,6.093643
"5936641315",2487866,"Poecile montanus (Conrad von Baldenstein, 1827)","SPECIES",58.533052,6.340293
"5936641316",2490719,"Turdus merula Linnaeus, 1758","SPECIES",63.303087,9.076312
"5936641318",2482059,"Podiceps auritus (Linnaeus, 1758)","SPECIES",58.97562,9.821236
"5936641321",2495000,"Aegithalos caudatus (Linnaeus, 1758)","SPECIES",58.97562,9.821236
"5936641324",9705453,"Parus major Linnaeus, 1758","SPECIES",59.388382,5.988933
"5936641325",2494686,"Carduelis carduelis (Linnaeus, 1758)","SPECIES",58.533052,6.340293
"5936641327",5231438,"Troglodytes troglodytes (Linnaeus, 1758)","SPECIES",60.44759,5.470531
"5936641330",2487879,"Cyanistes caeruleus (Linnaeus, 1758)","SPECIES",59.388382,5.988933
"5936641332",2487879,"Cyanistes caeruleus (Linnaeus, 1758)","SPECIES",62.178501,5.758838
"5936641334",2482515,"Corvus cornix Linnaeus, 1758","SPECIES",58.97562,9.821236
"5936641335",9705453,"Parus major Linnaeus, 1758","SPECIES",58.533052,6.340293
"5936641338",5229490,"Pica pica (Linnaeus, 1758)","SPECIES",58.97562,9.821236
"5936641340",2498238,"Melanitta fusca (Linnaeus, 1758)","SPECIES",58.97562,9.821236
"5936641341",2490719,"Turdus merula Linnaeus, 1758","SPECIES",58.533052,6.340293
"5936641343",2498247,"Melanitta nigra (Linnaeus, 1758)","SPECIES",58.97562,9.821236
"5936641344",2494543,"Pyrrhula pyrrhula (Linnaeus, 1758)","SPECIES",59.417782,5.396976
"5936641347",9797180,"Ardea cinerea Linnaeus, 1758","SPECIES",58.97562,9.821236
"5936641349",2494686,"Carduelis carduelis (Linnaeus, 1758)","SPECIES",58.533052,6.340293
"5936641353",5229490,"Pica pica (Linnaeus, 1758)","SPECIES",59.581535,10.817868
"5936641354",7982160,"Larus canus Linnaeus, 1758","SPECIES",62.178501,5.758838
"5936641356",2484596,"Regulus regulus (Linnaeus, 1758)","SPECIES",62.178501,5.758838
"5936641357",5229490,"Pica pica (Linnaeus, 1758)","SPECIES",60.37067,6.093643
"5936641359",9761484,"Anas platyrhynchos Linnaeus, 1758","SPECIES",60.429214,5.461321
"5936641360",5845582,"Chloris chloris (Linnaeus, 1758)","SPECIES",62.178501,5.758838
"5936641361",2487871,"Periparus ater (Linnaeus, 1758)","SPECIES",60.37067,6.093643
"5936641362",9705453,"Parus major Linnaeus, 1758","SPECIES",59.581535,10.817868
"5936641363",2487879,"Cyanistes caeruleus (Linnaeus, 1758)","SPECIES",59.024512,10.073457
"5936641365",2491534,"Emberiza citrinella Linnaeus, 1758","SPECIES",62.809933,7.151541
"5936641366",2490719,"Turdus merula Linnaeus, 1758","SPECIES",60.37067,6.093643
"5936641369",2477968,"Dendrocopos major (Linnaeus, 1758)","SPECIES",62.178501,5.758838
"5936641372",2492462,"Erithacus rubecula (Linnaeus, 1758)","SPECIES",58.97562,9.821236
"5936641373",5231190,"Passer domesticus (Linnaeus, 1758)","SPECIES",59.581535,10.817868
"5936641374",2494543,"Pyrrhula pyrrhula (Linnaeus, 1758)","SPECIES",62.178501,5.758838
"5936641376",5231438,"Troglodytes troglodytes (Linnaeus, 1758)","SPECIES",62.178501,5.758838
"5936641377",2484916,"Sitta europaea Linnaeus, 1758","SPECIES",60.37067,6.093643
"5936641380",9705453,"Parus major Linnaeus, 1758","SPECIES",59.581535,10.817868
"5936641381",8211070,"Sciurus vulgaris Linnaeus, 1758","SPECIES",62.178501,5.758838
"5936641383",2481700,"Scolopax rusticola Linnaeus, 1758","SPECIES",60.316467,5.077509
"5936641384",2481139,"Larus argentatus Pontoppidan, 1763","SPECIES",60.429214,5.461321
"5936641385",2487866,"Poecile montanus (Conrad von Baldenstein, 1827)","SPECIES",62.178501,5.758838
"5936641386",2480637,"Accipiter nisus (Linnaeus, 1758)","SPECIES",60.37067,6.093643
"5936641387",2492462,"Erithacus rubecula (Linnaeus, 1758)","SPECIES",59.388382,5.988933
"5936641388",9705453,"Parus major Linnaeus, 1758","SPECIES",59.865368,10.83717
"5936641390",2490719,"Turdus merula Linnaeus, 1758","SPECIES",58.97562,9.821236
"5936641393",2487843,"Poecile palustris (Linnaeus, 1758)","SPECIES",59.388382,5.988933
"5936641394",5231198,"Passer montanus (Linnaeus, 1758)","SPECIES",59.865368,10.83717
"5936641397",9705453,"Parus major Linnaeus, 1758","SPECIES",60.357725,5.366151
"5936641398",2474831,"Rallus aquaticus Linnaeus, 1758","SPECIES",60.248436,5.259909
"5936641399",5229490,"Pica pica (Linnaeus, 1758)","SPECIES",59.024512,10.073457
"5936641400",2481342,"Uria aalge (Pontoppidan, 1763)","SPECIES",58.97562,9.821236
"5936641403",2492462,"Erithacus rubecula (Linnaeus, 1758)","SPECIES",59.024512,10.073457
"5936641404",2490266,"Anthus pratensis (Linnaeus, 1758)","SPECIES",58.97562,9.821236
"5936641407",9705453,"Parus major Linnaeus, 1758","SPECIES",69.507261,30.078729
"5936641409",2487866,"Poecile montanus (Conrad von Baldenstein, 1827)","SPECIES",69.507261,30.078729
"5936641410",9537647,"Mergus merganser Linnaeus, 1758","SPECIES",59.271034,10.444859
"5936641411",9705453,"Parus major Linnaeus, 1758","SPECIES",59.024512,10.073457
"5936641412",2487866,"Poecile montanus (Conrad von Baldenstein, 1827)","SPECIES",60.587502,9.135285
"5936641413",2491534,"Emberiza citrinella Linnaeus, 1758","SPECIES",60.791466,11.327175
"5936641414",5845582,"Chloris chloris (Linnaeus, 1758)","SPECIES",59.243548,10.984027
"5936641415",2487879,"Cyanistes caeruleus (Linnaeus, 1758)","SPECIES",59.865368,10.83717
"5936641416",2495000,"Aegithalos caudatus (Linnaeus, 1758)","SPECIES",59.877411,10.85031
"5936641417",2481047,"Falco peregrinus Tunstall, 1771","SPECIES",59.271034,10.444859
"5936641418",2477968,"Dendrocopos major (Linnaeus, 1758)","SPECIES",59.024512,10.073457
"5936641419",5845582,"Chloris chloris (Linnaeus, 1758)","SPECIES",59.271034,10.444859
"5936641420",5231190,"Passer domesticus (Linnaeus, 1758)","SPECIES",59.024512,10.073457
"5936641421",2487879,"Cyanistes caeruleus (Linnaeus, 1758)","SPECIES",59.243548,10.984027
"5936641422",5231198,"Passer montanus (Linnaeus, 1758)","SPECIES",59.024512,10.073457
"5936641423",5229490,"Pica pica (Linnaeus, 1758)","SPECIES",59.422989,6.056443
"5936641424",2494543,"Pyrrhula pyrrhula (Linnaeus, 1758)","SPECIES",59.243548,10.984027
"5936641425",2484596,"Regulus regulus (Linnaeus, 1758)","SPECIES",60.587502,9.135285
"5936641426",5231198,"Passer montanus (Linnaeus, 1758)","SPECIES",63.701646,11.202812
"5936641427",9752149,"Phasianus colchicus Linnaeus, 1758","SPECIES",64.789948,11.297781
"5936641428",2487871,"Periparus ater (Linnaeus, 1758)","SPECIES",62.379398,6.590814
"5936641429",2487879,"Cyanistes caeruleus (Linnaeus, 1758)","SPECIES",59.382282,10.411883
"5936641430",5231190,"Passer domesticus (Linnaeus, 1758)","SPECIES",60.248411,5.26372
"5936641431",5845582,"Chloris chloris (Linnaeus, 1758)","SPECIES",64.789948,11.297781
"5936641432",2487603,"Certhia familiaris Linnaeus, 1758","SPECIES",60.390179,5.331197
"5936641434",2484605,"Bombycilla garrulus (Linnaeus, 1758)","SPECIES",59.386127,10.410763
"5936641436",2487843,"Poecile palustris (Linnaeus, 1758)","SPECIES",59.382282,10.411883
"5936641438",2480537,"Buteo buteo (Linnaeus, 1758)","SPECIES",59.386127,10.410763
"5936641440",2487866,"Poecile montanus (Conrad von Baldenstein, 1827)","SPECIES",59.382282,10.411883
"5936641442",9705453,"Parus major Linnaeus, 1758","SPECIES",59.382282,10.411883
"5936641443",2487879,"Cyanistes caeruleus (Linnaeus, 1758)","SPECIES",60.248411,5.26372
"5936641444",2492462,"Erithacus rubecula (Linnaeus, 1758)","SPECIES",64.789948,11.297781
"5936641445",2494543,"Pyrrhula pyrrhula (Linnaeus, 1758)","SPECIES",59.382282,10.411883
"5936641447",9705453,"Parus major Linnaeus, 1758","SPECIES",63.701646,11.202812
"5936641449",2492462,"Erithacus rubecula (Linnaeus, 1758)","SPECIES",62.379398,6.590814
"5936641450",2477968,"Dendrocopos major (Linnaeus, 1758)","SPECIES",59.865368,10.83717
"5936641453",5229490,"Pica pica (Linnaeus, 1758)","SPECIES",60.44759,5.470531
"5936641454",2491534,"Emberiza citrinella Linnaeus, 1758","SPECIES",59.911624,11.086186
"5936641455",5231190,"Passer domesticus (Linnaeus, 1758)","SPECIES",62.178501,5.758838
"5936641458",5229490,"Pica pica (Linnaeus, 1758)","SPECIES",62.178501,5.758838
"5936641459",6100954,"Corvus monedula Linnaeus, 1758","SPECIES",59.386127,10.410763
"5936641461",2482492,"Corvus corax Linnaeus, 1758","SPECIES",62.178501,5.758838
"5936641462",2490255,"Anthus spinoletta (Linnaeus, 1758)","SPECIES",58.97562,9.821236
"5936641465",5231198,"Passer montanus (Linnaeus, 1758)","SPECIES",59.382282,10.411883
"5936641466",5231190,"Passer domesticus (Linnaeus, 1758)","SPECIES",60.44759,5.470531
"5936641468",5229490,"Pica pica (Linnaeus, 1758)","SPECIES",60.357725,5.366151
"5936641469",9705453,"Parus major Linnaeus, 1758","SPECIES",59.243548,10.984027
"5936641470",2490719,"Turdus merula Linnaeus, 1758","SPECIES",59.024512,10.073457
"5936641472",9809229,"Sturnus vulgaris Linnaeus, 1758","SPECIES",60.357725,5.366151
"5936641473",5231198,"Passer montanus (Linnaeus, 1758)","SPECIES",59.243548,10.984027
"5936641474",2487879,"Cyanistes caeruleus (Linnaeus, 1758)","SPECIES",58.185207,6.740256
"5936641475",2482513,"Corvus frugilegus Linnaeus, 1758","SPECIES",59.022747,10.015173
"5936641476",5229493,"Garrulus glandarius (Linnaeus, 1758)","SPECIES",70.586273,24.767765
"5936641478",2498347,"Cygnus cygnus (Linnaeus, 1758)","SPECIES",59.022747,10.015173
"5936641479",5845582,"Chloris chloris (Linnaeus, 1758)","SPECIES",60.44759,5.470531
"5936641481",2495414,"Columba livia domestica","SUBSPECIES",59.865368,10.83717
"5936641483",2487603,"Certhia familiaris Linnaeus, 1758","SPECIES",59.877411,10.85031
"5936641485",2492462,"Erithacus rubecula (Linnaeus, 1758)","SPECIES",60.357725,5.366151
"5936641486",2491534,"Emberiza citrinella Linnaeus, 1758","SPECIES",59.243548,10.984027
"5936641487",2484916,"Sitta europaea Linnaeus, 1758","SPECIES",59.024512,10.073457
"5936641489",5231190,"Passer domesticus (Linnaeus, 1758)","SPECIES",59.382282,10.411883
"5936641490",2494543,"Pyrrhula pyrrhula (Linnaeus, 1758)","SPECIES",69.507261,30.078729
"5936641491",2498261,"Aythya fuligula (Linnaeus, 1758)","SPECIES",59.442585,10.432842
"5936641493",5231198,"Passer montanus (Linnaeus, 1758)","SPECIES",62.178501,5.758838
"5936641494",2498347,"Cygnus cygnus (Linnaeus, 1758)","SPECIES",66.182487,13.281327
"5936641496",2492462,"Erithacus rubecula (Linnaeus, 1758)","SPECIES",62.178501,5.758838
"5936641498",2484916,"Sitta europaea Linnaeus, 1758","SPECIES",59.388382,5.988933
"5936641500",9705453,"Parus major Linnaeus, 1758","SPECIES",59.911624,11.086186
"5936641501",2491534,"Emberiza citrinella Linnaeus, 1758","SPECIES",62.178501,5.758838
"5936641502",2484916,"Sitta europaea Linnaeus, 1758","SPECIES",58.830448,6.28419
"5936641503",2491534,"Emberiza citrinella Linnaeus, 1758","SPECIES",64.789948,11.297781
"5936641505",2490781,"Turdus iliacus Linnaeus, 1758","SPECIES",60.390179,5.331197
"5936641506",2436756,"Lepus timidus Linnaeus, 1758","SPECIES",69.507261,30.078729
"5936641508",9705453,"Parus major Linnaeus, 1758","SPECIES",62.178501,5.758838
"5936641510",2494543,"Pyrrhula pyrrhula (Linnaeus, 1758)","SPECIES",69.507261,30.078729
"5936641512",2487843,"Poecile palustris (Linnaeus, 1758)","SPECIES",59.911624,11.086186
"5936641513",9282206,"Strix aluco Linnaeus, 1758","SPECIES",62.178501,5.758838
"5936641514",2498343,"Cygnus olor (J.F.Gmelin, 1789)","SPECIES",59.442585,10.432842
"5936641515",5845582,"Chloris chloris (Linnaeus, 1758)","SPECIES",59.877411,10.85031
"5936641517",2487843,"Poecile palustris (Linnaeus, 1758)","SPECIES",62.178501,5.758838
"5936641518",9705453,"Parus major Linnaeus, 1758","SPECIES",60.395676,9.184367
"5936641519",2494686,"Carduelis carduelis (Linnaeus, 1758)","SPECIES",59.243548,10.984027
"5936641520",2477968,"Dendrocopos major (Linnaeus, 1758)","SPECIES",58.185207,6.740256
"5936641521",5845582,"Chloris chloris (Linnaeus, 1758)","SPECIES",59.898445,10.845052
"5936641522",2490719,"Turdus merula Linnaeus, 1758","SPECIES",60.357725,5.366151
"5936641523",2492462,"Erithacus rubecula (Linnaeus, 1758)","SPECIES",59.243548,10.984027
"5936641524",2494422,"Fringilla coelebs Linnaeus, 1758","SPECIES",58.185207,6.740256
"5936641525",2484916,"Sitta europaea Linnaeus, 1758","SPECIES",60.395676,9.184367
"5936641526",2490719,"Turdus merula Linnaeus, 1758","SPECIES",59.243548,10.984027
"5936641527",9705453,"Parus major Linnaeus, 1758","SPECIES",58.185207,6.740256
"5936641528",5231190,"Passer domesticus (Linnaeus, 1758)","SPECIES",59.898445,10.845052
"5936641529",2481139,"Larus argentatus Pontoppidan, 1763","SPECIES",60.384686,5.330794
"5936641530",2481139,"Larus argentatus Pontoppidan, 1763","SPECIES",58.338822,8.546734
"5936641531",2492462,"Erithacus rubecula (Linnaeus, 1758)","SPECIES",58.185207,6.740256
"5936641533",9809229,"Sturnus vulgaris Linnaeus, 1758","SPECIES",58.533052,6.340293
"5936641534",9705453,"Parus major Linnaeus, 1758","SPECIES",62.878194,7.145815
"5936641535",6100954,"Corvus monedula Linnaeus, 1758","SPECIES",59.887596,10.826728
"5936641536",2487879,"Cyanistes caeruleus (Linnaeus, 1758)","SPECIES",63.701646,11.202812
"5936641537",2490719,"Turdus merula Linnaeus, 1758","SPECIES",62.878194,7.145815
"5936641538",2494329,"Coccothraustes coccothraustes (Linnaeus, 1758)","SPECIES",59.898445,10.845052
"5936641540",5231190,"Passer domesticus (Linnaeus, 1758)","SPECIES",58.338822,8.546734
"5936641541",2480637,"Accipiter nisus (Linnaeus, 1758)","SPECIES",62.178501,5.758838
"5936641542",2482515,"Corvus cornix Linnaeus, 1758","SPECIES",63.038986,7.783657
"5936641545",2482515,"Corvus cornix Linnaeus, 1758","SPECIES",58.338822,8.546734
"5936641546",2481890,"Phalacrocorax carbo (Linnaeus, 1758)","SPECIES",62.178501,5.758838
"5936641548",2487871,"Periparus ater (Linnaeus, 1758)","SPECIES",62.178501,5.758838
"5936641549",2490719,"Turdus merula Linnaeus, 1758","SPECIES",60.44759,5.470531
"5936641550",5229490,"Pica pica (Linnaeus, 1758)","SPECIES",59.865368,10.83717
"5936641551",2492462,"Erithacus rubecula (Linnaeus, 1758)","SPECIES",58.338822,8.546734
"5936641552",2487866,"Poecile montanus (Conrad von Baldenstein, 1827)","SPECIES",62.878194,7.145815
"5936641553",2484596,"Regulus regulus (Linnaeus, 1758)","SPECIES",59.897125,10.863381
"5936641555",2490719,"Turdus merula Linnaeus, 1758","SPECIES",59.865368,10.83717
"5936641556",5229490,"Pica pica (Linnaeus, 1758)","SPECIES",58.338822,8.546734
"5936641557",2491534,"Emberiza citrinella Linnaeus, 1758","SPECIES",62.878194,7.145815
"5936641558",9761484,"Anas platyrhynchos Linnaeus, 1758","SPECIES",59.887596,10.826728
"5936641559",5231190,"Passer domesticus (Linnaeus, 1758)","SPECIES",63.701646,11.202812
"5936641560",9705453,"Parus major Linnaeus, 1758","SPECIES",60.44759,5.470531
"5936641561",2474377,"Fulica atra Linnaeus, 1758","SPECIES",59.898445,10.845052
"5936641562",9809229,"Sturnus vulgaris Linnaeus, 1758","SPECIES",60.393082,5.325869
"5936641563",2482515,"Corvus cornix Linnaeus, 1758","SPECIES",58.338822,8.546734
"5936641564",2494543,"Pyrrhula pyrrhula (Linnaeus, 1758)","SPECIES",62.878194,7.145815
"5936641565",2484916,"Sitta europaea Linnaeus, 1758","SPECIES",58.185207,6.740256
"5936641566",2487603,"Certhia familiaris Linnaeus, 1758","SPECIES",59.897125,10.863381
"5936641568",2481139,"Larus argentatus Pontoppidan, 1763","SPECIES",58.338822,8.546734
"5936641569",2484916,"Sitta europaea Linnaeus, 1758","SPECIES",62.178501,5.758838
"5936641570",2490719,"Turdus merula Linnaeus, 1758","SPECIES",63.038986,7.783657
"5936641573",2491534,"Emberiza citrinella Linnaeus, 1758","SPECIES",58.338822,8.546734
"5936641574",9761484,"Anas platyrhynchos Linnaeus, 1758","SPECIES",62.178501,5.758838
"5936641577",9809229,"Sturnus vulgaris Linnaeus, 1758","SPECIES",62.178501,5.758838
"5936641579",2490719,"Turdus merula Linnaeus, 1758","SPECIES",62.178501,5.758838
"5936641581",2435035,"Felis catus Linnaeus, 1758","SPECIES",58.338822,8.546734
"5936641582",5231190,"Passer domesticus (Linnaeus, 1758)","SPECIES",60.379064,5.3259
"5936641584",2474377,"Fulica atra Linnaeus, 1758","SPECIES",59.442585,10.432842
"5936641587",2481139,"Larus argentatus Pontoppidan, 1763","SPECIES",60.379064,5.3259
"5936641589",2481139,"Larus argentatus Pontoppidan, 1763","SPECIES",58.338822,8.546734
"5936641590",9705453,"Parus major Linnaeus, 1758","SPECIES",60.379064,5.3259
"5936641591",2491534,"Emberiza citrinella Linnaeus, 1758","SPECIES",63.701646,11.202812
"5936641592",5231190,"Passer domesticus (Linnaeus, 1758)","SPECIES",62.379398,6.590814
"5936641593",2492462,"Erithacus rubecula (Linnaeus, 1758)","SPECIES",59.887596,10.826728
"5936641596",9705453,"Parus major Linnaeus, 1758","SPECIES",58.830448,6.28419
"5936641597",2481299,"Alle alle (Linnaeus, 1758)","SPECIES",58.689655,5.551385
"5936641599",2487866,"Poecile montanus (Conrad von Baldenstein, 1827)","SPECIES",58.829872,6.27763
"5936641600",2487871,"Periparus ater (Linnaeus, 1758)","SPECIES",58.185207,6.740256
"5936641603",2487879,"Cyanistes caeruleus (Linnaeus, 1758)","SPECIES",60.010042,11.204833
"5936641605",2482515,"Corvus cornix Linnaeus, 1758","SPECIES",60.44759,5.470531
"5936641606",2477968,"Dendrocopos major (Linnaeus, 1758)","SPECIES",58.830448,6.28419
"5936641607",2490719,"Turdus merula Linnaeus, 1758","SPECIES",58.185207,6.740256
"5936641609",9705453,"Parus major Linnaeus, 1758","SPECIES",58.829872,6.27763
"5936641611",2484916,"Sitta europaea Linnaeus, 1758","SPECIES",59.442585,10.432842
"5936641613",2477968,"Dendrocopos major (Linnaeus, 1758)","SPECIES",58.829872,6.27763
"5936641616",2494329,"Coccothraustes coccothraustes (Linnaeus, 1758)","SPECIES",60.357725,5.366151
"5936641619",2490719,"Turdus merula Linnaeus, 1758","SPECIES",60.357725,5.366151
"5936641620",2490719,"Turdus merula Linnaeus, 1758","SPECIES",60.379064,5.3259
"5936641622",2492462,"Erithacus rubecula (Linnaeus, 1758)","SPECIES",60.357725,5.366151
"5936641623",2482515,"Corvus cornix Linnaeus, 1758","SPECIES",60.379064,5.3259
"5936641625",2487866,"Poecile montanus (Conrad von Baldenstein, 1827)","SPECIES",60.010042,11.204833
"5936641626",5231438,"Troglodytes troglodytes (Linnaeus, 1758)","SPECIES",59.887596,10.826728
"5936641628",9705453,"Parus major Linnaeus, 1758","SPECIES",60.357725,5.366151
"5936641630",5229490,"Pica pica (Linnaeus, 1758)","SPECIES",60.357725,5.366151
"5936641631",5229490,"Pica pica (Linnaeus, 1758)","SPECIES",60.379064,5.3259
"5936641633",2477968,"Dendrocopos major (Linnaeus, 1758)","SPECIES",58.519865,8.923351
"5936641636",9705453,"Parus major Linnaeus, 1758","SPECIES",58.338822,8.546734
"5936641637",2487879,"Cyanistes caeruleus (Linnaeus, 1758)","SPECIES",58.519865,8.923351
"5936641639",9705453,"Parus major Linnaeus, 1758","SPECIES",58.519865,8.923351
"5936641642",2494543,"Pyrrhula pyrrhula (Linnaeus, 1758)","SPECIES",60.010042,11.204833
"5936641644",5231190,"Passer domesticus (Linnaeus, 1758)","SPECIES",58.519865,8.923351
"5936641647",2494543,"Pyrrhula pyrrhula (Linnaeus, 1758)","SPECIES",58.519865,8.923351
"5936641649",2487603,"Certhia familiaris Linnaeus, 1758","SPECIES",62.809933,7.151541
"5936641650",2490719,"Turdus merula Linnaeus, 1758","SPECIES",62.379398,6.590814
"5936641651",2491534,"Emberiza citrinella Linnaeus, 1758","SPECIES",60.010042,11.204833
"5936641652",2484916,"Sitta europaea Linnaeus, 1758","SPECIES",59.887596,10.826728
"5936641654",5845582,"Chloris chloris (Linnaeus, 1758)","SPECIES",60.010042,11.204833
"5936641655",5228199,"Gallinula chloropus (Linnaeus, 1758)","SPECIES",59.887596,10.826728
"5936641657",2484916,"Sitta europaea Linnaeus, 1758","SPECIES",60.248411,5.26372
"5936641658",2477968,"Dendrocopos major (Linnaeus, 1758)","SPECIES",59.911624,11.086186
"5936641662",2492462,"Erithacus rubecula (Linnaeus, 1758)","SPECIES",60.248411,5.26372
"5936641663",2487879,"Cyanistes caeruleus (Linnaeus, 1758)","SPECIES",59.911624,11.086186
"5936641664",2477968,"Dendrocopos major (Linnaeus, 1758)","SPECIES",60.509983,7.881989
"5936641666",2477968,"Dendrocopos major (Linnaeus, 1758)","SPECIES",60.010042,11.204833
"5936641669",5231190,"Passer domesticus (Linnaeus, 1758)","SPECIES",59.877411,10.85031
"5936641670",9705453,"Parus major Linnaeus, 1758","SPECIES",62.379398,6.590814
"5936641671",9705453,"Parus major Linnaeus, 1758","SPECIES",60.010042,11.204833
"5936641672",9444556,"Lanius excubitor Linnaeus, 1758","SPECIES",60.509983,7.881989
"5936641675",5229490,"Pica pica (Linnaeus, 1758)","SPECIES",60.248411,5.26372
"5936641676",8211070,"Sciurus vulgaris Linnaeus, 1758","SPECIES",59.911624,11.086186
"5936641677",5231438,"Troglodytes troglodytes (Linnaeus, 1758)","SPECIES",59.388382,5.988933
"5936641680",5231198,"Passer montanus (Linnaeus, 1758)","SPECIES",59.877411,10.85031
"5936641681",9705453,"Parus major Linnaeus, 1758","SPECIES",60.248411,5.26372
"5936641682",2487879,"Cyanistes caeruleus (Linnaeus, 1758)","SPECIES",62.379398,6.590814
"5936641683",2484916,"Sitta europaea Linnaeus, 1758","SPECIES",60.509983,7.881989
"5936641686",2498352,"Somateria mollissima (Linnaeus, 1758)","SPECIES",58.97562,9.821236
"5936641687",5231190,"Passer domesticus (Linnaeus, 1758)","SPECIES",59.270247,11.079323
"5936641690",9705453,"Parus major Linnaeus, 1758","SPECIES",59.270247,11.079323
"5936641692",2492462,"Erithacus rubecula (Linnaeus, 1758)","SPECIES",59.270247,11.079323
"5936641693",2484916,"Sitta europaea Linnaeus, 1758","SPECIES",58.519865,8.923351
"5936641694",2487866,"Poecile montanus (Conrad von Baldenstein, 1827)","SPECIES",58.830448,6.28419
"5936641695",9752149,"Phasianus colchicus Linnaeus, 1758","SPECIES",64.789948,11.297781
"5936641697",5229490,"Pica pica (Linnaeus, 1758)","SPECIES",59.270247,11.079323
"5936641698",2487871,"Periparus ater (Linnaeus, 1758)","SPECIES",58.519865,8.923351
"5936641700",2491534,"Emberiza citrinella Linnaeus, 1758","SPECIES",58.338822,8.546734
"5936641701",2490719,"Turdus merula Linnaeus, 1758","SPECIES",59.270247,11.079323
"5936641702",2494543,"Pyrrhula pyrrhula (Linnaeus, 1758)","SPECIES",60.37067,6.093643
"5936641705",2491534,"Emberiza citrinella Linnaeus, 1758","SPECIES",59.270247,11.079323
"5936641707",5231198,"Passer montanus (Linnaeus, 1758)","SPECIES",59.270247,11.079323
"5936641708",2482515,"Corvus cornix Linnaeus, 1758","SPECIES",58.338822,8.546734
"5936641709",2477968,"Dendrocopos major (Linnaeus, 1758)","SPECIES",60.37067,6.093643
"5936641711",2490719,"Turdus merula Linnaeus, 1758","SPECIES",60.248411,5.26372
"5936641712",2487866,"Poecile montanus (Conrad von Baldenstein, 1827)","SPECIES",59.911624,11.086186
"5936641713",9797180,"Ardea cinerea Linnaeus, 1758","SPECIES",62.178501,5.758838
"5936641716",6100954,"Corvus monedula Linnaeus, 1758","SPECIES",58.338822,8.546734
"5936641717",8211070,"Sciurus vulgaris Linnaeus, 1758","SPECIES",60.37067,6.093643
"5936641719",5231190,"Passer domesticus (Linnaeus, 1758)","SPECIES",58.338822,8.546734
"5936641720",2484916,"Sitta europaea Linnaeus, 1758","SPECIES",59.270247,11.079323
"5936641721",2487879,"Cyanistes caeruleus (Linnaeus, 1758)","SPECIES",60.37067,6.093643
"5936641723",8211070,"Sciurus vulgaris Linnaeus, 1758","SPECIES",59.833876,10.782018
"5936641725",2487879,"Cyanistes caeruleus (Linnaeus, 1758)","SPECIES",59.833876,10.782018
"5936641727",5231198,"Passer montanus (Linnaeus, 1758)","SPECIES",59.833876,10.782018
"5936641728",5229493,"Garrulus glandarius (Linnaeus, 1758)","SPECIES",60.010042,11.204833
"5936641730",2482515,"Corvus cornix Linnaeus, 1758","SPECIES",59.877411,10.85031
"5936641731",2484916,"Sitta europaea Linnaeus, 1758","SPECIES",59.833876,10.782018
"5936641732",5229490,"Pica pica (Linnaeus, 1758)","SPECIES",60.010042,11.204833
"5936641734",2482492,"Corvus corax Linnaeus, 1758","SPECIES",58.829872,6.27763
"5936641736",5229490,"Pica pica (Linnaeus, 1758)","SPECIES",59.877411,10.85031
"5936641737",5229490,"Pica pica (Linnaeus, 1758)","SPECIES",59.833876,10.782018
"5936641738",5231198,"Passer montanus (Linnaeus, 1758)","SPECIES",60.010042,11.204833
"5936641740",9705453,"Parus major Linnaeus, 1758","SPECIES",59.833876,10.782018
"5936641742",2482492,"Corvus corax Linnaeus, 1758","SPECIES",58.830448,6.28419
"5936641745",2487879,"Cyanistes caeruleus (Linnaeus, 1758)","SPECIES",59.877411,10.85031
"5936641746",2487871,"Periparus ater (Linnaeus, 1758)","SPECIES",60.010042,11.204833
"5936641749",9705453,"Parus major Linnaeus, 1758","SPECIES",59.877411,10.85031
"5936641750",2484916,"Sitta europaea Linnaeus, 1758","SPECIES",60.010042,11.204833
"5936641752",2494422,"Fringilla coelebs Linnaeus, 1758","SPECIES",59.877411,10.85031
"5936641753",2492462,"Erithacus rubecula (Linnaeus, 1758)","SPECIES",59.003895,5.634806
"5936641755",5231198,"Passer montanus (Linnaeus, 1758)","SPECIES",59.911624,11.086186
"5936641756",2477968,"Dendrocopos major (Linnaeus, 1758)","SPECIES",59.911624,11.086186
"5936641760",2490719,"Turdus merula Linnaeus, 1758","SPECIES",59.911624,11.086186
"5936641761",2494543,"Pyrrhula pyrrhula (Linnaeus, 1758)","SPECIES",59.321845,5.399377
"5936641764",2487871,"Periparus ater (Linnaeus, 1758)","SPECIES",59.911624,11.086186
"5936641768",2490719,"Turdus merula Linnaeus, 1758","SPECIES",59.877411,10.85031
"5936641769",5229490,"Pica pica (Linnaeus, 1758)","SPECIES",59.911624,11.086186
"5936641770",2487866,"Poecile montanus (Conrad von Baldenstein, 1827)","SPECIES",59.911624,11.086186
"5936641773",2484916,"Sitta europaea Linnaeus, 1758","SPECIES",59.877411,10.85031
"5936641774",2490719,"Turdus merula Linnaeus, 1758","SPECIES",59.003895,5.634806
"5936641777",2477968,"Dendrocopos major (Linnaeus, 1758)","SPECIES",59.877411,10.85031
"5936641778",2487879,"Cyanistes caeruleus (Linnaeus, 1758)","SPECIES",59.911624,11.086186
"5936641782",2487871,"Periparus ater (Linnaeus, 1758)","SPECIES",59.877411,10.85031
"5936641783",2484916,"Sitta europaea Linnaeus, 1758","SPECIES",59.911624,11.086186
"5936641785",2487879,"Cyanistes caeruleus (Linnaeus, 1758)","SPECIES",58.533052,6.340293
"5936641786",2494686,"Carduelis carduelis (Linnaeus, 1758)","SPECIES",59.833876,10.782018
"5936641788",2435035,"Felis catus Linnaeus, 1758","SPECIES",58.338822,8.546734
"5936641790",2487879,"Cyanistes caeruleus (Linnaeus, 1758)","SPECIES",58.338822,8.546734
"5936641791",5231190,"Passer domesticus (Linnaeus, 1758)","SPECIES",63.038986,7.783657
"5936641792",2494543,"Pyrrhula pyrrhula (Linnaeus, 1758)","SPECIES",58.533052,6.340293
"5936641793",2490719,"Turdus merula Linnaeus, 1758","SPECIES",59.833876,10.782018
"5936641795",2482515,"Corvus cornix Linnaeus, 1758","SPECIES",58.338822,8.546734
"5936641797",5845582,"Chloris chloris (Linnaeus, 1758)","SPECIES",58.533052,6.340293
"5936641798",2487883,"Lophophanes cristatus (Linnaeus, 1758)","SPECIES",59.833876,10.782018
"5936641799",2492462,"Erithacus rubecula (Linnaeus, 1758)","SPECIES",58.338822,8.546734
"5936641801",2481312,"Cepphus grylle (Linnaeus, 1758)","SPECIES",67.296402,14.39592
"5936641802",2477968,"Dendrocopos major (Linnaeus, 1758)","SPECIES",59.382282,10.411883
"5936641804",5845582,"Chloris chloris (Linnaeus, 1758)","SPECIES",59.561654,9.199125
"5936641805",9705453,"Parus major Linnaeus, 1758","SPECIES",59.911624,11.086186
"5936641807",2481890,"Phalacrocorax carbo (Linnaeus, 1758)","SPECIES",67.296402,14.39592
"5936641808",2487871,"Periparus ater (Linnaeus, 1758)","SPECIES",59.388016,6.01418
"5936641810",5231190,"Passer domesticus (Linnaeus, 1758)","SPECIES",58.533052,6.340293
"5936641811",2498273,"Clangula hyemalis (Linnaeus, 1758)","SPECIES",67.296402,14.39592
"5936641812",5229490,"Pica pica (Linnaeus, 1758)","SPECIES",58.338822,8.546734
"5936641814",2481139,"Larus argentatus Pontoppidan, 1763","SPECIES",67.296402,14.39592
"5936641815",5229490,"Pica pica (Linnaeus, 1758)","SPECIES",63.303087,9.076312
"5936641817",2487879,"Cyanistes caeruleus (Linnaeus, 1758)","SPECIES",59.561654,9.199125
"5936641818",5845582,"Chloris chloris (Linnaeus, 1758)","SPECIES",59.911624,11.086186
"5936641821",5231198,"Passer montanus (Linnaeus, 1758)","SPECIES",59.911624,11.086186
"5936641823",2494543,"Pyrrhula pyrrhula (Linnaeus, 1758)","SPECIES",59.561654,9.199125
"5936641824",2491534,"Emberiza citrinella Linnaeus, 1758","SPECIES",59.911624,11.086186
"5936641826",5229490,"Pica pica (Linnaeus, 1758)","SPECIES",59.911624,11.086186
"5936641829",2492462,"Erithacus rubecula (Linnaeus, 1758)","SPECIES",59.136094,11.065109
"5936641830",5229490,"Pica pica (Linnaeus, 1758)","SPECIES",58.338822,8.546734
"5936641831",2494543,"Pyrrhula pyrrhula (Linnaeus, 1758)","SPECIES",59.006847,5.641198
"5936641833",2492462,"Erithacus rubecula (Linnaeus, 1758)","SPECIES",58.519865,8.923351
"5936641835",2494543,"Pyrrhula pyrrhula (Linnaeus, 1758)","SPECIES",59.136094,11.065109
"5936641836",2481700,"Scolopax rusticola Linnaeus, 1758","SPECIES",59.009022,5.648469
"5936641837",2480449,"Haliaeetus albicilla (Linnaeus, 1758)","SPECIES",59.355453,5.639814
"5936641839",2487871,"Periparus ater (Linnaeus, 1758)","SPECIES",59.911624,11.086186
"5936641841",9705453,"Parus major Linnaeus, 1758","SPECIES",59.136094,11.065109
"5936641842",2492462,"Erithacus rubecula (Linnaeus, 1758)","SPECIES",58.338822,8.546734
"5936641843",2490719,"Turdus merula Linnaeus, 1758","SPECIES",59.422989,6.056443
"5936641845",2487879,"Cyanistes caeruleus (Linnaeus, 1758)","SPECIES",59.136094,11.065109
"5936641846",2490719,"Turdus merula Linnaeus, 1758","SPECIES",59.911624,11.086186
"5936641847",2487603,"Certhia familiaris Linnaeus, 1758","SPECIES",62.178501,5.758838
"5936641850",2490719,"Turdus merula Linnaeus, 1758","SPECIES",59.136094,11.065109
"5936641851",2487879,"Cyanistes caeruleus (Linnaeus, 1758)","SPECIES",60.357725,5.366151
"5936641853",5229490,"Pica pica (Linnaeus, 1758)","SPECIES",58.519865,8.923351
"5936641856",5231190,"Passer domesticus (Linnaeus, 1758)","SPECIES",60.357725,5.366151
"5936641857",2494543,"Pyrrhula pyrrhula (Linnaeus, 1758)","SPECIES",69.507261,30.078729
"5936641858",2482515,"Corvus cornix Linnaeus, 1758","SPECIES",67.283073,14.446634
"5936641859",2494543,"Pyrrhula pyrrhula (Linnaeus, 1758)","SPECIES",60.631798,8.56151
"5936641860",9761484,"Anas platyrhynchos Linnaeus, 1758","SPECIES",67.283073,14.446634
"5936641861",5231190,"Passer domesticus (Linnaeus, 1758)","SPECIES",59.581535,10.817868
"5936641862",2498375,"Mergus serrator Linnaeus, 1758","SPECIES",58.97562,9.821236
"5936641863",2487879,"Cyanistes caeruleus (Linnaeus, 1758)","SPECIES",58.533052,6.340293
"5936641865",2490719,"Turdus merula Linnaeus, 1758","SPECIES",59.006847,5.641198
"5936641866",9705453,"Parus major Linnaeus, 1758","SPECIES",59.561654,9.199125
"5936641867",2487879,"Cyanistes caeruleus (Linnaeus, 1758)","SPECIES",58.338822,8.546734
"5936641868",5229490,"Pica pica (Linnaeus, 1758)","SPECIES",59.561654,9.199125
"5936641869",2481139,"Larus argentatus Pontoppidan, 1763","SPECIES",58.338822,8.546734
"5936641870",2487866,"Poecile montanus (Conrad von Baldenstein, 1827)","SPECIES",69.507261,30.078729
"5936641871",5229490,"Pica pica (Linnaeus, 1758)","SPECIES",67.283073,14.446634
"5936641873",2495093,"Cinclus cinclus (Linnaeus, 1758)","SPECIES",67.283073,14.446634
"5936641874",9705453,"Parus major Linnaeus, 1758","SPECIES",69.507261,30.078729
"5936641875",2481890,"Phalacrocorax carbo (Linnaeus, 1758)","SPECIES",71.061981,28.251564
"5936641876",5231190,"Passer domesticus (Linnaeus, 1758)","SPECIES",67.284676,14.401436
"5936641877",5229490,"Pica pica (Linnaeus, 1758)","SPECIES",59.581535,10.817868
"5936641878",2498326,"Bucephala clangula (Linnaeus, 1758)","SPECIES",58.97562,9.821236
"5936641879",2494422,"Fringilla coelebs Linnaeus, 1758","SPECIES",58.533052,6.340293
"5936641881",2482515,"Corvus cornix Linnaeus, 1758","SPECIES",59.006847,5.641198
"5936641882",5231190,"Passer domesticus (Linnaeus, 1758)","SPECIES",71.063855,28.246471
"5936641883",5231198,"Passer montanus (Linnaeus, 1758)","SPECIES",67.284676,14.401436
"5936641884",2492462,"Erithacus rubecula (Linnaeus, 1758)","SPECIES",59.006847,5.641198
"5936641887",9415596,"Eremophila alpestris (Linnaeus, 1758)","SPECIES",58.97562,9.821236
"5936641888",2494543,"Pyrrhula pyrrhula (Linnaeus, 1758)","SPECIES",59.270247,11.079323
"5936641889",9705453,"Parus major Linnaeus, 1758","SPECIES",59.898445,10.845052
"5936641891",2487879,"Cyanistes caeruleus (Linnaeus, 1758)","SPECIES",60.357725,5.366151
"5936641892",2498273,"Clangula hyemalis (Linnaeus, 1758)","SPECIES",58.97562,9.821236
"5936641894",5229490,"Pica pica (Linnaeus, 1758)","SPECIES",59.006847,5.641198
"5936641896",2481172,"Larus marinus Linnaeus, 1758","SPECIES",58.97562,9.821236
"5936641899",5231190,"Passer domesticus (Linnaeus, 1758)","SPECIES",60.357725,5.366151
"5936641900",9761484,"Anas platyrhynchos Linnaeus, 1758","SPECIES",58.97562,9.821236
"5936641902",2490719,"Turdus merula Linnaeus, 1758","SPECIES",59.898445,10.845052
"5936641904",2481890,"Phalacrocorax carbo (Linnaeus, 1758)","SPECIES",58.97562,9.821236
"5936641906",2482515,"Corvus cornix Linnaeus, 1758","SPECIES",60.074059,11.138036
"5936641908",2481861,"Phalacrocorax aristotelis (Linnaeus, 1761)","SPECIES",58.97562,9.821236
"5936641910",2487879,"Cyanistes caeruleus (Linnaeus, 1758)","SPECIES",59.898445,10.845052
"5936641912",2481139,"Larus argentatus Pontoppidan, 1763","SPECIES",58.97562,9.821236
"5936641914",2487879,"Cyanistes caeruleus (Linnaeus, 1758)","SPECIES",59.270247,11.079323
"5936641915",5229490,"Pica pica (Linnaeus, 1758)","SPECIES",59.898445,10.845052
"5936641916",2492462,"Erithacus rubecula (Linnaeus, 1758)","SPECIES",58.338822,8.546734
"5936641917",2494329,"Coccothraustes coccothraustes (Linnaeus, 1758)","SPECIES",60.37067,6.093643
"5936729305",2494543,"Pyrrhula pyrrhula (Linnaeus, 1758)","SPECIES",55.9927,40.3248
"5937393304",2433753,"Lutra lutra (Linnaeus, 1758)","SPECIES",60.181,25.03
"5937393305",2480537,"Buteo buteo (Linnaeus, 1758)","SPECIES",60.528175,22.084945
"5937393309",2494771,"Pinicola enucleator (Linnaeus, 1758)","SPECIES",62.626,29.697
"5937393310",2498326,"Bucephala clangula (Linnaeus, 1758)","SPECIES",60.542399,21.335339
"5937393312",2494771,"Pinicola enucleator (Linnaeus, 1758)","SPECIES",62.628,29.695
"5937393318",8211070,"Sciurus vulgaris Linnaeus, 1758","SPECIES",66.523964,25.748687
"5937393320",5219243,"Vulpes vulpes (Linnaeus, 1758)","SPECIES",60.110161,25.018642
"5937393326",NA,"Astur Lacepède, 1799","GENUS",60.591487,21.653938
"5937393330",2480537,"Buteo buteo (Linnaeus, 1758)","SPECIES",60.586147,21.972661
"5937393331",5219243,"Vulpes vulpes (Linnaeus, 1758)","SPECIES",60.193548,24.893915
"5937393333",8211070,"Sciurus vulgaris Linnaeus, 1758","SPECIES",66.524022,25.748592
"5937393334",2494771,"Pinicola enucleator (Linnaeus, 1758)","SPECIES",62.627003,29.697317
"5937393337",2487866,"Poecile montanus (Conrad von Baldenstein, 1827)","SPECIES",63.085232,21.611664
"5937393342",2433753,"Lutra lutra (Linnaeus, 1758)","SPECIES",62.98336,28.087258
"5937393343",5845582,"Chloris chloris (Linnaeus, 1758)","SPECIES",60.661485,21.289976
"5937393344",2494543,"Pyrrhula pyrrhula (Linnaeus, 1758)","SPECIES",63.087058,21.609723
"5937393346",5229490,"Pica pica (Linnaeus, 1758)","SPECIES",60.428,22.201
"5937393351",9409796,"Corvus corone Linnaeus, 1758","SPECIES",60.428,22.201
"5937393353",5229490,"Pica pica (Linnaeus, 1758)","SPECIES",60.428,22.201
"5937393356",5220126,"Capreolus capreolus (Linnaeus, 1758)","SPECIES",66.524071,25.748479
"5937393361",2165401,"Diaea dorsata (Fabricius, 1777)","SPECIES",60.933789,26.831394
"5937393362",2165401,"Diaea dorsata (Fabricius, 1777)","SPECIES",60.933789,26.831394
"5937393363",5219219,"Canis aureus Linnaeus, 1758","SPECIES",61.499149,23.583045
"5937393364",2480537,"Buteo buteo (Linnaeus, 1758)","SPECIES",60.539156,21.438375
"5937393366",5229490,"Pica pica (Linnaeus, 1758)","SPECIES",60.427986,22.200604
"5937393367",2435767,"Neomys fodiens (Pennant, 1771)","SPECIES",61.207488,23.777956
"5937430301",2435240,"Lynx lynx (Linnaeus, 1758)","SPECIES",59.457983,9.34819
"5937430303",5219073,"Gulo gulo (Linnaeus, 1758)","SPECIES",69.072537,19.848387
"5937430304",2435240,"Lynx lynx (Linnaeus, 1758)","SPECIES",65.077918,13.301439
"5937430305",2435240,"Lynx lynx (Linnaeus, 1758)","SPECIES",63.161079,11.225774
"5937430307",2435240,"Lynx lynx (Linnaeus, 1758)","SPECIES",69.244898,19.967737
"5937430308",5219073,"Gulo gulo (Linnaeus, 1758)","SPECIES",62.346662,7.347075
"5937430309",2435240,"Lynx lynx (Linnaeus, 1758)","SPECIES",66.381524,14.296015
"5937430310",2435240,"Lynx lynx (Linnaeus, 1758)","SPECIES",66.157379,13.781653
"5937430311",5219073,"Gulo gulo (Linnaeus, 1758)","SPECIES",66.356631,14.62412
"5937430312",5219073,"Gulo gulo (Linnaeus, 1758)","SPECIES",62.1571,7.437253
"5937430313",5219073,"Gulo gulo (Linnaeus, 1758)","SPECIES",62.333608,7.522563
"5937430314",2435240,"Lynx lynx (Linnaeus, 1758)","SPECIES",68.672294,17.15601
"5937430315",5219073,"Gulo gulo (Linnaeus, 1758)","SPECIES",64.302999,10.893535
"5937430316",2435240,"Lynx lynx (Linnaeus, 1758)","SPECIES",66.39828,14.252826
"5937430317",2435240,"Lynx lynx (Linnaeus, 1758)","SPECIES",66.462519,14.296916
"5937430318",2435240,"Lynx lynx (Linnaeus, 1758)","SPECIES",63.397256,11.072715
"5937430321",2435240,"Lynx lynx (Linnaeus, 1758)","SPECIES",66.385828,14.035583
"5937430324",2435240,"Lynx lynx (Linnaeus, 1758)","SPECIES",64.611327,12.361095
"5937430325",2435240,"Lynx lynx (Linnaeus, 1758)","SPECIES",67.150615,15.925841
"5937430328",5219073,"Gulo gulo (Linnaeus, 1758)","SPECIES",62.270292,8.028917
"5937430330",5219173,"Canis lupus Linnaeus, 1758","SPECIES",59.987661,11.388659
"5937430331",2435240,"Lynx lynx (Linnaeus, 1758)","SPECIES",66.897326,14.821402
"5937430332",2435240,"Lynx lynx (Linnaeus, 1758)","SPECIES",66.423514,13.977748
"5937430333",2435240,"Lynx lynx (Linnaeus, 1758)","SPECIES",59.891041,8.691862
"5937430334",2435240,"Lynx lynx (Linnaeus, 1758)","SPECIES",58.97892,9.377195
"5937430336",5219073,"Gulo gulo (Linnaeus, 1758)","SPECIES",65.659183,12.754512
"5937430337",2435240,"Lynx lynx (Linnaeus, 1758)","SPECIES",59.757237,8.816327
"5937430338",5219073,"Gulo gulo (Linnaeus, 1758)","SPECIES",62.335775,7.528736
"5937430339",2435240,"Lynx lynx (Linnaeus, 1758)","SPECIES",61.507713,11.038865
"5937430341",5219073,"Gulo gulo (Linnaeus, 1758)","SPECIES",66.238239,14.134355
"5937430342",2435240,"Lynx lynx (Linnaeus, 1758)","SPECIES",66.382386,14.294547
"5937430344",5219073,"Gulo gulo (Linnaeus, 1758)","SPECIES",62.15708,7.437284
"5937430346",2435240,"Lynx lynx (Linnaeus, 1758)","SPECIES",69.457493,18.346739
"5937430348",5219073,"Gulo gulo (Linnaeus, 1758)","SPECIES",62.327759,8.067448
"5937430352",2435240,"Lynx lynx (Linnaeus, 1758)","SPECIES",59.975234,8.772933
"5937430353",5219073,"Gulo gulo (Linnaeus, 1758)","SPECIES",62.15715,7.437406
"5937430354",2435240,"Lynx lynx (Linnaeus, 1758)","SPECIES",60.110852,10.246652
"5937430356",2435240,"Lynx lynx (Linnaeus, 1758)","SPECIES",59.948997,9.336998
"5937620301",5231630,"Acanthis flammea (Linnaeus, 1758)","SPECIES",58.686911,38.514194
"5937620304",2484916,"Sitta europaea Linnaeus, 1758","SPECIES",55.63789,37.55402
"5937620307",2484916,"Sitta europaea Linnaeus, 1758","SPECIES",55.5497,37.09878
"5937620308",9616058,"Falco tinnunculus Linnaeus, 1758","SPECIES",45.12031,38.6359
"5937620311",5231630,"Acanthis flammea (Linnaeus, 1758)","SPECIES",57.57916,41.07613
"5937620313",2482515,"Corvus cornix Linnaeus, 1758","SPECIES",44.92376,37.36916
"5937620317",2482515,"Corvus cornix Linnaeus, 1758","SPECIES",55.73948,37.45482
"5937620318",2482613,"Nucifraga caryocatactes (Linnaeus, 1758)","SPECIES",55.8437,37.606653
"5937620319",2495414,"Columba livia J.F.Gmelin, 1789","SPECIES",58.184675,40.184495
"5937620320",2481890,"Phalacrocorax carbo (Linnaeus, 1758)","SPECIES",45.13384,38.60928
"5937620321",9705453,"Parus major Linnaeus, 1758","SPECIES",55.707214,37.527111
"5937620324",2487879,"Cyanistes caeruleus (Linnaeus, 1758)","SPECIES",55.5968,37.685717
"5937620325",9705453,"Parus major Linnaeus, 1758","SPECIES",55.08065,36.639083
"5937620326",2490737,"Turdus pilaris Linnaeus, 1758","SPECIES",55.746345,37.642873
"5937620327",2495414,"Columba livia J.F.Gmelin, 1789","SPECIES",55.86874,37.65044
"5937620328",2477968,"Dendrocopos major (Linnaeus, 1758)","SPECIES",55.66095,38.03668
"5937620329",9415596,"Eremophila alpestris (Linnaeus, 1758)","SPECIES",55.884111,44.094153
"5937620330",2487871,"Periparus ater (Linnaeus, 1758)","SPECIES",55.707825,37.528736
"5937620331",2481139,"Larus argentatus Pontoppidan, 1763","SPECIES",55.67039,37.67838
"5937620332",9444556,"Lanius excubitor Linnaeus, 1758","SPECIES",55.415775,38.563172
"5937620336",2493367,"Panurus biarmicus (Linnaeus, 1758)","SPECIES",42.32765,48.06585
"5937620338",2495414,"Columba livia J.F.Gmelin, 1789","SPECIES",55.712125,37.580794
"5937620339",9752617,"Casmerodius albus (Linnaeus, 1758)","SPECIES",45.15142,38.58494
"5937620341",2495414,"Columba livia J.F.Gmelin, 1789","SPECIES",55.704356,37.522156
"5937620342",9705453,"Parus major Linnaeus, 1758","SPECIES",55.745946,37.64335
"5937620343",2494543,"Pyrrhula pyrrhula (Linnaeus, 1758)","SPECIES",55.707825,37.528736
"5937620344",5845582,"Chloris chloris (Linnaeus, 1758)","SPECIES",55.766092,37.493528
"5937620345",2484605,"Bombycilla garrulus (Linnaeus, 1758)","SPECIES",56.3254,39.40939
"5937620346",9705453,"Parus major Linnaeus, 1758","SPECIES",55.89517,37.61975
"5937620348",5231209,"Passer hispaniolensis (Temminck, 1820)","SPECIES",44.13049,46.65603
"5937620349",2498255,"Aythya ferina (Linnaeus, 1758)","SPECIES",42.3299,48.06972
"5937620354",2495414,"Columba livia J.F.Gmelin, 1789","SPECIES",58.184027,40.184259
"5937620356",2490737,"Turdus pilaris Linnaeus, 1758","SPECIES",55.5968,37.685717
"5937620357",9705453,"Parus major Linnaeus, 1758","SPECIES",60.04405,30.30476
"5937620358",8773033,"Dendrocopos medius (Linnaeus, 1758)","SPECIES",55.63774,37.55319
"5937620361",2495414,"Columba livia J.F.Gmelin, 1789","SPECIES",55.719669,37.607306
"5937620363",2487866,"Poecile montanus (Conrad von Baldenstein, 1827)","SPECIES",56.36005,41.0401
"5937620364",2484916,"Sitta europaea Linnaeus, 1758","SPECIES",55.55678,37.10163
"5937620367",2482492,"Corvus corax Linnaeus, 1758","SPECIES",59.84904,31.5848
"5937620368",2490669,"Galerida cristata (Linnaeus, 1758)","SPECIES",43.10165,47.46392
"5937620369",2481181,"Larus cachinnans Pallas, 1811","SPECIES",44.91177,37.32877
"5937620371",2490737,"Turdus pilaris Linnaeus, 1758","SPECIES",55.60986,37.69749
"5937620374",9705453,"Parus major Linnaeus, 1758","SPECIES",55.75144,37.44579
"5937620375",5231198,"Passer montanus (Linnaeus, 1758)","SPECIES",58.18353,40.184003
"5937620377",2494543,"Pyrrhula pyrrhula (Linnaeus, 1758)","SPECIES",55.5968,37.685717
"5937620378",9705453,"Parus major Linnaeus, 1758","SPECIES",60.04788,30.30167
"5937620379",5229493,"Garrulus glandarius (Linnaeus, 1758)","SPECIES",55.080658,36.639042
"5937620381",5231438,"Troglodytes troglodytes (Linnaeus, 1758)","SPECIES",55.86634,37.64794
"5937620383",5231190,"Passer domesticus (Linnaeus, 1758)","SPECIES",55.66085,38.03683
"5937620385",9616058,"Falco tinnunculus Linnaeus, 1758","SPECIES",55.884111,44.094153
"5937620386",2487879,"Cyanistes caeruleus (Linnaeus, 1758)","SPECIES",55.66505,37.66779
"5937620390",2482513,"Corvus frugilegus Linnaeus, 1758","SPECIES",43.09199,47.46412
"5937620392",2482048,"Tachybaptus ruficollis (Pallas, 1764)","SPECIES",42.32988,48.0696
"5937620396",9282206,"Strix aluco Linnaeus, 1758","SPECIES",55.612767,37.684964
"5937620397",5231198,"Passer montanus (Linnaeus, 1758)","SPECIES",60.04614,30.31147
"5937620398",2490719,"Turdus merula Linnaeus, 1758","SPECIES",55.63793,37.55401
"5937620400",2495414,"Columba livia J.F.Gmelin, 1789","SPECIES",55.71881,37.608241
"5937620403",2487883,"Lophophanes cristatus (Linnaeus, 1758)","SPECIES",56.36005,41.0401
"5937620404",2494543,"Pyrrhula pyrrhula (Linnaeus, 1758)","SPECIES",55.55643,37.10163
"5937620405",2495696,"Streptopelia decaocto (Frivaldszky, 1838)","SPECIES",45.11346,38.65889
"5937620408",2484596,"Regulus regulus (Linnaeus, 1758)","SPECIES",57.57917,41.07613
"5937620409",2481139,"Larus argentatus Pontoppidan, 1763","SPECIES",55.719236,37.651474
"5937620410",5231190,"Passer domesticus (Linnaeus, 1758)","SPECIES",43.1016,47.464
"5937620411",2498343,"Cygnus olor (J.F.Gmelin, 1789)","SPECIES",44.91265,37.32855
"5937620414",9761484,"Anas platyrhynchos Linnaeus, 1758","SPECIES",55.744692,37.439544
"5937620415",2495414,"Columba livia J.F.Gmelin, 1789","SPECIES",58.184388,40.184409
"5937620417",2482515,"Corvus cornix Linnaeus, 1758","SPECIES",55.707214,37.527111
"5937620419",2482515,"Corvus cornix Linnaeus, 1758","SPECIES",55.5968,37.685717
"5937620420",5231198,"Passer montanus (Linnaeus, 1758)","SPECIES",55.080669,36.639022
"5937620421",9761484,"Anas platyrhynchos Linnaeus, 1758","SPECIES",55.86821,37.64733
"5937620423",2487879,"Cyanistes caeruleus (Linnaeus, 1758)","SPECIES",55.66093,38.03675
"5937620424",2480589,"Accipiter gentilis (Linnaeus, 1758)","SPECIES",55.884111,44.094153
"5937620425",2480637,"Accipiter nisus (Linnaeus, 1758)","SPECIES",55.707825,37.528736
"5937620426",2495414,"Columba livia J.F.Gmelin, 1789","SPECIES",55.66988,37.6759
"5937620430",2482513,"Corvus frugilegus Linnaeus, 1758","SPECIES",43.064,47.45978
"5937620432",2491557,"Schoeniclus schoeniclus (Linnaeus, 1758)","SPECIES",42.32994,48.06985
"5937620434",2494686,"Carduelis carduelis (Linnaeus, 1758)","SPECIES",58.686353,38.512222
"5937620437",2480637,"Accipiter nisus (Linnaeus, 1758)","SPECIES",55.681081,37.461425
"5937620439",9705453,"Parus major Linnaeus, 1758","SPECIES",55.63787,37.55401
"5937620441",9705453,"Parus major Linnaeus, 1758","SPECIES",55.61063,37.69682
"5937620444",2487871,"Periparus ater (Linnaeus, 1758)","SPECIES",55.54952,37.0991
"5937620445",2482513,"Corvus frugilegus Linnaeus, 1758","SPECIES",45.12128,38.63264
"5937620448",5229490,"Pica pica (Linnaeus, 1758)","SPECIES",45.06108,38.75006
"5937620449",9015784,"Dendrocopos minor (Linnaeus, 1758)","SPECIES",57.57895,41.07601
"5937620450",9705453,"Parus major Linnaeus, 1758","SPECIES",55.718667,37.648275
"5937620451",2480537,"Buteo buteo (Linnaeus, 1758)","SPECIES",44.90118,37.44286
"5937620453",2480537,"Buteo buteo (Linnaeus, 1758)","SPECIES",45.14848,38.58939
"5937620455",2494441,"Fringilla montifringilla Linnaeus, 1758","SPECIES",55.707214,37.527111
"5937620457",5231190,"Passer domesticus (Linnaeus, 1758)","SPECIES",55.746096,37.643152
"5937620458",9705453,"Parus major Linnaeus, 1758","SPECIES",55.87052,37.65404
"5937620459",2484605,"Bombycilla garrulus (Linnaeus, 1758)","SPECIES",55.6609,38.03678
"5937620460",2490737,"Turdus pilaris Linnaeus, 1758","SPECIES",55.707825,37.528736
"5937620461",2481139,"Larus argentatus Pontoppidan, 1763","SPECIES",55.67087,37.6794
"5937620462",2495414,"Columba livia J.F.Gmelin, 1789","SPECIES",55.76653,37.4896
"5937620463",6100954,"Corvus monedula Linnaeus, 1758","SPECIES",55.394786,38.531942
"5937620464",2482515,"Corvus cornix Linnaeus, 1758","SPECIES",55.8949,37.61985
"5937620467",2498343,"Cygnus olor (J.F.Gmelin, 1789)","SPECIES",42.32763,48.06586
"5937620471",2482515,"Corvus cornix Linnaeus, 1758","SPECIES",55.75138,37.44571
"5937620472",2495414,"Columba livia J.F.Gmelin, 1789","SPECIES",58.183633,40.183965
"5937620474",2484916,"Sitta europaea Linnaeus, 1758","SPECIES",55.5968,37.685717
"5937620475",5231190,"Passer domesticus (Linnaeus, 1758)","SPECIES",60.04456,30.30249
"5937620476",2484605,"Bombycilla garrulus (Linnaeus, 1758)","SPECIES",55.080422,36.638606
"5937620479",2482492,"Corvus corax Linnaeus, 1758","SPECIES",55.66095,38.03672
"5937620481",2495000,"Aegithalos caudatus (Linnaeus, 1758)","SPECIES",55.884111,44.094153
"5937620482",2495414,"Columba livia J.F.Gmelin, 1789","SPECIES",55.720596,37.604838
"5937620483",2494543,"Pyrrhula pyrrhula (Linnaeus, 1758)","SPECIES",55.66295,37.66654
"5937620487",2481890,"Phalacrocorax carbo (Linnaeus, 1758)","SPECIES",43.1009,47.46404
"5937620490",2482515,"Corvus cornix Linnaeus, 1758","SPECIES",55.73901,37.46134
"5937620491",2482515,"Corvus cornix Linnaeus, 1758","SPECIES",45.14624,38.59244
"5937620493",5845582,"Chloris chloris (Linnaeus, 1758)","SPECIES",55.707214,37.527111
"5937620495",2487843,"Poecile palustris (Linnaeus, 1758)","SPECIES",55.080661,36.639128
"5937620496",5231198,"Passer montanus (Linnaeus, 1758)","SPECIES",55.746177,37.643048
"5937620497",9761484,"Anas platyrhynchos Linnaeus, 1758","SPECIES",55.86876,37.65049
"5937620498",2494543,"Pyrrhula pyrrhula (Linnaeus, 1758)","SPECIES",55.66098,38.03669
"5937620499",2495000,"Aegithalos caudatus (Linnaeus, 1758)","SPECIES",55.783017,37.356111
"5937620500",5231198,"Passer montanus (Linnaeus, 1758)","SPECIES",55.707825,37.528736
"5937620501",5231198,"Passer montanus (Linnaeus, 1758)","SPECIES",55.67084,37.67943
"5937620502",2480449,"Haliaeetus albicilla (Linnaeus, 1758)","SPECIES",55.397522,38.529153
"5937620503",2495414,"Columba livia J.F.Gmelin, 1789","SPECIES",55.89474,37.61962
"5937620506",2494422,"Fringilla coelebs Linnaeus, 1758","SPECIES",42.32765,48.06585
"5937620510",2482515,"Corvus cornix Linnaeus, 1758","SPECIES",55.76071,37.46494
"5937620511",2495414,"Columba livia J.F.Gmelin, 1789","SPECIES",58.183832,40.184089
"5937620515",2477927,"Dendrocopos leucotos (Bechstein, 1802)","SPECIES",55.5968,37.685717
"5937620516",2482515,"Corvus cornix Linnaeus, 1758","SPECIES",60.04437,30.30437
"5937620517",8069880,"Falco rusticolus Linnaeus, 1758","SPECIES",55.080528,36.639597
"5937620520",2494771,"Pinicola enucleator (Linnaeus, 1758)","SPECIES",55.884111,44.094153
"5937620521",2482515,"Corvus cornix Linnaeus, 1758","SPECIES",55.719669,37.607306
"5937620523",2484596,"Regulus regulus (Linnaeus, 1758)","SPECIES",56.35857,41.04266
"5937620524",2490737,"Turdus pilaris Linnaeus, 1758","SPECIES",55.66054,37.66458
"5937620527",9274012,"Anas querquedula Linnaeus, 1758","SPECIES",43.10091,47.46403
"5937620529",2487603,"Certhia familiaris Linnaeus, 1758","SPECIES",55.61097,37.69127
"5937620530",9705453,"Parus major Linnaeus, 1758","SPECIES",58.686331,38.513422
"5937620531",9705453,"Parus major Linnaeus, 1758","SPECIES",55.68207,37.46319
"5937620532",5231198,"Passer montanus (Linnaeus, 1758)","SPECIES",55.63788,37.554
"5937620534",9705453,"Parus major Linnaeus, 1758","SPECIES",55.58285,37.70598
"5937620538",2487866,"Poecile montanus (Conrad von Baldenstein, 1827)","SPECIES",55.54956,37.09914
"5937620539",9616058,"Falco tinnunculus Linnaeus, 1758","SPECIES",45.131,38.62216
"5937620542",8214667,"Anas crecca Linnaeus, 1758","SPECIES",45.05838,38.74534
"5937620543",9629160,"Loxia curvirostra Linnaeus, 1758","SPECIES",57.57968,41.07734
"5937620544",9761484,"Anas platyrhynchos Linnaeus, 1758","SPECIES",55.716519,37.647321
"5937620545",9797180,"Ardea cinerea Linnaeus, 1758","SPECIES",44.89061,37.53384
"5937620546",9705453,"Parus major Linnaeus, 1758","SPECIES",55.63903,37.56354
"5937620549",9761484,"Anas platyrhynchos Linnaeus, 1758","SPECIES",55.747983,37.435339
"5937620550",9705453,"Parus major Linnaeus, 1758","SPECIES",58.183611,40.184102
"5937620552",2495414,"Columba livia J.F.Gmelin, 1789","SPECIES",55.5968,37.685717
"5937620553",2482515,"Corvus cornix Linnaeus, 1758","SPECIES",60.04794,30.30178
"5937620554",2487866,"Poecile montanus (Conrad von Baldenstein, 1827)","SPECIES",55.080733,36.638922
"5937620556",2487879,"Cyanistes caeruleus (Linnaeus, 1758)","SPECIES",55.86771,37.64865
"5937620558",9705453,"Parus major Linnaeus, 1758","SPECIES",55.66092,38.03678
"5937620560",2473958,"Perdix perdix (Linnaeus, 1758)","SPECIES",55.884111,44.094153
"5937620561",2487603,"Certhia familiaris Linnaeus, 1758","SPECIES",55.707825,37.528736
"5937620562",9705453,"Parus major Linnaeus, 1758","SPECIES",55.66657,37.67112
"5937620566",2482513,"Corvus frugilegus Linnaeus, 1758","SPECIES",43.09015,47.46367
"5937620568",5228199,"Gallinula chloropus (Linnaeus, 1758)","SPECIES",42.32992,48.06972
"5937620571",2490719,"Turdus merula Linnaeus, 1758","SPECIES",60.04614,30.31147
"5937620572",2490737,"Turdus pilaris Linnaeus, 1758","SPECIES",55.63784,37.55316
"5937620574",5231190,"Passer domesticus (Linnaeus, 1758)","SPECIES",55.719669,37.607306
"5937620577",2484596,"Regulus regulus (Linnaeus, 1758)","SPECIES",56.36005,41.0401
"5937620578",9705453,"Parus major Linnaeus, 1758","SPECIES",55.55655,37.10132
"5937620579",2495414,"Columba livia J.F.Gmelin, 1789","SPECIES",45.1127,38.6608
"5937620582",2484605,"Bombycilla garrulus (Linnaeus, 1758)","SPECIES",59.84875,31.58421
"5937620583",9761484,"Anas platyrhynchos Linnaeus, 1758","SPECIES",55.719236,37.651474
"5937620584",2480482,"Circus aeruginosus (Linnaeus, 1758)","SPECIES",43.1016,47.464
"5937620585",2498343,"Cygnus olor (J.F.Gmelin, 1789)","SPECIES",44.91176,37.32877
"5937620587",2482515,"Corvus cornix Linnaeus, 1758","SPECIES",55.6099,37.69749
"5937620590",9705453,"Parus major Linnaeus, 1758","SPECIES",60.04614,30.31147
"5937620591",2494543,"Pyrrhula pyrrhula (Linnaeus, 1758)","SPECIES",55.63789,37.55402
"5937620593",9809229,"Sturnus vulgaris Linnaeus, 1758","SPECIES",55.71881,37.608241
"5937620596",2487871,"Periparus ater (Linnaeus, 1758)","SPECIES",56.36005,41.0401
"5937620597",2477968,"Dendrocopos major (Linnaeus, 1758)","SPECIES",55.55619,37.10071
"5937620598",9797180,"Ardea cinerea Linnaeus, 1758","SPECIES",45.11442,38.65609
"5937620600",2494543,"Pyrrhula pyrrhula (Linnaeus, 1758)","SPECIES",57.57915,41.07612
"5937620601",2482515,"Corvus cornix Linnaeus, 1758","SPECIES",55.719236,37.651474
"5937620602",2482513,"Corvus frugilegus Linnaeus, 1758","SPECIES",43.12957,47.47018
"5937620603",2482513,"Corvus frugilegus Linnaeus, 1758","SPECIES",44.92719,37.34621
"5937620605",2494543,"Pyrrhula pyrrhula (Linnaeus, 1758)","SPECIES",55.711039,37.575071
"5937620606",9797180,"Ardea cinerea Linnaeus, 1758","SPECIES",45.15046,38.5866
"5937620608",2482492,"Corvus corax Linnaeus, 1758","SPECIES",55.707214,37.527111
"5937620609",2487879,"Cyanistes caeruleus (Linnaeus, 1758)","SPECIES",55.745946,37.64335
"5937620610",2494686,"Carduelis carduelis (Linnaeus, 1758)","SPECIES",55.87059,37.65455
"5937620611",2490719,"Turdus merula Linnaeus, 1758","SPECIES",55.707825,37.528736
"5937620612",2487879,"Cyanistes caeruleus (Linnaeus, 1758)","SPECIES",55.766417,37.493056
"5937620613",9761484,"Anas platyrhynchos Linnaeus, 1758","SPECIES",55.390611,38.514175
"5937620614",6100954,"Corvus monedula Linnaeus, 1758","SPECIES",56.32541,39.40937
"5937620615",2492462,"Erithacus rubecula (Linnaeus, 1758)","SPECIES",55.89519,37.61928
"5937620617",7634625,"Miliaria calandra (Linnaeus, 1758)","SPECIES",44.13127,46.65581
"5937620619",2480482,"Circus aeruginosus (Linnaeus, 1758)","SPECIES",42.32763,48.06585
"5937620623",9761484,"Anas platyrhynchos Linnaeus, 1758","SPECIES",55.743336,37.442033
"5937620624",2495414,"Columba livia J.F.Gmelin, 1789","SPECIES",58.18454,40.184463
"5937620625",9761484,"Anas platyrhynchos Linnaeus, 1758","SPECIES",45.06108,38.75005
"5937620626",2487879,"Cyanistes caeruleus (Linnaeus, 1758)","SPECIES",55.707214,37.527111
"5937620629",9705453,"Parus major Linnaeus, 1758","SPECIES",55.5968,37.685717
"5937620630",2487879,"Cyanistes caeruleus (Linnaeus, 1758)","SPECIES",55.08065,36.639083
"5937620631",2482515,"Corvus cornix Linnaeus, 1758","SPECIES",55.86834,37.65019
"5937620632",2487871,"Periparus ater (Linnaeus, 1758)","SPECIES",55.6609,38.03682
"5937620633",2480449,"Haliaeetus albicilla (Linnaeus, 1758)","SPECIES",55.884111,44.094153
"5937620634",2487866,"Poecile montanus (Conrad von Baldenstein, 1827)","SPECIES",55.707825,37.528736
"5937620635",2484916,"Sitta europaea Linnaeus, 1758","SPECIES",55.66988,37.6759
"5937620636",9537647,"Mergus merganser Linnaeus, 1758","SPECIES",55.390542,38.517217
"5937620641",2482065,"Podiceps nigricollis C.L.Brehm, 1831","SPECIES",42.32994,48.06985
"5937620643",2494543,"Pyrrhula pyrrhula (Linnaeus, 1758)","SPECIES",58.686331,38.512994
"5937620648",2487879,"Cyanistes caeruleus (Linnaeus, 1758)","SPECIES",55.63789,37.55402
"5937620649",8773033,"Dendrocopos medius (Linnaeus, 1758)","SPECIES",55.746875,37.480178
"5937620652",9705453,"Parus major Linnaeus, 1758","SPECIES",55.5497,37.09872
"5937620653",2495471,"Columba oenas Linnaeus, 1758","SPECIES",45.12071,38.63454
"5937620656",5231630,"Acanthis flammea (Linnaeus, 1758)","SPECIES",57.57895,41.07601
"5937620657",2495414,"Columba livia J.F.Gmelin, 1789","SPECIES",55.716997,37.647049
"5937620658",2490669,"Galerida cristata (Linnaeus, 1758)","SPECIES",44.92469,37.37305
"5937620663",9705453,"Parus major Linnaeus, 1758","SPECIES",55.75148,37.44591
"5937620664",2495414,"Columba livia J.F.Gmelin, 1789","SPECIES",58.18353,40.184003
"5937620666",2487603,"Certhia familiaris Linnaeus, 1758","SPECIES",55.5968,37.685717
"5937620667",2477968,"Dendrocopos major (Linnaeus, 1758)","SPECIES",60.04783,30.30156
"5937620668",2494543,"Pyrrhula pyrrhula (Linnaeus, 1758)","SPECIES",55.080589,36.638778
"5937620670",5231198,"Passer montanus (Linnaeus, 1758)","SPECIES",55.8663,37.64781
"5937620672",5231198,"Passer montanus (Linnaeus, 1758)","SPECIES",55.6609,38.03667
"5937620674",9761484,"Anas platyrhynchos Linnaeus, 1758","SPECIES",55.884111,44.094153
"5937620675",9705453,"Parus major Linnaeus, 1758","SPECIES",55.66408,37.6671
"5937620679",9761484,"Anas platyrhynchos Linnaeus, 1758","SPECIES",43.10089,47.46408
"5937620681",2493367,"Panurus biarmicus (Linnaeus, 1758)","SPECIES",42.32988,48.06959
"5937620683",2495000,"Aegithalos caudatus (Linnaeus, 1758)","SPECIES",58.702531,38.523122
"5937620684",9705453,"Parus major Linnaeus, 1758","SPECIES",55.68032,37.46042
"5937620685",9809229,"Sturnus vulgaris Linnaeus, 1758","SPECIES",42.82071,47.65662
"5937620688",2492462,"Erithacus rubecula (Linnaeus, 1758)","SPECIES",55.60779,37.68581
"5937620690",2494543,"Pyrrhula pyrrhula (Linnaeus, 1758)","SPECIES",55.58807,37.57458
"5937620693",9752617,"Casmerodius albus (Linnaeus, 1758)","SPECIES",45.06209,38.75411
"5937620694",9705453,"Parus major Linnaeus, 1758","SPECIES",57.58203,41.07683
"5937620695",2494422,"Fringilla coelebs Linnaeus, 1758","SPECIES",44.17474,46.69439
"5937620696",2490737,"Turdus pilaris Linnaeus, 1758","SPECIES",55.83738,37.60533
"5937620699",2482515,"Corvus cornix Linnaeus, 1758","SPECIES",55.7499,37.50374
"5937620701",5229490,"Pica pica (Linnaeus, 1758)","SPECIES",58.685414,38.514581
"5937620702",9705453,"Parus major Linnaeus, 1758","SPECIES",55.68171,37.4626
"5937620703",5231198,"Passer montanus (Linnaeus, 1758)","SPECIES",55.63886,37.56374
"5937620705",5231198,"Passer montanus (Linnaeus, 1758)","SPECIES",55.59287,37.69278
"5937620709",2484596,"Regulus regulus (Linnaeus, 1758)","SPECIES",55.54989,37.09517
"5937620710",9809229,"Sturnus vulgaris Linnaeus, 1758","SPECIES",45.14738,38.60842
"5937620713",2491557,"Schoeniclus schoeniclus (Linnaeus, 1758)","SPECIES",45.05989,38.74721
"5937620714",2477872,"Dryocopus martius (Linnaeus, 1758)","SPECIES",57.58127,41.07546
"5937620715",2495414,"Columba livia J.F.Gmelin, 1789","SPECIES",55.71296,37.64742
"5937620716",2495696,"Streptopelia decaocto (Frivaldszky, 1838)","SPECIES",44.89076,37.53483
"5937620718",5232162,"Glaucidium passerinum (Linnaeus, 1758)","SPECIES",55.079942,36.640969
"5937620719",2487879,"Cyanistes caeruleus (Linnaeus, 1758)","SPECIES",55.63906,37.56329
"5937620720",2494543,"Pyrrhula pyrrhula (Linnaeus, 1758)","SPECIES",55.84217,37.61214
"5937620722",9629160,"Loxia curvirostra Linnaeus, 1758","SPECIES",58.734839,38.716783
"5937620723",2487879,"Cyanistes caeruleus (Linnaeus, 1758)","SPECIES",55.68032,37.46042
"5937620725",2484916,"Sitta europaea Linnaeus, 1758","SPECIES",55.73695,37.80447
"5937620726",5228228,"Tetrax tetrax (Linnaeus, 1758)","SPECIES",42.8269,47.65839
"5937620728",2490737,"Turdus pilaris Linnaeus, 1758","SPECIES",55.76102,37.83891
"5937620730",9705453,"Parus major Linnaeus, 1758","SPECIES",55.60779,37.68582
"5937620732",2494543,"Pyrrhula pyrrhula (Linnaeus, 1758)","SPECIES",55.58805,37.57463
"5937620733",9705453,"Parus major Linnaeus, 1758","SPECIES",55.76623,37.48912
"5937620736",2495455,"Columba palumbus Linnaeus, 1758","SPECIES",45.06215,38.75534
"5937620737",2482515,"Corvus cornix Linnaeus, 1758","SPECIES",44.17471,46.69439
"5937620738",2494543,"Pyrrhula pyrrhula (Linnaeus, 1758)","SPECIES",55.83739,37.60531
"5937620741",9705453,"Parus major Linnaeus, 1758","SPECIES",55.7499,37.50374
"5937620743",5229493,"Garrulus glandarius (Linnaeus, 1758)","SPECIES",58.687717,38.511233
"5937620744",9761484,"Anas platyrhynchos Linnaeus, 1758","SPECIES",55.68171,37.4626
"5937620745",5231190,"Passer domesticus (Linnaeus, 1758)","SPECIES",42.8207,47.65662
"5937620747",2494543,"Pyrrhula pyrrhula (Linnaeus, 1758)","SPECIES",55.60675,37.70091
"5937620749",8773033,"Dendrocopos medius (Linnaeus, 1758)","SPECIES",55.58715,37.57345
"5937620751",2490737,"Turdus pilaris Linnaeus, 1758","SPECIES",45.18949,38.55599
"5937620754",2498343,"Cygnus olor (J.F.Gmelin, 1789)","SPECIES",45.06157,38.7502
"5937620755",5845582,"Chloris chloris (Linnaeus, 1758)","SPECIES",57.58125,41.07551
"5937620756",2474377,"Fulica atra Linnaeus, 1758","SPECIES",55.713319,37.648108
"5937620757",2480637,"Accipiter nisus (Linnaeus, 1758)","SPECIES",55.84227,37.61107
"5937620761",2482492,"Corvus corax Linnaeus, 1758","SPECIES",58.687717,38.511233
"5937620762",2487879,"Cyanistes caeruleus (Linnaeus, 1758)","SPECIES",55.68171,37.4626
"5937620763",9797180,"Ardea cinerea Linnaeus, 1758","SPECIES",55.88707,37.37483
"5937620765",5231630,"Acanthis flammea (Linnaeus, 1758)","SPECIES",55.60675,37.70091
"5937620768",2490737,"Turdus pilaris Linnaeus, 1758","SPECIES",55.549442,37.083008
"5937620769",5231190,"Passer domesticus (Linnaeus, 1758)","SPECIES",45.16505,38.59281
"5937620772",2494422,"Fringilla coelebs Linnaeus, 1758","SPECIES",45.06096,38.74932
"5937620773",2494771,"Pinicola enucleator (Linnaeus, 1758)","SPECIES",57.57968,41.07734
"5937620774",9761484,"Anas platyrhynchos Linnaeus, 1758","SPECIES",55.713319,37.648108
"5937620775",2495455,"Columba palumbus Linnaeus, 1758","SPECIES",44.89602,37.56192
"5937620776",2477968,"Dendrocopos major (Linnaeus, 1758)","SPECIES",55.63948,37.56258
"5937620777",5229493,"Garrulus glandarius (Linnaeus, 1758)","SPECIES",55.84216,37.61214
"5937620783",9537647,"Mergus merganser Linnaeus, 1758","SPECIES",55.67108,37.68038
"5937620784",2482492,"Corvus corax Linnaeus, 1758","SPECIES",55.973183,36.0285
"5937620786",2480637,"Accipiter nisus (Linnaeus, 1758)","SPECIES",55.73658,37.80327
"5937620787",5231198,"Passer montanus (Linnaeus, 1758)","SPECIES",55.7723,37.82927
"5937620788",5229493,"Garrulus glandarius (Linnaeus, 1758)","SPECIES",59.85169,31.60972
"5937620789",9761484,"Anas platyrhynchos Linnaeus, 1758","SPECIES",55.57545,38.08888
"5937620790",9761484,"Anas platyrhynchos Linnaeus, 1758","SPECIES",55.4454,37.58807
"5937620791",2495414,"Columba livia J.F.Gmelin, 1789","SPECIES",55.7649,37.48259
"5937620792",2482515,"Corvus cornix Linnaeus, 1758","SPECIES",55.90926,36.83029
"5937620794",2480353,"Pelecanus crispus Bruch, 1832","SPECIES",44.15999,46.71774
"5937620796",9705453,"Parus major Linnaeus, 1758","SPECIES",55.882628,37.673436
"5937620797",5231190,"Passer domesticus (Linnaeus, 1758)","SPECIES",42.32988,48.06959
"5937620798",2484916,"Sitta europaea Linnaeus, 1758","SPECIES",55.70763,37.51553
"5937620801",2495414,"Columba livia J.F.Gmelin, 1789","SPECIES",55.66086,38.03676
"5937620803",2484916,"Sitta europaea Linnaeus, 1758","SPECIES",55.750647,37.489097
"5937620806",2482492,"Corvus corax Linnaeus, 1758","SPECIES",55.775239,37.783128
"5937620809",9761484,"Anas platyrhynchos Linnaeus, 1758","SPECIES",55.67108,37.68038
"5937620810",2487879,"Cyanistes caeruleus (Linnaeus, 1758)","SPECIES",55.974369,36.030303
"5937620812",5231198,"Passer montanus (Linnaeus, 1758)","SPECIES",55.73385,37.80068
"5937620813",2487879,"Cyanistes caeruleus (Linnaeus, 1758)","SPECIES",55.7723,37.82934
"5937620814",2490719,"Turdus merula Linnaeus, 1758","SPECIES",59.85119,31.60724
"5937620815",2498326,"Bucephala clangula (Linnaeus, 1758)","SPECIES",55.57404,38.08958
"5937620816",2495414,"Columba livia J.F.Gmelin, 1789","SPECIES",55.58791,37.57999
"5937620817",2482515,"Corvus cornix Linnaeus, 1758","SPECIES",55.764639,37.482703
"5937620818",6100954,"Corvus monedula Linnaeus, 1758","SPECIES",55.91134,36.82344
"5937620820",2475532,"Alcedo atthis (Linnaeus, 1758)","SPECIES",44.15999,46.71774
"5937620821",9705453,"Parus major Linnaeus, 1758","SPECIES",55.883017,37.673314
"5937620822",2480910,"Botaurus stellaris (Linnaeus, 1758)","SPECIES",42.32996,48.06957
"5937620823",5845582,"Chloris chloris (Linnaeus, 1758)","SPECIES",55.70352,37.50823
"5937620825",9705453,"Parus major Linnaeus, 1758","SPECIES",55.67485,37.69324
"5937620826",5229493,"Garrulus glandarius (Linnaeus, 1758)","SPECIES",55.66093,38.03677
"5937620828",9705453,"Parus major Linnaeus, 1758","SPECIES",55.750569,37.490319
"5937620831",9705453,"Parus major Linnaeus, 1758","SPECIES",55.782036,37.779297
"5937620834",2484916,"Sitta europaea Linnaeus, 1758","SPECIES",55.58703,37.57415
"5937620835",2480637,"Accipiter nisus (Linnaeus, 1758)","SPECIES",55.6704,37.67847
"5937620836",9705453,"Parus major Linnaeus, 1758","SPECIES",55.76298,37.48166
"5937620837",9705453,"Parus major Linnaeus, 1758","SPECIES",55.968228,36.024144
"5937620838",2495414,"Columba livia J.F.Gmelin, 1789","SPECIES",55.831989,37.455672
"5937620840",2482492,"Corvus corax Linnaeus, 1758","SPECIES",56.707548,38.882459
"5937620841",9761484,"Anas platyrhynchos Linnaeus, 1758","SPECIES",44.9835,38.87499
"5937620843",2482515,"Corvus cornix Linnaeus, 1758","SPECIES",55.780444,37.728889
"5937620845",2487879,"Cyanistes caeruleus (Linnaeus, 1758)","SPECIES",59.84913,31.58486
"5937620846",2498326,"Bucephala clangula (Linnaeus, 1758)","SPECIES",55.57655,38.08041
"5937620848",2487603,"Certhia familiaris Linnaeus, 1758","SPECIES",55.44301,37.5876
"5937620849",5232464,"Branta leucopsis (Bechstein, 1803)","SPECIES",55.66521,37.67195
"5937620851",2484596,"Regulus regulus (Linnaeus, 1758)","SPECIES",55.707214,37.527111
"5937620853",9761484,"Anas platyrhynchos Linnaeus, 1758","SPECIES",55.881894,37.668925
"5937620854",2482065,"Podiceps nigricollis C.L.Brehm, 1831","SPECIES",42.33083,48.07426
"5937620855",2495414,"Columba livia J.F.Gmelin, 1789","SPECIES",55.70883,37.5169
"5937620856",2494543,"Pyrrhula pyrrhula (Linnaeus, 1758)","SPECIES",55.71355,38.96589
"5937620857",2481172,"Larus marinus Linnaeus, 1758","SPECIES",55.671151,37.685571
"5937620860",5231190,"Passer domesticus (Linnaeus, 1758)","SPECIES",55.080631,36.638972
"5937620862",2487879,"Cyanistes caeruleus (Linnaeus, 1758)","SPECIES",55.77415,37.783419
"5937620864",2498261,"Aythya fuligula (Linnaeus, 1758)","SPECIES",55.67108,37.68038
"5937620866",5231190,"Passer domesticus (Linnaeus, 1758)","SPECIES",55.7341,37.8006
"5937620867",5229490,"Pica pica (Linnaeus, 1758)","SPECIES",42.47403,47.91515
"5937620868",2482513,"Corvus frugilegus Linnaeus, 1758","SPECIES",55.7724,37.83161
"5937620869",2487879,"Cyanistes caeruleus (Linnaeus, 1758)","SPECIES",55.800696,37.50946
"5937620870",2482515,"Corvus cornix Linnaeus, 1758","SPECIES",59.84985,31.60065
"5937620871",6092830,"Spinus spinus (Linnaeus, 1758)","SPECIES",55.707825,37.528736
"5937620872",2487879,"Cyanistes caeruleus (Linnaeus, 1758)","SPECIES",55.588,37.58021
"5937620873",2495414,"Columba livia J.F.Gmelin, 1789","SPECIES",55.76537,37.48503
"5937620874",2478523,"Picus viridis Linnaeus, 1758","SPECIES",44.15999,46.71774
"5937620875",9761484,"Anas platyrhynchos Linnaeus, 1758","SPECIES",55.883025,37.673503
"5937620878",2482515,"Corvus cornix Linnaeus, 1758","SPECIES",55.67485,37.69324
"5937620879",5229490,"Pica pica (Linnaeus, 1758)","SPECIES",55.66095,38.03679
"5937620881",9705453,"Parus major Linnaeus, 1758","SPECIES",55.749044,37.492453
"5937620884",5231198,"Passer montanus (Linnaeus, 1758)","SPECIES",55.782033,37.779319
"5937620887",2490737,"Turdus pilaris Linnaeus, 1758","SPECIES",55.58437,37.57835
"5937620888",6100954,"Corvus monedula Linnaeus, 1758","SPECIES",55.67063,37.67917
"5937620889",6092830,"Spinus spinus (Linnaeus, 1758)","SPECIES",55.973703,36.029736
"5937620891",2480637,"Accipiter nisus (Linnaeus, 1758)","SPECIES",55.726817,37.447619
"5937620893",5231630,"Acanthis flammea (Linnaeus, 1758)","SPECIES",59.85248,31.61353
"5937620894",2481139,"Larus argentatus Pontoppidan, 1763","SPECIES",55.57545,38.08888
"5937620895",9797180,"Ardea cinerea Linnaeus, 1758","SPECIES",55.4454,37.58807
"5937620896",2490737,"Turdus pilaris Linnaeus, 1758","SPECIES",55.66041,37.66456
"5937620898",2494543,"Pyrrhula pyrrhula (Linnaeus, 1758)","SPECIES",55.707214,37.527111
"5937620900",2487603,"Certhia familiaris Linnaeus, 1758","SPECIES",55.882681,37.673586
"5937620901",2482048,"Tachybaptus ruficollis (Pallas, 1764)","SPECIES",42.32984,48.0692
"5937620902",2482492,"Corvus corax Linnaeus, 1758","SPECIES",55.70883,37.5169
"5937620903",9761484,"Anas platyrhynchos Linnaeus, 1758","SPECIES",55.671151,37.685571
"5937620907",2484916,"Sitta europaea Linnaeus, 1758","SPECIES",55.774292,37.783686
"5937620909",2484916,"Sitta europaea Linnaeus, 1758","SPECIES",55.58716,37.57345
"5937620910",5231190,"Passer domesticus (Linnaeus, 1758)","SPECIES",55.76298,37.48103
"5937620911",2487866,"Poecile montanus (Conrad von Baldenstein, 1827)","SPECIES",55.96519,36.00523
"5937620912",2487879,"Cyanistes caeruleus (Linnaeus, 1758)","SPECIES",55.8315,37.456756
"5937620914",2482492,"Corvus corax Linnaeus, 1758","SPECIES",56.74571,38.96234
"5937620915",2482515,"Corvus cornix Linnaeus, 1758","SPECIES",44.97958,38.8723
"5937620916",2495414,"Columba livia J.F.Gmelin, 1789","SPECIES",55.748453,37.640202
"5937620918",5229493,"Garrulus glandarius (Linnaeus, 1758)","SPECIES",55.46959,37.17332
"5937620920",2490669,"Galerida cristata (Linnaeus, 1758)","SPECIES",42.80832,47.60837
"5937620921",9705453,"Parus major Linnaeus, 1758","SPECIES",55.780747,37.726522
"5937620924",2495414,"Columba livia J.F.Gmelin, 1789","SPECIES",55.677067,37.675853
"5937620925",2487879,"Cyanistes caeruleus (Linnaeus, 1758)","SPECIES",55.57565,38.0771
"5937620927",5231198,"Passer montanus (Linnaeus, 1758)","SPECIES",55.44274,37.58423
"5937620930",2482513,"Corvus frugilegus Linnaeus, 1758","SPECIES",43.167,47.47284
"5937620931",2490737,"Turdus pilaris Linnaeus, 1758","SPECIES",55.707214,37.527111
"5937620932",9705453,"Parus major Linnaeus, 1758","SPECIES",55.881992,37.665906
"5937620933",2482515,"Corvus cornix Linnaeus, 1758","SPECIES",42.37973,47.99709
"5937620934",9705453,"Parus major Linnaeus, 1758","SPECIES",55.70917,37.51679
"5937620936",2487603,"Certhia familiaris Linnaeus, 1758","SPECIES",55.774111,37.783392
"5937620939",2487603,"Certhia familiaris Linnaeus, 1758","SPECIES",55.58724,37.57355
"5937620940",7982160,"Larus canus Linnaeus, 1758","SPECIES",55.67108,37.68031
"5937620941",2495414,"Columba livia J.F.Gmelin, 1789","SPECIES",55.76303,37.48154
"5937620942",2494543,"Pyrrhula pyrrhula (Linnaeus, 1758)","SPECIES",55.96735,36.00969
"5937620943",9705453,"Parus major Linnaeus, 1758","SPECIES",55.8315,37.456756
"5937620945",5229490,"Pica pica (Linnaeus, 1758)","SPECIES",56.715951,38.910745
"5937620946",5229490,"Pica pica (Linnaeus, 1758)","SPECIES",44.97969,38.87237
"5937620948",9444556,"Lanius excubitor Linnaeus, 1758","SPECIES",55.46988,37.17313
"5937620950",9752617,"Casmerodius albus (Linnaeus, 1758)","SPECIES",42.81241,47.60505
"5937620951",2487879,"Cyanistes caeruleus (Linnaeus, 1758)","SPECIES",55.780489,37.729025
"5937620952",2482515,"Corvus cornix Linnaeus, 1758","SPECIES",55.677067,37.675853
"5937620953",2487866,"Poecile montanus (Conrad von Baldenstein, 1827)","SPECIES",55.57605,38.07841
"5937620955",5845582,"Chloris chloris (Linnaeus, 1758)","SPECIES",55.44272,37.58659
"5937620956",2498261,"Aythya fuligula (Linnaeus, 1758)","SPECIES",55.6666,37.67273
"5937620959",5229493,"Garrulus glandarius (Linnaeus, 1758)","SPECIES",55.424861,37.202225
"5937620960",5229490,"Pica pica (Linnaeus, 1758)","SPECIES",43.13035,47.47038
"5937620961",2484916,"Sitta europaea Linnaeus, 1758","SPECIES",55.707214,37.527111
"5937620962",9761484,"Anas platyrhynchos Linnaeus, 1758","SPECIES",55.881978,37.666281
"5937620963",9813242,"Falco columbarius Linnaeus, 1758","SPECIES",42.37959,47.99765
"5937620964",2484916,"Sitta europaea Linnaeus, 1758","SPECIES",55.70917,37.51679
"5937620967",2478548,"Picus canus J.F.Gmelin, 1788","SPECIES",55.774114,37.783408
"5937620970",2494543,"Pyrrhula pyrrhula (Linnaeus, 1758)","SPECIES",55.58724,37.57357
"5937620971",2498261,"Aythya fuligula (Linnaeus, 1758)","SPECIES",55.67122,37.68038
"5937620972",2482515,"Corvus cornix Linnaeus, 1758","SPECIES",55.76296,37.48153
"5937620973",2487871,"Periparus ater (Linnaeus, 1758)","SPECIES",55.96751,36.01163
"5937620974",5231198,"Passer montanus (Linnaeus, 1758)","SPECIES",55.831953,37.455511
"5937620976",5229490,"Pica pica (Linnaeus, 1758)","SPECIES",56.697751,38.830666
"5937620977",2480482,"Circus aeruginosus (Linnaeus, 1758)","SPECIES",44.98129,38.87353
"5937620979",9705453,"Parus major Linnaeus, 1758","SPECIES",55.780489,37.729025
"5937620980",9705453,"Parus major Linnaeus, 1758","SPECIES",55.57605,38.07841
"5937620982",5229490,"Pica pica (Linnaeus, 1758)","SPECIES",55.44266,37.58705
"5937620983",6065824,"Larus ridibundus Linnaeus, 1766","SPECIES",55.66526,37.67207
"5937620986",2478548,"Picus canus J.F.Gmelin, 1788","SPECIES",55.707214,37.527111
"5937620987",9761484,"Anas platyrhynchos Linnaeus, 1758","SPECIES",55.881978,37.667128
"5937620988",9809229,"Sturnus vulgaris Linnaeus, 1758","SPECIES",42.36068,48.0379
"5937620989",5231198,"Passer montanus (Linnaeus, 1758)","SPECIES",55.70917,37.51679
"5937620990",2487883,"Lophophanes cristatus (Linnaeus, 1758)","SPECIES",55.71096,38.9651
"5937620994",8773033,"Dendrocopos medius (Linnaeus, 1758)","SPECIES",55.774128,37.783392
"5937620997",9705453,"Parus major Linnaeus, 1758","SPECIES",55.58558,37.57815
"5937620998",2482515,"Corvus cornix Linnaeus, 1758","SPECIES",55.67063,37.67917
"5937620999",2495000,"Aegithalos caudatus (Linnaeus, 1758)","SPECIES",55.972186,36.028822
"5937621001",2482492,"Corvus corax Linnaeus, 1758","SPECIES",56.697751,38.830666
"5937621002",2494686,"Carduelis carduelis (Linnaeus, 1758)","SPECIES",44.98361,38.87668
"5937621004",2482515,"Corvus cornix Linnaeus, 1758","SPECIES",55.726833,37.447844
"5937621006",2482492,"Corvus corax Linnaeus, 1758","SPECIES",59.85248,31.61353
"5937621007",9797180,"Ardea cinerea Linnaeus, 1758","SPECIES",55.57617,38.08791
"5937621009",2490737,"Turdus pilaris Linnaeus, 1758","SPECIES",55.44314,37.58773
"5937621010",2480637,"Accipiter nisus (Linnaeus, 1758)","SPECIES",55.65881,37.66276
"5937621012",2490719,"Turdus merula Linnaeus, 1758","SPECIES",55.707214,37.527111
"5937621014",9761484,"Anas platyrhynchos Linnaeus, 1758","SPECIES",55.882267,37.672344
"5937621015",2482059,"Podiceps auritus (Linnaeus, 1758)","SPECIES",42.33077,48.07382
"5937621016",2482515,"Corvus cornix Linnaeus, 1758","SPECIES",55.70883,37.5169
"5937621017",9537647,"Mergus merganser Linnaeus, 1758","SPECIES",55.671151,37.685571
"5937621021",9705453,"Parus major Linnaeus, 1758","SPECIES",55.774275,37.783697
"5937621023",9705453,"Parus major Linnaeus, 1758","SPECIES",55.58715,37.57345
"5937621024",5231190,"Passer domesticus (Linnaeus, 1758)","SPECIES",55.76269,37.48357
"5937621025",5229493,"Garrulus glandarius (Linnaeus, 1758)","SPECIES",55.96587,36.00801
"5937621026",2482515,"Corvus cornix Linnaeus, 1758","SPECIES",55.8315,37.456756
"5937621028",5229490,"Pica pica (Linnaeus, 1758)","SPECIES",56.74571,38.96234
"5937621030",2495414,"Columba livia J.F.Gmelin, 1789","SPECIES",55.7494,37.503714
"5937621031",2494422,"Fringilla coelebs Linnaeus, 1758","SPECIES",44.97946,38.87222
"5937621032",2482515,"Corvus cornix Linnaeus, 1758","SPECIES",55.748368,37.63759
"5937621033",2482515,"Corvus cornix Linnaeus, 1758","SPECIES",57.452522,41.506087
"5937621035",2477968,"Dendrocopos major (Linnaeus, 1758)","SPECIES",55.46959,37.17331
"5937621038",2482513,"Corvus frugilegus Linnaeus, 1758","SPECIES",42.73116,47.66426
"5937621039",2495414,"Columba livia J.F.Gmelin, 1789","SPECIES",55.780953,37.725703
"5937621042",5231198,"Passer montanus (Linnaeus, 1758)","SPECIES",55.677189,37.676072
"5937621043",2498326,"Bucephala clangula (Linnaeus, 1758)","SPECIES",55.57524,38.07557
"5937621045",2482513,"Corvus frugilegus Linnaeus, 1758","SPECIES",55.44134,37.57728
"5937621048",2482515,"Corvus cornix Linnaeus, 1758","SPECIES",43.18059,47.47184
"5937621049",2492462,"Erithacus rubecula (Linnaeus, 1758)","SPECIES",55.707214,37.527111
"5937621050",5229490,"Pica pica (Linnaeus, 1758)","SPECIES",42.43403,47.93652
"5937621051",2487879,"Cyanistes caeruleus (Linnaeus, 1758)","SPECIES",55.70917,37.51679
"5937621052",9705453,"Parus major Linnaeus, 1758","SPECIES",55.79305,37.438761
"5937621054",2477968,"Dendrocopos major (Linnaeus, 1758)","SPECIES",55.774125,37.783397
"5937621055",2495414,"Columba livia J.F.Gmelin, 1789","SPECIES",55.67903,37.45981
"5937621057",2482515,"Corvus cornix Linnaeus, 1758","SPECIES",55.73695,37.80447
"5937621058",2482513,"Corvus frugilegus Linnaeus, 1758","SPECIES",42.83527,47.63202
"5937621060",2495414,"Columba livia J.F.Gmelin, 1789","SPECIES",55.76276,37.83904
"5937621062",2487879,"Cyanistes caeruleus (Linnaeus, 1758)","SPECIES",55.60779,37.68582
"5937621063",5231190,"Passer domesticus (Linnaeus, 1758)","SPECIES",55.61212,37.53463
"5937621065",2487879,"Cyanistes caeruleus (Linnaeus, 1758)","SPECIES",55.58841,37.57938
"5937621066",2482515,"Corvus cornix Linnaeus, 1758","SPECIES",55.76588,37.48885
"5937621069",9752149,"Phasianus colchicus Linnaeus, 1758","SPECIES",44.16469,46.71682
"5937621070",6100954,"Corvus monedula Linnaeus, 1758","SPECIES",55.83615,37.59867
"5937621073",5845582,"Chloris chloris (Linnaeus, 1758)","SPECIES",55.74838,37.49863
"5937621075",2494686,"Carduelis carduelis (Linnaeus, 1758)","SPECIES",55.745269,37.64408
"5937621077",9705453,"Parus major Linnaeus, 1758","SPECIES",55.73813,37.8029
"5937621079",2490669,"Galerida cristata (Linnaeus, 1758)","SPECIES",42.54502,47.86894
"5937621080",2482515,"Corvus cornix Linnaeus, 1758","SPECIES",55.77077,37.83749
"5937621081",9705453,"Parus major Linnaeus, 1758","SPECIES",55.800696,37.50946
"5937621082",2494543,"Pyrrhula pyrrhula (Linnaeus, 1758)","SPECIES",59.84907,31.58491
"5937621083",9705453,"Parus major Linnaeus, 1758","SPECIES",55.61245,37.53575
"5937621085",9705453,"Parus major Linnaeus, 1758","SPECIES",55.58839,37.57999
"5937621086",5231190,"Passer domesticus (Linnaeus, 1758)","SPECIES",55.76489,37.487
"5937621088",9797180,"Ardea cinerea Linnaeus, 1758","SPECIES",44.16253,46.71715
"5937621091",9705453,"Parus major Linnaeus, 1758","SPECIES",55.678509,37.705334
"5937621092",5231630,"Acanthis flammea (Linnaeus, 1758)","SPECIES",55.747397,37.4936
"5937621096",2492462,"Erithacus rubecula (Linnaeus, 1758)","SPECIES",55.745626,37.643807
"5937621097",2498326,"Bucephala clangula (Linnaeus, 1758)","SPECIES",55.67108,37.68038
"5937621099",2487879,"Cyanistes caeruleus (Linnaeus, 1758)","SPECIES",55.73813,37.8029
"5937621101",2490669,"Galerida cristata (Linnaeus, 1758)","SPECIES",42.49212,47.9059
"5937621102",6100954,"Corvus monedula Linnaeus, 1758","SPECIES",55.77138,37.83452
"5937621103",2482515,"Corvus cornix Linnaeus, 1758","SPECIES",55.800696,37.50946
"5937621104",5229490,"Pica pica (Linnaeus, 1758)","SPECIES",59.84948,31.58824
"5937621105",2484596,"Regulus regulus (Linnaeus, 1758)","SPECIES",55.707825,37.528736
"5937621106",9705453,"Parus major Linnaeus, 1758","SPECIES",55.58802,37.58021
"5937621107",2495414,"Columba livia J.F.Gmelin, 1789","SPECIES",55.76498,37.48686
"5937621109",2480449,"Haliaeetus albicilla (Linnaeus, 1758)","SPECIES",44.16206,46.71725
"5937621110",9705453,"Parus major Linnaeus, 1758","SPECIES",55.883344,37.673408
"5937621113",2487879,"Cyanistes caeruleus (Linnaeus, 1758)","SPECIES",55.678509,37.705334
"5937621114",2482515,"Corvus cornix Linnaeus, 1758","SPECIES",55.66094,38.03679
"5937621116",2494543,"Pyrrhula pyrrhula (Linnaeus, 1758)","SPECIES",55.74805,37.491969
"5937621119",9015784,"Dendrocopos minor (Linnaeus, 1758)","SPECIES",55.745342,37.644128
"5937621120",9761484,"Anas platyrhynchos Linnaeus, 1758","SPECIES",55.67907,37.45966
"5937621122",5229493,"Garrulus glandarius (Linnaeus, 1758)","SPECIES",55.73846,37.804
"5937621124",2490669,"Galerida cristata (Linnaeus, 1758)","SPECIES",42.64772,47.71974
"5937621126",9705453,"Parus major Linnaeus, 1758","SPECIES",55.76345,37.83908
"5937621128",2484916,"Sitta europaea Linnaeus, 1758","SPECIES",55.6078,37.68583
"5937621129",2495414,"Columba livia J.F.Gmelin, 1789","SPECIES",55.6123,37.53464
"5937621131",2494543,"Pyrrhula pyrrhula (Linnaeus, 1758)","SPECIES",55.5884,37.57996
"5937621132",2495414,"Columba livia J.F.Gmelin, 1789","SPECIES",55.76552,37.48875
"5937621134",2498347,"Cygnus cygnus (Linnaeus, 1758)","SPECIES",44.16438,46.71687
"5937621137",2482515,"Corvus cornix Linnaeus, 1758","SPECIES",55.68302,37.7084
"5937621138",2487879,"Cyanistes caeruleus (Linnaeus, 1758)","SPECIES",55.748044,37.496261
"5937621140",2480524,"Buteo lagopus (Pontoppidan, 1763)","SPECIES",55.744636,37.644731
"5937621143",2490719,"Turdus merula Linnaeus, 1758","SPECIES",55.73846,37.804
"5937621145",6100954,"Corvus monedula Linnaeus, 1758","SPECIES",42.62886,47.74326
"5937621146",2484916,"Sitta europaea Linnaeus, 1758","SPECIES",55.76984,37.83783
"5937621147",2495414,"Columba livia J.F.Gmelin, 1789","SPECIES",55.800696,37.50946
"5937621148",9705453,"Parus major Linnaeus, 1758","SPECIES",59.84907,31.58491
"5937621149",2482515,"Corvus cornix Linnaeus, 1758","SPECIES",55.61245,37.53577
"5937621151",2484916,"Sitta europaea Linnaeus, 1758","SPECIES",55.58839,37.57999
"5937621152",5231190,"Passer domesticus (Linnaeus, 1758)","SPECIES",55.7654,37.48815
"5937621154",2498343,"Cygnus olor (J.F.Gmelin, 1789)","SPECIES",44.16374,46.71697
"5937621158",9705453,"Parus major Linnaeus, 1758","SPECIES",55.748281,37.495747
"5937621161",2477927,"Dendrocopos leucotos (Bechstein, 1802)","SPECIES",55.58715,37.57345
"5937621162",2482515,"Corvus cornix Linnaeus, 1758","SPECIES",59.101342,37.933469
"5937621163",5231190,"Passer domesticus (Linnaeus, 1758)","SPECIES",55.762731,37.484731
"5937621164",2494543,"Pyrrhula pyrrhula (Linnaeus, 1758)","SPECIES",55.829086,37.461364
"5937621166",5229490,"Pica pica (Linnaeus, 1758)","SPECIES",56.74571,38.96234
"5937621168",2482515,"Corvus cornix Linnaeus, 1758","SPECIES",55.748081,37.503919
"5937621169",2474377,"Fulica atra Linnaeus, 1758","SPECIES",44.97747,38.8717
"5937621171",9761484,"Anas platyrhynchos Linnaeus, 1758","SPECIES",55.747108,37.636372
"5937621172",5231198,"Passer montanus (Linnaeus, 1758)","SPECIES",55.703906,37.580741
"5937621173",2494543,"Pyrrhula pyrrhula (Linnaeus, 1758)","SPECIES",57.45616,41.51223
"5937621175",2477968,"Dendrocopos major (Linnaeus, 1758)","SPECIES",55.4655,37.17618
"5937621177",2494543,"Pyrrhula pyrrhula (Linnaeus, 1758)","SPECIES",55.792697,37.350892
"5937621178",2495696,"Streptopelia decaocto (Frivaldszky, 1838)","SPECIES",42.71841,47.66337
"5937621180",2495414,"Columba livia J.F.Gmelin, 1789","SPECIES",55.780694,37.728314
"5937621181",2495414,"Columba livia J.F.Gmelin, 1789","SPECIES",55.860644,37.449944
"5937621184",2495414,"Columba livia J.F.Gmelin, 1789","SPECIES",55.676931,37.674014
"5937621189",2490669,"Galerida cristata (Linnaeus, 1758)","SPECIES",43.20348,47.47012
"5937621190",2487871,"Periparus ater (Linnaeus, 1758)","SPECIES",55.707214,37.527111
"5937621191",2480637,"Accipiter nisus (Linnaeus, 1758)","SPECIES",55.793261,37.438325
"5937621194",2487879,"Cyanistes caeruleus (Linnaeus, 1758)","SPECIES",55.748469,37.505647
"5937621196",2482492,"Corvus corax Linnaeus, 1758","SPECIES",55.748792,37.63267
"5937621197",9705453,"Parus major Linnaeus, 1758","SPECIES",55.702073,37.580448
"5937621198",5229490,"Pica pica (Linnaeus, 1758)","SPECIES",57.45679,41.5143
"5937621199",2477968,"Dendrocopos major (Linnaeus, 1758)","SPECIES",55.46306,37.18446
"5937621201",9705453,"Parus major Linnaeus, 1758","SPECIES",55.73458,37.80009
"5937621203",5229490,"Pica pica (Linnaeus, 1758)","SPECIES",42.71082,47.64368
"5937621204",6100954,"Corvus monedula Linnaeus, 1758","SPECIES",44.912792,38.004164
"5937621207",2487603,"Certhia familiaris Linnaeus, 1758","SPECIES",55.860644,37.449944
"5937621208",2484605,"Bombycilla garrulus (Linnaeus, 1758)","SPECIES",56.70026,38.90247
"5937621212",2487879,"Cyanistes caeruleus (Linnaeus, 1758)","SPECIES",55.677986,37.671069
"5937621214",2495414,"Columba livia J.F.Gmelin, 1789","SPECIES",55.54509,37.07386
"5937621215",5229490,"Pica pica (Linnaeus, 1758)","SPECIES",45.2437,38.48639
"5937621216",5231198,"Passer montanus (Linnaeus, 1758)","SPECIES",55.793958,37.419253
"5937621217",2477968,"Dendrocopos major (Linnaeus, 1758)","SPECIES",59.84894,31.58479
"5937621220",2482515,"Corvus cornix Linnaeus, 1758","SPECIES",55.707895,37.643542
"5937621221",2482515,"Corvus cornix Linnaeus, 1758","SPECIES",43.23754,47.46579
"5937621222",2495414,"Columba livia J.F.Gmelin, 1789","SPECIES",55.786417,37.442114
"5937621223",2490669,"Galerida cristata (Linnaeus, 1758)","SPECIES",45.33028,37.91827
"5937621224",2495414,"Columba livia J.F.Gmelin, 1789","SPECIES",55.803853,37.453144
"5937621226",2487879,"Cyanistes caeruleus (Linnaeus, 1758)","SPECIES",55.58715,37.57344
"5937621227",2495414,"Columba livia J.F.Gmelin, 1789","SPECIES",59.100944,37.931494
"5937621228",2495414,"Columba livia J.F.Gmelin, 1789","SPECIES",55.76273,37.48353
"5937621229",5229493,"Garrulus glandarius (Linnaeus, 1758)","SPECIES",55.831542,37.456686
"5937621231",2482515,"Corvus cornix Linnaeus, 1758","SPECIES",56.74571,38.96234
"5937621233",9705453,"Parus major Linnaeus, 1758","SPECIES",55.748558,37.503856
"5937621234",2494441,"Fringilla montifringilla Linnaeus, 1758","SPECIES",44.97747,38.8717
"5937621237",2495414,"Columba livia J.F.Gmelin, 1789","SPECIES",57.45614,41.51211
"5937621239",2487603,"Certhia familiaris Linnaeus, 1758","SPECIES",55.46612,37.17733
"5937621241",2494543,"Pyrrhula pyrrhula (Linnaeus, 1758)","SPECIES",55.785531,37.353636
"5937621242",5231209,"Passer hispaniolensis (Temminck, 1820)","SPECIES",42.73116,47.66426
"5937621244",9705453,"Parus major Linnaeus, 1758","SPECIES",55.780644,37.728003
"5937621247",5231190,"Passer domesticus (Linnaeus, 1758)","SPECIES",55.677189,37.676072
"5937621248",9761484,"Anas platyrhynchos Linnaeus, 1758","SPECIES",55.57469,38.07181
"5937621252",2482513,"Corvus frugilegus Linnaeus, 1758","SPECIES",43.18359,47.4717
"5937621253",2480537,"Buteo buteo (Linnaeus, 1758)","SPECIES",55.707214,37.527111
"5937621254",2482065,"Podiceps nigricollis C.L.Brehm, 1831","SPECIES",42.54479,47.86935
"5937621255",5231630,"Acanthis flammea (Linnaeus, 1758)","SPECIES",55.71131,37.52306
"5937621256",2487879,"Cyanistes caeruleus (Linnaeus, 1758)","SPECIES",55.793058,37.438722
"5937621258",6100954,"Corvus monedula Linnaeus, 1758","SPECIES",59.101386,37.933211
"5937621259",2495414,"Columba livia J.F.Gmelin, 1789","SPECIES",55.76299,37.48615
"5937621260",9761484,"Anas platyrhynchos Linnaeus, 1758","SPECIES",55.829131,37.4596
"5937621261",2482492,"Corvus corax Linnaeus, 1758","SPECIES",56.74571,38.96234
"5937621263",2482492,"Corvus corax Linnaeus, 1758","SPECIES",55.747719,37.505431
"5937621264",9761484,"Anas platyrhynchos Linnaeus, 1758","SPECIES",44.97703,38.8717
"5937621266",9705453,"Parus major Linnaeus, 1758","SPECIES",55.748144,37.638846
"5937621267",2495414,"Columba livia J.F.Gmelin, 1789","SPECIES",55.704182,37.580726
"5937621268",5231198,"Passer montanus (Linnaeus, 1758)","SPECIES",57.45641,41.51353
"5937621270",2487883,"Lophophanes cristatus (Linnaeus, 1758)","SPECIES",55.46357,37.17835
"5937621272",2484916,"Sitta europaea Linnaeus, 1758","SPECIES",55.73848,37.80378
"5937621273",5229490,"Pica pica (Linnaeus, 1758)","SPECIES",55.792847,37.351008
"5937621275",2482513,"Corvus frugilegus Linnaeus, 1758","SPECIES",42.71784,47.66207
"5937621277",2487879,"Cyanistes caeruleus (Linnaeus, 1758)","SPECIES",55.78065,37.728006
"5937621278",9705453,"Parus major Linnaeus, 1758","SPECIES",55.860644,37.449944
"5937621279",2490719,"Turdus merula Linnaeus, 1758","SPECIES",56.70026,38.90247
"5937621283",9705453,"Parus major Linnaeus, 1758","SPECIES",55.676931,37.674014
"5937621285",2498265,"Aythya marila (Linnaeus, 1761)","SPECIES",55.6621,37.67118
"5937621289",5229490,"Pica pica (Linnaeus, 1758)","SPECIES",43.216,47.46939
"5937621290",2487866,"Poecile montanus (Conrad von Baldenstein, 1827)","SPECIES",55.707214,37.527111
"5937621291",2477968,"Dendrocopos major (Linnaeus, 1758)","SPECIES",55.788228,37.441219
"5937621292",2477968,"Dendrocopos major (Linnaeus, 1758)","SPECIES",55.792994,37.439294
"5937621294",5231190,"Passer domesticus (Linnaeus, 1758)","SPECIES",59.100328,37.935444
"5937621295",5231190,"Passer domesticus (Linnaeus, 1758)","SPECIES",55.76296,37.4861
"5937621296",2474377,"Fulica atra Linnaeus, 1758","SPECIES",55.838242,37.465664
"5937621298",2484916,"Sitta europaea Linnaeus, 1758","SPECIES",55.748453,37.505522
"5937621300",2482515,"Corvus cornix Linnaeus, 1758","SPECIES",55.749561,37.632767
"5937621301",2482515,"Corvus cornix Linnaeus, 1758","SPECIES",55.702073,37.580448
"5937621302",9705453,"Parus major Linnaeus, 1758","SPECIES",57.452522,41.506087
"5937621303",2477968,"Dendrocopos major (Linnaeus, 1758)","SPECIES",55.46356,37.18197
"5937621305",9705453,"Parus major Linnaeus, 1758","SPECIES",55.73686,37.80192
"5937621306",5845582,"Chloris chloris (Linnaeus, 1758)","SPECIES",55.783378,37.356747
"5937621308",2482513,"Corvus frugilegus Linnaeus, 1758","SPECIES",42.71268,47.64905
"5937621311",5231198,"Passer montanus (Linnaeus, 1758)","SPECIES",55.860644,37.449944
"5937621312",2494543,"Pyrrhula pyrrhula (Linnaeus, 1758)","SPECIES",56.70026,38.90247
"5937621316",2482515,"Corvus cornix Linnaeus, 1758","SPECIES",55.676931,37.674014
"5937621318",9705453,"Parus major Linnaeus, 1758","SPECIES",55.54642,37.07568
"5937621320",6100954,"Corvus monedula Linnaeus, 1758","SPECIES",59.84872,31.5827
"5937621323",2490669,"Galerida cristata (Linnaeus, 1758)","SPECIES",43.23567,47.46607
"5937621324",2480637,"Accipiter nisus (Linnaeus, 1758)","SPECIES",55.786417,37.442114
"5937621325",2482513,"Corvus frugilegus Linnaeus, 1758","SPECIES",45.33028,37.91827
"5937621326",2482515,"Corvus cornix Linnaeus, 1758","SPECIES",55.803331,37.444419
"5937621328",2482492,"Corvus corax Linnaeus, 1758","SPECIES",55.74566,37.48381
"5937621329",9705453,"Parus major Linnaeus, 1758","SPECIES",55.623828,37.72265
"5937621330",2495414,"Columba livia J.F.Gmelin, 1789","SPECIES",55.777803,37.655092
"5937621333",2495414,"Columba livia J.F.Gmelin, 1789","SPECIES",55.780792,37.7213
"5937621336",2473421,"Lagopus lagopus (Linnaeus, 1758)","SPECIES",61.43206,46.374
"5937621338",9797180,"Ardea cinerea Linnaeus, 1758","SPECIES",45.28597,38.39313
"5937621341",9705453,"Parus major Linnaeus, 1758","SPECIES",55.543617,37.535778
"5937621342",2484916,"Sitta europaea Linnaeus, 1758","SPECIES",55.90192,37.56387
"5937621348",2495414,"Columba livia J.F.Gmelin, 1789","SPECIES",55.779739,37.718133
"5937621351",2495414,"Columba livia J.F.Gmelin, 1789","SPECIES",55.58787,37.58033
"5937621352",9705453,"Parus major Linnaeus, 1758","SPECIES",61.26197,46.84846
"5937621353",5231190,"Passer domesticus (Linnaeus, 1758)","SPECIES",55.642356,37.731114
"5937621355",9705453,"Parus major Linnaeus, 1758","SPECIES",55.541214,37.531272
"5937621357",2482492,"Corvus corax Linnaeus, 1758","SPECIES",55.750581,37.487958
"5937621358",2495414,"Columba livia J.F.Gmelin, 1789","SPECIES",55.44688,37.57454
"5937621359",2484916,"Sitta europaea Linnaeus, 1758","SPECIES",55.9034,37.56464
"5937621366",9705453,"Parus major Linnaeus, 1758","SPECIES",53.29716,42.00332
"5937621368",2484916,"Sitta europaea Linnaeus, 1758","SPECIES",55.58519,37.58534
"5937621369",2487879,"Cyanistes caeruleus (Linnaeus, 1758)","SPECIES",61.26197,46.84846
"5937621370",2498015,"Tadorna ferruginea (Pallas, 1764)","SPECIES",55.641886,37.72755
"5937621374",2477968,"Dendrocopos major (Linnaeus, 1758)","SPECIES",57.45785,41.52385
"5937621376",9705453,"Parus major Linnaeus, 1758","SPECIES",55.750669,37.483031
"5937621377",2482515,"Corvus cornix Linnaeus, 1758","SPECIES",55.44501,37.56792
"5937621378",9705453,"Parus major Linnaeus, 1758","SPECIES",55.90194,37.56396
"5937621385",2482515,"Corvus cornix Linnaeus, 1758","SPECIES",55.777478,37.717039
"5937621387",9705453,"Parus major Linnaeus, 1758","SPECIES",55.5873,37.58206
"5937621388",2487866,"Poecile montanus (Conrad von Baldenstein, 1827)","SPECIES",61.26197,46.84846
"5937621389",7982160,"Larus canus Linnaeus, 1758","SPECIES",55.641914,37.727767
"5937621393",9705453,"Parus major Linnaeus, 1758","SPECIES",57.45775,41.52325
"5937621395",2494543,"Pyrrhula pyrrhula (Linnaeus, 1758)","SPECIES",55.750622,37.484567
"5937621396",2484605,"Bombycilla garrulus (Linnaeus, 1758)","SPECIES",55.44688,37.57454
"5937621397",9705453,"Parus major Linnaeus, 1758","SPECIES",55.599417,37.715417
"5937621398",9705453,"Parus major Linnaeus, 1758","SPECIES",55.90351,37.56467
"5937621405",9705453,"Parus major Linnaeus, 1758","SPECIES",55.848278,37.39999
"5937621407",2495000,"Aegithalos caudatus (Linnaeus, 1758)","SPECIES",53.29716,42.00332
"5937621409",2487879,"Cyanistes caeruleus (Linnaeus, 1758)","SPECIES",55.58401,37.58633
"5937621410",2494543,"Pyrrhula pyrrhula (Linnaeus, 1758)","SPECIES",61.26197,46.84846
"5937621411",2477968,"Dendrocopos major (Linnaeus, 1758)","SPECIES",55.642253,37.725186
"5937621412",2487603,"Certhia familiaris Linnaeus, 1758","SPECIES",55.5878,37.59157
"5937621415",2482515,"Corvus cornix Linnaeus, 1758","SPECIES",57.45785,41.52385
"5937621417",5231198,"Passer montanus (Linnaeus, 1758)","SPECIES",55.750308,37.479033
"5937621419",2484916,"Sitta europaea Linnaeus, 1758","SPECIES",55.74572,37.4837
"5937621420",5231198,"Passer montanus (Linnaeus, 1758)","SPECIES",55.621739,37.722069
"5937621421",6100954,"Corvus monedula Linnaeus, 1758","SPECIES",55.778928,37.653933
"5937621423",2490719,"Turdus merula Linnaeus, 1758","SPECIES",55.73409,37.80043
"5937621424",2482515,"Corvus cornix Linnaeus, 1758","SPECIES",55.781278,37.723906
"5937621430",5231630,"Acanthis flammea (Linnaeus, 1758)","SPECIES",61.43206,46.374
"5937621432",9616058,"Falco tinnunculus Linnaeus, 1758","SPECIES",45.28614,38.3946
"5937621435",5231190,"Passer domesticus (Linnaeus, 1758)","SPECIES",55.54445,37.536175
"5937621436",9752617,"Casmerodius albus (Linnaeus, 1758)","SPECIES",45.06228,38.75876
"5937621437",2495414,"Columba livia J.F.Gmelin, 1789","SPECIES",55.782608,37.721728
"5937621438",2482515,"Corvus cornix Linnaeus, 1758","SPECIES",55.90179,37.56391
"5937621439",2490737,"Turdus pilaris Linnaeus, 1758","SPECIES",55.74747,37.48101
"5937621442",9705453,"Parus major Linnaeus, 1758","SPECIES",55.780964,37.719831
"5937621445",2482515,"Corvus cornix Linnaeus, 1758","SPECIES",55.58787,37.58033
"5937621446",2484605,"Bombycilla garrulus (Linnaeus, 1758)","SPECIES",61.26197,46.84846
"5937621447",9537647,"Mergus merganser Linnaeus, 1758","SPECIES",55.639256,37.739292
"5937621449",2480537,"Buteo buteo (Linnaeus, 1758)","SPECIES",45.28444,38.38024
"5937621452",2482515,"Corvus cornix Linnaeus, 1758","SPECIES",55.541203,37.532081
"5937621453",2494543,"Pyrrhula pyrrhula (Linnaeus, 1758)","SPECIES",55.44522,37.5613
"5937621454",2494543,"Pyrrhula pyrrhula (Linnaeus, 1758)","SPECIES",55.90194,37.56396
"5937621461",9705453,"Parus major Linnaeus, 1758","SPECIES",55.778839,37.717492
"5937621463",2487879,"Cyanistes caeruleus (Linnaeus, 1758)","SPECIES",55.5873,37.58204
"5937621464",5229493,"Garrulus glandarius (Linnaeus, 1758)","SPECIES",61.26197,46.84846
"5937621465",2487879,"Cyanistes caeruleus (Linnaeus, 1758)","SPECIES",55.642356,37.731047
"5937621468",2495414,"Columba livia J.F.Gmelin, 1789","SPECIES",55.540811,37.530689
"5937621470",2487603,"Certhia familiaris Linnaeus, 1758","SPECIES",55.750611,37.486325
"5937621471",2477927,"Dendrocopos leucotos (Bechstein, 1802)","SPECIES",55.74729,37.48387
"5937621474",2482515,"Corvus cornix Linnaeus, 1758","SPECIES",55.780797,37.721011
"5937621477",2473682,"Lyrurus tetrix (Linnaeus, 1758)","SPECIES",61.43206,46.374
"5937621479",9752617,"Casmerodius albus (Linnaeus, 1758)","SPECIES",45.2848,38.38332
"5937621480",5231190,"Passer domesticus (Linnaeus, 1758)","SPECIES",55.74505,37.498061
"5937621483",9761484,"Anas platyrhynchos Linnaeus, 1758","SPECIES",55.541792,37.533933
"5937621485",2487603,"Certhia familiaris Linnaeus, 1758","SPECIES",55.44615,37.57744
"5937621486",2495414,"Columba livia J.F.Gmelin, 1789","SPECIES",55.600103,37.715583
"5937621487",2487879,"Cyanistes caeruleus (Linnaeus, 1758)","SPECIES",55.90351,37.56467
"5937621496",2494543,"Pyrrhula pyrrhula (Linnaeus, 1758)","SPECIES",55.848278,37.39999
"5937621497",9761484,"Anas platyrhynchos Linnaeus, 1758","SPECIES",55.88408,37.67889
"5937621500",9705453,"Parus major Linnaeus, 1758","SPECIES",55.58401,37.58633
"5937621501",5231198,"Passer montanus (Linnaeus, 1758)","SPECIES",55.642558,37.724042
"5937621502",9705453,"Parus major Linnaeus, 1758","SPECIES",55.58777,37.5915
"5937621505",5229490,"Pica pica (Linnaeus, 1758)","SPECIES",57.45785,41.52385
"5937621507",2487879,"Cyanistes caeruleus (Linnaeus, 1758)","SPECIES",55.748447,37.475975
"5937621511",2482515,"Corvus cornix Linnaeus, 1758","SPECIES",55.747314,37.493464
"5937621513",2495414,"Columba livia J.F.Gmelin, 1789","SPECIES",55.731444,37.63913
"5937621514",9705453,"Parus major Linnaeus, 1758","SPECIES",57.45679,41.5143
"5937621515",2482492,"Corvus corax Linnaeus, 1758","SPECIES",55.46157,37.18424
"5937621517",5231198,"Passer montanus (Linnaeus, 1758)","SPECIES",55.73458,37.80009
"5937621519",5231198,"Passer montanus (Linnaeus, 1758)","SPECIES",42.71064,47.64287
"5937621520",2482513,"Corvus frugilegus Linnaeus, 1758","SPECIES",44.912792,38.004164
"5937621522",2490737,"Turdus pilaris Linnaeus, 1758","SPECIES",56.70026,38.90247
"5937621525",2494543,"Pyrrhula pyrrhula (Linnaeus, 1758)","SPECIES",55.677986,37.671069
"5937621527",6100954,"Corvus monedula Linnaeus, 1758","SPECIES",55.5465,37.07166
"5937621528",2495696,"Streptopelia decaocto (Frivaldszky, 1838)","SPECIES",45.25684,38.45525
"5937621529",2487879,"Cyanistes caeruleus (Linnaeus, 1758)","SPECIES",55.793958,37.419253
"5937621530",5845582,"Chloris chloris (Linnaeus, 1758)","SPECIES",59.84894,31.58479
"5937621533",5231630,"Acanthis flammea (Linnaeus, 1758)","SPECIES",57.58364,41.07642
"5937621534",9761484,"Anas platyrhynchos Linnaeus, 1758","SPECIES",55.707895,37.643542
"5937621535",2482513,"Corvus frugilegus Linnaeus, 1758","SPECIES",43.24102,47.46595
"5937621536",2477968,"Dendrocopos major (Linnaeus, 1758)","SPECIES",55.785953,37.441481
"5937621537",9797180,"Ardea cinerea Linnaeus, 1758","SPECIES",45.27511,38.19295
"5937621538",9705453,"Parus major Linnaeus, 1758","SPECIES",55.803775,37.453436
"5937621540",9761484,"Anas platyrhynchos Linnaeus, 1758","SPECIES",56.14547,40.43794
"5937621541",2494543,"Pyrrhula pyrrhula (Linnaeus, 1758)","SPECIES",55.74682,37.48649
"5937621542",2482515,"Corvus cornix Linnaeus, 1758","SPECIES",55.624725,37.719089
"5937621545",7982160,"Larus canus Linnaeus, 1758","SPECIES",55.731527,37.647361
"5937621546",2487879,"Cyanistes caeruleus (Linnaeus, 1758)","SPECIES",55.73423,37.80045
"5937621547",9705453,"Parus major Linnaeus, 1758","SPECIES",55.78085,37.723831
"5937621551",9809229,"Sturnus vulgaris Linnaeus, 1758","SPECIES",45.26668,38.44165
"5937621553",2487603,"Certhia familiaris Linnaeus, 1758","SPECIES",55.795967,37.415506
"5937621555",2490737,"Turdus pilaris Linnaeus, 1758","SPECIES",57.58427,41.07897
"5937621556",2481139,"Larus argentatus Pontoppidan, 1763","SPECIES",55.708525,37.633953
"5937621557",6100954,"Corvus monedula Linnaeus, 1758","SPECIES",55.544689,37.535886
"5937621558",2482515,"Corvus cornix Linnaeus, 1758","SPECIES",55.781214,37.438592
"5937621559",9752149,"Phasianus colchicus Linnaeus, 1758","SPECIES",45.28105,38.35002
"5937621560",5231630,"Acanthis flammea (Linnaeus, 1758)","SPECIES",55.793597,37.439425
"5937621561",5231198,"Passer montanus (Linnaeus, 1758)","SPECIES",55.777806,37.716653
"5937621563",9761484,"Anas platyrhynchos Linnaeus, 1758","SPECIES",56.16906,40.41778
"5937621565",9705453,"Parus major Linnaeus, 1758","SPECIES",55.747122,37.488228
"5937621566",2490737,"Turdus pilaris Linnaeus, 1758","SPECIES",55.624883,37.721964
"5937621568",9761484,"Anas platyrhynchos Linnaeus, 1758","SPECIES",55.731527,37.647361
"5937621569",2494543,"Pyrrhula pyrrhula (Linnaeus, 1758)","SPECIES",57.45679,41.5143
"5937621571",2495414,"Columba livia J.F.Gmelin, 1789","SPECIES",55.73458,37.80009
"5937621574",9705453,"Parus major Linnaeus, 1758","SPECIES",56.70026,38.90247
"5937621577",2482515,"Corvus cornix Linnaeus, 1758","SPECIES",55.677986,37.671069
"5937621579",9705453,"Parus major Linnaeus, 1758","SPECIES",55.54701,37.07119
"5937621580",5231198,"Passer montanus (Linnaeus, 1758)","SPECIES",45.2632,38.4464
"5937621581",9705453,"Parus major Linnaeus, 1758","SPECIES",55.793958,37.419253
"5937621582",2490737,"Turdus pilaris Linnaeus, 1758","SPECIES",59.84901,31.58479
"5937621584",5229490,"Pica pica (Linnaeus, 1758)","SPECIES",57.58363,41.07645
"5937621585",2481139,"Larus argentatus Pontoppidan, 1763","SPECIES",55.707895,37.643542
"5937621586",2481181,"Larus cachinnans Pallas, 1811","SPECIES",43.27563,47.47392
"5937621587",2495414,"Columba livia J.F.Gmelin, 1789","SPECIES",55.544756,37.5358
"5937621588",2494543,"Pyrrhula pyrrhula (Linnaeus, 1758)","SPECIES",55.785778,37.440581
"5937621589",9752617,"Casmerodius albus (Linnaeus, 1758)","SPECIES",45.28086,38.27534
"5937621590",5231190,"Passer domesticus (Linnaeus, 1758)","SPECIES",55.803778,37.453264
"5937621592",9761484,"Anas platyrhynchos Linnaeus, 1758","SPECIES",56.14731,40.4367
"5937621596",2487603,"Certhia familiaris Linnaeus, 1758","SPECIES",55.74681,37.48641
"5937621597",2495414,"Columba livia J.F.Gmelin, 1789","SPECIES",55.622067,37.725956
"5937621600",2481139,"Larus argentatus Pontoppidan, 1763","SPECIES",55.731527,37.647361
"5937621601",5229493,"Garrulus glandarius (Linnaeus, 1758)","SPECIES",57.45679,41.5143
"5937621603",2482515,"Corvus cornix Linnaeus, 1758","SPECIES",55.73458,37.80009
"5937621608",2494543,"Pyrrhula pyrrhula (Linnaeus, 1758)","SPECIES",55.5488,37.06888
"5937621609",2494422,"Fringilla coelebs Linnaeus, 1758","SPECIES",45.26564,38.44305
"5937621611",2487603,"Certhia familiaris Linnaeus, 1758","SPECIES",55.795617,37.415281
"5937621612",5229493,"Garrulus glandarius (Linnaeus, 1758)","SPECIES",59.84901,31.58479
"5937621614",2487879,"Cyanistes caeruleus (Linnaeus, 1758)","SPECIES",57.58418,41.07903
"5937621615",2482515,"Corvus cornix Linnaeus, 1758","SPECIES",55.708525,37.633953
"5937621616",9761484,"Anas platyrhynchos Linnaeus, 1758","SPECIES",55.544378,37.536508
"5937621617",2482492,"Corvus corax Linnaeus, 1758","SPECIES",55.785778,37.440581
"5937621618",9616058,"Falco tinnunculus Linnaeus, 1758","SPECIES",45.281,38.34777
"5937621619",2482515,"Corvus cornix Linnaeus, 1758","SPECIES",55.803417,37.453897
"5937621620",2482513,"Corvus frugilegus Linnaeus, 1758","SPECIES",55.777647,37.717608
"5937621622",2495414,"Columba livia J.F.Gmelin, 1789","SPECIES",55.749722,37.480406
"5937621623",2487879,"Cyanistes caeruleus (Linnaeus, 1758)","SPECIES",55.623136,37.723358
"5937621624",2482515,"Corvus cornix Linnaeus, 1758","SPECIES",55.778956,37.654108
"5937621626",2495414,"Columba livia J.F.Gmelin, 1789","SPECIES",55.731527,37.647361
"5937621627",5231198,"Passer montanus (Linnaeus, 1758)","SPECIES",55.73423,37.80045
"5937621628",2495414,"Columba livia J.F.Gmelin, 1789","SPECIES",55.781908,37.72395
"5937621631",9705453,"Parus major Linnaeus, 1758","SPECIES",61.43206,46.374
"5937621633",9809229,"Sturnus vulgaris Linnaeus, 1758","SPECIES",45.27935,38.42495
"5937621635",2484916,"Sitta europaea Linnaeus, 1758","SPECIES",55.795967,37.415506
"5937621637",2477968,"Dendrocopos major (Linnaeus, 1758)","SPECIES",57.58389,41.07925
"5937621638",2495414,"Columba livia J.F.Gmelin, 1789","SPECIES",55.707147,37.623297
"5937621639",9705453,"Parus major Linnaeus, 1758","SPECIES",55.54535,37.536764
"5937621640",9752149,"Phasianus colchicus Linnaeus, 1758","SPECIES",45.07859,38.70733
"5937621641",2495414,"Columba livia J.F.Gmelin, 1789","SPECIES",55.7773,37.714936
"5937621643",2495414,"Columba livia J.F.Gmelin, 1789","SPECIES",55.800081,37.485408
"5937621644",2491534,"Emberiza citrinella Linnaeus, 1758","SPECIES",55.44572,37.57862
"5937621645",6100954,"Corvus monedula Linnaeus, 1758","SPECIES",55.600494,37.7156
"5937621646",2495414,"Columba livia J.F.Gmelin, 1789","SPECIES",55.90375,37.56487
"5937621652",9705453,"Parus major Linnaeus, 1758","SPECIES",55.847193,37.39843
"5937621653",2495414,"Columba livia J.F.Gmelin, 1789","SPECIES",55.88339,37.67829
"5937621657",2487603,"Certhia familiaris Linnaeus, 1758","SPECIES",55.5854,37.59229
"5937621658",2487603,"Certhia familiaris Linnaeus, 1758","SPECIES",55.613369,37.684781
"5937621660",5231198,"Passer montanus (Linnaeus, 1758)","SPECIES",57.45857,41.52577
"5937621661",5231198,"Passer montanus (Linnaeus, 1758)","SPECIES",55.881572,37.664689
"5937621664",2492462,"Erithacus rubecula (Linnaeus, 1758)","SPECIES",55.759325,37.561125
"5937621666",2495414,"Columba livia J.F.Gmelin, 1789","SPECIES",55.774125,37.783381
"5937621668",2495414,"Columba livia J.F.Gmelin, 1789","SPECIES",55.802847,37.490475
"5937621669",9705453,"Parus major Linnaeus, 1758","SPECIES",55.44521,37.58663
"5937621670",2482513,"Corvus frugilegus Linnaeus, 1758","SPECIES",55.644103,37.744517
"5937621671",2494543,"Pyrrhula pyrrhula (Linnaeus, 1758)","SPECIES",55.7833,37.77879
"5937621676",2484916,"Sitta europaea Linnaeus, 1758","SPECIES",55.845459,37.39652
"5937621677",9705453,"Parus major Linnaeus, 1758","SPECIES",55.88313,37.67674
"5937621681",2498326,"Bucephala clangula (Linnaeus, 1758)","SPECIES",55.57879,38.06674
"5937621684",2482515,"Corvus cornix Linnaeus, 1758","SPECIES",55.881589,37.662828
"5937621685",9809229,"Sturnus vulgaris Linnaeus, 1758","SPECIES",42.66261,47.71318
"5937621689",2494543,"Pyrrhula pyrrhula (Linnaeus, 1758)","SPECIES",55.781956,37.779164
"5937621691",2495414,"Columba livia J.F.Gmelin, 1789","SPECIES",55.802303,37.488039
"5937621692",2487879,"Cyanistes caeruleus (Linnaeus, 1758)","SPECIES",55.445,37.5802
"5937621693",2490737,"Turdus pilaris Linnaeus, 1758","SPECIES",55.644553,37.744089
"5937621694",5231438,"Troglodytes troglodytes (Linnaeus, 1758)","SPECIES",55.7833,37.77879
"5937621701",2494543,"Pyrrhula pyrrhula (Linnaeus, 1758)","SPECIES",55.845998,37.396953
"5937621702",2482515,"Corvus cornix Linnaeus, 1758","SPECIES",55.88339,37.67829
"5937621706",9761484,"Anas platyrhynchos Linnaeus, 1758","SPECIES",55.57885,38.06681
"5937621707",2482515,"Corvus cornix Linnaeus, 1758","SPECIES",55.58542,37.59229
"5937621708",2484916,"Sitta europaea Linnaeus, 1758","SPECIES",55.613381,37.683192
"5937621711",2490737,"Turdus pilaris Linnaeus, 1758","SPECIES",57.45773,41.50969
"5937621712",5231198,"Passer montanus (Linnaeus, 1758)","SPECIES",55.881772,37.66335
"5937621713",2490669,"Galerida cristata (Linnaeus, 1758)","SPECIES",42.59012,47.81305
"5937621717",2477927,"Dendrocopos leucotos (Bechstein, 1802)","SPECIES",55.781958,37.779153
"5937621718",6100954,"Corvus monedula Linnaeus, 1758","SPECIES",55.44611,37.57808
"5937621719",2482515,"Corvus cornix Linnaeus, 1758","SPECIES",55.600531,37.716003
"5937621720",5231198,"Passer montanus (Linnaeus, 1758)","SPECIES",55.90351,37.56467
"5937621727",2484916,"Sitta europaea Linnaeus, 1758","SPECIES",55.848064,37.398965
"5937621728",9705453,"Parus major Linnaeus, 1758","SPECIES",55.88398,37.67885
"5937621732",9705453,"Parus major Linnaeus, 1758","SPECIES",55.5847,37.59122
"5937621733",5845582,"Chloris chloris (Linnaeus, 1758)","SPECIES",55.642592,37.725561
"5937621734",2477872,"Dryocopus martius (Linnaeus, 1758)","SPECIES",55.58845,37.59118
"5937621737",5231198,"Passer montanus (Linnaeus, 1758)","SPECIES",57.45785,41.52385
"5937621738",2487879,"Cyanistes caeruleus (Linnaeus, 1758)","SPECIES",55.881961,37.665953
"5937621741",6092830,"Spinus spinus (Linnaeus, 1758)","SPECIES",55.744481,37.473692
"5937621744",2487879,"Cyanistes caeruleus (Linnaeus, 1758)","SPECIES",55.805792,37.487072
"5937621745",2487879,"Cyanistes caeruleus (Linnaeus, 1758)","SPECIES",56.33796,41.02917
"5937621747",2484605,"Bombycilla garrulus (Linnaeus, 1758)","SPECIES",59.122519,37.901969
"5937621748",2482515,"Corvus cornix Linnaeus, 1758","SPECIES",59.84899,31.58477
"5937621749",2482492,"Corvus corax Linnaeus, 1758","SPECIES",55.782,37.77942
"5937621752",9761484,"Anas platyrhynchos Linnaeus, 1758","SPECIES",56.135589,40.442031
"5937621753",9705453,"Parus major Linnaeus, 1758","SPECIES",55.6433,38.05861
"5937621757",2477968,"Dendrocopos major (Linnaeus, 1758)","SPECIES",55.678503,37.671133
"5937621758",9797180,"Ardea cinerea Linnaeus, 1758","SPECIES",55.588656,38.067775
"5937621760",9761484,"Anas platyrhynchos Linnaeus, 1758","SPECIES",55.66057,37.67088
"5937621762",2490669,"Galerida cristata (Linnaeus, 1758)","SPECIES",43.28956,47.45829
"5937621763",2495414,"Columba livia J.F.Gmelin, 1789","SPECIES",55.700253,37.526142
"5937621764",9761484,"Anas platyrhynchos Linnaeus, 1758","SPECIES",55.880503,37.658317
"5937621765",2482492,"Corvus corax Linnaeus, 1758","SPECIES",55.870592,37.509414
"5937621766",2484596,"Regulus regulus (Linnaeus, 1758)","SPECIES",59.572031,30.099811
"5937621769",2482515,"Corvus cornix Linnaeus, 1758","SPECIES",55.64907,37.51534
"5937621770",9705453,"Parus major Linnaeus, 1758","SPECIES",55.89769,37.56346
"5937621771",2490719,"Turdus merula Linnaeus, 1758","SPECIES",59.84901,31.58481
"5937621772",2487871,"Periparus ater (Linnaeus, 1758)","SPECIES",55.32272,36.69828
"5937621777",6100954,"Corvus monedula Linnaeus, 1758","SPECIES",55.873244,37.510997
"5937621779",6100954,"Corvus monedula Linnaeus, 1758","SPECIES",55.679867,37.676253
"5937621781",2495696,"Streptopelia decaocto (Frivaldszky, 1838)","SPECIES",45.28389,38.3755
"5937621784",5229490,"Pica pica (Linnaeus, 1758)","SPECIES",43.44677,46.99609
"5937621785",9705453,"Parus major Linnaeus, 1758","SPECIES",55.710944,37.535569
"5937621787",2490719,"Turdus merula Linnaeus, 1758","SPECIES",42.66292,47.433
"5937621790",2487603,"Certhia familiaris Linnaeus, 1758","SPECIES",55.6587,37.50567
"5937621792",2495414,"Columba livia J.F.Gmelin, 1789","SPECIES",55.89823,37.56526
"5937621793",5231190,"Passer domesticus (Linnaeus, 1758)","SPECIES",59.84901,31.58481
"5937621794",2487879,"Cyanistes caeruleus (Linnaeus, 1758)","SPECIES",55.32283,36.69826
"5937621798",2484916,"Sitta europaea Linnaeus, 1758","SPECIES",55.64369,38.05883
"5937621800",2482513,"Corvus frugilegus Linnaeus, 1758","SPECIES",55.873189,37.509903
"5937621802",2495414,"Columba livia J.F.Gmelin, 1789","SPECIES",55.679744,37.675619
"5937621804",9616058,"Falco tinnunculus Linnaeus, 1758","SPECIES",45.28403,38.37681
"5937621806",2484916,"Sitta europaea Linnaeus, 1758","SPECIES",59.065322,37.862517
"5937621808",2482515,"Corvus cornix Linnaeus, 1758","SPECIES",43.43358,47.01307
"5937621809",6092830,"Spinus spinus (Linnaeus, 1758)","SPECIES",55.710944,37.535569
"5937621810",9705453,"Parus major Linnaeus, 1758","SPECIES",55.866339,37.508994
"5937621811",2495414,"Columba livia J.F.Gmelin, 1789","SPECIES",59.563464,30.113222
"5937621813",2480500,"Aquila heliaca Savigny, 1809","SPECIES",42.67461,47.46867
"5937621816",2482492,"Corvus corax Linnaeus, 1758","SPECIES",55.65468,37.50741
"5937621818",2477968,"Dendrocopos major (Linnaeus, 1758)","SPECIES",56.33572,41.04645
"5937621819",2482515,"Corvus cornix Linnaeus, 1758","SPECIES",55.89837,37.56737
"5937621820",5231198,"Passer montanus (Linnaeus, 1758)","SPECIES",59.84901,31.58481
"5937621821",9705453,"Parus major Linnaeus, 1758","SPECIES",55.32283,36.69826
"5937621822",2482515,"Corvus cornix Linnaeus, 1758","SPECIES",56.32537,39.40941
"5937621826",2487871,"Periparus ater (Linnaeus, 1758)","SPECIES",55.65612,38.06656
"5937621828",2474377,"Fulica atra Linnaeus, 1758","SPECIES",56.135589,40.442031
"5937621829",2495000,"Aegithalos caudatus (Linnaeus, 1758)","SPECIES",55.64373,38.05891
"5937621833",2482515,"Corvus cornix Linnaeus, 1758","SPECIES",55.873381,37.510322
"5937621835",2482515,"Corvus cornix Linnaeus, 1758","SPECIES",55.679744,37.675619
"5937621838",9629160,"Loxia curvirostra Linnaeus, 1758","SPECIES",59.063561,37.861172
"5937621840",2482513,"Corvus frugilegus Linnaeus, 1758","SPECIES",43.43017,47.01809
"5937621841",8773033,"Dendrocopos medius (Linnaeus, 1758)","SPECIES",55.710944,37.535569
"5937621842",2487879,"Cyanistes caeruleus (Linnaeus, 1758)","SPECIES",55.866378,37.508653
"5937621843",5231190,"Passer domesticus (Linnaeus, 1758)","SPECIES",59.561656,30.106056
"5937621845",2495696,"Streptopelia decaocto (Frivaldszky, 1838)","SPECIES",42.70609,47.59267
"5937621848",2487879,"Cyanistes caeruleus (Linnaeus, 1758)","SPECIES",55.65339,37.51234
"5937621851",2477872,"Dryocopus martius (Linnaeus, 1758)","SPECIES",55.89736,37.55926
"5937621852",2482515,"Corvus cornix Linnaeus, 1758","SPECIES",55.32274,36.69837
"5937621860",2480637,"Accipiter nisus (Linnaeus, 1758)","SPECIES",45.28509,38.36231
"5937621862",5845582,"Chloris chloris (Linnaeus, 1758)","SPECIES",55.539308,37.527728
"5937621864",2480389,"Gyps fulvus (Hablizl, 1783)","SPECIES",42.71465,47.42444
"5937621868",2487866,"Poecile montanus (Conrad von Baldenstein, 1827)","SPECIES",56.33711,41.04103
"5937621869",2494543,"Pyrrhula pyrrhula (Linnaeus, 1758)","SPECIES",59.84899,31.58477
"5937621870",5231198,"Passer montanus (Linnaeus, 1758)","SPECIES",56.32537,39.40941
"5937621872",9705453,"Parus major Linnaeus, 1758","SPECIES",55.64378,38.05872
"5937621874",9761484,"Anas platyrhynchos Linnaeus, 1758","SPECIES",56.135589,40.442031
"5937621875",2477968,"Dendrocopos major (Linnaeus, 1758)","SPECIES",55.64327,38.05872
"5937621879",5231198,"Passer montanus (Linnaeus, 1758)","SPECIES",55.679647,37.675061
"5937621882",5229490,"Pica pica (Linnaeus, 1758)","SPECIES",59.061558,37.859561
"5937621884",2495414,"Columba livia J.F.Gmelin, 1789","SPECIES",43.42711,47.02542
"5937621885",2494543,"Pyrrhula pyrrhula (Linnaeus, 1758)","SPECIES",55.710944,37.535569
"5937621886",5229493,"Garrulus glandarius (Linnaeus, 1758)","SPECIES",55.867147,37.507042
"5937621887",2482515,"Corvus cornix Linnaeus, 1758","SPECIES",59.568947,30.104772
"5937621888",9705453,"Parus major Linnaeus, 1758","SPECIES",55.791864,37.435192
"5937621890",2490737,"Turdus pilaris Linnaeus, 1758","SPECIES",55.65304,37.51224
"5937621892",6092830,"Spinus spinus (Linnaeus, 1758)","SPECIES",56.33711,41.04103
"5937621893",2487879,"Cyanistes caeruleus (Linnaeus, 1758)","SPECIES",59.84899,31.58477
"5937621894",2487879,"Cyanistes caeruleus (Linnaeus, 1758)","SPECIES",56.32537,39.40941
"5937621896",2495000,"Aegithalos caudatus (Linnaeus, 1758)","SPECIES",55.64374,38.05873
"5937621898",9761484,"Anas platyrhynchos Linnaeus, 1758","SPECIES",56.135589,40.442031
"5937621899",2487871,"Periparus ater (Linnaeus, 1758)","SPECIES",55.64327,38.05871
"5937621902",2495414,"Columba livia J.F.Gmelin, 1789","SPECIES",55.678847,37.673697
"5937621903",5229490,"Pica pica (Linnaeus, 1758)","SPECIES",55.59365,38.06389
"5937621905",9537647,"Mergus merganser Linnaeus, 1758","SPECIES",55.66688,37.67282
"5937621907",2487866,"Poecile montanus (Conrad von Baldenstein, 1827)","SPECIES",59.065389,37.862247
"5937621908",2490669,"Galerida cristata (Linnaeus, 1758)","SPECIES",43.42631,47.02849
"5937621909",2487603,"Certhia familiaris Linnaeus, 1758","SPECIES",55.710944,37.535569
"5937621910",9705453,"Parus major Linnaeus, 1758","SPECIES",55.866906,37.506792
"5937621911",2480449,"Haliaeetus albicilla (Linnaeus, 1758)","SPECIES",59.568947,30.104772
"5937621912",2477872,"Dryocopus martius (Linnaeus, 1758)","SPECIES",55.794311,37.439056
"5937621914",9705453,"Parus major Linnaeus, 1758","SPECIES",55.65331,37.51243
"5937621915",2477872,"Dryocopus martius (Linnaeus, 1758)","SPECIES",56.33671,41.03881
"5937621916",9705453,"Parus major Linnaeus, 1758","SPECIES",59.84899,31.58477
"5937621917",5229493,"Garrulus glandarius (Linnaeus, 1758)","SPECIES",55.77425,37.78364
"5937621918",9705453,"Parus major Linnaeus, 1758","SPECIES",56.32537,39.40941
"5937621920",2494543,"Pyrrhula pyrrhula (Linnaeus, 1758)","SPECIES",55.64376,38.05877
"5937621923",2492462,"Erithacus rubecula (Linnaeus, 1758)","SPECIES",56.135589,40.442031
"5937621924",2487879,"Cyanistes caeruleus (Linnaeus, 1758)","SPECIES",55.64327,38.05867
"5937621927",2482515,"Corvus cornix Linnaeus, 1758","SPECIES",55.678503,37.671133
"5937621928",2481819,"Gallinago gallinago (Linnaeus, 1758)","SPECIES",55.592069,38.064811
"5937621930",9761484,"Anas platyrhynchos Linnaeus, 1758","SPECIES",55.66057,37.67088
"5937621932",2490669,"Galerida cristata (Linnaeus, 1758)","SPECIES",43.40099,47.13983
"5937621933",2484596,"Regulus regulus (Linnaeus, 1758)","SPECIES",55.705075,37.533931
"5937621934",2495414,"Columba livia J.F.Gmelin, 1789","SPECIES",55.867161,37.505594
"5937621935",2498261,"Aythya fuligula (Linnaeus, 1758)","SPECIES",59.56425,30.112703
"5937621936",2484916,"Sitta europaea Linnaeus, 1758","SPECIES",55.793011,37.438842
"5937621938",2484916,"Sitta europaea Linnaeus, 1758","SPECIES",55.65335,37.51234
"5937621939",2482515,"Corvus cornix Linnaeus, 1758","SPECIES",55.8971,37.56188
"5937621940",2495000,"Aegithalos caudatus (Linnaeus, 1758)","SPECIES",55.32277,36.69817
"5937621943",2494543,"Pyrrhula pyrrhula (Linnaeus, 1758)","SPECIES",57.58042,41.07918
"5937621947",2495414,"Columba livia J.F.Gmelin, 1789","SPECIES",55.872417,37.509658
"5937621949",9705453,"Parus major Linnaeus, 1758","SPECIES",55.679714,37.676028
"5937621951",2480487,"Circus cyaneus (Linnaeus, 1766)","SPECIES",45.28398,38.36183
"5937621954",2482515,"Corvus cornix Linnaeus, 1758","SPECIES",43.44786,46.99487
"5937621955",5231198,"Passer montanus (Linnaeus, 1758)","SPECIES",55.540767,37.530667
"5937621956",2487879,"Cyanistes caeruleus (Linnaeus, 1758)","SPECIES",55.710944,37.535569
"5937621958",2497266,"Athene noctua (Scopoli, 1769)","SPECIES",42.71434,47.42458
"5937621963",2487603,"Certhia familiaris Linnaeus, 1758","SPECIES",56.33711,41.04103
"5937621964",2495414,"Columba livia J.F.Gmelin, 1789","SPECIES",59.84901,31.58481
"5937621965",5229490,"Pica pica (Linnaeus, 1758)","SPECIES",56.32537,39.40941
"5937621969",2494543,"Pyrrhula pyrrhula (Linnaeus, 1758)","SPECIES",55.65609,38.06646
"5937621971",2474831,"Rallus aquaticus Linnaeus, 1758","SPECIES",56.135589,40.442031
"5937621972",2477872,"Dryocopus martius (Linnaeus, 1758)","SPECIES",55.64327,38.05872
"5937621975",2490737,"Turdus pilaris Linnaeus, 1758","SPECIES",55.873383,37.510356
"5937621978",2490737,"Turdus pilaris Linnaeus, 1758","SPECIES",55.679575,37.675189
"5937621981",2494543,"Pyrrhula pyrrhula (Linnaeus, 1758)","SPECIES",59.065211,37.861881
"5937621983",2482515,"Corvus cornix Linnaeus, 1758","SPECIES",43.42784,47.02316
"5937621984",2477927,"Dendrocopos leucotos (Bechstein, 1802)","SPECIES",55.710944,37.535569
"5937621985",2487879,"Cyanistes caeruleus (Linnaeus, 1758)","SPECIES",55.867122,37.507011
"5937621986",2482492,"Corvus corax Linnaeus, 1758","SPECIES",59.566303,30.113806
"5937621990",2494543,"Pyrrhula pyrrhula (Linnaeus, 1758)","SPECIES",55.65315,37.51223
"5937621993",9705453,"Parus major Linnaeus, 1758","SPECIES",55.89674,37.55997
"5937621994",5229490,"Pica pica (Linnaeus, 1758)","SPECIES",55.32277,36.69817
"5937622003",2494422,"Fringilla coelebs Linnaeus, 1758","SPECIES",45.28404,38.36222
"5937622005",9705453,"Parus major Linnaeus, 1758","SPECIES",55.540767,37.530667
"5937622007",5229165,"Aegypius monachus (Linnaeus, 1766)","SPECIES",42.71452,47.4245
"5937622012",2477968,"Dendrocopos major (Linnaeus, 1758)","SPECIES",55.805497,37.486594
"5937622013",2481139,"Larus argentatus Pontoppidan, 1763","SPECIES",55.640772,37.7441
"5937622015",2495414,"Columba livia J.F.Gmelin, 1789","SPECIES",55.78252,37.77925
"5937622017",2494543,"Pyrrhula pyrrhula (Linnaeus, 1758)","SPECIES",55.849231,37.397257
"5937622018",2482515,"Corvus cornix Linnaeus, 1758","SPECIES",55.88313,37.67674
"5937622023",9761484,"Anas platyrhynchos Linnaeus, 1758","SPECIES",55.58062,38.06934
"5937622024",2498261,"Aythya fuligula (Linnaeus, 1758)","SPECIES",55.6621,37.67118
"5937622027",2494422,"Fringilla coelebs Linnaeus, 1758","SPECIES",55.707214,37.527111
"5937622028",9761484,"Anas platyrhynchos Linnaeus, 1758","SPECIES",55.881975,37.662694
"5937622029",5229490,"Pica pica (Linnaeus, 1758)","SPECIES",42.66904,47.71023
"5937622033",2495414,"Columba livia J.F.Gmelin, 1789","SPECIES",55.805528,37.48665
"5937622034",9761484,"Anas platyrhynchos Linnaeus, 1758","SPECIES",55.640758,37.743842
"5937622036",2490719,"Turdus merula Linnaeus, 1758","SPECIES",55.78252,37.77925
"5937622038",2494771,"Pinicola enucleator (Linnaeus, 1758)","SPECIES",56.734183,37.171033
"5937622039",8773033,"Dendrocopos medius (Linnaeus, 1758)","SPECIES",55.849231,37.397257
"5937622040",6100954,"Corvus monedula Linnaeus, 1758","SPECIES",55.88313,37.67674
"5937622045",2474377,"Fulica atra Linnaeus, 1758","SPECIES",55.58424,38.07416
"5937622047",2498326,"Bucephala clangula (Linnaeus, 1758)","SPECIES",55.66056,37.67072
"5937622050",5229493,"Garrulus glandarius (Linnaeus, 1758)","SPECIES",55.707214,37.527111
"5937622051",9761484,"Anas platyrhynchos Linnaeus, 1758","SPECIES",55.881544,37.661075
"5937622052",9797180,"Ardea cinerea Linnaeus, 1758","SPECIES",42.71792,47.67017
"5937622055",2494543,"Pyrrhula pyrrhula (Linnaeus, 1758)","SPECIES",55.805869,37.486992
"5937622056",2487866,"Poecile montanus (Conrad von Baldenstein, 1827)","SPECIES",56.33796,41.02917
"5937622058",5231198,"Passer montanus (Linnaeus, 1758)","SPECIES",55.782,37.77942
"5937622059",2482613,"Nucifraga caryocatactes (Linnaeus, 1758)","SPECIES",55.8437,37.606653
"5937622062",2473682,"Lyrurus tetrix (Linnaeus, 1758)","SPECIES",57.549134,39.737013
"5937622063",2498261,"Aythya fuligula (Linnaeus, 1758)","SPECIES",56.135589,40.442031
"5937622065",2487879,"Cyanistes caeruleus (Linnaeus, 1758)","SPECIES",55.88342,37.67615
"5937622068",2498326,"Bucephala clangula (Linnaeus, 1758)","SPECIES",55.587779,38.070555
"5937622070",2498261,"Aythya fuligula (Linnaeus, 1758)","SPECIES",55.66057,37.67088
"5937622072",2495414,"Columba livia J.F.Gmelin, 1789","SPECIES",55.880886,37.658761
"5937622073",9705453,"Parus major Linnaeus, 1758","SPECIES",55.872883,37.509897
"5937622074",2494543,"Pyrrhula pyrrhula (Linnaeus, 1758)","SPECIES",59.570583,30.109261
"5937622075",9616058,"Falco tinnunculus Linnaeus, 1758","SPECIES",42.80634,47.61014
"5937622078",2495414,"Columba livia J.F.Gmelin, 1789","SPECIES",55.64909,37.51545
"5937622079",9705453,"Parus major Linnaeus, 1758","SPECIES",55.805897,37.486944
"5937622080",2498326,"Bucephala clangula (Linnaeus, 1758)","SPECIES",55.6406,37.743392
"5937622081",2477968,"Dendrocopos major (Linnaeus, 1758)","SPECIES",56.33796,41.02917
"5937622083",6100954,"Corvus monedula Linnaeus, 1758","SPECIES",55.782,37.77942
"5937622085",2474377,"Fulica atra Linnaeus, 1758","SPECIES",56.135589,40.442031
"5937622086",9705453,"Parus major Linnaeus, 1758","SPECIES",55.848858,37.397318
"5937622087",2495414,"Columba livia J.F.Gmelin, 1789","SPECIES",55.88313,37.67674
"5937622090",9761484,"Anas platyrhynchos Linnaeus, 1758","SPECIES",55.583,38.07307
"5937622092",7982160,"Larus canus Linnaeus, 1758","SPECIES",55.66057,37.67088
"5937622094",9761484,"Anas platyrhynchos Linnaeus, 1758","SPECIES",55.881086,37.6595
"5937622095",2495414,"Columba livia J.F.Gmelin, 1789","SPECIES",55.872878,37.510019
"5937622096",2484916,"Sitta europaea Linnaeus, 1758","SPECIES",59.570506,30.1098
"5937622097",9809229,"Sturnus vulgaris Linnaeus, 1758","SPECIES",42.79164,47.63508
"5937622100",2487879,"Cyanistes caeruleus (Linnaeus, 1758)","SPECIES",55.809139,37.487664
"5937622101",2487603,"Certhia familiaris Linnaeus, 1758","SPECIES",56.33796,41.02917
"5937622103",5229490,"Pica pica (Linnaeus, 1758)","SPECIES",59.84899,31.58477
"5937622104",2484916,"Sitta europaea Linnaeus, 1758","SPECIES",55.77407,37.78349
"5937622106",2490719,"Turdus merula Linnaeus, 1758","SPECIES",55.64377,38.05879
"5937622107",2475532,"Alcedo atthis (Linnaeus, 1758)","SPECIES",56.135589,40.442031
"5937622108",2487866,"Poecile montanus (Conrad von Baldenstein, 1827)","SPECIES",55.64326,38.05864
"5937622111",9705453,"Parus major Linnaeus, 1758","SPECIES",55.678897,37.670972
"5937622112",9705453,"Parus major Linnaeus, 1758","SPECIES",55.59146,38.06609
"5937622114",2498326,"Bucephala clangula (Linnaeus, 1758)","SPECIES",55.66057,37.67088
"5937622116",2482513,"Corvus frugilegus Linnaeus, 1758","SPECIES",43.40025,47.14307
"5937622117",2481047,"Falco peregrinus Tunstall, 1771","SPECIES",55.703089,37.531142
"5937622118",2482515,"Corvus cornix Linnaeus, 1758","SPECIES",55.880908,37.659028
"5937622119",2490737,"Turdus pilaris Linnaeus, 1758","SPECIES",55.869283,37.506258
"5937622120",2487866,"Poecile montanus (Conrad von Baldenstein, 1827)","SPECIES",59.571986,30.099692
"5937622121",2475532,"Alcedo atthis (Linnaeus, 1758)","SPECIES",56.135589,40.442031
"5937622123",2487603,"Certhia familiaris Linnaeus, 1758","SPECIES",55.65254,37.51076
"5937622125",2482492,"Corvus corax Linnaeus, 1758","SPECIES",54.03496,39.60383
"5937622126",2487879,"Cyanistes caeruleus (Linnaeus, 1758)","SPECIES",55.89714,37.56165
"5937622133",2494441,"Fringilla montifringilla Linnaeus, 1758","SPECIES",45.28517,38.36227
"5937622135",5231198,"Passer montanus (Linnaeus, 1758)","SPECIES",55.536644,37.525833
"5937622136",2480389,"Gyps fulvus (Hablizl, 1783)","SPECIES",42.5429,47.42589
"5937622138",2494543,"Pyrrhula pyrrhula (Linnaeus, 1758)","SPECIES",59.84911,31.58476
"5937622139",2482513,"Corvus frugilegus Linnaeus, 1758","SPECIES",55.592247,37.652375
"5937622144",9705453,"Parus major Linnaeus, 1758","SPECIES",55.58587,37.5928
"5937622145",2498017,"Anser albifrons (Scopoli, 1769)","SPECIES",55.616589,37.676519
"5937622147",9705453,"Parus major Linnaeus, 1758","SPECIES",45.28614,38.36186
"5937622149",2482515,"Corvus cornix Linnaeus, 1758","SPECIES",55.537839,37.520789
"5937622152",2495414,"Columba livia J.F.Gmelin, 1789","SPECIES",61.43227,46.37296
"5937622153",2495414,"Columba livia J.F.Gmelin, 1789","SPECIES",55.89451,37.6282
"5937622156",9705453,"Parus major Linnaeus, 1758","SPECIES",55.32284,36.69854
"5937622157",5231198,"Passer montanus (Linnaeus, 1758)","SPECIES",55.12786,37.90172
"5937622158",5231198,"Passer montanus (Linnaeus, 1758)","SPECIES",59.8492,31.58468
"5937622159",5231198,"Passer montanus (Linnaeus, 1758)","SPECIES",55.592247,37.652375
"5937622160",2494543,"Pyrrhula pyrrhula (Linnaeus, 1758)","SPECIES",57.58024,41.07909
"5937622162",2494543,"Pyrrhula pyrrhula (Linnaeus, 1758)","SPECIES",56.70477,38.8977
"5937622163",2495414,"Columba livia J.F.Gmelin, 1789","SPECIES",55.71231,37.50705
"5937622166",9444556,"Lanius excubitor Linnaeus, 1758","SPECIES",55.89086,37.37719
"5937622168",2482515,"Corvus cornix Linnaeus, 1758","SPECIES",55.710857,37.572104
"5937622169",9705453,"Parus major Linnaeus, 1758","SPECIES",55.58818,37.59023
"5937622170",2494543,"Pyrrhula pyrrhula (Linnaeus, 1758)","SPECIES",55.615083,37.680525
"5937622175",2480537,"Buteo buteo (Linnaeus, 1758)","SPECIES",45.20437,38.22617
"5937622178",2490719,"Turdus merula Linnaeus, 1758","SPECIES",55.87435,37.65631
"5937622179",2482515,"Corvus cornix Linnaeus, 1758","SPECIES",61.43227,46.37296
"5937622182",2487879,"Cyanistes caeruleus (Linnaeus, 1758)","SPECIES",55.12802,37.90134
"5937622183",2487879,"Cyanistes caeruleus (Linnaeus, 1758)","SPECIES",59.8492,31.58468
"5937622184",9705453,"Parus major Linnaeus, 1758","SPECIES",55.592247,37.652375
"5937622187",2482492,"Corvus corax Linnaeus, 1758","SPECIES",56.70446,38.8943
"5937622189",2487879,"Cyanistes caeruleus (Linnaeus, 1758)","SPECIES",55.710857,37.572104
"5937622191",5231198,"Passer montanus (Linnaeus, 1758)","SPECIES",55.58615,37.59327
"5937622192",2498112,"Anas acuta Linnaeus, 1758","SPECIES",55.616947,37.675656
"5937622196",6100954,"Corvus monedula Linnaeus, 1758","SPECIES",55.539192,37.522389
"5937622202",9705453,"Parus major Linnaeus, 1758","SPECIES",59.84911,31.58476
"5937622207",5229490,"Pica pica (Linnaeus, 1758)","SPECIES",45.28576,38.36204
"5937622209",2482513,"Corvus frugilegus Linnaeus, 1758","SPECIES",55.536694,37.523086
"5937622210",5739315,"Phoenicurus ochruros (S.G.Gmelin, 1774)","SPECIES",42.54072,47.42666
"5937622212",5229490,"Pica pica (Linnaeus, 1758)","SPECIES",61.43206,46.374
"5937622213",9761484,"Anas platyrhynchos Linnaeus, 1758","SPECIES",55.89695,37.62434
"5937622216",2487866,"Poecile montanus (Conrad von Baldenstein, 1827)","SPECIES",55.32292,36.69822
"5937622217",2494543,"Pyrrhula pyrrhula (Linnaeus, 1758)","SPECIES",55.12477,37.89327
"5937622218",2477968,"Dendrocopos major (Linnaeus, 1758)","SPECIES",59.84915,31.58481
"5937622219",2487879,"Cyanistes caeruleus (Linnaeus, 1758)","SPECIES",55.592247,37.652375
"5937622220",2482515,"Corvus cornix Linnaeus, 1758","SPECIES",57.58026,41.07908
"5937622222",6100954,"Corvus monedula Linnaeus, 1758","SPECIES",55.70462,37.51188
"5937622224",9705453,"Parus major Linnaeus, 1758","SPECIES",55.709655,37.568986
"5937622225",2482515,"Corvus cornix Linnaeus, 1758","SPECIES",55.59089,37.58603
"5937622228",2487879,"Cyanistes caeruleus (Linnaeus, 1758)","SPECIES",55.495208,37.205658
"5937622230",9761484,"Anas platyrhynchos Linnaeus, 1758","SPECIES",55.879492,37.657311
"5937622231",2480537,"Buteo buteo (Linnaeus, 1758)","SPECIES",45.1898,38.08903
"5937622236",5231198,"Passer montanus (Linnaeus, 1758)","SPECIES",55.87265,37.65609
"5937622238",2490719,"Turdus merula Linnaeus, 1758","SPECIES",55.424861,37.202225
"5937622239",2482515,"Corvus cornix Linnaeus, 1758","SPECIES",55.780236,37.728208
"5937622241",5231190,"Passer domesticus (Linnaeus, 1758)","SPECIES",55.876122,37.513125
"5937622243",2487879,"Cyanistes caeruleus (Linnaeus, 1758)","SPECIES",55.760508,37.563867
"5937622244",2495000,"Aegithalos caudatus (Linnaeus, 1758)","SPECIES",55.71423,38.96576
"5937622245",2490737,"Turdus pilaris Linnaeus, 1758","SPECIES",54.08426,39.80778
"5937622249",2487879,"Cyanistes caeruleus (Linnaeus, 1758)","SPECIES",55.90559,37.56656
"5937622250",2487866,"Poecile montanus (Conrad von Baldenstein, 1827)","SPECIES",55.495208,37.205658
"5937622251",2487879,"Cyanistes caeruleus (Linnaeus, 1758)","SPECIES",55.874506,37.657158
"5937622252",2482513,"Corvus frugilegus Linnaeus, 1758","SPECIES",55.873044,37.512247
"5937622253",2481172,"Larus marinus Linnaeus, 1758","SPECIES",59.564017,30.114425
"5937622257",2487866,"Poecile montanus (Conrad von Baldenstein, 1827)","SPECIES",55.65921,37.50616
"5937622259",2480524,"Buteo lagopus (Pontoppidan, 1763)","SPECIES",54.03496,39.60383
"5937622260",2484916,"Sitta europaea Linnaeus, 1758","SPECIES",55.89714,37.56165
"5937622262",2484916,"Sitta europaea Linnaeus, 1758","SPECIES",55.32279,36.69873
"5937622269",2487879,"Cyanistes caeruleus (Linnaeus, 1758)","SPECIES",45.28517,38.36227
"5937622272",9705453,"Parus major Linnaeus, 1758","SPECIES",55.536789,37.526214
"5937622274",2480649,"Gypaetus barbatus (Linnaeus, 1758)","SPECIES",42.54293,47.42586
"5937622278",9705453,"Parus major Linnaeus, 1758","SPECIES",55.89718,37.56158
"5937622280",5231198,"Passer montanus (Linnaeus, 1758)","SPECIES",55.32254,36.69843
"5937622287",9705453,"Parus major Linnaeus, 1758","SPECIES",45.28509,38.36231
"5937622289",6100954,"Corvus monedula Linnaeus, 1758","SPECIES",55.537336,37.528392
"5937622291",2484918,"Tichodroma muraria (Linnaeus, 1766)","SPECIES",42.54293,47.42586
"5937622294",5231198,"Passer montanus (Linnaeus, 1758)","SPECIES",61.43227,46.37296
"5937622296",5231630,"Acanthis flammea (Linnaeus, 1758)","SPECIES",55.12802,37.90134
"5937622297",5845582,"Chloris chloris (Linnaeus, 1758)","SPECIES",59.8492,31.58467
"5937622298",2482515,"Corvus cornix Linnaeus, 1758","SPECIES",55.592247,37.652375
"5937622301",2494543,"Pyrrhula pyrrhula (Linnaeus, 1758)","SPECIES",56.70423,38.89269
"5937622302",5231198,"Passer montanus (Linnaeus, 1758)","SPECIES",55.71231,37.50705
"5937622305",9705453,"Parus major Linnaeus, 1758","SPECIES",55.710857,37.572104
"5937622307",2487879,"Cyanistes caeruleus (Linnaeus, 1758)","SPECIES",55.5864,37.59205
"5937622308",2480637,"Accipiter nisus (Linnaeus, 1758)","SPECIES",55.615386,37.680461
"5937622316",2487866,"Poecile montanus (Conrad von Baldenstein, 1827)","SPECIES",61.43206,46.374
"5937622318",9705453,"Parus major Linnaeus, 1758","SPECIES",55.89819,37.62414
"5937622320",2482515,"Corvus cornix Linnaeus, 1758","SPECIES",55.32286,36.6981
"5937622321",9705453,"Parus major Linnaeus, 1758","SPECIES",55.780817,37.728936
"5937622322",9629160,"Loxia curvirostra Linnaeus, 1758","SPECIES",57.58089,41.07933
"5937622323",2482515,"Corvus cornix Linnaeus, 1758","SPECIES",55.70897,37.5106
"5937622325",9705453,"Parus major Linnaeus, 1758","SPECIES",55.876072,37.512944
"5937622326",2482492,"Corvus corax Linnaeus, 1758","SPECIES",55.760508,37.563867
"5937622327",2487866,"Poecile montanus (Conrad von Baldenstein, 1827)","SPECIES",55.71506,38.96553
"5937622329",9705453,"Parus major Linnaeus, 1758","SPECIES",55.709284,37.566728
"5937622330",9705453,"Parus major Linnaeus, 1758","SPECIES",55.6008,38.05576
"5937622333",2477968,"Dendrocopos major (Linnaeus, 1758)","SPECIES",55.495208,37.205658
"5937622335",2498015,"Tadorna ferruginea (Pallas, 1764)","SPECIES",55.874856,37.657606
"5937622336",2497921,"Tyto alba (Scopoli, 1769)","SPECIES",45.18612,37.89798
"5937622341",5231190,"Passer domesticus (Linnaeus, 1758)","SPECIES",59.84913,31.58486
"5937622343",5229490,"Pica pica (Linnaeus, 1758)","SPECIES",61.43206,46.374
"5937622345",9705453,"Parus major Linnaeus, 1758","SPECIES",55.89846,37.6244
"5937622348",5229490,"Pica pica (Linnaeus, 1758)","SPECIES",55.32284,36.69861
"5937622349",2473958,"Perdix perdix (Linnaeus, 1758)","SPECIES",55.12503,37.89627
"5937622350",2477968,"Dendrocopos major (Linnaeus, 1758)","SPECIES",57.58087,41.07933
"5937622351",9705453,"Parus major Linnaeus, 1758","SPECIES",55.70738,37.51107
"5937622353",2487879,"Cyanistes caeruleus (Linnaeus, 1758)","SPECIES",55.876053,37.512956
"5937622354",2477968,"Dendrocopos major (Linnaeus, 1758)","SPECIES",55.71661,38.96499
"5937622356",2495414,"Columba livia J.F.Gmelin, 1789","SPECIES",55.709284,37.566728
"5937622357",9705453,"Parus major Linnaeus, 1758","SPECIES",55.59384,38.06372
"5937622358",9705453,"Parus major Linnaeus, 1758","SPECIES",55.59162,37.5845
"5937622361",5229493,"Garrulus glandarius (Linnaeus, 1758)","SPECIES",55.495208,37.205658
"5937622363",9761484,"Anas platyrhynchos Linnaeus, 1758","SPECIES",55.875172,37.657275
"5937622364",2480637,"Accipiter nisus (Linnaeus, 1758)","SPECIES",45.18603,37.90037
"5937622370",9705453,"Parus major Linnaeus, 1758","SPECIES",55.87265,37.65609
"5937622371",5845582,"Chloris chloris (Linnaeus, 1758)","SPECIES",59.84913,31.58486
"5937622373",5231198,"Passer montanus (Linnaeus, 1758)","SPECIES",55.424861,37.202225
"5937622374",5231190,"Passer domesticus (Linnaeus, 1758)","SPECIES",55.780525,37.7278
"5937622376",9705453,"Parus major Linnaeus, 1758","SPECIES",55.875422,37.511817
"5937622378",2487866,"Poecile montanus (Conrad von Baldenstein, 1827)","SPECIES",55.760508,37.563867
"5937622379",2487866,"Poecile montanus (Conrad von Baldenstein, 1827)","SPECIES",55.71423,38.96576
"5937622380",2487603,"Certhia familiaris Linnaeus, 1758","SPECIES",54.08386,39.80862
"5937622382",9705453,"Parus major Linnaeus, 1758","SPECIES",55.679236,37.675867
"5937622384",2495414,"Columba livia J.F.Gmelin, 1789","SPECIES",55.90559,37.56656
"5937622385",2494441,"Fringilla montifringilla Linnaeus, 1758","SPECIES",55.495208,37.205658
"5937622386",5229490,"Pica pica (Linnaeus, 1758)","SPECIES",43.45079,46.99296
"5937622387",5231198,"Passer montanus (Linnaeus, 1758)","SPECIES",55.874511,37.657281
"5937622388",2495414,"Columba livia J.F.Gmelin, 1789","SPECIES",55.873075,37.512622
"5937622389",6100954,"Corvus monedula Linnaeus, 1758","SPECIES",59.563517,30.111044
"5937622393",2490719,"Turdus merula Linnaeus, 1758","SPECIES",55.65929,37.50622
"5937622396",2482515,"Corvus cornix Linnaeus, 1758","SPECIES",55.89819,37.62414
"5937622398",2487871,"Periparus ater (Linnaeus, 1758)","SPECIES",55.32286,36.6981
"5937622399",2495414,"Columba livia J.F.Gmelin, 1789","SPECIES",55.780056,37.728508
"5937622400",5229490,"Pica pica (Linnaeus, 1758)","SPECIES",57.58109,41.07722
"5937622402",2482515,"Corvus cornix Linnaeus, 1758","SPECIES",55.876156,37.513067
"5937622403",2482515,"Corvus cornix Linnaeus, 1758","SPECIES",55.760508,37.563867
"5937622404",2487879,"Cyanistes caeruleus (Linnaeus, 1758)","SPECIES",55.71506,38.96553
"5937622405",2480524,"Buteo lagopus (Pontoppidan, 1763)","SPECIES",54.08453,39.80589
"5937622407",9761484,"Anas platyrhynchos Linnaeus, 1758","SPECIES",55.709817,37.560228
"5937622411",2490737,"Turdus pilaris Linnaeus, 1758","SPECIES",55.495208,37.205658
"5937622412",9761484,"Anas platyrhynchos Linnaeus, 1758","SPECIES",55.874767,37.657667
"5937622413",2480537,"Buteo buteo (Linnaeus, 1758)","SPECIES",45.19588,37.82035
"5937622417",2477968,"Dendrocopos major (Linnaeus, 1758)","SPECIES",59.84906,31.58477
"5937622419",2482492,"Corvus corax Linnaeus, 1758","SPECIES",55.89801,37.62419
"5937622421",2477968,"Dendrocopos major (Linnaeus, 1758)","SPECIES",55.32578,36.69427
"5937622422",2495414,"Columba livia J.F.Gmelin, 1789","SPECIES",55.781917,37.727264
"5937622423",9015784,"Dendrocopos minor (Linnaeus, 1758)","SPECIES",57.58075,41.07504
"5937622425",5231198,"Passer montanus (Linnaeus, 1758)","SPECIES",55.876122,37.513114
"5937622426",2492462,"Erithacus rubecula (Linnaeus, 1758)","SPECIES",55.760508,37.563867
"5937622427",2487883,"Lophophanes cristatus (Linnaeus, 1758)","SPECIES",55.71423,38.96576
"5937622428",2487866,"Poecile montanus (Conrad von Baldenstein, 1827)","SPECIES",54.08426,39.80778
"5937622432",2482492,"Corvus corax Linnaeus, 1758","SPECIES",55.495208,37.205658
"5937622433",9705453,"Parus major Linnaeus, 1758","SPECIES",55.874497,37.657064
"5937622434",5229490,"Pica pica (Linnaeus, 1758)","SPECIES",45.17936,37.72049
"5937622435",2482515,"Corvus cornix Linnaeus, 1758","SPECIES",55.87305,37.512247
"5937622436",5229493,"Garrulus glandarius (Linnaeus, 1758)","SPECIES",59.571203,30.107731
"5937622441",9705453,"Parus major Linnaeus, 1758","SPECIES",61.43206,46.374
"5937622442",2482515,"Corvus cornix Linnaeus, 1758","SPECIES",55.89788,37.62478
"5937622445",5229493,"Garrulus glandarius (Linnaeus, 1758)","SPECIES",55.32292,36.69822
"5937622446",9705453,"Parus major Linnaeus, 1758","SPECIES",55.12512,37.89535
"5937622447",2484916,"Sitta europaea Linnaeus, 1758","SPECIES",57.57995,41.07954
"5937622448",5231198,"Passer montanus (Linnaeus, 1758)","SPECIES",55.70738,37.51107
"5937622450",5231630,"Acanthis flammea (Linnaeus, 1758)","SPECIES",55.71961,38.96022
"5937622452",2484916,"Sitta europaea Linnaeus, 1758","SPECIES",55.709655,37.568986
"5937622453",2484916,"Sitta europaea Linnaeus, 1758","SPECIES",55.59162,37.5845
"5937622456",9705453,"Parus major Linnaeus, 1758","SPECIES",55.495208,37.205658
"5937622458",9761484,"Anas platyrhynchos Linnaeus, 1758","SPECIES",55.876925,37.657286
"5937622459",9752617,"Casmerodius albus (Linnaeus, 1758)","SPECIES",45.20301,38.04638
"5937622464",2487879,"Cyanistes caeruleus (Linnaeus, 1758)","SPECIES",55.87265,37.65609
"5937622465",5231198,"Passer montanus (Linnaeus, 1758)","SPECIES",59.84913,31.58486
"5937622467",2495414,"Columba livia J.F.Gmelin, 1789","SPECIES",55.89819,37.62414
"5937622469",2494422,"Fringilla coelebs Linnaeus, 1758","SPECIES",55.32282,36.69742
"5937622470",2495414,"Columba livia J.F.Gmelin, 1789","SPECIES",55.780756,37.725397
"5937622471",5229493,"Garrulus glandarius (Linnaeus, 1758)","SPECIES",57.58116,41.07718
"5937622473",2495414,"Columba livia J.F.Gmelin, 1789","SPECIES",55.876156,37.513019
"5937622474",2482513,"Corvus frugilegus Linnaeus, 1758","SPECIES",55.760508,37.563867
"5937622475",2477968,"Dendrocopos major (Linnaeus, 1758)","SPECIES",55.71475,38.96566
"5937622476",2494543,"Pyrrhula pyrrhula (Linnaeus, 1758)","SPECIES",54.08426,39.80778
"5937622480",2490719,"Turdus merula Linnaeus, 1758","SPECIES",55.495208,37.205658
"5937622481",9761484,"Anas platyrhynchos Linnaeus, 1758","SPECIES",55.874519,37.657217
"5937622482",9809229,"Sturnus vulgaris Linnaeus, 1758","SPECIES",45.19105,37.78594
"5937622487",9705453,"Parus major Linnaeus, 1758","SPECIES",61.43227,46.37296
"5937622488",9705453,"Parus major Linnaeus, 1758","SPECIES",55.89467,37.62781
"5937622491",2487879,"Cyanistes caeruleus (Linnaeus, 1758)","SPECIES",55.32292,36.69822
"5937622492",2482492,"Corvus corax Linnaeus, 1758","SPECIES",55.12653,37.8913
"5937622493",2482515,"Corvus cornix Linnaeus, 1758","SPECIES",59.8492,31.58468
"5937622494",2490737,"Turdus pilaris Linnaeus, 1758","SPECIES",55.592247,37.652375
"5937622495",9705453,"Parus major Linnaeus, 1758","SPECIES",57.58025,41.0791
"5937622497",5231198,"Passer montanus (Linnaeus, 1758)","SPECIES",55.70267,37.51266
"5937622501",2487879,"Cyanistes caeruleus (Linnaeus, 1758)","SPECIES",55.709655,37.568986
"5937622502",2487879,"Cyanistes caeruleus (Linnaeus, 1758)","SPECIES",55.59045,37.58707
"5937622506",6092830,"Spinus spinus (Linnaeus, 1758)","SPECIES",55.495208,37.205658
"5937622508",9752617,"Casmerodius albus (Linnaeus, 1758)","SPECIES",45.17665,38.15912
"5937622512",5229490,"Pica pica (Linnaeus, 1758)","SPECIES",55.87435,37.65631
"5937622515",9705453,"Parus major Linnaeus, 1758","SPECIES",55.12802,37.90134
"5937622516",5229490,"Pica pica (Linnaeus, 1758)","SPECIES",59.8492,31.58468
"5937622517",2495414,"Columba livia J.F.Gmelin, 1789","SPECIES",55.592247,37.652375
"5937622520",2484605,"Bombycilla garrulus (Linnaeus, 1758)","SPECIES",56.70026,38.90247
"5937622523",2487879,"Cyanistes caeruleus (Linnaeus, 1758)","SPECIES",55.58615,37.59328
"5937622524",8000602,"Anas penelope Linnaeus, 1758","SPECIES",55.616611,37.6761
"5937622527",2495414,"Columba livia J.F.Gmelin, 1789","SPECIES",55.539297,37.522419
"5937622530",5231190,"Passer domesticus (Linnaeus, 1758)","SPECIES",55.715928,37.586636
"5937622531",5229490,"Pica pica (Linnaeus, 1758)","SPECIES",61.43227,46.37296
"5937622534",2487866,"Poecile montanus (Conrad von Baldenstein, 1827)","SPECIES",55.12788,37.9014
"5937622535",5231190,"Passer domesticus (Linnaeus, 1758)","SPECIES",59.84911,31.58476
"5937622536",6100954,"Corvus monedula Linnaeus, 1758","SPECIES",55.592247,37.652375
"5937622538",5231630,"Acanthis flammea (Linnaeus, 1758)","SPECIES",56.70477,38.89778
"5937622539",9705453,"Parus major Linnaeus, 1758","SPECIES",55.71231,37.50705
"5937622542",2495414,"Columba livia J.F.Gmelin, 1789","SPECIES",55.710857,37.572104
"5937622544",2482515,"Corvus cornix Linnaeus, 1758","SPECIES",55.58798,37.59201
"5937622545",5229493,"Garrulus glandarius (Linnaeus, 1758)","SPECIES",55.59795,37.706747
"5937622549",9616058,"Falco tinnunculus Linnaeus, 1758","SPECIES",45.20712,38.23565
"5937622552",2494686,"Carduelis carduelis (Linnaeus, 1758)","SPECIES",55.87457,37.655
"5937622553",9705453,"Parus major Linnaeus, 1758","SPECIES",55.831481,37.454764
"5937622556",2482492,"Corvus corax Linnaeus, 1758","SPECIES",55.760508,37.563867
"5937622557",2482492,"Corvus corax Linnaeus, 1758","SPECIES",55.56325,37.10491
"5937622558",2495455,"Columba palumbus Linnaeus, 1758","SPECIES",45.10784,38.67033
"5937622560",2487871,"Periparus ater (Linnaeus, 1758)","SPECIES",59.065556,37.862525
"5937622566",9705453,"Parus major Linnaeus, 1758","SPECIES",55.89919,37.56693
"5937622567",2495455,"Columba palumbus Linnaeus, 1758","SPECIES",45.26993,38.34681
"5937622569",5229490,"Pica pica (Linnaeus, 1758)","SPECIES",55.8807,37.83959
"5937622570",2494543,"Pyrrhula pyrrhula (Linnaeus, 1758)","SPECIES",55.538575,37.519611
"5937622571",2484916,"Sitta europaea Linnaeus, 1758","SPECIES",55.71256,37.33769
"5937622573",2495414,"Columba livia J.F.Gmelin, 1789","SPECIES",55.831164,37.457119
"5937622574",2495000,"Aegithalos caudatus (Linnaeus, 1758)","SPECIES",55.57398,38.10077
"5937622575",2487879,"Cyanistes caeruleus (Linnaeus, 1758)","SPECIES",55.871014,37.273289
"5937622576",9705453,"Parus major Linnaeus, 1758","SPECIES",55.760508,37.563867
"5937622577",2494543,"Pyrrhula pyrrhula (Linnaeus, 1758)","SPECIES",55.79415,37.420322
"5937622580",2490737,"Turdus pilaris Linnaeus, 1758","SPECIES",55.881972,37.674842
"5937622582",2482515,"Corvus cornix Linnaeus, 1758","SPECIES",55.710839,37.56109
"5937622583",2494543,"Pyrrhula pyrrhula (Linnaeus, 1758)","SPECIES",55.90058,37.56496
"5937622584",2477968,"Dendrocopos major (Linnaeus, 1758)","SPECIES",55.74754,37.4876
"5937622587",5231198,"Passer montanus (Linnaeus, 1758)","SPECIES",55.534425,37.512017
"5937622593",2494543,"Pyrrhula pyrrhula (Linnaeus, 1758)","SPECIES",55.56359,37.10242
"5937622594",2482513,"Corvus frugilegus Linnaeus, 1758","SPECIES",45.1047,38.67629
"5937622596",2495414,"Columba livia J.F.Gmelin, 1789","SPECIES",59.100553,37.932203
"5937622597",9705453,"Parus major Linnaeus, 1758","SPECIES",55.760508,37.563867
"5937622599",9705453,"Parus major Linnaeus, 1758","SPECIES",55.89228,37.62555
"5937622601",2482515,"Corvus cornix Linnaeus, 1758","SPECIES",55.080253,36.639883
"5937622602",9761484,"Anas platyrhynchos Linnaeus, 1758","SPECIES",55.763106,37.477503
"5937622603",9797180,"Ardea cinerea Linnaeus, 1758","SPECIES",45.27657,38.35201
"5937622605",5229490,"Pica pica (Linnaeus, 1758)","SPECIES",43.62819,46.75409
"5937622606",2482492,"Corvus corax Linnaeus, 1758","SPECIES",55.88204,37.81858
"5937622607",5231198,"Passer montanus (Linnaeus, 1758)","SPECIES",55.538672,37.521436
"5937622608",2487871,"Periparus ater (Linnaeus, 1758)","SPECIES",55.71274,37.33774
"5937622609",2487879,"Cyanistes caeruleus (Linnaeus, 1758)","SPECIES",55.73067,37.8022
"5937622610",2494543,"Pyrrhula pyrrhula (Linnaeus, 1758)","SPECIES",60.04714,30.31105
"5937622611",5229493,"Garrulus glandarius (Linnaeus, 1758)","SPECIES",42.346,47.60715
"5937622612",9761484,"Anas platyrhynchos Linnaeus, 1758","SPECIES",55.88212,37.66992
"5937622615",5231198,"Passer montanus (Linnaeus, 1758)","SPECIES",55.56365,37.1024
"5937622616",2490669,"Galerida cristata (Linnaeus, 1758)","SPECIES",45.10192,38.67974
"5937622618",6100954,"Corvus monedula Linnaeus, 1758","SPECIES",59.100256,37.931431
"5937622619",2487879,"Cyanistes caeruleus (Linnaeus, 1758)","SPECIES",55.760508,37.563867
"5937622621",2495414,"Columba livia J.F.Gmelin, 1789","SPECIES",55.89386,37.6283
"5937622624",2482492,"Corvus corax Linnaeus, 1758","SPECIES",55.079792,36.639419
"5937622625",2487603,"Certhia familiaris Linnaeus, 1758","SPECIES",55.75867,37.47758
"5937622626",2491557,"Schoeniclus schoeniclus (Linnaeus, 1758)","SPECIES",45.28555,38.36017
"5937622628",2480500,"Aquila heliaca Savigny, 1809","SPECIES",43.61029,46.75503
"5937622629",2487866,"Poecile montanus (Conrad von Baldenstein, 1827)","SPECIES",55.8838,37.81853
"5937622630",9705453,"Parus major Linnaeus, 1758","SPECIES",55.71084,37.33787
"5937622631",9705453,"Parus major Linnaeus, 1758","SPECIES",55.73067,37.8022
"5937622632",5231198,"Passer montanus (Linnaeus, 1758)","SPECIES",60.0464,30.31145
"5937622633",2480649,"Gypaetus barbatus (Linnaeus, 1758)","SPECIES",42.43044,47.4019
"5937622634",2495414,"Columba livia J.F.Gmelin, 1789","SPECIES",55.88228,37.67177
"5937622637",9705453,"Parus major Linnaeus, 1758","SPECIES",55.424861,37.202225
"5937622638",2494771,"Pinicola enucleator (Linnaeus, 1758)","SPECIES",59.062472,37.859736
"5937622639",2482515,"Corvus cornix Linnaeus, 1758","SPECIES",55.681814,37.619594
"5937622640",2482515,"Corvus cornix Linnaeus, 1758","SPECIES",55.760508,37.563867
"5937622642",2487843,"Poecile palustris (Linnaeus, 1758)","SPECIES",55.080728,36.639225
"5937622644",2495414,"Columba livia J.F.Gmelin, 1789","SPECIES",55.680092,37.676317
"5937622646",9705453,"Parus major Linnaeus, 1758","SPECIES",55.76321,37.4775
"5937622649",2495414,"Columba livia J.F.Gmelin, 1789","SPECIES",43.58897,46.73434
"5937622650",2482515,"Corvus cornix Linnaeus, 1758","SPECIES",55.877792,37.520928
"5937622651",2487603,"Certhia familiaris Linnaeus, 1758","SPECIES",55.73111,37.80194
"5937622652",2482515,"Corvus cornix Linnaeus, 1758","SPECIES",60.0442,30.30336
"5937622653",9705453,"Parus major Linnaeus, 1758","SPECIES",55.88326,37.6746
"5937622656",2494422,"Fringilla coelebs Linnaeus, 1758","SPECIES",45.09944,38.68077
"5937622658",2482492,"Corvus corax Linnaeus, 1758","SPECIES",55.424861,37.202225
"5937622659",2482515,"Corvus cornix Linnaeus, 1758","SPECIES",59.061811,37.859497
"5937622660",2494422,"Fringilla coelebs Linnaeus, 1758","SPECIES",55.92354,37.82483
"5937622661",2490737,"Turdus pilaris Linnaeus, 1758","SPECIES",55.760508,37.563867
"5937622663",2482515,"Corvus cornix Linnaeus, 1758","SPECIES",55.89366,37.62896
"5937622665",5229490,"Pica pica (Linnaeus, 1758)","SPECIES",55.080328,36.638808
"5937622666",2487879,"Cyanistes caeruleus (Linnaeus, 1758)","SPECIES",55.756275,37.477714
"5937622667",5231190,"Passer domesticus (Linnaeus, 1758)","SPECIES",45.28555,38.36048
"5937622670",2482513,"Corvus frugilegus Linnaeus, 1758","SPECIES",43.59684,46.73934
"5937622671",2487879,"Cyanistes caeruleus (Linnaeus, 1758)","SPECIES",55.88378,37.81854
"5937622672",9705453,"Parus major Linnaeus, 1758","SPECIES",55.878644,37.525358
"5937622673",2487879,"Cyanistes caeruleus (Linnaeus, 1758)","SPECIES",55.71089,37.33781
"5937622674",2487879,"Cyanistes caeruleus (Linnaeus, 1758)","SPECIES",55.73091,37.80195
"5937622675",9705453,"Parus major Linnaeus, 1758","SPECIES",60.04631,30.3115
"5937622676",5229165,"Aegypius monachus (Linnaeus, 1766)","SPECIES",42.54072,47.42667
"5937622677",5231198,"Passer montanus (Linnaeus, 1758)","SPECIES",55.88315,37.67477
"5937622679",2495414,"Columba livia J.F.Gmelin, 1789","SPECIES",55.831444,37.454856
"5937622683",9705453,"Parus major Linnaeus, 1758","SPECIES",55.56309,37.1041
"5937622684",2482515,"Corvus cornix Linnaeus, 1758","SPECIES",45.10586,38.6738
"5937622686",9705453,"Parus major Linnaeus, 1758","SPECIES",59.065467,37.862269
"5937622689",2482515,"Corvus cornix Linnaeus, 1758","SPECIES",55.89246,37.62475
"5937622691",2495414,"Columba livia J.F.Gmelin, 1789","SPECIES",55.76377,37.47758
"5937622692",2494543,"Pyrrhula pyrrhula (Linnaeus, 1758)","SPECIES",55.89733,37.56214
"5937622693",9752617,"Casmerodius albus (Linnaeus, 1758)","SPECIES",45.2739,38.35116
"5937622695",2487879,"Cyanistes caeruleus (Linnaeus, 1758)","SPECIES",55.88007,37.83761
"5937622696",5229490,"Pica pica (Linnaeus, 1758)","SPECIES",55.538436,37.521328
"5937622697",2487866,"Poecile montanus (Conrad von Baldenstein, 1827)","SPECIES",55.7126,37.33777
"5937622698",2487603,"Certhia familiaris Linnaeus, 1758","SPECIES",55.73063,37.80189
"5937622699",2480389,"Gyps fulvus (Hablizl, 1783)","SPECIES",42.34599,47.60716
"5937622700",9705453,"Parus major Linnaeus, 1758","SPECIES",55.88176,37.66922
"5937622702",2494543,"Pyrrhula pyrrhula (Linnaeus, 1758)","SPECIES",55.424861,37.202225
"5937622703",2482513,"Corvus frugilegus Linnaeus, 1758","SPECIES",55.874025,37.510969
"5937622706",5231198,"Passer montanus (Linnaeus, 1758)","SPECIES",55.080647,36.639142
"5937622707",2477872,"Dryocopus martius (Linnaeus, 1758)","SPECIES",54.084,39.81044
"5937622709",6100954,"Corvus monedula Linnaeus, 1758","SPECIES",55.679236,37.675867
"5937622711",9705453,"Parus major Linnaeus, 1758","SPECIES",55.76335,37.48477
"5937622712",9705453,"Parus major Linnaeus, 1758","SPECIES",55.90559,37.56656
"5937622713",5229490,"Pica pica (Linnaeus, 1758)","SPECIES",43.53321,46.99299
"5937622714",2487879,"Cyanistes caeruleus (Linnaeus, 1758)","SPECIES",55.873094,37.511758
"5937622715",5231190,"Passer domesticus (Linnaeus, 1758)","SPECIES",55.73409,37.80043
"5937622716",2477968,"Dendrocopos major (Linnaeus, 1758)","SPECIES",60.04779,30.30152
"5937622719",2495414,"Columba livia J.F.Gmelin, 1789","SPECIES",55.88346,37.67592
"5937622720",2487879,"Cyanistes caeruleus (Linnaeus, 1758)","SPECIES",55.65929,37.50634
"5937622722",5845582,"Chloris chloris (Linnaeus, 1758)","SPECIES",55.424861,37.202225
"5937622723",2482515,"Corvus cornix Linnaeus, 1758","SPECIES",55.87405,37.510986
"5937622725",9705453,"Parus major Linnaeus, 1758","SPECIES",55.760508,37.563867
"5937622726",9705453,"Parus major Linnaeus, 1758","SPECIES",55.71423,38.96576
"5937622727",2494543,"Pyrrhula pyrrhula (Linnaeus, 1758)","SPECIES",55.08065,36.639083
"5937622728",2484916,"Sitta europaea Linnaeus, 1758","SPECIES",54.08386,39.80862
"5937622730",2487879,"Cyanistes caeruleus (Linnaeus, 1758)","SPECIES",55.679236,37.675867
"5937622732",2482515,"Corvus cornix Linnaeus, 1758","SPECIES",55.76335,37.48584
"5937622733",5231198,"Passer montanus (Linnaeus, 1758)","SPECIES",55.90559,37.56656
"5937622734",6100954,"Corvus monedula Linnaeus, 1758","SPECIES",43.53105,46.99283
"5937622735",2482515,"Corvus cornix Linnaeus, 1758","SPECIES",55.875033,37.656961
"5937622736",9705453,"Parus major Linnaeus, 1758","SPECIES",55.873092,37.511775
"5937622737",9362027,"Anas strepera Linnaeus, 1758","SPECIES",59.568494,30.105486
"5937622740",9705453,"Parus major Linnaeus, 1758","SPECIES",55.88373,37.67418
"5937622741",9705453,"Parus major Linnaeus, 1758","SPECIES",55.65927,37.50624
"5937622742",2487879,"Cyanistes caeruleus (Linnaeus, 1758)","SPECIES",55.424861,37.202225
"5937622743",2482492,"Corvus corax Linnaeus, 1758","SPECIES",55.682464,37.618758
"5937622744",2482492,"Corvus corax Linnaeus, 1758","SPECIES",55.760508,37.563867
"5937622746",9705453,"Parus major Linnaeus, 1758","SPECIES",55.080675,36.639081
"5937622747",5231198,"Passer montanus (Linnaeus, 1758)","SPECIES",54.08533,39.80531
"5937622749",2482515,"Corvus cornix Linnaeus, 1758","SPECIES",55.679278,37.676906
"5937622751",2482515,"Corvus cornix Linnaeus, 1758","SPECIES",55.76343,37.47751
"5937622754",2490669,"Galerida cristata (Linnaeus, 1758)","SPECIES",43.58596,46.73419
"5937622755",2482513,"Corvus frugilegus Linnaeus, 1758","SPECIES",55.876336,37.517225
"5937622756",2482515,"Corvus cornix Linnaeus, 1758","SPECIES",55.7334,37.80138
"5937622757",9705453,"Parus major Linnaeus, 1758","SPECIES",60.04501,30.30214
"5937622759",2482515,"Corvus cornix Linnaeus, 1758","SPECIES",55.88326,37.6746
"5937622762",2487879,"Cyanistes caeruleus (Linnaeus, 1758)","SPECIES",55.57398,38.10077
"5937622763",9015784,"Dendrocopos minor (Linnaeus, 1758)","SPECIES",55.867167,37.274297
"5937622764",5229490,"Pica pica (Linnaeus, 1758)","SPECIES",55.79415,37.420322
"5937622767",9705453,"Parus major Linnaeus, 1758","SPECIES",55.881956,37.674819
"5937622770",9761484,"Anas platyrhynchos Linnaeus, 1758","SPECIES",55.710367,37.565589
"5937622771",5229493,"Garrulus glandarius (Linnaeus, 1758)","SPECIES",55.751547,37.478853
"5937622778",9705453,"Parus major Linnaeus, 1758","SPECIES",55.57398,38.10077
"5937622779",2477968,"Dendrocopos major (Linnaeus, 1758)","SPECIES",55.86555,37.280842
"5937622780",9705453,"Parus major Linnaeus, 1758","SPECIES",55.794114,37.420133
"5937622783",9705453,"Parus major Linnaeus, 1758","SPECIES",55.883172,37.674478
"5937622785",2498015,"Tadorna ferruginea (Pallas, 1764)","SPECIES",55.710568,37.567235
"5937622786",5231198,"Passer montanus (Linnaeus, 1758)","SPECIES",55.751769,37.478433
"5937622788",2484916,"Sitta europaea Linnaeus, 1758","SPECIES",55.45902,37.17827
"5937622791",9616058,"Falco tinnunculus Linnaeus, 1758","SPECIES",45.17959,37.71506
"5937622794",6092830,"Spinus spinus (Linnaeus, 1758)","SPECIES",55.424861,37.202225
"5937622795",2481139,"Larus argentatus Pontoppidan, 1763","SPECIES",55.681583,37.620356
"5937622797",5229493,"Garrulus glandarius (Linnaeus, 1758)","SPECIES",55.080506,36.639539
"5937622798",2484605,"Bombycilla garrulus (Linnaeus, 1758)","SPECIES",54.08542,39.80515
"5937622800",2482513,"Corvus frugilegus Linnaeus, 1758","SPECIES",55.679092,37.675878
"5937622802",9761484,"Anas platyrhynchos Linnaeus, 1758","SPECIES",55.76335,37.477306
"5937622804",2482513,"Corvus frugilegus Linnaeus, 1758","SPECIES",43.58321,46.73416
"5937622805",2495414,"Columba livia J.F.Gmelin, 1789","SPECIES",55.876336,37.517203
"5937622806",2487879,"Cyanistes caeruleus (Linnaeus, 1758)","SPECIES",55.73382,37.80061
"5937622807",5231198,"Passer montanus (Linnaeus, 1758)","SPECIES",60.04787,30.30172
"5937622810",9761484,"Anas platyrhynchos Linnaeus, 1758","SPECIES",55.88339,37.675
"5937622811",2482513,"Corvus frugilegus Linnaeus, 1758","SPECIES",55.64677,37.51954
"5937622813",5229490,"Pica pica (Linnaeus, 1758)","SPECIES",55.424861,37.202225
"5937622814",5231190,"Passer domesticus (Linnaeus, 1758)","SPECIES",59.062122,37.859583
"5937622815",6100954,"Corvus monedula Linnaeus, 1758","SPECIES",55.681419,37.619842
"5937622816",2492462,"Erithacus rubecula (Linnaeus, 1758)","SPECIES",55.760508,37.563867
"5937622819",2487879,"Cyanistes caeruleus (Linnaeus, 1758)","SPECIES",55.080592,36.638878
"5937622820",2495414,"Columba livia J.F.Gmelin, 1789","SPECIES",55.680097,37.672003
"5937622822",9705453,"Parus major Linnaeus, 1758","SPECIES",55.756058,37.477736
"5937622825",2495414,"Columba livia J.F.Gmelin, 1789","SPECIES",43.59684,46.73934
"5937622826",2477968,"Dendrocopos major (Linnaeus, 1758)","SPECIES",55.89424,37.81841
"5937622827",2487879,"Cyanistes caeruleus (Linnaeus, 1758)","SPECIES",55.87865,37.525342
"5937622828",9705453,"Parus major Linnaeus, 1758","SPECIES",55.73091,37.80195
"5937622829",2482515,"Corvus cornix Linnaeus, 1758","SPECIES",60.04276,30.31146
"5937622830",9705453,"Parus major Linnaeus, 1758","SPECIES",42.54072,47.42666
"5937622831",2495414,"Columba livia J.F.Gmelin, 1789","SPECIES",55.88326,37.6746
"5937622833",2482515,"Corvus cornix Linnaeus, 1758","SPECIES",55.831244,37.457236
"5937622835",9705453,"Parus major Linnaeus, 1758","SPECIES",55.57389,38.10138
"5937622836",9705453,"Parus major Linnaeus, 1758","SPECIES",55.867636,37.274061
"5937622837",2487866,"Poecile montanus (Conrad von Baldenstein, 1827)","SPECIES",55.760508,37.563867
"5937622838",2487879,"Cyanistes caeruleus (Linnaeus, 1758)","SPECIES",55.796075,37.415375
"5937622840",6100954,"Corvus monedula Linnaeus, 1758","SPECIES",55.881478,37.675667
"5937622841",2494543,"Pyrrhula pyrrhula (Linnaeus, 1758)","SPECIES",55.869433,37.422956
"5937622842",5231190,"Passer domesticus (Linnaeus, 1758)","SPECIES",59.84895,31.5849
"5937622843",2487879,"Cyanistes caeruleus (Linnaeus, 1758)","SPECIES",55.59156,37.58467
"5937622844",2482515,"Corvus cornix Linnaeus, 1758","SPECIES",55.90036,37.5637
"5937622845",2487879,"Cyanistes caeruleus (Linnaeus, 1758)","SPECIES",55.74978,37.48061
"5937622847",5231190,"Passer domesticus (Linnaeus, 1758)","SPECIES",55.534631,37.512328
"5937622851",2495414,"Columba livia J.F.Gmelin, 1789","SPECIES",55.832178,37.455444
"5937622853",2482513,"Corvus frugilegus Linnaeus, 1758","SPECIES",55.55917,38.11978
"5937622855",2482515,"Corvus cornix Linnaeus, 1758","SPECIES",55.760508,37.563867
"5937622856",2477968,"Dendrocopos major (Linnaeus, 1758)","SPECIES",55.56183,37.10784
"5937622857",6065824,"Larus ridibundus Linnaeus, 1766","SPECIES",45.10897,38.66814
"5937622860",2487879,"Cyanistes caeruleus (Linnaeus, 1758)","SPECIES",59.065522,37.861989
"5937622863",2477968,"Dendrocopos major (Linnaeus, 1758)","SPECIES",55.869433,37.422956
"5937622866",5231198,"Passer montanus (Linnaeus, 1758)","SPECIES",55.8993,37.56703
"5937622867",2480537,"Buteo buteo (Linnaeus, 1758)","SPECIES",45.26546,38.34026
"5937622869",2487879,"Cyanistes caeruleus (Linnaeus, 1758)","SPECIES",55.88587,37.84409
"5937622870",5845582,"Chloris chloris (Linnaeus, 1758)","SPECIES",55.538561,37.519472
"5937622871",2477968,"Dendrocopos major (Linnaeus, 1758)","SPECIES",55.7125,37.33765
"5937622873",2487879,"Cyanistes caeruleus (Linnaeus, 1758)","SPECIES",55.831314,37.457125
"5937622875",9797180,"Ardea cinerea Linnaeus, 1758","SPECIES",55.57438,38.10272
"5937622876",2487879,"Cyanistes caeruleus (Linnaeus, 1758)","SPECIES",55.760508,37.563867
"5937622877",2487603,"Certhia familiaris Linnaeus, 1758","SPECIES",55.5585,37.10243
"5937622878",9705453,"Parus major Linnaeus, 1758","SPECIES",55.796075,37.415375
"5937622881",2495414,"Columba livia J.F.Gmelin, 1789","SPECIES",55.882492,37.673508
"5937622883",2484916,"Sitta europaea Linnaeus, 1758","SPECIES",55.869433,37.422956
"5937622885",2484605,"Bombycilla garrulus (Linnaeus, 1758)","SPECIES",59.85035,31.59278
"5937622886",2494543,"Pyrrhula pyrrhula (Linnaeus, 1758)","SPECIES",55.59155,37.58467
"5937622887",2495414,"Columba livia J.F.Gmelin, 1789","SPECIES",55.90095,37.56366
"5937622888",5231198,"Passer montanus (Linnaeus, 1758)","SPECIES",45.25182,38.33211
"5937622889",2474377,"Fulica atra Linnaeus, 1758","SPECIES",55.749839,37.475742
"5937622890",5845582,"Chloris chloris (Linnaeus, 1758)","SPECIES",55.535072,37.510275
"5937622892",9705453,"Parus major Linnaeus, 1758","SPECIES",55.831269,37.457269
"5937622894",9705453,"Parus major Linnaeus, 1758","SPECIES",55.57224,38.11202
"5937622895",2484605,"Bombycilla garrulus (Linnaeus, 1758)","SPECIES",55.874117,37.272408
"5937622896",2490737,"Turdus pilaris Linnaeus, 1758","SPECIES",55.760508,37.563867
"5937622897",2487603,"Certhia familiaris Linnaeus, 1758","SPECIES",55.55834,37.11335
"5937622898",5231198,"Passer montanus (Linnaeus, 1758)","SPECIES",45.11145,38.66336
"5937622901",2482515,"Corvus cornix Linnaeus, 1758","SPECIES",55.882008,37.67445
"5937622902",9705453,"Parus major Linnaeus, 1758","SPECIES",55.869433,37.422956
"5937622904",9705453,"Parus major Linnaeus, 1758","SPECIES",55.90095,37.56366
"5937622905",5229490,"Pica pica (Linnaeus, 1758)","SPECIES",45.25266,38.33267
"5937622906",9761484,"Anas platyrhynchos Linnaeus, 1758","SPECIES",55.74915,37.475197
"5937622907",2487871,"Periparus ater (Linnaeus, 1758)","SPECIES",55.89062,37.84416
"5937622908",9705453,"Parus major Linnaeus, 1758","SPECIES",55.536667,37.513514
"5937622909",2482515,"Corvus cornix Linnaeus, 1758","SPECIES",55.831444,37.454856
"5937622912",5231630,"Acanthis flammea (Linnaeus, 1758)","SPECIES",55.56331,37.10491
"5937622913",5229490,"Pica pica (Linnaeus, 1758)","SPECIES",45.10681,38.67222
"5937622915",2477968,"Dendrocopos major (Linnaeus, 1758)","SPECIES",59.065378,37.861603
"5937622918",2495414,"Columba livia J.F.Gmelin, 1789","SPECIES",55.89068,37.6223
"5937622920",2490737,"Turdus pilaris Linnaeus, 1758","SPECIES",55.89769,37.56217
"5937622921",2495455,"Columba palumbus Linnaeus, 1758","SPECIES",45.27268,38.35025
"5937622923",9705453,"Parus major Linnaeus, 1758","SPECIES",55.88007,37.83761
"5937622924",9705453,"Parus major Linnaeus, 1758","SPECIES",55.538622,37.519772
"5937622925",9705453,"Parus major Linnaeus, 1758","SPECIES",55.71255,37.33774
"5937622926",2482515,"Corvus cornix Linnaeus, 1758","SPECIES",55.73517,37.79575
"5937622928",5231198,"Passer montanus (Linnaeus, 1758)","SPECIES",55.831942,37.455467
"5937622930",6100954,"Corvus monedula Linnaeus, 1758","SPECIES",55.55917,38.11978
"5937622931",2494543,"Pyrrhula pyrrhula (Linnaeus, 1758)","SPECIES",55.760508,37.563867
"5937622932",2487866,"Poecile montanus (Conrad von Baldenstein, 1827)","SPECIES",55.56126,37.11014
"5937622933",9761484,"Anas platyrhynchos Linnaeus, 1758","SPECIES",45.11016,38.66589
"5937622937",2487879,"Cyanistes caeruleus (Linnaeus, 1758)","SPECIES",55.869433,37.422956
"5937622940",2487879,"Cyanistes caeruleus (Linnaeus, 1758)","SPECIES",55.90095,37.56366
"5937622941",5229493,"Garrulus glandarius (Linnaeus, 1758)","SPECIES",45.26407,38.3397
"5937622942",2477968,"Dendrocopos major (Linnaeus, 1758)","SPECIES",55.88871,37.84418
"5937622943",9761484,"Anas platyrhynchos Linnaeus, 1758","SPECIES",55.537136,37.516797
"5937622944",2484605,"Bombycilla garrulus (Linnaeus, 1758)","SPECIES",53.27997,42.04482
"5937622945",9705453,"Parus major Linnaeus, 1758","SPECIES",55.707825,37.528736
"5937622946",5231198,"Passer montanus (Linnaeus, 1758)","SPECIES",55.677656,37.676756
"5937622947",2494543,"Pyrrhula pyrrhula (Linnaeus, 1758)","SPECIES",55.426058,38.555253
"5937622950",2490737,"Turdus pilaris Linnaeus, 1758","SPECIES",55.697975,37.520219
"5937622952",2487603,"Certhia familiaris Linnaeus, 1758","SPECIES",55.861044,37.437917
"5937622953",9761484,"Anas platyrhynchos Linnaeus, 1758","SPECIES",55.715928,37.586636
"5937622955",2487879,"Cyanistes caeruleus (Linnaeus, 1758)","SPECIES",55.828894,37.455381
"5937622959",9705453,"Parus major Linnaeus, 1758","SPECIES",55.766744,37.480014
"5937622961",2490669,"Galerida cristata (Linnaeus, 1758)","SPECIES",43.65449,46.72934
"5937622963",9797180,"Ardea cinerea Linnaeus, 1758","SPECIES",55.46372,37.17445
"5937622964",5231198,"Passer montanus (Linnaeus, 1758)","SPECIES",55.877428,37.527467
"5937622965",5231198,"Passer montanus (Linnaeus, 1758)","SPECIES",55.73799,37.7958
"5937622966",9705453,"Parus major Linnaeus, 1758","SPECIES",55.88571,37.68145
"5937622967",9761484,"Anas platyrhynchos Linnaeus, 1758","SPECIES",55.88138,37.66095
"5937622970",2495414,"Columba livia J.F.Gmelin, 1789","SPECIES",44.17537,46.71502
"5937622971",2497306,"Asio otus (Linnaeus, 1758)","SPECIES",55.707825,37.528736
"5937622972",2495414,"Columba livia J.F.Gmelin, 1789","SPECIES",55.67795,37.680467
"5937622973",2495414,"Columba livia J.F.Gmelin, 1789","SPECIES",55.42689,38.55886
"5937622976",2482515,"Corvus cornix Linnaeus, 1758","SPECIES",55.697975,37.520219
"5937622977",5231198,"Passer montanus (Linnaeus, 1758)","SPECIES",55.629067,37.728775
"5937622978",9705453,"Parus major Linnaeus, 1758","SPECIES",55.075783,37.762378
"5937622980",9705453,"Parus major Linnaeus, 1758","SPECIES",55.861044,37.437917
"5937622981",2482515,"Corvus cornix Linnaeus, 1758","SPECIES",55.715928,37.586636
"5937622983",9705453,"Parus major Linnaeus, 1758","SPECIES",55.829078,37.455231
"5937622987",2495414,"Columba livia J.F.Gmelin, 1789","SPECIES",55.76636,37.47941
"5937622989",2490669,"Galerida cristata (Linnaeus, 1758)","SPECIES",43.64612,46.74117
"5937622990",2477927,"Dendrocopos leucotos (Bechstein, 1802)","SPECIES",55.45916,37.17793
"5937622991",2495414,"Columba livia J.F.Gmelin, 1789","SPECIES",55.876783,37.527058
"5937622993",2487879,"Cyanistes caeruleus (Linnaeus, 1758)","SPECIES",55.73799,37.7958
"5937622994",2482515,"Corvus cornix Linnaeus, 1758","SPECIES",55.88612,37.68162
"5937622995",5231190,"Passer domesticus (Linnaeus, 1758)","SPECIES",55.88188,37.66414
"5937622997",2495455,"Columba palumbus Linnaeus, 1758","SPECIES",44.17508,46.71508
"5937622999",2487603,"Certhia familiaris Linnaeus, 1758","SPECIES",55.869231,37.448894
"5937623000",9705453,"Parus major Linnaeus, 1758","SPECIES",55.751369,37.638392
"5937623002",2482515,"Corvus cornix Linnaeus, 1758","SPECIES",55.767875,37.559186
"5937623005",2495414,"Columba livia J.F.Gmelin, 1789","SPECIES",55.713153,37.581701
"5937623008",2487866,"Poecile montanus (Conrad von Baldenstein, 1827)","SPECIES",55.46303,37.17464
"5937623012",9761484,"Anas platyrhynchos Linnaeus, 1758","SPECIES",55.872075,37.656989
"5937623013",2498347,"Cygnus cygnus (Linnaeus, 1758)","SPECIES",45.14167,37.63544
"5937623019",2494441,"Fringilla montifringilla Linnaeus, 1758","SPECIES",55.707825,37.528736
"5937623024",2482515,"Corvus cornix Linnaeus, 1758","SPECIES",55.631194,37.719281
"5937623025",2473958,"Perdix perdix (Linnaeus, 1758)","SPECIES",55.076372,37.770419
"5937623030",2482515,"Corvus cornix Linnaeus, 1758","SPECIES",55.877953,37.526253
"5937623033",9761484,"Anas platyrhynchos Linnaeus, 1758","SPECIES",55.89244,37.68495
"5937623042",2495414,"Columba livia J.F.Gmelin, 1789","SPECIES",55.626883,37.722214
"5937623043",2495414,"Columba livia J.F.Gmelin, 1789","SPECIES",55.711619,37.585883
"5937623047",2492462,"Erithacus rubecula (Linnaeus, 1758)","SPECIES",55.68113,37.46064
"5937623048",2494543,"Pyrrhula pyrrhula (Linnaeus, 1758)","SPECIES",55.46303,37.17464
"5937623049",2482492,"Corvus corax Linnaeus, 1758","SPECIES",44.87192,37.44441
"5937623057",2482513,"Corvus frugilegus Linnaeus, 1758","SPECIES",55.624431,37.722444
"5937623063",5231198,"Passer montanus (Linnaeus, 1758)","SPECIES",55.68758,37.46173
"5937623064",2490737,"Turdus pilaris Linnaeus, 1758","SPECIES",55.47326,37.17098
"5937623066",5231190,"Passer domesticus (Linnaeus, 1758)","SPECIES",55.878097,37.5264
"5937623068",6100954,"Corvus monedula Linnaeus, 1758","SPECIES",55.89268,37.685
"5937623075",6100954,"Corvus monedula Linnaeus, 1758","SPECIES",55.625383,37.721758
"5937623076",2498261,"Aythya fuligula (Linnaeus, 1758)","SPECIES",56.07602,40.42838
"5937623082",9705453,"Parus major Linnaeus, 1758","SPECIES",55.68738,37.46124
"5937623083",2491534,"Emberiza citrinella Linnaeus, 1758","SPECIES",55.47326,37.17098
"5937623084",2477968,"Dendrocopos major (Linnaeus, 1758)","SPECIES",44.84061,37.4092
"5937623090",2482515,"Corvus cornix Linnaeus, 1758","SPECIES",55.57398,38.10077
"5937623091",2484916,"Sitta europaea Linnaeus, 1758","SPECIES",55.870628,37.273394
"5937623092",2487879,"Cyanistes caeruleus (Linnaeus, 1758)","SPECIES",55.794114,37.420133
"5937623095",2487879,"Cyanistes caeruleus (Linnaeus, 1758)","SPECIES",55.883161,37.674489
"5937623096",9761484,"Anas platyrhynchos Linnaeus, 1758","SPECIES",55.713208,37.573581
"5937623098",9705453,"Parus major Linnaeus, 1758","SPECIES",55.45902,37.17827
"5937623101",2480482,"Circus aeruginosus (Linnaeus, 1758)","SPECIES",45.17997,37.69993
"5937623104",5229490,"Pica pica (Linnaeus, 1758)","SPECIES",53.27998,42.04482
"5937623105",2487879,"Cyanistes caeruleus (Linnaeus, 1758)","SPECIES",55.707825,37.528736
"5937623106",5231190,"Passer domesticus (Linnaeus, 1758)","SPECIES",55.677656,37.676756
"5937623107",6100954,"Corvus monedula Linnaeus, 1758","SPECIES",55.426036,38.555103
"5937623110",9705453,"Parus major Linnaeus, 1758","SPECIES",55.697975,37.520219
"5937623113",2494543,"Pyrrhula pyrrhula (Linnaeus, 1758)","SPECIES",55.8617,37.44075
"5937623116",2482515,"Corvus cornix Linnaeus, 1758","SPECIES",55.828286,37.454575
"5937623121",9705453,"Parus major Linnaeus, 1758","SPECIES",55.767131,37.481536
"5937623124",2482513,"Corvus frugilegus Linnaeus, 1758","SPECIES",43.65711,46.7247
"5937623126",5229490,"Pica pica (Linnaeus, 1758)","SPECIES",55.46965,37.17006
"5937623127",5231190,"Passer domesticus (Linnaeus, 1758)","SPECIES",55.877503,37.527428
"5937623128",2484916,"Sitta europaea Linnaeus, 1758","SPECIES",55.73796,37.79743
"5937623129",9761484,"Anas platyrhynchos Linnaeus, 1758","SPECIES",55.88438,37.67927
"5937623130",2495414,"Columba livia J.F.Gmelin, 1789","SPECIES",55.88097,37.65974
"5937623133",10095118,"Microcarbo pygmaeus (Pallas, 1773)","SPECIES",44.17737,46.71611
"5937623135",2487871,"Periparus ater (Linnaeus, 1758)","SPECIES",55.871764,37.275347
"5937623136",2487603,"Certhia familiaris Linnaeus, 1758","SPECIES",55.793717,37.420144
"5937623137",2487879,"Cyanistes caeruleus (Linnaeus, 1758)","SPECIES",55.869231,37.448894
"5937623138",2482515,"Corvus cornix Linnaeus, 1758","SPECIES",55.750775,37.64049
"5937623140",2495414,"Columba livia J.F.Gmelin, 1789","SPECIES",55.765769,37.559989
"5937623143",2495414,"Columba livia J.F.Gmelin, 1789","SPECIES",55.883128,37.674878
"5937623145",9761484,"Anas platyrhynchos Linnaeus, 1758","SPECIES",55.715218,37.578728
"5937623148",2487866,"Poecile montanus (Conrad von Baldenstein, 1827)","SPECIES",55.45891,37.17807
"5937623151",2480637,"Accipiter nisus (Linnaeus, 1758)","SPECIES",55.873389,37.657406
"5937623152",2482513,"Corvus frugilegus Linnaeus, 1758","SPECIES",45.17467,37.67625
"5937623158",2487866,"Poecile montanus (Conrad von Baldenstein, 1827)","SPECIES",55.869433,37.279875
"5937623159",2477968,"Dendrocopos major (Linnaeus, 1758)","SPECIES",55.794114,37.420133
"5937623163",5231198,"Passer montanus (Linnaeus, 1758)","SPECIES",55.883133,37.674894
"5937623165",9705453,"Parus major Linnaeus, 1758","SPECIES",55.712844,37.576496
"5937623168",2482613,"Nucifraga caryocatactes (Linnaeus, 1758)","SPECIES",55.45902,37.17827
"5937623171",2482515,"Corvus cornix Linnaeus, 1758","SPECIES",45.17974,37.69762
"5937623176",2482515,"Corvus cornix Linnaeus, 1758","SPECIES",55.793619,37.420364
"5937623177",9705453,"Parus major Linnaeus, 1758","SPECIES",55.869231,37.448894
"5937623178",2495414,"Columba livia J.F.Gmelin, 1789","SPECIES",55.751148,37.638756
"5937623180",5231190,"Passer domesticus (Linnaeus, 1758)","SPECIES",55.765781,37.559989
"5937623184",9761484,"Anas platyrhynchos Linnaeus, 1758","SPECIES",55.716883,37.580766
"5937623187",2477927,"Dendrocopos leucotos (Bechstein, 1802)","SPECIES",55.46303,37.17464
"5937623190",2480537,"Buteo buteo (Linnaeus, 1758)","SPECIES",55.873267,37.655714
"5937623191",2481181,"Larus cachinnans Pallas, 1811","SPECIES",45.17191,37.66487
"5937623197",9705453,"Parus major Linnaeus, 1758","SPECIES",55.752066,37.637209
"5937623202",9761484,"Anas platyrhynchos Linnaeus, 1758","SPECIES",55.630892,37.7308
"5937623203",9705453,"Parus major Linnaeus, 1758","SPECIES",55.713153,37.581701
"5937623206",2492462,"Erithacus rubecula (Linnaeus, 1758)","SPECIES",55.67893,37.45988
"5937623207",2477968,"Dendrocopos major (Linnaeus, 1758)","SPECIES",55.46303,37.17464
"5937623211",2482515,"Corvus cornix Linnaeus, 1758","SPECIES",55.871386,37.658544
"5937623212",2480487,"Circus cyaneus (Linnaeus, 1766)","SPECIES",45.0037,37.44363
"5937623217",2487603,"Certhia familiaris Linnaeus, 1758","SPECIES",53.29829,42.00647
"5937623218",9705453,"Parus major Linnaeus, 1758","SPECIES",55.6772,37.6761
"5937623219",2480637,"Accipiter nisus (Linnaeus, 1758)","SPECIES",55.42567,38.5542
"5937623221",2490737,"Turdus pilaris Linnaeus, 1758","SPECIES",55.4634,37.17938
"5937623223",2482492,"Corvus corax Linnaeus, 1758","SPECIES",55.598953,37.715731
"5937623224",9705453,"Parus major Linnaeus, 1758","SPECIES",55.700253,37.526142
"5937623225",2495414,"Columba livia J.F.Gmelin, 1789","SPECIES",55.75771,37.83922
"5937623226",2482515,"Corvus cornix Linnaeus, 1758","SPECIES",55.760508,37.563867
"5937623227",5231198,"Passer montanus (Linnaeus, 1758)","SPECIES",55.856861,37.437914
"5937623228",2495414,"Columba livia J.F.Gmelin, 1789","SPECIES",55.76046,37.56486
"5937623229",2484916,"Sitta europaea Linnaeus, 1758","SPECIES",55.715928,37.586636
"5937623230",9761484,"Anas platyrhynchos Linnaeus, 1758","SPECIES",55.829117,37.459708
"5937623234",2495414,"Columba livia J.F.Gmelin, 1789","SPECIES",55.76735,37.482931
"5937623235",9616058,"Falco tinnunculus Linnaeus, 1758","SPECIES",45.23464,38.30403
"5937623237",2482515,"Corvus cornix Linnaeus, 1758","SPECIES",43.67632,46.71434
"5937623239",2487879,"Cyanistes caeruleus (Linnaeus, 1758)","SPECIES",55.47149,37.17042
"5937623240",2487879,"Cyanistes caeruleus (Linnaeus, 1758)","SPECIES",55.73878,37.8022
"5937623241",9761484,"Anas platyrhynchos Linnaeus, 1758","SPECIES",55.87779,37.65744
"5937623243",5231198,"Passer montanus (Linnaeus, 1758)","SPECIES",54.08458,39.80797
"5937623244",2481819,"Gallinago gallinago (Linnaeus, 1758)","SPECIES",44.17793,46.72324
"5937623245",2487866,"Poecile montanus (Conrad von Baldenstein, 1827)","SPECIES",53.29839,42.00636
"5937623249",2494543,"Pyrrhula pyrrhula (Linnaeus, 1758)","SPECIES",55.4631,37.18003
"5937623252",2482515,"Corvus cornix Linnaeus, 1758","SPECIES",55.781561,37.437653
"5937623253",2487879,"Cyanistes caeruleus (Linnaeus, 1758)","SPECIES",54.00713,39.71331
"5937623254",9705453,"Parus major Linnaeus, 1758","SPECIES",55.75657,37.83425
"5937623255",9705453,"Parus major Linnaeus, 1758","SPECIES",55.760508,37.563867
"5937623256",2495414,"Columba livia J.F.Gmelin, 1789","SPECIES",55.76046,37.56486
"5937623259",5231438,"Troglodytes troglodytes (Linnaeus, 1758)","SPECIES",55.4203,38.54843
"5937623260",5229493,"Garrulus glandarius (Linnaeus, 1758)","SPECIES",45.20349,38.29391
"5937623263",2484605,"Bombycilla garrulus (Linnaeus, 1758)","SPECIES",55.529703,37.509669
"5937623265",2480637,"Accipiter nisus (Linnaeus, 1758)","SPECIES",55.73851,37.80375
"5937623266",2492462,"Erithacus rubecula (Linnaeus, 1758)","SPECIES",55.707825,37.528736
"5937623267",2482515,"Corvus cornix Linnaeus, 1758","SPECIES",55.676147,37.680547
"5937623270",5229490,"Pica pica (Linnaeus, 1758)","SPECIES",55.697975,37.520219
"5937623271",9705453,"Parus major Linnaeus, 1758","SPECIES",55.628281,37.724944
"5937623272",2495000,"Aegithalos caudatus (Linnaeus, 1758)","SPECIES",55.086258,37.770939
"5937623274",2487603,"Certhia familiaris Linnaeus, 1758","SPECIES",55.715928,37.586636
"5937623276",2495414,"Columba livia J.F.Gmelin, 1789","SPECIES",55.830694,37.456608
"5937623279",9705453,"Parus major Linnaeus, 1758","SPECIES",55.76566,37.4785
"5937623280",2482513,"Corvus frugilegus Linnaeus, 1758","SPECIES",43.63725,46.7477
"5937623281",9705453,"Parus major Linnaeus, 1758","SPECIES",55.459,37.17819
"5937623282",5231190,"Passer domesticus (Linnaeus, 1758)","SPECIES",55.876367,37.526414
"5937623285",5231198,"Passer montanus (Linnaeus, 1758)","SPECIES",55.89292,37.68542
"5937623287",9761484,"Anas platyrhynchos Linnaeus, 1758","SPECIES",55.88187,37.66762
"5937623289",2481890,"Phalacrocorax carbo (Linnaeus, 1758)","SPECIES",44.17298,46.71543
"5937623290",2494422,"Fringilla coelebs Linnaeus, 1758","SPECIES",55.707825,37.528736
"5937623291",2495414,"Columba livia J.F.Gmelin, 1789","SPECIES",55.675175,37.682328
"5937623294",2487879,"Cyanistes caeruleus (Linnaeus, 1758)","SPECIES",55.627886,37.722586
"5937623295",2482515,"Corvus cornix Linnaeus, 1758","SPECIES",55.074133,37.762517
"5937623297",2495414,"Columba livia J.F.Gmelin, 1789","SPECIES",55.715928,37.586636
"5937623299",9705453,"Parus major Linnaeus, 1758","SPECIES",55.830736,37.456656
"5937623302",6100954,"Corvus monedula Linnaeus, 1758","SPECIES",43.63089,46.75202
"5937623303",6092830,"Spinus spinus (Linnaeus, 1758)","SPECIES",55.46072,37.18441
"5937623304",5231198,"Passer montanus (Linnaeus, 1758)","SPECIES",55.876367,37.526419
"5937623307",2487879,"Cyanistes caeruleus (Linnaeus, 1758)","SPECIES",55.89292,37.68542
"5937623311",2480482,"Circus aeruginosus (Linnaeus, 1758)","SPECIES",44.16262,46.71715
"5937623312",2480524,"Buteo lagopus (Pontoppidan, 1763)","SPECIES",53.29452,42.01252
"5937623313",2495414,"Columba livia J.F.Gmelin, 1789","SPECIES",55.707825,37.528736
"5937623314",9809229,"Sturnus vulgaris Linnaeus, 1758","SPECIES",55.6772,37.6761
"5937623315",2487879,"Cyanistes caeruleus (Linnaeus, 1758)","SPECIES",55.425792,38.554361
"5937623316",2477968,"Dendrocopos major (Linnaeus, 1758)","SPECIES",55.4634,37.17938
"5937623318",2482515,"Corvus cornix Linnaeus, 1758","SPECIES",55.700253,37.526142
"5937623319",2482613,"Nucifraga caryocatactes (Linnaeus, 1758)","SPECIES",56.85114,38.7061
"5937623320",2482492,"Corvus corax Linnaeus, 1758","SPECIES",55.760508,37.563867
"5937623321",2482515,"Corvus cornix Linnaeus, 1758","SPECIES",55.856592,37.441722
"5937623322",2487879,"Cyanistes caeruleus (Linnaeus, 1758)","SPECIES",55.76046,37.56486
"5937623323",2487879,"Cyanistes caeruleus (Linnaeus, 1758)","SPECIES",55.715928,37.586636
"5937623324",2490737,"Turdus pilaris Linnaeus, 1758","SPECIES",55.827378,37.455769
"5937623328",9705453,"Parus major Linnaeus, 1758","SPECIES",55.76751,37.48248
"5937623329",2482515,"Corvus cornix Linnaeus, 1758","SPECIES",45.23516,38.30495
"5937623332",2482513,"Corvus frugilegus Linnaeus, 1758","SPECIES",43.66649,46.71593
"5937623333",2482515,"Corvus cornix Linnaeus, 1758","SPECIES",55.90659,37.83986
"5937623335",2490737,"Turdus pilaris Linnaeus, 1758","SPECIES",55.47143,37.1704
"5937623336",2495414,"Columba livia J.F.Gmelin, 1789","SPECIES",55.880411,37.53115
"5937623337",2487879,"Cyanistes caeruleus (Linnaeus, 1758)","SPECIES",55.73782,37.7977
"5937623338",6100954,"Corvus monedula Linnaeus, 1758","SPECIES",55.87902,37.65778
"5937623340",2494543,"Pyrrhula pyrrhula (Linnaeus, 1758)","SPECIES",54.08458,39.80797
"5937623341",2498009,"Tadorna tadorna (Linnaeus, 1758)","SPECIES",44.17787,46.72252
"5937623342",2494543,"Pyrrhula pyrrhula (Linnaeus, 1758)","SPECIES",53.28101,42.02307
"5937623343",2482515,"Corvus cornix Linnaeus, 1758","SPECIES",55.707825,37.528736
"5937623344",9705453,"Parus major Linnaeus, 1758","SPECIES",55.677661,37.676744
"5937623345",9705453,"Parus major Linnaeus, 1758","SPECIES",55.42595,38.55556
"5937623347",9444556,"Lanius excubitor Linnaeus, 1758","SPECIES",55.46998,37.17311
"5937623349",6100954,"Corvus monedula Linnaeus, 1758","SPECIES",55.831989,37.451053
"5937623350",2494543,"Pyrrhula pyrrhula (Linnaeus, 1758)","SPECIES",55.697975,37.520219
"5937623351",2482515,"Corvus cornix Linnaeus, 1758","SPECIES",55.857703,37.443536
"5937623352",9705453,"Parus major Linnaeus, 1758","SPECIES",55.76046,37.56486
"5937623353",5231198,"Passer montanus (Linnaeus, 1758)","SPECIES",55.715928,37.586636
"5937623354",2495414,"Columba livia J.F.Gmelin, 1789","SPECIES",55.828569,37.4548
"5937623359",5231438,"Troglodytes troglodytes (Linnaeus, 1758)","SPECIES",55.76739,37.48218
"5937623362",2495414,"Columba livia J.F.Gmelin, 1789","SPECIES",43.66443,46.71695
"5937623363",2494543,"Pyrrhula pyrrhula (Linnaeus, 1758)","SPECIES",55.90633,37.83997
"5937623366",2491534,"Emberiza citrinella Linnaeus, 1758","SPECIES",55.46953,37.17006
"5937623367",2482515,"Corvus cornix Linnaeus, 1758","SPECIES",55.8788,37.528183
"5937623368",9705453,"Parus major Linnaeus, 1758","SPECIES",55.73782,37.7977
"5937623369",2482515,"Corvus cornix Linnaeus, 1758","SPECIES",55.88065,37.6588
"5937623371",2482515,"Corvus cornix Linnaeus, 1758","SPECIES",54.08533,39.80531
"5937623372",2481819,"Gallinago gallinago (Linnaeus, 1758)","SPECIES",44.17785,46.7222
"5937623373",5845582,"Chloris chloris (Linnaeus, 1758)","SPECIES",55.707825,37.528736
"5937623374",9705453,"Parus major Linnaeus, 1758","SPECIES",55.677286,37.680525
"5937623375",2482515,"Corvus cornix Linnaeus, 1758","SPECIES",55.42655,38.55781
"5937623378",2482492,"Corvus corax Linnaeus, 1758","SPECIES",55.697975,37.520219
"5937623379",2492462,"Erithacus rubecula (Linnaeus, 1758)","SPECIES",55.632636,37.719861
"5937623380",2494543,"Pyrrhula pyrrhula (Linnaeus, 1758)","SPECIES",55.086572,37.770628
"5937623382",6100954,"Corvus monedula Linnaeus, 1758","SPECIES",55.861128,37.437122
"5937623383",9705453,"Parus major Linnaeus, 1758","SPECIES",55.715928,37.586636
"5937623385",2482515,"Corvus cornix Linnaeus, 1758","SPECIES",55.830658,37.456469
"5937623389",2482515,"Corvus cornix Linnaeus, 1758","SPECIES",55.76564,37.47902
"5937623390",5229490,"Pica pica (Linnaeus, 1758)","SPECIES",43.63971,46.74588
"5937623391",2487866,"Poecile montanus (Conrad von Baldenstein, 1827)","SPECIES",55.45884,37.17778
"5937623392",2482515,"Corvus cornix Linnaeus, 1758","SPECIES",55.876247,37.526608
"5937623394",9705453,"Parus major Linnaeus, 1758","SPECIES",55.73517,37.79575
"5937623395",9705453,"Parus major Linnaeus, 1758","SPECIES",55.89292,37.68542
"5937623396",5231198,"Passer montanus (Linnaeus, 1758)","SPECIES",55.88188,37.66414
"5937623398",2480863,"Nycticorax nycticorax (Linnaeus, 1758)","SPECIES",44.17138,46.71571
"5937623400",2482492,"Corvus corax Linnaeus, 1758","SPECIES",55.58503,37.5918
"5937623402",2482515,"Corvus cornix Linnaeus, 1758","SPECIES",56.302775,36.773714
"5937623403",2474377,"Fulica atra Linnaeus, 1758","SPECIES",55.68596,37.7009
"5937623404",2482492,"Corvus corax Linnaeus, 1758","SPECIES",55.88753,37.68039
"5937623406",2482492,"Corvus corax Linnaeus, 1758","SPECIES",55.64367,38.05908
"5937623407",2482515,"Corvus cornix Linnaeus, 1758","SPECIES",55.716037,37.586191
"5937623409",2484916,"Sitta europaea Linnaeus, 1758","SPECIES",56.33327,41.04755
"5937623415",2477968,"Dendrocopos major (Linnaeus, 1758)","SPECIES",55.61368,37.68997
"5937623419",2484916,"Sitta europaea Linnaeus, 1758","SPECIES",55.58617,37.59338
"5937623421",5231190,"Passer domesticus (Linnaeus, 1758)","SPECIES",55.68559,37.70075
"5937623422",9761484,"Anas platyrhynchos Linnaeus, 1758","SPECIES",55.88759,37.68088
"5937623424",2482515,"Corvus cornix Linnaeus, 1758","SPECIES",55.64367,38.05908
"5937623425",2482515,"Corvus cornix Linnaeus, 1758","SPECIES",55.787014,37.783064
"5937623426",2482515,"Corvus cornix Linnaeus, 1758","SPECIES",55.719288,37.590325
"5937623428",2487871,"Periparus ater (Linnaeus, 1758)","SPECIES",56.33327,41.04755
"5937623435",9705453,"Parus major Linnaeus, 1758","SPECIES",55.61367,37.68997
"5937623437",2484916,"Sitta europaea Linnaeus, 1758","SPECIES",53.29842,42.00643
"5937623438",5229490,"Pica pica (Linnaeus, 1758)","SPECIES",55.42364,38.55248
"5937623441",2487603,"Certhia familiaris Linnaeus, 1758","SPECIES",55.46333,37.18001
"5937623443",5231198,"Passer montanus (Linnaeus, 1758)","SPECIES",55.700253,37.526142
"5937623444",2480524,"Buteo lagopus (Pontoppidan, 1763)","SPECIES",54.00713,39.71331
"5937623445",6100954,"Corvus monedula Linnaeus, 1758","SPECIES",55.75767,37.83711
"5937623446",6100954,"Corvus monedula Linnaeus, 1758","SPECIES",55.760508,37.563867
"5937623447",5231198,"Passer montanus (Linnaeus, 1758)","SPECIES",55.857144,37.437822
"5937623448",2482515,"Corvus cornix Linnaeus, 1758","SPECIES",55.76046,37.56486
"5937623449",2482515,"Corvus cornix Linnaeus, 1758","SPECIES",55.828906,37.459736
"5937623453",9705453,"Parus major Linnaeus, 1758","SPECIES",55.76767,37.48477
"5937623454",2482492,"Corvus corax Linnaeus, 1758","SPECIES",55.42181,38.55066
"5937623455",2495455,"Columba palumbus Linnaeus, 1758","SPECIES",45.23443,38.30259
"5937623457",5229490,"Pica pica (Linnaeus, 1758)","SPECIES",43.68054,46.71505
"5937623458",5231198,"Passer montanus (Linnaeus, 1758)","SPECIES",55.532083,37.510903
"5937623460",9705453,"Parus major Linnaeus, 1758","SPECIES",55.73878,37.8022
"5937623461",2494543,"Pyrrhula pyrrhula (Linnaeus, 1758)","SPECIES",55.87705,37.65816
"5937623462",2495000,"Aegithalos caudatus (Linnaeus, 1758)","SPECIES",54.08458,39.80797
"5937623463",2494422,"Fringilla coelebs Linnaeus, 1758","SPECIES",44.17762,46.71889
"5937623464",2484596,"Regulus regulus (Linnaeus, 1758)","SPECIES",53.2984,42.00628
"5937623467",9705453,"Parus major Linnaeus, 1758","SPECIES",55.760469,37.564194
"5937623469",2477968,"Dendrocopos major (Linnaeus, 1758)","SPECIES",55.46266,37.18455
"5937623472",2477968,"Dendrocopos major (Linnaeus, 1758)","SPECIES",55.782408,37.438542
"5937623473",9705453,"Parus major Linnaeus, 1758","SPECIES",54.00713,39.71331
"5937623474",2482513,"Corvus frugilegus Linnaeus, 1758","SPECIES",55.756,37.83737
"5937623477",2482515,"Corvus cornix Linnaeus, 1758","SPECIES",55.76046,37.56486
"5937623479",5231198,"Passer montanus (Linnaeus, 1758)","SPECIES",55.4203,38.54843
"5937623480",2497306,"Asio otus (Linnaeus, 1758)","SPECIES",45.19586,38.29969
"5937623489",2482613,"Nucifraga caryocatactes (Linnaeus, 1758)","SPECIES",55.46266,37.18455
"5937623491",9705453,"Parus major Linnaeus, 1758","SPECIES",55.782597,37.438906
"5937623492",2490737,"Turdus pilaris Linnaeus, 1758","SPECIES",55.7038,37.50789
"5937623493",9705453,"Parus major Linnaeus, 1758","SPECIES",56.32536,39.40948
"5937623494",9616058,"Falco tinnunculus Linnaeus, 1758","SPECIES",55.75448,37.83845
"5937623496",2482515,"Corvus cornix Linnaeus, 1758","SPECIES",55.75637,37.54185
"5937623498",2487879,"Cyanistes caeruleus (Linnaeus, 1758)","SPECIES",55.420208,38.549197
"5937623499",2495696,"Streptopelia decaocto (Frivaldszky, 1838)","SPECIES",45.17911,38.31008
"5937623501",2495414,"Columba livia J.F.Gmelin, 1789","SPECIES",55.73812,37.81658
"5937623508",6092830,"Spinus spinus (Linnaeus, 1758)","SPECIES",55.46056,37.18422
"5937623510",2487879,"Cyanistes caeruleus (Linnaeus, 1758)","SPECIES",55.782597,37.438906
"5937623511",2495414,"Columba livia J.F.Gmelin, 1789","SPECIES",55.70372,37.50766
"5937623512",2487879,"Cyanistes caeruleus (Linnaeus, 1758)","SPECIES",56.32535,39.40946
"5937623513",2487879,"Cyanistes caeruleus (Linnaeus, 1758)","SPECIES",55.75182,37.83838
"5937623515",9705453,"Parus major Linnaeus, 1758","SPECIES",55.75073,37.50734
"5937623518",5229490,"Pica pica (Linnaeus, 1758)","SPECIES",55.417997,38.548136
"5937623519",2480637,"Accipiter nisus (Linnaeus, 1758)","SPECIES",45.17847,38.31074
"5937623527",2482515,"Corvus cornix Linnaeus, 1758","SPECIES",55.782742,37.443375
"5937623528",2494543,"Pyrrhula pyrrhula (Linnaeus, 1758)","SPECIES",56.306936,36.754175
"5937623529",5231198,"Passer montanus (Linnaeus, 1758)","SPECIES",56.32534,39.40946
"5937623531",2490737,"Turdus pilaris Linnaeus, 1758","SPECIES",55.75916,37.83209
"5937623533",2487866,"Poecile montanus (Conrad von Baldenstein, 1827)","SPECIES",55.64367,38.05906
"5937623535",9705453,"Parus major Linnaeus, 1758","SPECIES",55.411992,38.53685
"5937623536",9616058,"Falco tinnunculus Linnaeus, 1758","SPECIES",45.1686,38.33791
"5937623546",2482492,"Corvus corax Linnaeus, 1758","SPECIES",55.782628,37.438928
"5937623547",9705453,"Parus major Linnaeus, 1758","SPECIES",56.308061,36.753597
"5937623548",9705453,"Parus major Linnaeus, 1758","SPECIES",55.70376,37.50773
"5937623549",5231190,"Passer domesticus (Linnaeus, 1758)","SPECIES",56.32536,39.40945
"5937623550",5231198,"Passer montanus (Linnaeus, 1758)","SPECIES",55.74902,37.82328
"5937623552",9705453,"Parus major Linnaeus, 1758","SPECIES",55.6437,38.05891
"5937623554",2482492,"Corvus corax Linnaeus, 1758","SPECIES",55.417047,38.547622
"5937623555",2482515,"Corvus cornix Linnaeus, 1758","SPECIES",45.17817,38.3111
"5937623561",5229490,"Pica pica (Linnaeus, 1758)","SPECIES",55.782742,37.443375
"5937623562",5231630,"Acanthis flammea (Linnaeus, 1758)","SPECIES",56.306303,36.757858
"5937623563",2494543,"Pyrrhula pyrrhula (Linnaeus, 1758)","SPECIES",56.32535,39.40944
"5937623568",2494543,"Pyrrhula pyrrhula (Linnaeus, 1758)","SPECIES",55.64368,38.05906
"5937623570",9015784,"Dendrocopos minor (Linnaeus, 1758)","SPECIES",55.410894,38.5247
"5937623579",2495414,"Columba livia J.F.Gmelin, 1789","SPECIES",55.58415,37.59327
"5937623580",2494543,"Pyrrhula pyrrhula (Linnaeus, 1758)","SPECIES",55.788083,37.444878
"5937623581",2494543,"Pyrrhula pyrrhula (Linnaeus, 1758)","SPECIES",56.304353,36.760911
"5937623582",5229490,"Pica pica (Linnaeus, 1758)","SPECIES",56.32533,39.40943
"5937623584",2482515,"Corvus cornix Linnaeus, 1758","SPECIES",55.68582,37.69098
"5937623587",2487879,"Cyanistes caeruleus (Linnaeus, 1758)","SPECIES",55.64367,38.05908
"5937623588",2487879,"Cyanistes caeruleus (Linnaeus, 1758)","SPECIES",55.716037,37.586191
"5937623589",2477968,"Dendrocopos major (Linnaeus, 1758)","SPECIES",56.33327,41.04755
"5937623596",9282206,"Strix aluco Linnaeus, 1758","SPECIES",55.61167,37.68612
"5937623600",2477968,"Dendrocopos major (Linnaeus, 1758)","SPECIES",55.782803,37.443064
"5937623601",2487879,"Cyanistes caeruleus (Linnaeus, 1758)","SPECIES",56.304203,36.76135
"5937623602",5845582,"Chloris chloris (Linnaeus, 1758)","SPECIES",56.32535,39.40943
"5937623606",2490737,"Turdus pilaris Linnaeus, 1758","SPECIES",55.64367,38.05906
"5937623607",5231198,"Passer montanus (Linnaeus, 1758)","SPECIES",55.716037,37.586191
"5937623608",2494686,"Carduelis carduelis (Linnaeus, 1758)","SPECIES",55.407719,38.523928
"5937623616",2482515,"Corvus cornix Linnaeus, 1758","SPECIES",55.68474,37.46192
"5937623617",2477968,"Dendrocopos major (Linnaeus, 1758)","SPECIES",55.746308,37.498119
"5937623618",2482513,"Corvus frugilegus Linnaeus, 1758","SPECIES",57.624999,39.838745
"5937623619",2494543,"Pyrrhula pyrrhula (Linnaeus, 1758)","SPECIES",55.782786,37.355853
"5937623620",2477968,"Dendrocopos major (Linnaeus, 1758)","SPECIES",55.90382,37.83719
"5937623622",2482515,"Corvus cornix Linnaeus, 1758","SPECIES",55.751058,37.628261
"5937623623",2495414,"Columba livia J.F.Gmelin, 1789","SPECIES",55.707236,37.586633
"5937623625",2482515,"Corvus cornix Linnaeus, 1758","SPECIES",56.32535,39.40942
"5937623627",9761484,"Anas platyrhynchos Linnaeus, 1758","SPECIES",55.836792,37.464864
"5937623628",2487879,"Cyanistes caeruleus (Linnaeus, 1758)","SPECIES",55.806856,37.474144
"5937623630",2484916,"Sitta europaea Linnaeus, 1758","SPECIES",55.76762,37.48509
"5937623631",2477968,"Dendrocopos major (Linnaeus, 1758)","SPECIES",55.966647,36.01955
"5937623632",5229490,"Pica pica (Linnaeus, 1758)","SPECIES",57.02027,39.2712
"5937623633",2490669,"Galerida cristata (Linnaeus, 1758)","SPECIES",43.69469,46.71619
"5937623635",2495414,"Columba livia J.F.Gmelin, 1789","SPECIES",55.881058,37.532467
"5937623636",2495414,"Columba livia J.F.Gmelin, 1789","SPECIES",55.86127,37.63446
"5937623637",2487603,"Certhia familiaris Linnaeus, 1758","SPECIES",55.87679,37.65866
"5937623639",2498036,"Anser anser (Linnaeus, 1758)","SPECIES",44.19244,46.71868
"5937623640",2480637,"Accipiter nisus (Linnaeus, 1758)","SPECIES",55.684611,37.460342
"5937623641",2495414,"Columba livia J.F.Gmelin, 1789","SPECIES",55.745008,37.498089
"5937623642",2482492,"Corvus corax Linnaeus, 1758","SPECIES",55.90209,37.83652
"5937623643",2484605,"Bombycilla garrulus (Linnaeus, 1758)","SPECIES",55.751058,37.628261
"5937623645",5229490,"Pica pica (Linnaeus, 1758)","SPECIES",56.32535,39.40942
"5937623647",2474377,"Fulica atra Linnaeus, 1758","SPECIES",55.838375,37.465967
"5937623648",9705453,"Parus major Linnaeus, 1758","SPECIES",55.806872,37.474219
"5937623651",2495414,"Columba livia J.F.Gmelin, 1789","SPECIES",55.76763,37.48508
"5937623652",2494686,"Carduelis carduelis (Linnaeus, 1758)","SPECIES",55.97163,36.02898
"5937623653",2495414,"Columba livia J.F.Gmelin, 1789","SPECIES",57.16221,39.35323
"5937623654",2482513,"Corvus frugilegus Linnaeus, 1758","SPECIES",43.70883,46.71611
"5937623656",2495414,"Columba livia J.F.Gmelin, 1789","SPECIES",55.883775,37.530767
"5937623657",2484916,"Sitta europaea Linnaeus, 1758","SPECIES",55.73851,37.80375
"5937623658",9761484,"Anas platyrhynchos Linnaeus, 1758","SPECIES",55.85427,37.63467
"5937623660",2482048,"Tachybaptus ruficollis (Pallas, 1764)","SPECIES",44.18861,46.71684
"5937623662",2484596,"Regulus regulus (Linnaeus, 1758)","SPECIES",55.90207,37.83652
"5937623663",5845582,"Chloris chloris (Linnaeus, 1758)","SPECIES",55.751058,37.628261
"5937623666",2495414,"Columba livia J.F.Gmelin, 1789","SPECIES",55.64543,37.52037
"5937623667",9705453,"Parus major Linnaeus, 1758","SPECIES",56.32535,39.40942
"5937623668",9761484,"Anas platyrhynchos Linnaeus, 1758","SPECIES",55.838453,37.466
"5937623670",9761484,"Anas platyrhynchos Linnaeus, 1758","SPECIES",55.767639,37.488231
"5937623671",2482492,"Corvus corax Linnaeus, 1758","SPECIES",55.977381,36.038003
"5937623672",2482492,"Corvus corax Linnaeus, 1758","SPECIES",57.27049,39.53117
"5937623673",2482513,"Corvus frugilegus Linnaeus, 1758","SPECIES",43.85476,46.65013
"5937623674",9705453,"Parus major Linnaeus, 1758","SPECIES",55.880128,37.528789
"5937623675",5229490,"Pica pica (Linnaeus, 1758)","SPECIES",55.85436,37.6329
"5937623677",2480353,"Pelecanus crispus Bruch, 1832","SPECIES",44.18833,46.71679
"5937623679",9705453,"Parus major Linnaeus, 1758","SPECIES",55.58415,37.59328
"5937623681",5231630,"Acanthis flammea (Linnaeus, 1758)","SPECIES",56.304281,36.761131
"5937623682",2482515,"Corvus cornix Linnaeus, 1758","SPECIES",56.32535,39.40945
"5937623684",2482515,"Corvus cornix Linnaeus, 1758","SPECIES",55.68889,37.69411
"5937623686",2487871,"Periparus ater (Linnaeus, 1758)","SPECIES",55.64367,38.05908
"5937623688",9705453,"Parus major Linnaeus, 1758","SPECIES",55.716037,37.586191
"5937623689",2487866,"Poecile montanus (Conrad von Baldenstein, 1827)","SPECIES",56.33327,41.04755
"5937623690",2487879,"Cyanistes caeruleus (Linnaeus, 1758)","SPECIES",55.47326,37.17098
"5937623697",2494422,"Fringilla coelebs Linnaeus, 1758","SPECIES",55.61354,37.68883
"5937623699",9705453,"Parus major Linnaeus, 1758","SPECIES",55.7464,37.501511
"5937623702",2482492,"Corvus corax Linnaeus, 1758","SPECIES",55.58711,37.59247
"5937623705",9761484,"Anas platyrhynchos Linnaeus, 1758","SPECIES",55.68302,37.7084
"5937623707",2495414,"Columba livia J.F.Gmelin, 1789","SPECIES",55.8911,37.68448
"5937623708",9705453,"Parus major Linnaeus, 1758","SPECIES",55.784128,37.779297
"5937623709",2495414,"Columba livia J.F.Gmelin, 1789","SPECIES",55.722786,37.591334
"5937623711",2484916,"Sitta europaea Linnaeus, 1758","SPECIES",55.806592,37.473989
"5937623713",2487879,"Cyanistes caeruleus (Linnaeus, 1758)","SPECIES",56.33578,41.03123
"5937623714",2490737,"Turdus pilaris Linnaeus, 1758","SPECIES",55.841575,37.466497
"5937623715",5229490,"Pica pica (Linnaeus, 1758)","SPECIES",56.74571,38.96234
"5937623719",2487879,"Cyanistes caeruleus (Linnaeus, 1758)","SPECIES",55.61402,37.68952
"5937623721",2482515,"Corvus cornix Linnaeus, 1758","SPECIES",55.68935,37.46545
"5937623722",2482515,"Corvus cornix Linnaeus, 1758","SPECIES",55.748831,37.496033
"5937623724",6100954,"Corvus monedula Linnaeus, 1758","SPECIES",57.62471,39.836366
"5937623725",2477968,"Dendrocopos major (Linnaeus, 1758)","SPECIES",55.90554,37.83823
"5937623727",2487879,"Cyanistes caeruleus (Linnaeus, 1758)","SPECIES",55.751058,37.628261
"5937623728",5231198,"Passer montanus (Linnaeus, 1758)","SPECIES",55.707236,37.586633
"5937623730",2490719,"Turdus merula Linnaeus, 1758","SPECIES",55.782022,37.779294
"5937623732",9705453,"Parus major Linnaeus, 1758","SPECIES",55.806811,37.473597
"5937623735",2484916,"Sitta europaea Linnaeus, 1758","SPECIES",55.96769,36.01024
"5937623736",9761484,"Anas platyrhynchos Linnaeus, 1758","SPECIES",55.835456,37.453789
"5937623737",5229490,"Pica pica (Linnaeus, 1758)","SPECIES",56.74571,38.96234
"5937623740",5231198,"Passer montanus (Linnaeus, 1758)","SPECIES",55.880672,37.532372
"5937623741",9705453,"Parus major Linnaeus, 1758","SPECIES",55.86533,37.64462
"5937623745",2487879,"Cyanistes caeruleus (Linnaeus, 1758)","SPECIES",55.58415,37.59328
"5937623748",2494686,"Carduelis carduelis (Linnaeus, 1758)","SPECIES",56.304211,36.761108
"5937623749",9761484,"Anas platyrhynchos Linnaeus, 1758","SPECIES",55.68603,37.70098
"5937623750",2482515,"Corvus cornix Linnaeus, 1758","SPECIES",55.88747,37.68
"5937623752",2477968,"Dendrocopos major (Linnaeus, 1758)","SPECIES",55.64367,38.05908
"5937623753",2495414,"Columba livia J.F.Gmelin, 1789","SPECIES",55.716037,37.586191
"5937623755",2487883,"Lophophanes cristatus (Linnaeus, 1758)","SPECIES",56.33327,41.04755
"5937623756",2487603,"Certhia familiaris Linnaeus, 1758","SPECIES",55.47326,37.17098
"5937623763",2484916,"Sitta europaea Linnaeus, 1758","SPECIES",55.61366,37.68999
"5937623765",9705453,"Parus major Linnaeus, 1758","SPECIES",55.6877,37.46312
"5937623766",2487879,"Cyanistes caeruleus (Linnaeus, 1758)","SPECIES",55.749878,37.496292
"5937623768",2482515,"Corvus cornix Linnaeus, 1758","SPECIES",57.62471,39.836366
"5937623769",9705453,"Parus major Linnaeus, 1758","SPECIES",55.90487,37.83745
"5937623771",2490737,"Turdus pilaris Linnaeus, 1758","SPECIES",55.751058,37.628261
"5937623772",5231190,"Passer domesticus (Linnaeus, 1758)","SPECIES",55.707236,37.586633
"5937623774",5229493,"Garrulus glandarius (Linnaeus, 1758)","SPECIES",55.782036,37.779294
"5937623776",2490737,"Turdus pilaris Linnaeus, 1758","SPECIES",55.833261,37.461558
"5937623777",2477968,"Dendrocopos major (Linnaeus, 1758)","SPECIES",55.806472,37.473553
"5937623779",5229490,"Pica pica (Linnaeus, 1758)","SPECIES",55.967925,36.025858
"5937623780",2495414,"Columba livia J.F.Gmelin, 1789","SPECIES",56.74571,38.96234
"5937623781",2490669,"Galerida cristata (Linnaeus, 1758)","SPECIES",43.69127,46.7161
"5937623783",5231190,"Passer domesticus (Linnaeus, 1758)","SPECIES",55.880667,37.53235
"5937623784",9761484,"Anas platyrhynchos Linnaeus, 1758","SPECIES",55.86126,37.63452
"5937623787",9761484,"Anas platyrhynchos Linnaeus, 1758","SPECIES",44.18212,46.71599
"5937623788",2487879,"Cyanistes caeruleus (Linnaeus, 1758)","SPECIES",53.29838,42.00637
"5937623789",5231198,"Passer montanus (Linnaeus, 1758)","SPECIES",55.42349,38.5524
"5937623792",2487883,"Lophophanes cristatus (Linnaeus, 1758)","SPECIES",55.46333,37.18001
"5937623795",2494543,"Pyrrhula pyrrhula (Linnaeus, 1758)","SPECIES",54.00713,39.71331
"5937623796",2482515,"Corvus cornix Linnaeus, 1758","SPECIES",55.75771,37.83474
"5937623797",2487879,"Cyanistes caeruleus (Linnaeus, 1758)","SPECIES",55.760508,37.563867
"5937623798",6100954,"Corvus monedula Linnaeus, 1758","SPECIES",55.859931,37.436856
"5937623799",5231190,"Passer domesticus (Linnaeus, 1758)","SPECIES",55.76046,37.56486
"5937623802",9761484,"Anas platyrhynchos Linnaeus, 1758","SPECIES",55.76764,37.48509
"5937623803",2492462,"Erithacus rubecula (Linnaeus, 1758)","SPECIES",55.4203,38.54843
"5937623804",2480537,"Buteo buteo (Linnaeus, 1758)","SPECIES",45.21725,38.29387
"5937623807",9705453,"Parus major Linnaeus, 1758","SPECIES",55.531086,37.510153
"5937623809",2487603,"Certhia familiaris Linnaeus, 1758","SPECIES",55.73878,37.8022
"5937623810",9705453,"Parus major Linnaeus, 1758","SPECIES",55.87705,37.65816
"5937623812",5231198,"Passer montanus (Linnaeus, 1758)","SPECIES",55.865372,37.43335
"5937623813",2482515,"Corvus cornix Linnaeus, 1758","SPECIES",55.788053,37.452931
"5937623814",2487879,"Cyanistes caeruleus (Linnaeus, 1758)","SPECIES",43.00364,47.23776
"5937623815",2482515,"Corvus cornix Linnaeus, 1758","SPECIES",55.545456,37.536422
"5937623816",9752617,"Casmerodius albus (Linnaeus, 1758)","SPECIES",45.08417,38.69099
"5937623817",9705453,"Parus major Linnaeus, 1758","SPECIES",55.704997,37.582858
"5937623820",2482515,"Corvus cornix Linnaeus, 1758","SPECIES",55.87225,37.65708
"5937623821",2495414,"Columba livia J.F.Gmelin, 1789","SPECIES",55.88761,37.66099
"5937623822",5229490,"Pica pica (Linnaeus, 1758)","SPECIES",55.40791,38.52384
"5937623825",2490669,"Galerida cristata (Linnaeus, 1758)","SPECIES",43.04044,47.27767
"5937623827",2498343,"Cygnus olor (J.F.Gmelin, 1789)","SPECIES",42.32989,48.06972
"5937623831",6100954,"Corvus monedula Linnaeus, 1758","SPECIES",55.861908,37.436417
"5937623832",2482515,"Corvus cornix Linnaeus, 1758","SPECIES",55.88371,37.60537
"5937623833",5739315,"Phoenicurus ochruros (S.G.Gmelin, 1774)","SPECIES",43.00364,47.23776
"5937623834",2487879,"Cyanistes caeruleus (Linnaeus, 1758)","SPECIES",55.547894,37.537161
"5937623835",2498036,"Anser anser (Linnaeus, 1758)","SPECIES",45.05193,38.81991
"5937623836",2487879,"Cyanistes caeruleus (Linnaeus, 1758)","SPECIES",55.704997,37.582858
"5937623837",9705453,"Parus major Linnaeus, 1758","SPECIES",55.70352,37.50823
"5937623838",2495414,"Columba livia J.F.Gmelin, 1789","SPECIES",55.804489,37.514008
"5937623839",2487879,"Cyanistes caeruleus (Linnaeus, 1758)","SPECIES",55.792892,37.441264
"5937623842",9761484,"Anas platyrhynchos Linnaeus, 1758","SPECIES",55.87216,37.6567
"5937623843",6100954,"Corvus monedula Linnaeus, 1758","SPECIES",55.88761,37.66099
"5937623844",2473958,"Perdix perdix (Linnaeus, 1758)","SPECIES",55.391683,38.515119
"5937623847",2490737,"Turdus pilaris Linnaeus, 1758","SPECIES",55.12427,37.90761
"5937623848",2495414,"Columba livia J.F.Gmelin, 1789","SPECIES",43.03989,47.27701
"5937623850",2481890,"Phalacrocorax carbo (Linnaeus, 1758)","SPECIES",42.32989,48.06972
"5937623854",2487879,"Cyanistes caeruleus (Linnaeus, 1758)","SPECIES",55.58617,37.59338
"5937623858",9705453,"Parus major Linnaeus, 1758","SPECIES",55.68558,37.70082
"5937623859",2482515,"Corvus cornix Linnaeus, 1758","SPECIES",55.88763,37.68096
"5937623861",2482492,"Corvus corax Linnaeus, 1758","SPECIES",55.786672,37.782658
"5937623862",9705453,"Parus major Linnaeus, 1758","SPECIES",55.719762,37.592175
"5937623863",2482515,"Corvus cornix Linnaeus, 1758","SPECIES",55.808847,37.478275
"5937623865",2482492,"Corvus corax Linnaeus, 1758","SPECIES",56.33327,41.04755
"5937623871",2487879,"Cyanistes caeruleus (Linnaeus, 1758)","SPECIES",55.61366,37.68997
"5937623873",9705453,"Parus major Linnaeus, 1758","SPECIES",55.748158,37.496461
"5937623877",2482515,"Corvus cornix Linnaeus, 1758","SPECIES",55.90742,37.83545
"5937623879",2482513,"Corvus frugilegus Linnaeus, 1758","SPECIES",55.707236,37.586633
"5937623881",2482515,"Corvus cornix Linnaeus, 1758","SPECIES",55.8911,37.68448
"5937623882",2487879,"Cyanistes caeruleus (Linnaeus, 1758)","SPECIES",55.784125,37.779297
"5937623884",5231198,"Passer montanus (Linnaeus, 1758)","SPECIES",55.806564,37.473844
"5937623887",5231630,"Acanthis flammea (Linnaeus, 1758)","SPECIES",56.33578,41.03123
"5937623888",2480637,"Accipiter nisus (Linnaeus, 1758)","SPECIES",55.842572,37.454094
"5937623889",5229490,"Pica pica (Linnaeus, 1758)","SPECIES",56.74571,38.96234
"5937623895",2482515,"Corvus cornix Linnaeus, 1758","SPECIES",55.86574,37.64642
"5937623896",5231198,"Passer montanus (Linnaeus, 1758)","SPECIES",55.6149,37.68955
"5937623898",2482515,"Corvus cornix Linnaeus, 1758","SPECIES",55.74622,37.50057
"5937623900",9705453,"Parus major Linnaeus, 1758","SPECIES",55.58617,37.59339
"5937623903",2481139,"Larus argentatus Pontoppidan, 1763","SPECIES",55.68558,37.70082
"5937623904",9705453,"Parus major Linnaeus, 1758","SPECIES",55.89066,37.68419
"5937623906",2487879,"Cyanistes caeruleus (Linnaeus, 1758)","SPECIES",55.784739,37.780769
"5937623907",9761484,"Anas platyrhynchos Linnaeus, 1758","SPECIES",55.7213,37.589203
"5937623908",2495414,"Columba livia J.F.Gmelin, 1789","SPECIES",55.806553,37.473833
"5937623910",2487866,"Poecile montanus (Conrad von Baldenstein, 1827)","SPECIES",56.33286,41.0357
"5937623914",5845582,"Chloris chloris (Linnaeus, 1758)","SPECIES",55.61392,37.68962
"5937623916",2495414,"Columba livia J.F.Gmelin, 1789","SPECIES",55.74635,37.50115
"5937623919",2482515,"Corvus cornix Linnaeus, 1758","SPECIES",55.58708,37.5927
"5937623923",2482515,"Corvus cornix Linnaeus, 1758","SPECIES",55.68533,37.70813
"5937623925",2482515,"Corvus cornix Linnaeus, 1758","SPECIES",55.89082,37.68432
"5937623926",2494686,"Carduelis carduelis (Linnaeus, 1758)","SPECIES",55.784672,37.780575
"5937623927",2482515,"Corvus cornix Linnaeus, 1758","SPECIES",55.72335,37.589759
"5937623928",2487879,"Cyanistes caeruleus (Linnaeus, 1758)","SPECIES",55.806581,37.473914
"5937623931",2494543,"Pyrrhula pyrrhula (Linnaeus, 1758)","SPECIES",56.33578,41.03123
"5937623932",2477927,"Dendrocopos leucotos (Bechstein, 1802)","SPECIES",55.841697,37.466531
"5937623936",9705453,"Parus major Linnaeus, 1758","SPECIES",55.61398,37.68952
"5937623939",2495696,"Streptopelia decaocto (Frivaldszky, 1838)","SPECIES",55.495208,37.205658
"5937623940",2494543,"Pyrrhula pyrrhula (Linnaeus, 1758)","SPECIES",55.90209,37.82443
"5937623941",2492462,"Erithacus rubecula (Linnaeus, 1758)","SPECIES",55.760394,37.564903
"5937623942",2494543,"Pyrrhula pyrrhula (Linnaeus, 1758)","SPECIES",55.782806,37.356014
"5937623945",5231190,"Passer domesticus (Linnaeus, 1758)","SPECIES",55.64633,37.52065
"5937623946",6100954,"Corvus monedula Linnaeus, 1758","SPECIES",56.32535,39.4094
"5937623947",2494543,"Pyrrhula pyrrhula (Linnaeus, 1758)","SPECIES",55.841642,37.466697
"5937623950",2487879,"Cyanistes caeruleus (Linnaeus, 1758)","SPECIES",55.767264,37.490094
"5937623951",2477872,"Dryocopus martius (Linnaeus, 1758)","SPECIES",55.977989,36.038711
"5937623953",9705453,"Parus major Linnaeus, 1758","SPECIES",57.68694,40.04145
"5937623954",2481890,"Phalacrocorax carbo (Linnaeus, 1758)","SPECIES",44.97583,38.87154
"5937623955",2490669,"Galerida cristata (Linnaeus, 1758)","SPECIES",43.97857,46.59196
"5937623957",9705453,"Parus major Linnaeus, 1758","SPECIES",55.877256,37.519331
"5937623958",2487879,"Cyanistes caeruleus (Linnaeus, 1758)","SPECIES",55.85505,37.62947
"5937623960",9752617,"Casmerodius albus (Linnaeus, 1758)","SPECIES",44.1327,46.65541
"5937623962",5231190,"Passer domesticus (Linnaeus, 1758)","SPECIES",56.32549,39.4097
"5937623963",2487871,"Periparus ater (Linnaeus, 1758)","SPECIES",55.495208,37.205658
"5937623964",2495414,"Columba livia J.F.Gmelin, 1789","SPECIES",55.763508,37.563336
"5937623967",9705453,"Parus major Linnaeus, 1758","SPECIES",55.64648,37.51942
"5937623968",5231190,"Passer domesticus (Linnaeus, 1758)","SPECIES",56.32536,39.40941
"5937623969",2490737,"Turdus pilaris Linnaeus, 1758","SPECIES",55.841581,37.466806
"5937623972",9705453,"Parus major Linnaeus, 1758","SPECIES",55.766878,37.491617
"5937623974",2490737,"Turdus pilaris Linnaeus, 1758","SPECIES",44.9595,38.87195
"5937623975",2482513,"Corvus frugilegus Linnaeus, 1758","SPECIES",43.98788,46.59043
"5937623977",2492462,"Erithacus rubecula (Linnaeus, 1758)","SPECIES",55.85409,37.62793
"5937623980",9797180,"Ardea cinerea Linnaeus, 1758","SPECIES",44.13258,46.65544
"5937623982",2494422,"Fringilla coelebs Linnaeus, 1758","SPECIES",55.495208,37.205658
"5937623983",2482515,"Corvus cornix Linnaeus, 1758","SPECIES",55.90213,37.82639
"5937623984",2492462,"Erithacus rubecula (Linnaeus, 1758)","SPECIES",55.751058,37.628261
"5937623987",5231198,"Passer montanus (Linnaeus, 1758)","SPECIES",55.64651,37.52105
"5937623988",2487879,"Cyanistes caeruleus (Linnaeus, 1758)","SPECIES",56.32534,39.4094
"5937623989",5231198,"Passer montanus (Linnaeus, 1758)","SPECIES",55.841653,37.466842
"5937623991",9705453,"Parus major Linnaeus, 1758","SPECIES",55.767239,37.489256
"5937623992",2484596,"Regulus regulus (Linnaeus, 1758)","SPECIES",55.9782,36.03915
"5937623993",5229490,"Pica pica (Linnaeus, 1758)","SPECIES",57.25784,39.55479
"5937623994",9797180,"Ardea cinerea Linnaeus, 1758","SPECIES",44.97704,38.87165
"5937623995",2480500,"Aquila heliaca Savigny, 1809","SPECIES",43.97279,46.59293
"5937623997",6100954,"Corvus monedula Linnaeus, 1758","SPECIES",55.877817,37.520522
"5937623998",9705453,"Parus major Linnaeus, 1758","SPECIES",55.85439,37.63271
"5937623999",2498261,"Aythya fuligula (Linnaeus, 1758)","SPECIES",44.18746,46.71668
"5937624002",5231198,"Passer montanus (Linnaeus, 1758)","SPECIES",56.32543,39.4094
"5937624003",5845582,"Chloris chloris (Linnaeus, 1758)","SPECIES",55.495208,37.205658
"5937624004",2490737,"Turdus pilaris Linnaeus, 1758","SPECIES",55.763508,37.563336
"5937624006",5231198,"Passer montanus (Linnaeus, 1758)","SPECIES",55.70328,37.50833
"5937624007",2482515,"Corvus cornix Linnaeus, 1758","SPECIES",55.805692,37.433775
"5937624009",2482515,"Corvus cornix Linnaeus, 1758","SPECIES",55.64748,37.51953
"5937624010",5231198,"Passer montanus (Linnaeus, 1758)","SPECIES",56.32535,39.40951
"5937624013",2487603,"Certhia familiaris Linnaeus, 1758","SPECIES",55.766319,37.493356
"5937624014",2494422,"Fringilla coelebs Linnaeus, 1758","SPECIES",45.16875,38.33822
"5937624016",9752617,"Casmerodius albus (Linnaeus, 1758)","SPECIES",44.95345,38.86483
"5937624017",2480449,"Haliaeetus albicilla (Linnaeus, 1758)","SPECIES",44.01312,46.58276
"5937624021",7634625,"Miliaria calandra (Linnaeus, 1758)","SPECIES",44.12783,46.65538
"5937624023",5229490,"Pica pica (Linnaeus, 1758)","SPECIES",56.32543,39.40942
"5937624024",5231630,"Acanthis flammea (Linnaeus, 1758)","SPECIES",55.495208,37.205658
"5937624025",2495414,"Columba livia J.F.Gmelin, 1789","SPECIES",55.550278,37.539264
"5937624026",5231190,"Passer domesticus (Linnaeus, 1758)","SPECIES",55.762556,37.563308
"5937624027",2482515,"Corvus cornix Linnaeus, 1758","SPECIES",55.70344,37.50824
"5937624028",9761484,"Anas platyrhynchos Linnaeus, 1758","SPECIES",55.808203,37.441836
"5937624030",6100954,"Corvus monedula Linnaeus, 1758","SPECIES",55.64807,37.5195
"5937624031",2478548,"Picus canus J.F.Gmelin, 1788","SPECIES",56.3253,39.40943
"5937624034",2482515,"Corvus cornix Linnaeus, 1758","SPECIES",55.765983,37.494428
"5937624035",2480537,"Buteo buteo (Linnaeus, 1758)","SPECIES",45.17034,38.3414
"5937624037",9797180,"Ardea cinerea Linnaeus, 1758","SPECIES",44.94216,38.84909
"5937624038",2482513,"Corvus frugilegus Linnaeus, 1758","SPECIES",44.04024,46.56924
"5937624040",2480537,"Buteo buteo (Linnaeus, 1758)","SPECIES",42.4457,47.93029
"5937624043",2495471,"Columba oenas Linnaeus, 1758","SPECIES",43.9905,46.5898
"5937624046",9705453,"Parus major Linnaeus, 1758","SPECIES",55.788067,37.447331
"5937624048",2490669,"Galerida cristata (Linnaeus, 1758)","SPECIES",43.02781,47.2669
"5937624050",5229493,"Garrulus glandarius (Linnaeus, 1758)","SPECIES",45.21197,38.31225
"5937624051",9705453,"Parus major Linnaeus, 1758","SPECIES",60.05197,30.30713
"5937624054",5231198,"Passer montanus (Linnaeus, 1758)","SPECIES",55.8747,37.65594
"5937624055",2498015,"Tadorna ferruginea (Pallas, 1764)","SPECIES",55.725401,37.596251
"5937624057",2494543,"Pyrrhula pyrrhula (Linnaeus, 1758)","SPECIES",56.34701,41.02825
"5937624059",5231198,"Passer montanus (Linnaeus, 1758)","SPECIES",55.782928,37.447408
"5937624062",2482515,"Corvus cornix Linnaeus, 1758","SPECIES",55.731527,37.647361
"5937624063",2482513,"Corvus frugilegus Linnaeus, 1758","SPECIES",43.02886,47.43364
"5937624066",9705453,"Parus major Linnaeus, 1758","SPECIES",55.848728,37.401546
"5937624068",5845582,"Chloris chloris (Linnaeus, 1758)","SPECIES",55.61399,37.6896
"5937624071",5231198,"Passer montanus (Linnaeus, 1758)","SPECIES",55.788056,37.447292
"5937624074",2482513,"Corvus frugilegus Linnaeus, 1758","SPECIES",43.02809,47.26721
"5937624076",9752617,"Casmerodius albus (Linnaeus, 1758)","SPECIES",45.20942,38.30527
"5937624077",2494543,"Pyrrhula pyrrhula (Linnaeus, 1758)","SPECIES",60.04966,30.30298
"5937624080",2490737,"Turdus pilaris Linnaeus, 1758","SPECIES",55.8747,37.65594
"5937624081",9761484,"Anas platyrhynchos Linnaeus, 1758","SPECIES",55.725401,37.596251
"5937624083",9705453,"Parus major Linnaeus, 1758","SPECIES",56.34701,41.02825
"5937624085",9705453,"Parus major Linnaeus, 1758","SPECIES",55.782928,37.447408
"5937624088",5231190,"Passer domesticus (Linnaeus, 1758)","SPECIES",43.02825,47.43549
"5937624092",2494543,"Pyrrhula pyrrhula (Linnaeus, 1758)","SPECIES",55.61405,37.68954
"5937624096",2482492,"Corvus corax Linnaeus, 1758","SPECIES",56.015572,36.187883
"5937624097",2495414,"Columba livia J.F.Gmelin, 1789","SPECIES",55.786572,37.447572
"5937624101",2490719,"Turdus merula Linnaeus, 1758","SPECIES",60.04789,30.30176
"5937624104",2482515,"Corvus cornix Linnaeus, 1758","SPECIES",55.725088,37.598965
"5937624105",8773033,"Dendrocopos medius (Linnaeus, 1758)","SPECIES",55.806833,37.474214
"5937624107",2477968,"Dendrocopos major (Linnaeus, 1758)","SPECIES",56.35498,41.06198
"5937624108",2482515,"Corvus cornix Linnaeus, 1758","SPECIES",55.782522,37.447247
"5937624109",5232162,"Glaucidium passerinum (Linnaeus, 1758)","SPECIES",55.77425,37.78364
"5937624110",9761484,"Anas platyrhynchos Linnaeus, 1758","SPECIES",55.724888,37.656584
"5937624112",2474377,"Fulica atra Linnaeus, 1758","SPECIES",44.91141,37.32888
"5937624113",2495414,"Columba livia J.F.Gmelin, 1789","SPECIES",60.0465,30.3148
"5937624115",2494543,"Pyrrhula pyrrhula (Linnaeus, 1758)","SPECIES",55.614,37.6906
"5937624120",2495414,"Columba livia J.F.Gmelin, 1789","SPECIES",55.78895,37.450383
"5937624121",2492462,"Erithacus rubecula (Linnaeus, 1758)","SPECIES",55.911281,37.551761
"5937624122",2490719,"Turdus merula Linnaeus, 1758","SPECIES",43.00812,47.25063
"5937624123",9752617,"Casmerodius albus (Linnaeus, 1758)","SPECIES",45.15325,38.58115
"5937624124",2495414,"Columba livia J.F.Gmelin, 1789","SPECIES",55.704997,37.582858
"5937624125",2495414,"Columba livia J.F.Gmelin, 1789","SPECIES",60.05222,30.31391
"5937624130",2487879,"Cyanistes caeruleus (Linnaeus, 1758)","SPECIES",55.87307,37.65822
"5937624131",9705453,"Parus major Linnaeus, 1758","SPECIES",55.89204,37.62537
"5937624132",2498015,"Tadorna ferruginea (Pallas, 1764)","SPECIES",55.72408,37.595085
"5937624133",2498326,"Bucephala clangula (Linnaeus, 1758)","SPECIES",55.390267,38.514561
"5937624136",2481890,"Phalacrocorax carbo (Linnaeus, 1758)","SPECIES",43.05686,47.3211
"5937624140",2487879,"Cyanistes caeruleus (Linnaeus, 1758)","SPECIES",56.3254,39.40939
"5937624142",5231198,"Passer montanus (Linnaeus, 1758)","SPECIES",55.495208,37.205658
"5937624143",9705453,"Parus major Linnaeus, 1758","SPECIES",55.548508,37.536008
"5937624144",2482513,"Corvus frugilegus Linnaeus, 1758","SPECIES",55.70352,37.50823
"5937624145",2482515,"Corvus cornix Linnaeus, 1758","SPECIES",55.801914,37.510447
"5937624146",2477968,"Dendrocopos major (Linnaeus, 1758)","SPECIES",55.793133,37.441719
"5937624149",9705453,"Parus major Linnaeus, 1758","SPECIES",55.64908,37.51544
"5937624152",2490737,"Turdus pilaris Linnaeus, 1758","SPECIES",55.40791,38.52384
"5937624153",2490737,"Turdus pilaris Linnaeus, 1758","SPECIES",45.17338,38.35714
"5937624155",2490737,"Turdus pilaris Linnaeus, 1758","SPECIES",55.12503,37.89627
"5937624156",2480449,"Haliaeetus albicilla (Linnaeus, 1758)","SPECIES",44.97643,38.8716
"5937624159",2482513,"Corvus frugilegus Linnaeus, 1758","SPECIES",42.34135,47.96055
"5937624165",9705453,"Parus major Linnaeus, 1758","SPECIES",56.3254,39.40938
"5937624166",2495000,"Aegithalos caudatus (Linnaeus, 1758)","SPECIES",55.495208,37.205658
"5937624167",9705453,"Parus major Linnaeus, 1758","SPECIES",55.550006,37.538342
"5937624168",5231198,"Passer montanus (Linnaeus, 1758)","SPECIES",55.762589,37.563269
"5937624169",6100954,"Corvus monedula Linnaeus, 1758","SPECIES",55.70352,37.50823
"5937624170",2494543,"Pyrrhula pyrrhula (Linnaeus, 1758)","SPECIES",55.802833,37.444217
"5937624172",2487879,"Cyanistes caeruleus (Linnaeus, 1758)","SPECIES",55.64911,37.51547
"5937624175",2487603,"Certhia familiaris Linnaeus, 1758","SPECIES",55.765342,37.495994
"5937624176",2480524,"Buteo lagopus (Pontoppidan, 1763)","SPECIES",55.407133,38.523928
"5937624177",5229493,"Garrulus glandarius (Linnaeus, 1758)","SPECIES",45.17336,38.35656
"5937624179",5231198,"Passer montanus (Linnaeus, 1758)","SPECIES",55.12503,37.89627
"5937624180",2498112,"Anas acuta Linnaeus, 1758","SPECIES",44.94186,38.84902
"5937624183",9809229,"Sturnus vulgaris Linnaeus, 1758","SPECIES",42.39985,47.94586
"5937624189",9705453,"Parus major Linnaeus, 1758","SPECIES",55.788883,37.447042
"5937624190",9809229,"Sturnus vulgaris Linnaeus, 1758","SPECIES",43.02686,47.26622
"5937624192",9616058,"Falco tinnunculus Linnaeus, 1758","SPECIES",45.21354,38.31904
"5937624193",2482515,"Corvus cornix Linnaeus, 1758","SPECIES",60.05207,30.30732
"5937624197",2498015,"Tadorna ferruginea (Pallas, 1764)","SPECIES",55.87502,37.65707
"5937624198",9705453,"Parus major Linnaeus, 1758","SPECIES",55.724759,37.594691
"5937624199",2482492,"Corvus corax Linnaeus, 1758","SPECIES",56.34585,41.02105
"5937624203",2482513,"Corvus frugilegus Linnaeus, 1758","SPECIES",43.02301,47.4172
"5937624207",2482515,"Corvus cornix Linnaeus, 1758","SPECIES",55.850468,37.398325
"5937624209",2487879,"Cyanistes caeruleus (Linnaeus, 1758)","SPECIES",55.61491,37.68955
"5937624212",2482515,"Corvus cornix Linnaeus, 1758","SPECIES",55.788883,37.447042
"5937624213",2494422,"Fringilla coelebs Linnaeus, 1758","SPECIES",43.00867,47.25286
"5937624214",9797180,"Ardea cinerea Linnaeus, 1758","SPECIES",45.21441,38.33241
"5937624215",2490719,"Turdus merula Linnaeus, 1758","SPECIES",60.05226,30.31385
"5937624220",9761484,"Anas platyrhynchos Linnaeus, 1758","SPECIES",55.87469,37.65692
"5937624221",9761484,"Anas platyrhynchos Linnaeus, 1758","SPECIES",55.72408,37.595085
"5937624222",9705453,"Parus major Linnaeus, 1758","SPECIES",56.34585,41.02105
"5937624226",2480500,"Aquila heliaca Savigny, 1809","SPECIES",43.02848,47.40139
"5937624228",9705453,"Parus major Linnaeus, 1758","SPECIES",55.61491,37.68955
"5937624229",2495414,"Columba livia J.F.Gmelin, 1789","SPECIES",55.68935,37.46545
"5937624230",2495414,"Columba livia J.F.Gmelin, 1789","SPECIES",55.748508,37.496494
"5937624232",9705453,"Parus major Linnaeus, 1758","SPECIES",55.90569,37.83831
"5937624234",2495414,"Columba livia J.F.Gmelin, 1789","SPECIES",55.751058,37.628261
"5937624235",2482515,"Corvus cornix Linnaeus, 1758","SPECIES",55.707236,37.586633
"5937624237",9761484,"Anas platyrhynchos Linnaeus, 1758","SPECIES",55.89177,37.68478
"5937624238",2482492,"Corvus corax Linnaeus, 1758","SPECIES",55.783986,37.779486
"5937624240",9705453,"Parus major Linnaeus, 1758","SPECIES",55.806561,37.473864
"5937624243",2494543,"Pyrrhula pyrrhula (Linnaeus, 1758)","SPECIES",55.835353,37.446033
"5937624245",2482515,"Corvus cornix Linnaeus, 1758","SPECIES",56.74571,38.96234
"5937624250",2482515,"Corvus cornix Linnaeus, 1758","SPECIES",55.880408,37.531156
"5937624251",9761484,"Anas platyrhynchos Linnaeus, 1758","SPECIES",55.86539,37.64503
"5937624254",2494543,"Pyrrhula pyrrhula (Linnaeus, 1758)","SPECIES",56.32541,39.40941
"5937624256",6100954,"Corvus monedula Linnaeus, 1758","SPECIES",55.88465,37.60704
"5937624257",5229490,"Pica pica (Linnaeus, 1758)","SPECIES",55.495208,37.205658
"5937624258",2487879,"Cyanistes caeruleus (Linnaeus, 1758)","SPECIES",55.548475,37.536122
"5937624259",2487603,"Certhia familiaris Linnaeus, 1758","SPECIES",55.70352,37.50823
"5937624260",2495414,"Columba livia J.F.Gmelin, 1789","SPECIES",55.802053,37.510575
"5937624261",9705453,"Parus major Linnaeus, 1758","SPECIES",55.793225,37.4417
"5937624264",9761484,"Anas platyrhynchos Linnaeus, 1758","SPECIES",55.392539,38.508681
"5937624265",5231438,"Troglodytes troglodytes (Linnaeus, 1758)","SPECIES",45.17758,38.40644
"5937624267",2480537,"Buteo buteo (Linnaeus, 1758)","SPECIES",55.12503,37.89627
"5937624268",2474377,"Fulica atra Linnaeus, 1758","SPECIES",44.97643,38.87158
"5937624270",2490669,"Galerida cristata (Linnaeus, 1758)","SPECIES",42.33851,47.96193
"5937624275",2482515,"Corvus cornix Linnaeus, 1758","SPECIES",56.32544,39.4094
"5937624276",2494543,"Pyrrhula pyrrhula (Linnaeus, 1758)","SPECIES",55.495208,37.205658
"5937624277",5231190,"Passer domesticus (Linnaeus, 1758)","SPECIES",55.550064,37.539358
"5937624278",2482515,"Corvus cornix Linnaeus, 1758","SPECIES",55.763067,37.564114
"5937624280",2487879,"Cyanistes caeruleus (Linnaeus, 1758)","SPECIES",55.70352,37.50823
"5937624281",2495000,"Aegithalos caudatus (Linnaeus, 1758)","SPECIES",55.802783,37.444406
"5937624283",2495414,"Columba livia J.F.Gmelin, 1789","SPECIES",55.64832,37.51924
"5937624286",9705453,"Parus major Linnaeus, 1758","SPECIES",55.765656,37.495072
"5937624287",2480537,"Buteo buteo (Linnaeus, 1758)","SPECIES",55.40791,38.52384
"5937624288",2494422,"Fringilla coelebs Linnaeus, 1758","SPECIES",45.17336,38.35585
"5937624290",5229490,"Pica pica (Linnaeus, 1758)","SPECIES",55.12503,37.89627
"5937624291",2494422,"Fringilla coelebs Linnaeus, 1758","SPECIES",44.94182,38.84896
"5937624292",2482515,"Corvus cornix Linnaeus, 1758","SPECIES",44.04437,46.56685
"5937624294",5229490,"Pica pica (Linnaeus, 1758)","SPECIES",42.41964,47.94394
"5937624297",9752149,"Phasianus colchicus Linnaeus, 1758","SPECIES",43.95488,46.59761
"5937624299",2478548,"Picus canus J.F.Gmelin, 1788","SPECIES",56.32541,39.40939
"5937624300",2487879,"Cyanistes caeruleus (Linnaeus, 1758)","SPECIES",55.861081,37.43825
"5937624302",2495414,"Columba livia J.F.Gmelin, 1789","SPECIES",55.88378,37.60571
"5937624303",9705453,"Parus major Linnaeus, 1758","SPECIES",55.547903,37.537017
"5937624304",2481181,"Larus cachinnans Pallas, 1811","SPECIES",45.05104,38.83282
"5937624305",2487879,"Cyanistes caeruleus (Linnaeus, 1758)","SPECIES",55.70352,37.50823
"5937624306",2482513,"Corvus frugilegus Linnaeus, 1758","SPECIES",55.802833,37.511058
"5937624307",9705453,"Parus major Linnaeus, 1758","SPECIES",55.793697,37.439569
"5937624310",2495414,"Columba livia J.F.Gmelin, 1789","SPECIES",55.87216,37.6567
"5937624311",2494543,"Pyrrhula pyrrhula (Linnaeus, 1758)","SPECIES",55.40791,38.52384
"5937624314",2482515,"Corvus cornix Linnaeus, 1758","SPECIES",55.12503,37.89627
"5937624315",2482513,"Corvus frugilegus Linnaeus, 1758","SPECIES",43.03949,47.2766
"5937624317",9809229,"Sturnus vulgaris Linnaeus, 1758","SPECIES",42.38109,47.99374
"5937624323",5229490,"Pica pica (Linnaeus, 1758)","SPECIES",56.007939,36.087547
"5937624324",9705453,"Parus major Linnaeus, 1758","SPECIES",55.787075,37.447367
"5937624327",2495696,"Streptopelia decaocto (Frivaldszky, 1838)","SPECIES",43.02848,47.26711
"5937624330",9705453,"Parus major Linnaeus, 1758","SPECIES",60.04857,30.3021
"5937624332",2495414,"Columba livia J.F.Gmelin, 1789","SPECIES",55.725401,37.596251
"5937624334",5231198,"Passer montanus (Linnaeus, 1758)","SPECIES",56.34734,41.03091
"5937624335",9705453,"Parus major Linnaeus, 1758","SPECIES",55.782522,37.447247
"5937624336",2482515,"Corvus cornix Linnaeus, 1758","SPECIES",55.728045,37.656715
"5937624337",2482515,"Corvus cornix Linnaeus, 1758","SPECIES",43.02756,47.43739
"5937624339",2498343,"Cygnus olor (J.F.Gmelin, 1789)","SPECIES",44.91042,37.32925
"5937624340",2482515,"Corvus cornix Linnaeus, 1758","SPECIES",60.04719,30.31107
"5937624342",2480589,"Accipiter gentilis (Linnaeus, 1758)","SPECIES",55.61405,37.68952
"5937624347",2495414,"Columba livia J.F.Gmelin, 1789","SPECIES",56.01972,36.22005
"5937624352",2487879,"Cyanistes caeruleus (Linnaeus, 1758)","SPECIES",55.861042,37.437861
"5937624354",9705453,"Parus major Linnaeus, 1758","SPECIES",55.751536,37.638196
"5937624355",2494543,"Pyrrhula pyrrhula (Linnaeus, 1758)","SPECIES",56.339358,38.144136
"5937624357",5231198,"Passer montanus (Linnaeus, 1758)","SPECIES",55.720596,37.604838
"5937624359",2482515,"Corvus cornix Linnaeus, 1758","SPECIES",55.806836,37.474256
"5937624361",2487866,"Poecile montanus (Conrad von Baldenstein, 1827)","SPECIES",56.35498,41.06198
"5937624362",2494686,"Carduelis carduelis (Linnaeus, 1758)","SPECIES",55.78201,37.77951
"5937624363",2482515,"Corvus cornix Linnaeus, 1758","SPECIES",55.72431,37.659027
"5937624364",9761484,"Anas platyrhynchos Linnaeus, 1758","SPECIES",44.91141,37.32888
"5937624365",2494543,"Pyrrhula pyrrhula (Linnaeus, 1758)","SPECIES",55.633444,37.721883
"5937624366",2482515,"Corvus cornix Linnaeus, 1758","SPECIES",60.04725,30.31534
"5937624367",2482515,"Corvus cornix Linnaeus, 1758","SPECIES",55.859931,37.436856
"5937624368",2490719,"Turdus merula Linnaeus, 1758","SPECIES",55.611,37.69119
"5937624371",5229493,"Garrulus glandarius (Linnaeus, 1758)","SPECIES",56.014467,36.199556
"5937624375",9705453,"Parus major Linnaeus, 1758","SPECIES",55.861042,37.437861
"5937624377",2495414,"Columba livia J.F.Gmelin, 1789","SPECIES",60.04789,30.30175
"5937624379",2492462,"Erithacus rubecula (Linnaeus, 1758)","SPECIES",55.753107,37.635365
"5937624381",9705453,"Parus major Linnaeus, 1758","SPECIES",55.725088,37.598965
"5937624382",2484916,"Sitta europaea Linnaeus, 1758","SPECIES",55.806569,37.473939
"5937624384",2484596,"Regulus regulus (Linnaeus, 1758)","SPECIES",56.35498,41.06198
"5937624385",9705453,"Parus major Linnaeus, 1758","SPECIES",55.781444,37.447039
"5937624386",2482515,"Corvus cornix Linnaeus, 1758","SPECIES",55.7736,37.78235
"5937624387",7982160,"Larus canus Linnaeus, 1758","SPECIES",55.724888,37.656584
"5937624389",6065824,"Larus ridibundus Linnaeus, 1766","SPECIES",44.91141,37.32888
"5937624390",2494329,"Coccothraustes coccothraustes (Linnaeus, 1758)","SPECIES",55.627983,37.722397
"5937624391",5231190,"Passer domesticus (Linnaeus, 1758)","SPECIES",60.04672,30.31577
"5937624393",5229493,"Garrulus glandarius (Linnaeus, 1758)","SPECIES",55.61099,37.69119
"5937624395",9705453,"Parus major Linnaeus, 1758","SPECIES",59.84934,31.58461
"5937624398",5229490,"Pica pica (Linnaeus, 1758)","SPECIES",56.01066,36.3441
"5937624402",2495414,"Columba livia J.F.Gmelin, 1789","SPECIES",55.861856,37.436508
"5937624405",2487879,"Cyanistes caeruleus (Linnaeus, 1758)","SPECIES",55.752616,37.637694
"5937624407",5231190,"Passer domesticus (Linnaeus, 1758)","SPECIES",55.720596,37.604838
"5937624409",9705453,"Parus major Linnaeus, 1758","SPECIES",55.807875,37.467328
"5937624411",2482492,"Corvus corax Linnaeus, 1758","SPECIES",56.35498,41.06198
"5937624412",5229490,"Pica pica (Linnaeus, 1758)","SPECIES",57.68609,40.04051
"5937624413",9761484,"Anas platyrhynchos Linnaeus, 1758","SPECIES",55.76071,37.46494
"5937624414",2477927,"Dendrocopos leucotos (Bechstein, 1802)","SPECIES",55.78201,37.77951
"5937624415",2495414,"Columba livia J.F.Gmelin, 1789","SPECIES",55.723769,37.655899
"5937624416",2482065,"Podiceps nigricollis C.L.Brehm, 1831","SPECIES",44.91141,37.32888
"5937624417",5845582,"Chloris chloris (Linnaeus, 1758)","SPECIES",55.629067,37.728792
"5937624418",6100954,"Corvus monedula Linnaeus, 1758","SPECIES",55.859928,37.437214
"5937624419",5231198,"Passer montanus (Linnaeus, 1758)","SPECIES",55.611,37.6912
"5937624421",5845582,"Chloris chloris (Linnaeus, 1758)","SPECIES",56.32541,39.40939
"5937624422",9705453,"Parus major Linnaeus, 1758","SPECIES",55.861081,37.43825
"5937624424",6100954,"Corvus monedula Linnaeus, 1758","SPECIES",55.88392,37.60581
"5937624425",2482515,"Corvus cornix Linnaeus, 1758","SPECIES",55.548703,37.535494
"5937624426",2494543,"Pyrrhula pyrrhula (Linnaeus, 1758)","SPECIES",55.70352,37.50823
"5937624427",9705453,"Parus major Linnaeus, 1758","SPECIES",55.802469,37.511014
"5937624428",2477968,"Dendrocopos major (Linnaeus, 1758)","SPECIES",55.793908,37.439322
"5937624430",5231198,"Passer montanus (Linnaeus, 1758)","SPECIES",55.392272,38.511042
"5937624433",2482492,"Corvus corax Linnaeus, 1758","SPECIES",55.12503,37.89627
"5937624434",2498343,"Cygnus olor (J.F.Gmelin, 1789)","SPECIES",44.99893,38.8588
"5937624436",2494441,"Fringilla montifringilla Linnaeus, 1758","SPECIES",42.33158,47.96721
"5937624440",2487879,"Cyanistes caeruleus (Linnaeus, 1758)","SPECIES",59.84952,31.58485
"5937624442",2482492,"Corvus corax Linnaeus, 1758","SPECIES",56.01066,36.3441
"5937624444",2482613,"Nucifraga caryocatactes (Linnaeus, 1758)","SPECIES",55.8437,37.606653
"5937624447",2481139,"Larus argentatus Pontoppidan, 1763","SPECIES",55.76272,37.47523
"5937624449",6100954,"Corvus monedula Linnaeus, 1758","SPECIES",55.861856,37.436508
"5937624450",2490737,"Turdus pilaris Linnaeus, 1758","SPECIES",55.70143,37.34332
"5937624452",9761484,"Anas platyrhynchos Linnaeus, 1758","SPECIES",59.563547,30.113761
"5937624454",9705453,"Parus major Linnaeus, 1758","SPECIES",55.752616,37.637694
"5937624457",2495414,"Columba livia J.F.Gmelin, 1789","SPECIES",55.807911,37.467228
"5937624458",2494543,"Pyrrhula pyrrhula (Linnaeus, 1758)","SPECIES",55.867769,37.274103
"5937624460",2487866,"Poecile montanus (Conrad von Baldenstein, 1827)","SPECIES",56.35857,41.04266
"5937624461",2498326,"Bucephala clangula (Linnaeus, 1758)","SPECIES",55.76071,37.46494
"5937624462",5229490,"Pica pica (Linnaeus, 1758)","SPECIES",55.78209,37.77941
"5937624463",2481139,"Larus argentatus Pontoppidan, 1763","SPECIES",55.722976,37.657392
"5937624464",2498180,"Netta rufina (Pallas, 1773)","SPECIES",44.91141,37.32888
"5937624465",9616058,"Falco tinnunculus Linnaeus, 1758","SPECIES",55.632903,37.720139
"5937624466",9761484,"Anas platyrhynchos Linnaeus, 1758","SPECIES",55.85046,37.62859
"5937624467",2482515,"Corvus cornix Linnaeus, 1758","SPECIES",55.859919,37.437206
"5937624468",2487879,"Cyanistes caeruleus (Linnaeus, 1758)","SPECIES",55.611,37.69121
"5937624469",5231190,"Passer domesticus (Linnaeus, 1758)","SPECIES",55.707289,37.586664
"5937624470",5231198,"Passer montanus (Linnaeus, 1758)","SPECIES",59.85167,31.594
"5937624471",6100954,"Corvus monedula Linnaeus, 1758","SPECIES",55.61244,37.53553
"5937624475",2494543,"Pyrrhula pyrrhula (Linnaeus, 1758)","SPECIES",55.7109,37.33998
"5937624476",9705453,"Parus major Linnaeus, 1758","SPECIES",59.564675,30.115089
"5937624478",2495414,"Columba livia J.F.Gmelin, 1789","SPECIES",55.76578,37.49375
"5937624479",9761484,"Anas platyrhynchos Linnaeus, 1758","SPECIES",44.99893,38.85881
"5937624480",2490669,"Galerida cristata (Linnaeus, 1758)","SPECIES",44.08937,46.60135
"5937624481",9761484,"Anas platyrhynchos Linnaeus, 1758","SPECIES",55.84315,37.62151
"5937624484",2495414,"Columba livia J.F.Gmelin, 1789","SPECIES",55.707729,37.588151
"5937624486",2498036,"Anser anser (Linnaeus, 1758)","SPECIES",45.15482,38.5745
"5937624489",2487866,"Poecile montanus (Conrad von Baldenstein, 1827)","SPECIES",55.71095,37.33994
"5937624490",2487879,"Cyanistes caeruleus (Linnaeus, 1758)","SPECIES",59.570464,30.110292
"5937624491",9705453,"Parus major Linnaeus, 1758","SPECIES",55.76563,37.49458
"5937624492",8077224,"Alauda arvensis Linnaeus, 1758","SPECIES",44.09101,46.60641
"5937624493",2492462,"Erithacus rubecula (Linnaeus, 1758)","SPECIES",55.84489,37.61557
"5937624497",2490737,"Turdus pilaris Linnaeus, 1758","SPECIES",55.711373,37.581849
"5937624498",2497306,"Asio otus (Linnaeus, 1758)","SPECIES",45.15416,38.57777
"5937624500",5845582,"Chloris chloris (Linnaeus, 1758)","SPECIES",55.704356,37.522156
"5937624501",2484916,"Sitta europaea Linnaeus, 1758","SPECIES",55.707825,37.528736
"5937624502",2482515,"Corvus cornix Linnaeus, 1758","SPECIES",55.76558,37.49457
"5937624503",5231190,"Passer domesticus (Linnaeus, 1758)","SPECIES",55.89779,37.62383
"5937624504",9797180,"Ardea cinerea Linnaeus, 1758","SPECIES",44.09479,46.64928
"5937624505",2482613,"Nucifraga caryocatactes (Linnaeus, 1758)","SPECIES",55.84216,37.61216
"5937624510",6100954,"Corvus monedula Linnaeus, 1758","SPECIES",59.84998,31.58233
"5937624513",2495414,"Columba livia J.F.Gmelin, 1789","SPECIES",55.91137,36.8234
"5937624515",5229490,"Pica pica (Linnaeus, 1758)","SPECIES",55.76239,37.47496
"5937624517",2482492,"Corvus corax Linnaeus, 1758","SPECIES",55.70334,37.34308
"5937624519",2498326,"Bucephala clangula (Linnaeus, 1758)","SPECIES",59.564964,30.112794
"5937624521",2477968,"Dendrocopos major (Linnaeus, 1758)","SPECIES",55.806836,37.4741
"5937624522",2474377,"Fulica atra Linnaeus, 1758","SPECIES",55.76071,37.46494
"5937624523",2490669,"Galerida cristata (Linnaeus, 1758)","SPECIES",44.07954,46.55748
"5937624524",9705453,"Parus major Linnaeus, 1758","SPECIES",55.623106,37.723144
"5937624525",2487879,"Cyanistes caeruleus (Linnaeus, 1758)","SPECIES",55.84206,37.63035
"5937624529",2487879,"Cyanistes caeruleus (Linnaeus, 1758)","SPECIES",55.866444,37.4318
"5937624530",2495414,"Columba livia J.F.Gmelin, 1789","SPECIES",55.788053,37.452931
"5937624531",2477872,"Dryocopus martius (Linnaeus, 1758)","SPECIES",55.911711,37.556881
"5937624532",5229490,"Pica pica (Linnaeus, 1758)","SPECIES",43.00611,47.24693
"5937624533",9797180,"Ardea cinerea Linnaeus, 1758","SPECIES",45.15227,38.58354
"5937624534",2482515,"Corvus cornix Linnaeus, 1758","SPECIES",55.704997,37.582858
"5937624535",5231190,"Passer domesticus (Linnaeus, 1758)","SPECIES",60.05216,30.31361
"5937624539",9705453,"Parus major Linnaeus, 1758","SPECIES",55.87275,37.65788
"5937624541",2495414,"Columba livia J.F.Gmelin, 1789","SPECIES",55.89166,37.62234
"5937624542",2490737,"Turdus pilaris Linnaeus, 1758","SPECIES",55.3932,38.519753
"5937624545",2482513,"Corvus frugilegus Linnaeus, 1758","SPECIES",43.04513,47.28915
"5937624547",2474377,"Fulica atra Linnaeus, 1758","SPECIES",42.32989,48.06972
"5937624549",2482515,"Corvus cornix Linnaeus, 1758","SPECIES",55.706843,37.585463
"5937624550",5229490,"Pica pica (Linnaeus, 1758)","SPECIES",59.85087,31.58228
"5937624555",2477968,"Dendrocopos major (Linnaeus, 1758)","SPECIES",55.70379,37.34312
"5937624557",2498343,"Cygnus olor (J.F.Gmelin, 1789)","SPECIES",59.564331,30.112583
"5937624558",2494771,"Pinicola enucleator (Linnaeus, 1758)","SPECIES",56.339358,38.144136
"5937624560",2482492,"Corvus corax Linnaeus, 1758","SPECIES",55.767094,37.494664
"5937624561",2481139,"Larus argentatus Pontoppidan, 1763","SPECIES",55.76071,37.46494
"5937624562",2482513,"Corvus frugilegus Linnaeus, 1758","SPECIES",44.07968,46.55896
"5937624563",9705453,"Parus major Linnaeus, 1758","SPECIES",55.623886,37.722628
"5937624564",2484916,"Sitta europaea Linnaeus, 1758","SPECIES",55.8436,37.62552
"5937624567",2495414,"Columba livia J.F.Gmelin, 1789","SPECIES",59.84927,31.58461
"5937624569",2482515,"Corvus cornix Linnaeus, 1758","SPECIES",55.997492,36.480953
"5937624573",2482515,"Corvus cornix Linnaeus, 1758","SPECIES",55.76272,37.47523
"5937624575",2477968,"Dendrocopos major (Linnaeus, 1758)","SPECIES",55.70144,37.34337
"5937624577",2474377,"Fulica atra Linnaeus, 1758","SPECIES",59.563661,30.113808
"5937624579",2492462,"Erithacus rubecula (Linnaeus, 1758)","SPECIES",55.752616,37.637694
"5937624581",2487879,"Cyanistes caeruleus (Linnaeus, 1758)","SPECIES",55.807919,37.467269
"5937624582",2490737,"Turdus pilaris Linnaeus, 1758","SPECIES",55.874169,37.272397
"5937624584",2498261,"Aythya fuligula (Linnaeus, 1758)","SPECIES",55.76071,37.46494
"5937624585",2487879,"Cyanistes caeruleus (Linnaeus, 1758)","SPECIES",55.78261,37.77923
"5937624586",2482515,"Corvus cornix Linnaeus, 1758","SPECIES",55.721203,37.65412
"5937624587",6065824,"Larus ridibundus Linnaeus, 1766","SPECIES",44.91177,37.32877
"5937624588",2490719,"Turdus merula Linnaeus, 1758","SPECIES",55.632706,37.720294
"5937624589",9761484,"Anas platyrhynchos Linnaeus, 1758","SPECIES",55.84209,37.63033
"5937624590",2490737,"Turdus pilaris Linnaeus, 1758","SPECIES",55.859936,37.437344
"5937624592",2482515,"Corvus cornix Linnaeus, 1758","SPECIES",59.84958,31.58246
"5937624594",6100954,"Corvus monedula Linnaeus, 1758","SPECIES",55.99655,36.49138
"5937624598",9761484,"Anas platyrhynchos Linnaeus, 1758","SPECIES",55.76221,37.4761
"5937624600",2487603,"Certhia familiaris Linnaeus, 1758","SPECIES",55.70369,37.34318
"5937624602",2498326,"Bucephala clangula (Linnaeus, 1758)","SPECIES",59.563183,30.114108
"5937624604",2495414,"Columba livia J.F.Gmelin, 1789","SPECIES",55.807986,37.464758
"5937624605",5845582,"Chloris chloris (Linnaeus, 1758)","SPECIES",55.873933,37.272344
"5937624607",2498285,"Mergellus albellus (Linnaeus, 1758)","SPECIES",55.76071,37.46494
"5937624608",9705453,"Parus major Linnaeus, 1758","SPECIES",55.78272,37.7792
"5937624609",2495414,"Columba livia J.F.Gmelin, 1789","SPECIES",55.721203,37.65412
"5937624610",5231198,"Passer montanus (Linnaeus, 1758)","SPECIES",55.630425,37.717003
"5937624611",9705453,"Parus major Linnaeus, 1758","SPECIES",55.84206,37.63033
"5937624613",2482515,"Corvus cornix Linnaeus, 1758","SPECIES",55.712125,37.580794
"5937624615",2481912,"Ciconia ciconia (Linnaeus, 1758)","SPECIES",45.15242,38.58291
"5937624617",5231198,"Passer montanus (Linnaeus, 1758)","SPECIES",55.704356,37.522156
"5937624618",2482492,"Corvus corax Linnaeus, 1758","SPECIES",55.707825,37.528736
"5937624619",2487879,"Cyanistes caeruleus (Linnaeus, 1758)","SPECIES",55.765764,37.493847
"5937624620",5231198,"Passer montanus (Linnaeus, 1758)","SPECIES",55.89797,37.62399
"5937624621",2480500,"Aquila heliaca Savigny, 1809","SPECIES",44.12483,46.65738
"5937624626",2495414,"Columba livia J.F.Gmelin, 1789","SPECIES",55.706843,37.585463
"5937624627",2494543,"Pyrrhula pyrrhula (Linnaeus, 1758)","SPECIES",59.85787,31.59262
"5937624631",2477968,"Dendrocopos major (Linnaeus, 1758)","SPECIES",55.70908,37.34299
"5937624632",2498285,"Mergellus albellus (Linnaeus, 1758)","SPECIES",59.567261,30.108567
"5937624634",9705453,"Parus major Linnaeus, 1758","SPECIES",55.765158,37.4958
"5937624636",5229490,"Pica pica (Linnaeus, 1758)","SPECIES",44.08472,46.57196
"5937624637",2482513,"Corvus frugilegus Linnaeus, 1758","SPECIES",55.627983,37.723572
"5937624638",2487879,"Cyanistes caeruleus (Linnaeus, 1758)","SPECIES",55.84366,37.62541
"5937624641",5231198,"Passer montanus (Linnaeus, 1758)","SPECIES",55.707289,37.586664
"5937624642",2494686,"Carduelis carduelis (Linnaeus, 1758)","SPECIES",59.85905,31.59158
"5937624646",2495000,"Aegithalos caudatus (Linnaeus, 1758)","SPECIES",55.71057,37.34302
"5937624647",2481139,"Larus argentatus Pontoppidan, 1763","SPECIES",59.564053,30.114531
"5937624649",2490737,"Turdus pilaris Linnaeus, 1758","SPECIES",55.766056,37.494
"5937624650",2490669,"Galerida cristata (Linnaeus, 1758)","SPECIES",44.08783,46.57699
"5937624651",2482515,"Corvus cornix Linnaeus, 1758","SPECIES",55.625064,37.721814
"5937624652",9705453,"Parus major Linnaeus, 1758","SPECIES",55.84364,37.62524
"5937735302",2498252,"Alopochen aegyptiaca (Linnaeus, 1766)","SPECIES",50.305452,5.568309
"5937735307",2498036,"Anser anser (Linnaeus, 1758)","SPECIES",50.745743,3.425417
"5937737301",2477968,"Dendrocopos major (Linnaeus, 1758)","SPECIES",64.893871,25.57169
"5937737305",5229490,"Pica pica (Linnaeus, 1758)","SPECIES",63.129774,21.617767
"5937737306",6100954,"Coloeus monedula (Linnaeus, 1758)","SPECIES",64.100016,24.583952
"5937737315",6092830,"Spinus spinus (Linnaeus, 1758)","SPECIES",60.154552,24.860994
"5937737319",2490719,"Turdus merula Linnaeus, 1758","SPECIES",60.315434,22.222363
"5937737334",2478548,"Picus canus J.F.Gmelin, 1788","SPECIES",64.253631,27.771157
"5937737335",2433753,"Lutra lutra (Linnaeus, 1758)","SPECIES",62.990955,22.971966
"5937737386",2491534,"Emberiza citrinella Linnaeus, 1758","SPECIES",60.301021,22.202339
"5937737391",2494771,"Pinicola enucleator (Linnaeus, 1758)","SPECIES",64.681589,24.48509
"5937737397",2477968,"Dendrocopos major (Linnaeus, 1758)","SPECIES",60.247285,24.983233
"5937737405",2494543,"Pyrrhula pyrrhula (Linnaeus, 1758)","SPECIES",60.390664,23.123807
"5937737420",2487866,"Poecile montanus (Conrad von Baldenstein, 1827)","SPECIES",64.276434,24.962603
"5937737422",6100954,"Coloeus monedula (Linnaeus, 1758)","SPECIES",63.127469,21.609874
"5937737432",5229493,"Garrulus glandarius (Linnaeus, 1758)","SPECIES",60.313836,22.22295
"5937737434",9409796,"Corvus corone Linnaeus, 1758","SPECIES",60.390664,23.123807
"5937737447",2480449,"Haliaeetus albicilla (Linnaeus, 1758)","SPECIES",60.178503,24.942863
"5937737449",2487866,"Poecile montanus (Conrad von Baldenstein, 1827)","SPECIES",62.536416,28.037162
"5937737479",2487883,"Lophophanes cristatus (Linnaeus, 1758)","SPECIES",62.536416,28.037162
"5937737508",2433753,"Lutra lutra (Linnaeus, 1758)","SPECIES",62.014897,21.292515
"5937737511",2490719,"Turdus merula Linnaeus, 1758","SPECIES",63.130024,21.617873
"5937737526",2477968,"Dendrocopos major (Linnaeus, 1758)","SPECIES",60.315058,22.22085
"5937737537",2487603,"Certhia familiaris Linnaeus, 1758","SPECIES",60.410885,22.269325
"5937737563",2433753,"Lutra lutra (Linnaeus, 1758)","SPECIES",62.014897,21.292515
"5937737586",9705453,"Parus major Linnaeus, 1758","SPECIES",60.300363,22.204067
"5937737592",5229493,"Garrulus glandarius (Linnaeus, 1758)","SPECIES",64.816909,25.30579
"5937737596",2440965,"Odocoileus virginianus (Zimmermann, 1780)","SPECIES",60.220832,21.329168
"5937737614",9409796,"Corvus corone Linnaeus, 1758","SPECIES",60.294749,22.211355
"5937737625",8211070,"Sciurus vulgaris Linnaeus, 1758","SPECIES",61.261617,24.044821
"5937737659",9409796,"Corvus corone Linnaeus, 1758","SPECIES",64.264334,24.818632
"5937737660",2494422,"Fringilla coelebs Linnaeus, 1758","SPECIES",60.335722,22.992764
"5937737662",2477968,"Dendrocopos major (Linnaeus, 1758)","SPECIES",62.536416,28.037162
"5937737687",5229493,"Garrulus glandarius (Linnaeus, 1758)","SPECIES",60.29905,22.221456
"5937737691",5220126,"Capreolus capreolus (Linnaeus, 1758)","SPECIES",61.122164,24.027559
"5937737708",2487879,"Cyanistes caeruleus (Linnaeus, 1758)","SPECIES",60.30437,22.227355
"5937737740",9409796,"Corvus corone Linnaeus, 1758","SPECIES",60.29905,22.221456
"5937737741",2490719,"Turdus merula Linnaeus, 1758","SPECIES",60.308765,22.230908
"5937737746",2495414,"Columba livia f. domestica","FORM",64.265055,24.830093
"5937737747",6092830,"Spinus spinus (Linnaeus, 1758)","SPECIES",64.807881,25.535343
"5937737748",2494543,"Pyrrhula pyrrhula (Linnaeus, 1758)","SPECIES",60.464975,25.083913
"5937737754",5845582,"Chloris chloris (Linnaeus, 1758)","SPECIES",62.855508,27.661073
"5937737761",9444556,"Lanius excubitor Linnaeus, 1758","SPECIES",60.378884,23.096145
"5937737768",5231190,"Passer domesticus (Linnaeus, 1758)","SPECIES",60.308576,22.230985
"5937737776",7982160,"Larus canus Linnaeus, 1758","SPECIES",60.179259,24.942879
"5937737777",2440965,"Odocoileus virginianus (Zimmermann, 1780)","SPECIES",61.136664,24.024727
"5937737779",2433753,"Lutra lutra (Linnaeus, 1758)","SPECIES",62.301184,24.050643
"5937737785",9705453,"Parus major Linnaeus, 1758","SPECIES",60.304335,22.227708
"5937737787",5845582,"Chloris chloris (Linnaeus, 1758)","SPECIES",60.390664,23.123807
"5937737802",2494686,"Carduelis carduelis (Linnaeus, 1758)","SPECIES",64.807881,25.535343
"5937737803",5220126,"Capreolus capreolus (Linnaeus, 1758)","SPECIES",61.127026,23.90516
"5937737805",9409796,"Corvus corone Linnaeus, 1758","SPECIES",60.320294,22.217104
"5937737806",5231190,"Passer domesticus (Linnaeus, 1758)","SPECIES",61.503001,23.760464
"5937737813",9705453,"Parus major Linnaeus, 1758","SPECIES",60.30432,22.2274
"5937737815",2490719,"Turdus merula Linnaeus, 1758","SPECIES",60.378884,23.096145
"5937737819",2491534,"Emberiza citrinella Linnaeus, 1758","SPECIES",60.297493,22.207693
"5937737824",2494543,"Pyrrhula pyrrhula (Linnaeus, 1758)","SPECIES",64.807881,25.535343
"5937737825",5229490,"Pica pica (Linnaeus, 1758)","SPECIES",61.503001,23.760464
"5937737838",2487879,"Cyanistes caeruleus (Linnaeus, 1758)","SPECIES",60.296053,22.204843
"5937737839",2487603,"Certhia familiaris Linnaeus, 1758","SPECIES",60.390664,23.123807
"5937737852",9752149,"Phasianus colchicus Linnaeus, 1758","SPECIES",60.398651,23.095319
"5937737853",9409796,"Corvus corone Linnaeus, 1758","SPECIES",61.503001,23.760464
"5937737862",9705453,"Parus major Linnaeus, 1758","SPECIES",60.390664,23.123807
"5937737870",2487871,"Periparus ater (Linnaeus, 1758)","SPECIES",60.29905,22.221456
"5937737871",2487871,"Periparus ater (Linnaeus, 1758)","SPECIES",60.308862,22.23095
"5937737876",9705453,"Parus major Linnaeus, 1758","SPECIES",60.38982,23.099086
"5937737904",9761484,"Anas platyrhynchos Linnaeus, 1758","SPECIES",60.247896,25.025865
"5937737905",2487879,"Cyanistes caeruleus (Linnaeus, 1758)","SPECIES",62.331631,24.628325
"5937737906",9415596,"Eremophila alpestris (Linnaeus, 1758)","SPECIES",60.672955,25.643074
"5937737925",9705453,"Parus major Linnaeus, 1758","SPECIES",60.29699,22.210549
"5937737929",2487866,"Poecile montanus (Conrad von Baldenstein, 1827)","SPECIES",62.331631,24.628325
"5937737931",2491719,"Plectrophenax nivalis (Linnaeus, 1758)","SPECIES",60.672955,25.643074
"5937737933",2608994,"Anaptychia ciliaris (L.) Körb. ex A.Massal.","SPECIES",60.392205,25.431727
"5937737940",2477804,"Picoides tridactylus (Linnaeus, 1758)","SPECIES",62.872105,27.591593
"5937737942",9705453,"Parus major Linnaeus, 1758","SPECIES",60.40975,22.267925
"5937737943",2494686,"Carduelis carduelis (Linnaeus, 1758)","SPECIES",60.147508,24.876835
"5937737972",2482492,"Corvus corax Linnaeus, 1758","SPECIES",60.957286,21.440474
"5937737973",2477968,"Dendrocopos major (Linnaeus, 1758)","SPECIES",60.300362,22.201957
"5937737981",2482492,"Corvus corax Linnaeus, 1758","SPECIES",60.301789,22.194868
"5937737986",2487883,"Lophophanes cristatus (Linnaeus, 1758)","SPECIES",64.808412,25.329096
"5937737989",2608090,"Ramalina fraxinea (L.) Ach.","SPECIES",60.392189,25.431826
"5937737991",2491534,"Emberiza citrinella Linnaeus, 1758","SPECIES",60.31684,22.22397
"5937738000",5231198,"Passer montanus (Linnaeus, 1758)","SPECIES",62.855508,27.661073
"5937738014",2477872,"Dryocopus martius (Linnaeus, 1758)","SPECIES",60.302129,22.213901
"5937738022",2487871,"Periparus ater (Linnaeus, 1758)","SPECIES",60.38982,23.099086
"5937738023",2491534,"Emberiza citrinella Linnaeus, 1758","SPECIES",60.317048,22.224023
"5937738041",2491534,"Emberiza citrinella Linnaeus, 1758","SPECIES",60.297068,22.208728
"5937738046",2484596,"Regulus regulus (Linnaeus, 1758)","SPECIES",64.808412,25.329096
"5937738049",5229490,"Pica pica (Linnaeus, 1758)","SPECIES",60.464975,25.083913
"5937738061",5229490,"Pica pica (Linnaeus, 1758)","SPECIES",62.855508,27.661073
"5937738067",2493367,"Panurus biarmicus (Linnaeus, 1758)","SPECIES",60.295763,22.20475
"5937738077",9705453,"Parus major Linnaeus, 1758","SPECIES",62.331631,24.628325
"5937738078",9761484,"Anas platyrhynchos Linnaeus, 1758","SPECIES",60.464975,25.083913
"5937738096",NA,NA,NA,60.297781,22.214035
"5937738100",2608167,"Ramalina farinacea (L.) Ach.","SPECIES",60.392189,25.431826
"5937738102",2484596,"Regulus regulus (Linnaeus, 1758)","SPECIES",60.243896,21.950923
"5937738112",9409796,"Corvus corone Linnaeus, 1758","SPECIES",62.855508,27.661073
"5937738114",2480637,"Accipiter nisus (Linnaeus, 1758)","SPECIES",60.410837,22.269182
"5937738115",2494543,"Pyrrhula pyrrhula (Linnaeus, 1758)","SPECIES",60.154547,24.860941
"5937738119",2490719,"Turdus merula Linnaeus, 1758","SPECIES",60.957286,21.440474
"5937738133",2493367,"Panurus biarmicus (Linnaeus, 1758)","SPECIES",64.878839,25.210472
"5937738134",2482492,"Corvus corax Linnaeus, 1758","SPECIES",60.672955,25.643074
"5937738135",5845582,"Chloris chloris (Linnaeus, 1758)","SPECIES",60.957286,21.440474
"5937738146",2491534,"Emberiza citrinella Linnaeus, 1758","SPECIES",60.40975,22.267925
"5937738147",2477968,"Dendrocopos major (Linnaeus, 1758)","SPECIES",60.144796,24.873704
"5937738150",5229490,"Pica pica (Linnaeus, 1758)","SPECIES",60.957286,21.440474
"5937738151",2491534,"Emberiza citrinella Linnaeus, 1758","SPECIES",60.3139,22.219055
"5937738162",2490719,"Turdus merula Linnaeus, 1758","SPECIES",60.398651,23.095319
"5937738176",2491534,"Emberiza citrinella Linnaeus, 1758","SPECIES",62.855508,27.661073
"5937738180",2477968,"Dendrocopos major (Linnaeus, 1758)","SPECIES",60.957286,21.440474
"5937738186",9705453,"Parus major Linnaeus, 1758","SPECIES",60.296884,22.214004
"5937738210",2487603,"Certhia familiaris Linnaeus, 1758","SPECIES",62.872105,27.591593
"5937738213",2490719,"Turdus merula Linnaeus, 1758","SPECIES",60.303213,22.20485
"5937738223",2494686,"Carduelis carduelis (Linnaeus, 1758)","SPECIES",64.816124,25.317913
"5937738225",9409796,"Corvus corone Linnaeus, 1758","SPECIES",61.313968,23.729279
"5937738227",2480449,"Haliaeetus albicilla (Linnaeus, 1758)","SPECIES",60.957286,21.440474
"5937738238",6100954,"Coloeus monedula (Linnaeus, 1758)","SPECIES",60.957286,21.440474
"5937738250",2477872,"Dryocopus martius (Linnaeus, 1758)","SPECIES",64.815235,25.320555
"5937738252",5229493,"Garrulus glandarius (Linnaeus, 1758)","SPECIES",62.331631,24.628325
"5937738266",2477968,"Dendrocopos major (Linnaeus, 1758)","SPECIES",62.872105,27.591593
"5937738280",2477968,"Dendrocopos major (Linnaeus, 1758)","SPECIES",60.296436,22.213853
"5937738285",2490737,"Turdus pilaris Linnaeus, 1758","SPECIES",61.211569,28.713093
"5937738299",5231190,"Passer domesticus (Linnaeus, 1758)","SPECIES",60.15486,24.778534
"5937738302",2477968,"Dendrocopos major (Linnaeus, 1758)","SPECIES",60.312633,22.22169
"5937738310",8104397,"Linaria cannabina (Linnaeus, 1758)","SPECIES",64.816124,25.317913
"5937738327",2482492,"Corvus corax Linnaeus, 1758","SPECIES",60.3008,22.207229
"5937738341",2608167,"Ramalina farinacea (L.) Ach.","SPECIES",59.986808,23.396547
"5937738355",2494441,"Fringilla montifringilla Linnaeus, 1758","SPECIES",60.390664,23.123807
"5937738370",2490719,"Turdus merula Linnaeus, 1758","SPECIES",62.855508,27.661073
"5937738391",9761484,"Anas platyrhynchos Linnaeus, 1758","SPECIES",60.179859,24.941635
"5937738420",2498326,"Bucephala clangula (Linnaeus, 1758)","SPECIES",60.15486,24.778534
"5937738421",6100954,"Coloeus monedula (Linnaeus, 1758)","SPECIES",60.312472,22.22464
"5937738432",2686276,"Larix archangelica Lawson","SPECIES",59.986808,23.396547
"5937738433",2494422,"Fringilla coelebs Linnaeus, 1758","SPECIES",60.258097,24.977506
"5937738464",2490737,"Turdus pilaris Linnaeus, 1758","SPECIES",64.803001,25.408444
"5937738466",7247635,"Hypogymnia physodes (L.) Nyl.","SPECIES",59.986808,23.396547
"5937738470",5232437,"Branta canadensis (Linnaeus, 1758)","SPECIES",60.179926,24.941016
"5937738472",2487879,"Cyanistes caeruleus (Linnaeus, 1758)","SPECIES",63.126979,21.609521
"5937738476",5231198,"Passer montanus (Linnaeus, 1758)","SPECIES",60.390664,23.123807
"5937738493",2487879,"Cyanistes caeruleus (Linnaeus, 1758)","SPECIES",62.855508,27.661073
"5937738510",5220126,"Capreolus capreolus (Linnaeus, 1758)","SPECIES",60.302987,22.227516
"5937738522",2495000,"Aegithalos caudatus (Linnaeus, 1758)","SPECIES",61.207041,28.714873
"5937738524",9705453,"Parus major Linnaeus, 1758","SPECIES",62.855508,27.661073
"5937738527",2495093,"Cinclus cinclus (Linnaeus, 1758)","SPECIES",64.271453,24.928846
"5937738536",9409796,"Corvus corone Linnaeus, 1758","SPECIES",60.458335,25.097452
"5937738548",9705453,"Parus major Linnaeus, 1758","SPECIES",60.308892,22.219242
"5937738549",5229493,"Garrulus glandarius (Linnaeus, 1758)","SPECIES",60.299953,22.223157
"5937738550",5231198,"Passer montanus (Linnaeus, 1758)","SPECIES",60.308563,22.231045
"5937738562",6100954,"Coloeus monedula (Linnaeus, 1758)","SPECIES",60.458335,25.097452
"5937738577",2487879,"Cyanistes caeruleus (Linnaeus, 1758)","SPECIES",60.308892,22.219242
"5937738578",2477968,"Dendrocopos major (Linnaeus, 1758)","SPECIES",60.299318,22.222725
"5937738579",2491534,"Emberiza citrinella Linnaeus, 1758","SPECIES",60.309849,22.230379
"5937738595",9705453,"Parus major Linnaeus, 1758","SPECIES",60.304612,22.226834
"5937738607",2484605,"Bombycilla garrulus (Linnaeus, 1758)","SPECIES",64.800142,25.405142
"5937738613",9444556,"Lanius excubitor Linnaeus, 1758","SPECIES",61.313968,23.729279
"5937738625",2433753,"Lutra lutra (Linnaeus, 1758)","SPECIES",63.11909,21.620384
"5937738630",2487879,"Cyanistes caeruleus (Linnaeus, 1758)","SPECIES",60.295763,22.20475
"5937738642",2487883,"Lophophanes cristatus (Linnaeus, 1758)","SPECIES",61.210262,28.70322
"5937738644",2606557,"Bryoria fuscescens (Gyeln.) Brodo & D.Hawksw.","SPECIES",59.986808,23.396547
"5937738645",2433753,"Lutra lutra (Linnaeus, 1758)","SPECIES",62.359765,24.397906
"5937738646",9409796,"Corvus corone Linnaeus, 1758","SPECIES",64.074304,24.544017
"5937738655",2487871,"Periparus ater (Linnaeus, 1758)","SPECIES",60.15486,24.778534
"5937738658",5231190,"Passer domesticus (Linnaeus, 1758)","SPECIES",60.390664,23.123807
"5937738666",2477872,"Dryocopus martius (Linnaeus, 1758)","SPECIES",60.297396,22.225949
"5937738669",2494329,"Coccothraustes coccothraustes (Linnaeus, 1758)","SPECIES",60.391924,23.120628
"5937738681",2480637,"Accipiter nisus (Linnaeus, 1758)","SPECIES",60.305446,22.228193
"5937738694",2490737,"Turdus pilaris Linnaeus, 1758","SPECIES",64.800882,25.406364
"5937738695",2494543,"Pyrrhula pyrrhula (Linnaeus, 1758)","SPECIES",62.855508,27.661073
"5937738696",2492462,"Erithacus rubecula (Linnaeus, 1758)","SPECIES",60.242994,25.007312
"5937738697",6100954,"Coloeus monedula (Linnaeus, 1758)","SPECIES",61.313968,23.729279
"5937738711",2498343,"Cygnus olor (J.F.Gmelin, 1789)","SPECIES",60.179928,24.940895
"5937738713",2490737,"Turdus pilaris Linnaeus, 1758","SPECIES",63.12648,21.611013
"5937738716",2487879,"Cyanistes caeruleus (Linnaeus, 1758)","SPECIES",60.295683,22.205172
"5937738731",5845582,"Chloris chloris (Linnaeus, 1758)","SPECIES",60.391924,23.120628
"5937738735",2494686,"Carduelis carduelis (Linnaeus, 1758)","SPECIES",60.458335,25.097452
"5937738752",2491534,"Emberiza citrinella Linnaeus, 1758","SPECIES",60.308902,22.219566
"5937738753",9705453,"Parus major Linnaeus, 1758","SPECIES",60.299318,22.222725
"5937738754",9705453,"Parus major Linnaeus, 1758","SPECIES",60.30984,22.230465
"5937738760",5231190,"Passer domesticus (Linnaeus, 1758)","SPECIES",62.904046,27.615914
"5937738762",9409796,"Corvus corone Linnaeus, 1758","SPECIES",60.398651,23.095319
"5937738763",2487871,"Periparus ater (Linnaeus, 1758)","SPECIES",64.807882,25.400604
"5937738766",2495455,"Columba palumbus Linnaeus, 1758","SPECIES",60.388717,23.148125
"5937738779",2490719,"Turdus merula Linnaeus, 1758","SPECIES",60.297884,22.214402
"5937738798",2491534,"Emberiza citrinella Linnaeus, 1758","SPECIES",60.409242,22.268007
"5937738799",2481172,"Larus marinus Linnaeus, 1758","SPECIES",60.153465,24.865973
"5937738816",2542395,"Fomitopsis pinicola (Sw.) P.Karst.","SPECIES",64.798355,25.374395
"5937738819",2482492,"Corvus corax Linnaeus, 1758","SPECIES",61.06344,21.627706
"5937738820",9409796,"Corvus corone Linnaeus, 1758","SPECIES",61.122335,21.52751
"5937738821",2480449,"Haliaeetus albicilla (Linnaeus, 1758)","SPECIES",60.702986,25.400579
"5937738822",9705453,"Parus major Linnaeus, 1758","SPECIES",60.957286,21.440474
"5937738835",2477968,"Dendrocopos major (Linnaeus, 1758)","SPECIES",60.299594,22.199975
"5937738850",9409796,"Corvus corone Linnaeus, 1758","SPECIES",61.06344,21.627706
"5937738852",2495414,"Columba livia f. domestica","FORM",61.122335,21.52751
"5937738854",5231198,"Passer montanus (Linnaeus, 1758)","SPECIES",60.388717,23.148125
"5937738874",9409796,"Corvus corone Linnaeus, 1758","SPECIES",60.295209,22.216362
"5937738878",5229493,"Garrulus glandarius (Linnaeus, 1758)","SPECIES",62.904046,27.615914
"5937738880",2494543,"Pyrrhula pyrrhula (Linnaeus, 1758)","SPECIES",60.388717,23.148125
"5937738887",2491534,"Emberiza citrinella Linnaeus, 1758","SPECIES",60.300786,22.203479
"5937738902",2543885,"Bjerkandera fumosa (Pers.) P.Karst.","SPECIES",64.798739,25.374486
"5937738903",2484605,"Bombycilla garrulus (Linnaeus, 1758)","SPECIES",60.197448,24.892311
"5937738918",9705453,"Parus major Linnaeus, 1758","SPECIES",60.299809,22.202435
"5937738930",2494543,"Pyrrhula pyrrhula (Linnaeus, 1758)","SPECIES",60.957286,21.440474
"5937738931",2433753,"Lutra lutra (Linnaeus, 1758)","SPECIES",62.353068,24.545388
"5937738940",9705453,"Parus major Linnaeus, 1758","SPECIES",64.212562,28.995576
"5937738941",2490719,"Turdus merula Linnaeus, 1758","SPECIES",60.391924,23.120628
"5937738942",2498326,"Bucephala clangula (Linnaeus, 1758)","SPECIES",60.179212,24.941593
"5937738978",2487879,"Cyanistes caeruleus (Linnaeus, 1758)","SPECIES",60.310621,22.218508
"5937738985",2487879,"Cyanistes caeruleus (Linnaeus, 1758)","SPECIES",60.294492,22.210733
"5937738990",2487603,"Certhia familiaris Linnaeus, 1758","SPECIES",60.398651,23.095319
"5937739022",9705453,"Parus major Linnaeus, 1758","SPECIES",61.122335,21.52751
"5937739023",2487879,"Cyanistes caeruleus (Linnaeus, 1758)","SPECIES",60.957286,21.440474
"5937739024",5845582,"Chloris chloris (Linnaeus, 1758)","SPECIES",60.298686,22.234301
"5937739030",2494441,"Fringilla montifringilla Linnaeus, 1758","SPECIES",60.391924,23.120628
"5937739033",5845582,"Chloris chloris (Linnaeus, 1758)","SPECIES",60.309923,22.220572
"5937739042",2493367,"Panurus biarmicus (Linnaeus, 1758)","SPECIES",60.294137,22.210789
"5937739050",5231190,"Passer domesticus (Linnaeus, 1758)","SPECIES",60.391924,23.120628
"5937739077",9705453,"Parus major Linnaeus, 1758","SPECIES",60.296731,22.209587
"5937739084",2477968,"Dendrocopos major (Linnaeus, 1758)","SPECIES",60.398651,23.095319
"5937739113",NA,"Pseudoscorpiones","ORDER",62.438928,22.249469
"5937739114",2494543,"Pyrrhula pyrrhula (Linnaeus, 1758)","SPECIES",60.391924,23.120628
"5937739128",2493367,"Panurus biarmicus (Linnaeus, 1758)","SPECIES",60.293487,22.208142
"5937739140",2494543,"Pyrrhula pyrrhula (Linnaeus, 1758)","SPECIES",61.013952,24.891583
"5937739150",2487879,"Cyanistes caeruleus (Linnaeus, 1758)","SPECIES",60.30513,22.229052
"5937739158",2477968,"Dendrocopos major (Linnaeus, 1758)","SPECIES",60.296806,22.21028
"5937739167",7982160,"Larus canus Linnaeus, 1758","SPECIES",60.246231,25.024332
"5937739183",5220126,"Capreolus capreolus (Linnaeus, 1758)","SPECIES",60.957286,21.440474
"5937739194",2491534,"Emberiza citrinella Linnaeus, 1758","SPECIES",60.296731,22.20994
"5937739202",2487883,"Lophophanes cristatus (Linnaeus, 1758)","SPECIES",60.639443,27.290322
"5937739203",2433753,"Lutra lutra (Linnaeus, 1758)","SPECIES",62.258422,24.562421
"5937739218",2490719,"Turdus merula Linnaeus, 1758","SPECIES",60.296884,22.214004
"5937739224",2548374,"Trametes ochracea (Pers.) Gilb. & Ryvarden","SPECIES",64.799912,25.378011
"5937739272",9705453,"Parus major Linnaeus, 1758","SPECIES",60.297478,22.214628
"5937739279",5845582,"Chloris chloris (Linnaeus, 1758)","SPECIES",61.122335,21.52751
"5937739283",2491534,"Emberiza citrinella Linnaeus, 1758","SPECIES",60.388717,23.148125
"5937739290",2477968,"Dendrocopos major (Linnaeus, 1758)","SPECIES",60.409242,22.268007
"5937739293",6100954,"Coloeus monedula (Linnaeus, 1758)","SPECIES",60.310726,22.219006
"5937739306",2484916,"Sitta europaea Linnaeus, 1758","SPECIES",62.904046,27.615914
"5937739313",2487879,"Cyanistes caeruleus (Linnaeus, 1758)","SPECIES",60.40975,22.267925
"5937739314",9362027,"Mareca strepera (Linnaeus, 1758)","SPECIES",60.149828,24.87531
"5937739332",2494771,"Pinicola enucleator (Linnaeus, 1758)","SPECIES",64.68067,24.484752
"5937739334",2477872,"Dryocopus martius (Linnaeus, 1758)","SPECIES",62.872105,27.591593
"5937739361",2487879,"Cyanistes caeruleus (Linnaeus, 1758)","SPECIES",60.310714,22.230067
"5937739366",2482613,"Nucifraga caryocatactes (Linnaeus, 1758)","SPECIES",64.68067,24.484752
"5937739367",2487866,"Poecile montanus (Conrad von Baldenstein, 1827)","SPECIES",62.872105,27.591593
"5937739375",6092830,"Spinus spinus (Linnaeus, 1758)","SPECIES",64.824462,25.47302
"5937739380",9705453,"Parus major Linnaeus, 1758","SPECIES",60.307146,22.229767
"5937739389",2477968,"Dendrocopos major (Linnaeus, 1758)","SPECIES",60.297399,22.210165
"5937739393",5219243,"Vulpes vulpes (Linnaeus, 1758)","SPECIES",62.237067,24.848941
"5937739396",2490719,"Turdus merula Linnaeus, 1758","SPECIES",60.301529,22.200439
"5937739404",2493367,"Panurus biarmicus (Linnaeus, 1758)","SPECIES",60.293757,22.20965
"5937739416",9705453,"Parus major Linnaeus, 1758","SPECIES",60.389833,25.650072
"5937739438",9705453,"Parus major Linnaeus, 1758","SPECIES",60.296753,22.210266
"5937739446",2491534,"Emberiza citrinella Linnaeus, 1758","SPECIES",62.124159,25.653979
"5937739459",2495000,"Aegithalos caudatus (Linnaeus, 1758)","SPECIES",64.210001,28.994432
"5937739460",8214667,"Anas crecca Linnaeus, 1758","SPECIES",60.179699,24.941283
"5937739479",2494686,"Carduelis carduelis (Linnaeus, 1758)","SPECIES",64.68067,24.484752
"5937739481",2487883,"Lophophanes cristatus (Linnaeus, 1758)","SPECIES",62.872105,27.591593
"5937739484",2492462,"Erithacus rubecula (Linnaeus, 1758)","SPECIES",60.243275,25.00447
"5937739485",9409796,"Corvus corone Linnaeus, 1758","SPECIES",61.313968,23.729279
"5937739486",6092830,"Spinus spinus (Linnaeus, 1758)","SPECIES",60.301788,22.201533
"5937739502",9705453,"Parus major Linnaeus, 1758","SPECIES",60.294198,22.211549
"5937739523",2490719,"Turdus merula Linnaeus, 1758","SPECIES",60.244807,24.980385
"5937739540",2490719,"Turdus merula Linnaeus, 1758","SPECIES",60.297373,22.210987
"5937739559",2487871,"Periparus ater (Linnaeus, 1758)","SPECIES",60.408912,22.269808
"5937739565",9705453,"Parus major Linnaeus, 1758","SPECIES",60.300887,22.233522
"5937739575",2495414,"Columba livia f. domestica","FORM",60.389833,25.650072
"5937739579",9015784,"Dryobates minor (Linnaeus, 1758)","SPECIES",60.200167,25.10538
"5937739599",9705453,"Parus major Linnaeus, 1758","SPECIES",60.297317,22.215856
"5937739605",2477968,"Dendrocopos major (Linnaeus, 1758)","SPECIES",60.389833,25.650072
"5937739614",6092830,"Spinus spinus (Linnaeus, 1758)","SPECIES",60.409199,22.267979
"5937739632",2495414,"Columba livia f. domestica","FORM",61.484299,21.796611
"5937739633",2482492,"Corvus corax Linnaeus, 1758","SPECIES",60.299953,22.238049
"5937739657",9409796,"Corvus corone Linnaeus, 1758","SPECIES",60.293188,22.211442
"5937739668",2494686,"Carduelis carduelis (Linnaeus, 1758)","SPECIES",64.824462,25.47302
"5937739671",2491534,"Emberiza citrinella Linnaeus, 1758","SPECIES",60.305178,22.228603
"5937739682",2487883,"Lophophanes cristatus (Linnaeus, 1758)","SPECIES",61.313968,23.729279
"5937739694",2495000,"Aegithalos caudatus (Linnaeus, 1758)","SPECIES",64.218338,28.970448
"5937739695",2482054,"Podiceps cristatus (Linnaeus, 1758)","SPECIES",60.179924,24.940899
"5937739696",2490719,"Turdus merula Linnaeus, 1758","SPECIES",63.122168,21.617616
"5937739712",5219243,"Vulpes vulpes (Linnaeus, 1758)","SPECIES",60.428715,22.233733
"5937739713",2491534,"Emberiza citrinella Linnaeus, 1758","SPECIES",61.162574,21.5407
"5937739715",9409796,"Corvus corone Linnaeus, 1758","SPECIES",60.957286,21.440474
"5937739722",5229490,"Pica pica (Linnaeus, 1758)","SPECIES",60.391924,23.120628
"5937739738",2477872,"Dryocopus martius (Linnaeus, 1758)","SPECIES",60.279666,24.066587
"5937739743",2494200,"Serinus serinus (Linnaeus, 1766)","SPECIES",60.458335,25.097452
"5937739751",2494543,"Pyrrhula pyrrhula (Linnaeus, 1758)","SPECIES",64.824462,25.47302
"5937739759",2487879,"Cyanistes caeruleus (Linnaeus, 1758)","SPECIES",60.309009,22.218187
"5937739760",9705453,"Parus major Linnaeus, 1758","SPECIES",60.299232,22.224865
"5937739761",9705453,"Parus major Linnaeus, 1758","SPECIES",60.310417,22.230007
"5937739766",NA,"Astur Lacepède, 1799","GENUS",60.654556,23.893193
"5937739767",2491534,"Emberiza citrinella Linnaeus, 1758","SPECIES",60.30019,22.232373
"5937739772",9015784,"Dryobates minor (Linnaeus, 1758)","SPECIES",60.458335,25.097452
"5937739775",6100954,"Coloeus monedula (Linnaeus, 1758)","SPECIES",60.391924,23.120628
"5937739787",2490719,"Turdus merula Linnaeus, 1758","SPECIES",60.30891,22.219418
"5937739788",5229493,"Garrulus glandarius (Linnaeus, 1758)","SPECIES",60.299553,22.223184
"5937739789",2487603,"Certhia familiaris Linnaeus, 1758","SPECIES",60.310402,22.230252
"5937739795",9705453,"Parus major Linnaeus, 1758","SPECIES",61.313968,23.729279
"5937739796",9409796,"Corvus corone Linnaeus, 1758","SPECIES",61.097326,21.850583
"5937739802",9705453,"Parus major Linnaeus, 1758","SPECIES",60.306447,22.228738
"5937739815",2487871,"Periparus ater (Linnaeus, 1758)","SPECIES",62.872105,27.591593
"5937739816",2495000,"Aegithalos caudatus (Linnaeus, 1758)","SPECIES",60.152077,24.429155
"5937739817",2491534,"Emberiza citrinella Linnaeus, 1758","SPECIES",60.301046,22.201757
"5937739827",5231630,"Acanthis flammea (Linnaeus, 1758)","SPECIES",64.824462,25.47302
"5937739832",2487879,"Cyanistes caeruleus (Linnaeus, 1758)","SPECIES",60.29424,22.209896
"5937739845",2487879,"Cyanistes caeruleus (Linnaeus, 1758)","SPECIES",61.013909,24.891689
"5937739847",5229490,"Pica pica (Linnaeus, 1758)","SPECIES",61.097326,21.850583
"5937739848",NA,"Neogale Gray, 1865","GENUS",62.357467,24.384111
"5937739849",5229490,"Pica pica (Linnaeus, 1758)","SPECIES",64.060864,24.554945
"5937739865",9705453,"Parus major Linnaeus, 1758","SPECIES",60.309014,22.218535
"5937739866",2480537,"Buteo buteo (Linnaeus, 1758)","SPECIES",60.300238,22.225513
"5937739867",2487879,"Cyanistes caeruleus (Linnaeus, 1758)","SPECIES",60.310417,22.230007
"5937739873",9070104,"Cerrena unicolor (Bull.) Murrill","SPECIES",60.152654,24.407472
"5937739883",2487866,"Poecile montanus (Conrad von Baldenstein, 1827)","SPECIES",64.209996,28.994459
"5937739884",2495696,"Streptopelia decaocto (Frivaldszky, 1838)","SPECIES",60.391924,23.120628
"5937739885",9705453,"Parus major Linnaeus, 1758","SPECIES",60.180186,24.941581
"5937739886",2491534,"Emberiza citrinella Linnaeus, 1758","SPECIES",63.122191,21.617119
"5937739891",2482492,"Corvus corax Linnaeus, 1758","SPECIES",60.292798,22.206548
"5937739909",2434806,"Halichoerus grypus (Fabricius, 1791)","SPECIES",60.179245,24.969093
"5937739929",2477968,"Dendrocopos major (Linnaeus, 1758)","SPECIES",60.309993,22.217993
"5937739930",2491534,"Emberiza citrinella Linnaeus, 1758","SPECIES",60.299657,22.22495
"5937739936",2495000,"Aegithalos caudatus (Linnaeus, 1758)","SPECIES",60.398651,23.095319
"5937739948",2498261,"Aythya fuligula (Linnaeus, 1758)","SPECIES",60.179689,24.940483
"5937739969",2491534,"Emberiza citrinella Linnaeus, 1758","SPECIES",60.921218,22.053525
"5937739979",2487603,"Certhia familiaris Linnaeus, 1758","SPECIES",63.127785,21.625444
"5937739980",2480537,"Buteo buteo (Linnaeus, 1758)","SPECIES",60.307739,22.229206
"5937740002",2490719,"Turdus merula Linnaeus, 1758","SPECIES",64.805782,25.423824
"5937740003",9761484,"Anas platyrhynchos Linnaeus, 1758","SPECIES",60.181995,24.931554
"5937740022",2491534,"Emberiza citrinella Linnaeus, 1758","SPECIES",60.297089,22.212076
"5937740027",2478548,"Picus canus J.F.Gmelin, 1788","SPECIES",67.120714,27.494704
"5937740030",2498265,"Aythya marila (Linnaeus, 1761)","SPECIES",60.15486,24.778534
"5937740048",9705453,"Parus major Linnaeus, 1758","SPECIES",60.311966,22.208529
"5937740049",5229490,"Pica pica (Linnaeus, 1758)","SPECIES",60.300438,22.230408
"5937740050",2477872,"Dryocopus martius (Linnaeus, 1758)","SPECIES",60.315534,22.234599
"5937740056",NA,"Astur Lacepède, 1799","GENUS",62.124159,25.653979
"5937740058",9705453,"Parus major Linnaeus, 1758","SPECIES",60.378884,23.096145
"5937740068",2495414,"Columba livia f. domestica","FORM",60.179692,24.939979
"5937740103",5845582,"Chloris chloris (Linnaeus, 1758)","SPECIES",63.129744,21.614657
"5937740118",9809229,"Sturnus vulgaris Linnaeus, 1758","SPECIES",60.378884,23.096145
"5937740130",9409796,"Corvus corone Linnaeus, 1758","SPECIES",60.310213,22.222028
"5937740141",9409796,"Corvus corone Linnaeus, 1758","SPECIES",60.291362,22.208553
"5937740146",8214667,"Anas crecca Linnaeus, 1758","SPECIES",60.248244,25.02628
"5937740148",2498261,"Aythya fuligula (Linnaeus, 1758)","SPECIES",60.15486,24.778534
"5937740156",2490719,"Turdus merula Linnaeus, 1758","SPECIES",63.123622,21.612997
"5937740157",2490719,"Turdus merula Linnaeus, 1758","SPECIES",60.306975,22.230841
"5937740178",6100954,"Coloeus monedula (Linnaeus, 1758)","SPECIES",60.17985,24.944037
"5937740199",6092830,"Spinus spinus (Linnaeus, 1758)","SPECIES",61.313968,23.729279
"5937740204",2491534,"Emberiza citrinella Linnaeus, 1758","SPECIES",60.398651,23.095319
"5937740205",5229490,"Pica pica (Linnaeus, 1758)","SPECIES",62.247838,25.708743
"5937740211",9705453,"Parus major Linnaeus, 1758","SPECIES",60.408912,22.269808
"5937740216",2490719,"Turdus merula Linnaeus, 1758","SPECIES",60.309913,22.218785
"5937740217",2491534,"Emberiza citrinella Linnaeus, 1758","SPECIES",60.300343,22.233438
"5937740250",2490719,"Turdus merula Linnaeus, 1758","SPECIES",60.297706,22.215626
"5937740258",2433753,"Lutra lutra (Linnaeus, 1758)","SPECIES",62.281546,24.691976
"5937740277",2477968,"Dendrocopos major (Linnaeus, 1758)","SPECIES",60.299021,22.220645
"5937740290",2484605,"Bombycilla garrulus (Linnaeus, 1758)","SPECIES",60.243178,24.982741
"5937740295",2482492,"Corvus corax Linnaeus, 1758","SPECIES",60.297577,22.206296
"5937740313",5229493,"Garrulus glandarius (Linnaeus, 1758)","SPECIES",62.124159,25.653979
"5937740328",9705453,"Parus major Linnaeus, 1758","SPECIES",60.309667,22.218747
"5937740333",2482492,"Corvus corax Linnaeus, 1758","SPECIES",60.293389,22.210231
"5937740339",5231198,"Passer montanus (Linnaeus, 1758)","SPECIES",60.398651,23.095319
"5937740340",2495000,"Aegithalos caudatus (Linnaeus, 1758)","SPECIES",64.798119,25.373938
"5937740342",2492462,"Erithacus rubecula (Linnaeus, 1758)","SPECIES",60.378884,23.096145
"5937740368",5231438,"Troglodytes troglodytes (Linnaeus, 1758)","SPECIES",60.378884,23.096145
"5937740378",9705453,"Parus major Linnaeus, 1758","SPECIES",60.391924,23.120628
"5937740383",9705453,"Parus major Linnaeus, 1758","SPECIES",60.300104,22.203863
"5937740403",2482515,"Corvus corone cornix Linnaeus, 1758","SUBSPECIES",60.196538,24.930784
"5937740409",5229490,"Pica pica (Linnaeus, 1758)","SPECIES",60.299224,22.200309
"5937740433",2487883,"Lophophanes cristatus (Linnaeus, 1758)","SPECIES",60.299449,22.199695
"5937740444",8211070,"Sciurus vulgaris Linnaeus, 1758","SPECIES",62.124159,25.653979
"5937740446",2433753,"Lutra lutra (Linnaeus, 1758)","SPECIES",62.278993,24.039942
"5937740456",2490719,"Turdus merula Linnaeus, 1758","SPECIES",60.408875,22.26986
"5937740460",6100954,"Coloeus monedula (Linnaeus, 1758)","SPECIES",60.308498,22.221912
"5937740461",9705453,"Parus major Linnaeus, 1758","SPECIES",60.300109,22.233976
"5937740470",2487879,"Cyanistes caeruleus (Linnaeus, 1758)","SPECIES",60.294105,22.209416
"5937740474",2491534,"Emberiza citrinella Linnaeus, 1758","SPECIES",60.244793,24.980782
"5937740535",8068867,"Fomes fomentarius (L.) Fr.","SPECIES",64.799317,25.375357
"5937740552",2477872,"Dryocopus martius (Linnaeus, 1758)","SPECIES",60.290684,22.208562
"5937740576",5845582,"Chloris chloris (Linnaeus, 1758)","SPECIES",60.307428,22.205118
"5937740580",9705453,"Parus major Linnaeus, 1758","SPECIES",60.398651,23.095319
"5937740582",9761484,"Anas platyrhynchos Linnaeus, 1758","SPECIES",61.501559,23.762751
"5937740590",2482515,"Corvus corone cornix Linnaeus, 1758","SUBSPECIES",60.179538,24.943096
"5937740607",5231190,"Passer domesticus (Linnaeus, 1758)","SPECIES",60.206242,24.973739
"5937740618",7982160,"Larus canus Linnaeus, 1758","SPECIES",60.179247,24.942876
"5937740635",2487879,"Cyanistes caeruleus (Linnaeus, 1758)","SPECIES",60.206242,24.973739
"5937740637",2487879,"Cyanistes caeruleus (Linnaeus, 1758)","SPECIES",60.398651,23.095319
"5937740653",2487879,"Cyanistes caeruleus (Linnaeus, 1758)","SPECIES",60.309658,22.219607
"5937740661",2487879,"Cyanistes caeruleus (Linnaeus, 1758)","SPECIES",60.291075,22.208912
"5937740667",2498326,"Bucephala clangula (Linnaeus, 1758)","SPECIES",61.313968,23.729279
"5937740669",2494422,"Fringilla coelebs Linnaeus, 1758","SPECIES",60.49955,22.025361
"5937740689",5229490,"Pica pica (Linnaeus, 1758)","SPECIES",60.307983,22.201211
"5937740694",5231198,"Passer montanus (Linnaeus, 1758)","SPECIES",60.206242,24.973739
"5937740696",NA,"Astur Lacepède, 1799","GENUS",60.246939,25.025012
"5937740698",9809229,"Sturnus vulgaris Linnaeus, 1758","SPECIES",60.49955,22.025361
"5937740710",9629160,"Loxia curvirostra Linnaeus, 1758","SPECIES",62.536416,28.037162
"5937740714",2477968,"Dendrocopos major (Linnaeus, 1758)","SPECIES",60.30748,22.231465
"5937740729",2482492,"Corvus corax Linnaeus, 1758","SPECIES",62.815536,21.175422
"5937740731",9537647,"Mergus merganser Linnaeus, 1758","SPECIES",60.169423,24.960765
"5937740752",2490719,"Turdus merula Linnaeus, 1758","SPECIES",60.299429,22.221281
"5937740759",9705453,"Parus major Linnaeus, 1758","SPECIES",60.921218,22.053525
"5937740760",2498326,"Bucephala clangula (Linnaeus, 1758)","SPECIES",62.128092,25.67273
"5937740761",2490310,"Motacilla cinerea Tunstall, 1771","SPECIES",60.15486,24.778534
"5937740789",2477968,"Dendrocopos major (Linnaeus, 1758)","SPECIES",60.307893,22.205812
"5937740790",2491534,"Emberiza citrinella Linnaeus, 1758","SPECIES",60.299666,22.231882
"5937740791",6100954,"Coloeus monedula (Linnaeus, 1758)","SPECIES",60.314256,22.233636
"5937740817",9705453,"Parus major Linnaeus, 1758","SPECIES",60.308369,22.208509
"5937740824",2495093,"Cinclus cinclus (Linnaeus, 1758)","SPECIES",62.128092,25.67273
"5937740853",6092830,"Spinus spinus (Linnaeus, 1758)","SPECIES",60.335767,22.992809
"5937740855",6100954,"Coloeus monedula (Linnaeus, 1758)","SPECIES",60.921218,22.053525
"5937740856",2487866,"Poecile montanus (Conrad von Baldenstein, 1827)","SPECIES",61.313968,23.729279
"5937740859",2498326,"Bucephala clangula (Linnaeus, 1758)","SPECIES",62.128092,25.67273
"5937740884",9705453,"Parus major Linnaeus, 1758","SPECIES",64.893713,25.571421
"5937740895",2490737,"Turdus pilaris Linnaeus, 1758","SPECIES",64.797751,25.406401
"5937740912",9705453,"Parus major Linnaeus, 1758","SPECIES",60.29702,22.211178
"5937740925",2477968,"Dendrocopos major (Linnaeus, 1758)","SPECIES",60.307536,22.232394
"5937740933",2490719,"Turdus merula Linnaeus, 1758","SPECIES",60.296792,22.210908
"5937740940",2495093,"Cinclus cinclus (Linnaeus, 1758)","SPECIES",60.392213,25.431836
"5937740968",2487879,"Cyanistes caeruleus (Linnaeus, 1758)","SPECIES",60.298983,22.220659
"5937740971",5220126,"Capreolus capreolus (Linnaeus, 1758)","SPECIES",61.130705,24.010948
"5937741007",5229493,"Garrulus glandarius (Linnaeus, 1758)","SPECIES",64.212562,28.995576
"5937741018",2491534,"Emberiza citrinella Linnaeus, 1758","SPECIES",60.408875,22.26986
"5937741022",2491534,"Emberiza citrinella Linnaeus, 1758","SPECIES",60.302206,22.232391
"5937741033",2477968,"Dendrocopos major (Linnaeus, 1758)","SPECIES",61.313968,23.729279
"5937741040",2490719,"Turdus merula Linnaeus, 1758","SPECIES",64.799673,25.405922
"5937741041",5231190,"Passer domesticus (Linnaeus, 1758)","SPECIES",60.170822,24.941551
"5937741056",9705453,"Parus major Linnaeus, 1758","SPECIES",60.296586,22.212246
"5937741062",2477872,"Dryocopus martius (Linnaeus, 1758)","SPECIES",60.206829,24.952433
"5937741072",7952072,"Lepus europaeus Pallas, 1778","SPECIES",61.124752,23.891884
"5937741078",9629160,"Loxia curvirostra Linnaeus, 1758","SPECIES",60.297006,22.205963
"5937741097",2487603,"Certhia familiaris Linnaeus, 1758","SPECIES",62.331631,24.628325
"5937741112",2487879,"Cyanistes caeruleus (Linnaeus, 1758)","SPECIES",60.299133,22.221474
"5937741118",2494543,"Pyrrhula pyrrhula (Linnaeus, 1758)","SPECIES",64.276238,24.959168
"5937741119",NA,"Buteo Lacepede, 1799","GENUS",61.053075,21.386044
"5937741143",9705453,"Parus major Linnaeus, 1758","SPECIES",60.299206,22.22156
"5937741149",2491534,"Emberiza citrinella Linnaeus, 1758","SPECIES",61.013977,24.891626
"5937741153",2433753,"Lutra lutra (Linnaeus, 1758)","SPECIES",62.253598,24.432907
"5937741165",9705453,"Parus major Linnaeus, 1758","SPECIES",60.308335,22.221483
"5937741166",9705453,"Parus major Linnaeus, 1758","SPECIES",60.30371,22.228192
"5937741173",6092830,"Spinus spinus (Linnaeus, 1758)","SPECIES",60.292407,22.209387
"5937741180",2484596,"Regulus regulus (Linnaeus, 1758)","SPECIES",60.142906,24.442798
"5937741182",6100954,"Coloeus monedula (Linnaeus, 1758)","SPECIES",60.398651,23.095319
"5937741205",2491534,"Emberiza citrinella Linnaeus, 1758","SPECIES",60.307347,22.206637
"5937741210",NA,"Rodentia","ORDER",64.681387,24.537792
"5937741218",2495000,"Aegithalos caudatus (Linnaeus, 1758)","SPECIES",61.208608,28.718554
"5937741223",2494543,"Pyrrhula pyrrhula (Linnaeus, 1758)","SPECIES",62.331631,24.628325
"5937741224",8316400,"Sorex araneus Linnaeus, 1758","SPECIES",61.393554,23.951338
"5937741228",5845582,"Chloris chloris (Linnaeus, 1758)","SPECIES",60.297761,22.199013
"5937741242",8211070,"Sciurus vulgaris Linnaeus, 1758","SPECIES",61.261718,24.041829
"5937741252",5845582,"Chloris chloris (Linnaeus, 1758)","SPECIES",62.331631,24.628325
"5937741253",5231198,"Passer montanus (Linnaeus, 1758)","SPECIES",60.408643,22.268355
"5937741255",9705453,"Parus major Linnaeus, 1758","SPECIES",60.309261,22.219951
"5937741256",9705453,"Parus major Linnaeus, 1758","SPECIES",60.303601,22.230578
"5937741266",5229493,"Garrulus glandarius (Linnaeus, 1758)","SPECIES",61.014208,24.891539
"5937741281",2498343,"Cygnus olor (J.F.Gmelin, 1789)","SPECIES",60.179807,24.942483
"5937741286",7952072,"Lepus europaeus Pallas, 1778","SPECIES",61.123789,23.894951
"5937741290",5229493,"Garrulus glandarius (Linnaeus, 1758)","SPECIES",60.299805,22.203886
"5937741304",2490719,"Turdus merula Linnaeus, 1758","SPECIES",60.644262,27.230206
"5937741305",2494441,"Fringilla montifringilla Linnaeus, 1758","SPECIES",60.957286,21.440474
"5937741313",2487883,"Lophophanes cristatus (Linnaeus, 1758)","SPECIES",60.410897,22.26934
"5937741316",9705453,"Parus major Linnaeus, 1758","SPECIES",60.301814,22.228295
"5937741327",2498343,"Cygnus olor (J.F.Gmelin, 1789)","SPECIES",62.938652,21.184038
"5937741330",5229490,"Pica pica (Linnaeus, 1758)","SPECIES",61.313968,23.729279
"5937741333",5231198,"Passer montanus (Linnaeus, 1758)","SPECIES",60.957286,21.440474
"5937741357",2490719,"Turdus merula Linnaeus, 1758","SPECIES",60.299492,22.221927
"5937741377",2487879,"Cyanistes caeruleus (Linnaeus, 1758)","SPECIES",60.299339,22.203181
"5937741391",2487879,"Cyanistes caeruleus (Linnaeus, 1758)","SPECIES",60.620072,25.487357
"5937741394",2487879,"Cyanistes caeruleus (Linnaeus, 1758)","SPECIES",64.212562,28.995576
"5937741405",2492462,"Erithacus rubecula (Linnaeus, 1758)","SPECIES",60.410852,22.26929
"5937741409",9705453,"Parus major Linnaeus, 1758","SPECIES",60.309633,22.220546
"5937741410",5229490,"Pica pica (Linnaeus, 1758)","SPECIES",60.301572,22.229655
"5937741415",2487879,"Cyanistes caeruleus (Linnaeus, 1758)","SPECIES",60.293525,22.209726
"5937741421",2487866,"Poecile montanus (Conrad von Baldenstein, 1827)","SPECIES",60.620072,25.487357
"5937741424",2494154,"Loxia pytyopsittacus von Borkhausen, 1793","SPECIES",64.696523,24.493376
"5937741437",2487879,"Cyanistes caeruleus (Linnaeus, 1758)","SPECIES",60.309543,22.220615
"5937741446",6100954,"Coloeus monedula (Linnaeus, 1758)","SPECIES",60.293642,22.213151
"5937741454",2477804,"Picoides tridactylus (Linnaeus, 1758)","SPECIES",64.696523,24.493376
"5937741456",2487866,"Poecile montanus (Conrad von Baldenstein, 1827)","SPECIES",61.313968,23.729279
"5937741485",9409796,"Corvus corone Linnaeus, 1758","SPECIES",60.300398,22.221847
"5937741491",9705453,"Parus major Linnaeus, 1758","SPECIES",60.620072,25.487357
"5937741495",2491534,"Emberiza citrinella Linnaeus, 1758","SPECIES",64.212562,28.995576
"5937741509",2494543,"Pyrrhula pyrrhula (Linnaeus, 1758)","SPECIES",60.409469,22.275619
"5937741512",NA,"Animalia","KINGDOM",60.302059,22.230834
"5937741523",2433753,"Lutra lutra (Linnaeus, 1758)","SPECIES",64.25768,23.941261
"5937741554",2433753,"Lutra lutra (Linnaeus, 1758)","SPECIES",64.001542,24.769051
"5937741555",2498326,"Bucephala clangula (Linnaeus, 1758)","SPECIES",61.313968,23.729279
"5937741556",5231198,"Passer montanus (Linnaeus, 1758)","SPECIES",60.49955,22.025361
"5937741570",2490719,"Turdus merula Linnaeus, 1758","SPECIES",60.179111,24.940076
"5937741574",2491534,"Emberiza citrinella Linnaeus, 1758","SPECIES",60.315959,22.224359
"5937741589",9705453,"Parus major Linnaeus, 1758","SPECIES",60.206242,24.973739
"5937741590",2487879,"Cyanistes caeruleus (Linnaeus, 1758)","SPECIES",60.245331,24.979398
"5937741607",2482492,"Corvus corax Linnaeus, 1758","SPECIES",60.297163,22.205053
"5937741621",9705453,"Parus major Linnaeus, 1758","SPECIES",60.244945,24.980331
"5937741623",2487603,"Certhia familiaris Linnaeus, 1758","SPECIES",64.696523,24.493376
"5937741640",2482492,"Corvus corax Linnaeus, 1758","SPECIES",60.299149,22.204926
"5937741656",9537647,"Mergus merganser Linnaeus, 1758","SPECIES",61.501559,23.762751
"5937741667",2490719,"Turdus merula Linnaeus, 1758","SPECIES",60.307308,22.231465
"5937741684",5229490,"Pica pica (Linnaeus, 1758)","SPECIES",60.398651,23.095319
"5937741685",9409796,"Corvus corone Linnaeus, 1758","SPECIES",61.500686,23.763803
"5937741697",2487879,"Cyanistes caeruleus (Linnaeus, 1758)","SPECIES",60.315143,22.221356
"5937741711",2436756,"Lepus timidus Linnaeus, 1758","SPECIES",60.335048,22.256276
"5937741754",9629160,"Loxia curvirostra Linnaeus, 1758","SPECIES",64.813832,25.31976
"5937741791",9705453,"Parus major Linnaeus, 1758","SPECIES",60.301161,22.20198
"5937741796",6100954,"Coloeus monedula (Linnaeus, 1758)","SPECIES",61.500686,23.763803
"5937741822",2440965,"Odocoileus virginianus (Zimmermann, 1780)","SPECIES",60.142836,24.44192
"5937741824",5220126,"Capreolus capreolus (Linnaeus, 1758)","SPECIES",60.848811,26.600576
"5937741826",NA,"Neogale Gray, 1865","GENUS",62.289824,24.046362
"5937741848",2482492,"Corvus corax Linnaeus, 1758","SPECIES",60.305809,22.220342
"5937741855",2494441,"Fringilla montifringilla Linnaeus, 1758","SPECIES",60.2581,24.977568
"5937741857",9761484,"Anas platyrhynchos Linnaeus, 1758","SPECIES",61.500686,23.763803
"5937741865",2487879,"Cyanistes caeruleus (Linnaeus, 1758)","SPECIES",60.408891,22.269849
"5937741871",9761484,"Anas platyrhynchos Linnaeus, 1758","SPECIES",60.390664,23.123807
"5937741890",2480449,"Haliaeetus albicilla (Linnaeus, 1758)","SPECIES",64.69157,24.426768
"5937741899",2482492,"Corvus corax Linnaeus, 1758","SPECIES",64.83422,25.369263
"5937741901",6092830,"Spinus spinus (Linnaeus, 1758)","SPECIES",64.814982,25.319693
"5937741921",2165401,"Diaea dorsata (Fabricius, 1777)","SPECIES",60.881272,26.697269
"5937741922",5219243,"Vulpes vulpes (Linnaeus, 1758)","SPECIES",62.986521,22.940326
"5937741939",9705453,"Parus major Linnaeus, 1758","SPECIES",60.315908,22.22372
"5937741961",2477872,"Dryocopus martius (Linnaeus, 1758)","SPECIES",64.817449,25.3038
"5937741962",2487866,"Poecile montanus (Conrad von Baldenstein, 1827)","SPECIES",64.814982,25.319693
"5937741982",6100954,"Coloeus monedula (Linnaeus, 1758)","SPECIES",62.894356,27.642744
"5937741984",2487871,"Periparus ater (Linnaeus, 1758)","SPECIES",60.243943,21.951158
"5937742011",2491534,"Emberiza citrinella Linnaeus, 1758","SPECIES",60.307774,22.20585
"5937742018",5229493,"Garrulus glandarius (Linnaeus, 1758)","SPECIES",60.49955,22.025361
"5937742033",9705453,"Parus major Linnaeus, 1758","SPECIES",60.308424,22.23127
"5937742046",2487879,"Cyanistes caeruleus (Linnaeus, 1758)","SPECIES",60.458335,25.097452
"5937742076",2490781,"Turdus iliacus Linnaeus, 1758","SPECIES",60.335749,22.992769
"5937742077",2477968,"Dendrocopos major (Linnaeus, 1758)","SPECIES",60.216917,24.846151
"5937742084",5845582,"Chloris chloris (Linnaeus, 1758)","SPECIES",64.816498,25.320569
"5937742089",2491534,"Emberiza citrinella Linnaeus, 1758","SPECIES",60.316053,22.225216
"5937742110",2490719,"Turdus merula Linnaeus, 1758","SPECIES",64.814982,25.319693
"5937742124",5229490,"Pica pica (Linnaeus, 1758)","SPECIES",60.299656,22.222406
"5937742128",6092830,"Spinus spinus (Linnaeus, 1758)","SPECIES",60.458335,25.097452
"5937742131",6428353,"Chamaenerion angustifolium (L.) Scop.","SPECIES",60.243126,25.008363
"5937742133",2491534,"Emberiza citrinella Linnaeus, 1758","SPECIES",60.957286,21.440474
"5937742146",2477872,"Dryocopus martius (Linnaeus, 1758)","SPECIES",60.410999,22.269517
"5937742152",2487603,"Certhia familiaris Linnaeus, 1758","SPECIES",60.302382,22.229889
"5937742165",9705453,"Parus major Linnaeus, 1758","SPECIES",60.458335,25.097452
"5937742166",5231198,"Passer montanus (Linnaeus, 1758)","SPECIES",60.216917,24.846151
"5937742172",2490719,"Turdus merula Linnaeus, 1758","SPECIES",64.816498,25.320569
"5937742173",5231190,"Passer domesticus (Linnaeus, 1758)","SPECIES",64.805662,25.436594
"5937742177",2487879,"Cyanistes caeruleus (Linnaeus, 1758)","SPECIES",60.308567,22.231236
"5937742187",2490719,"Turdus merula Linnaeus, 1758","SPECIES",60.297151,22.212964
"5937742193",2487603,"Certhia familiaris Linnaeus, 1758","SPECIES",60.458352,22.281829
"5937742203",2482054,"Podiceps cristatus (Linnaeus, 1758)","SPECIES",60.179732,24.941338
"5937742219",2487879,"Cyanistes caeruleus (Linnaeus, 1758)","SPECIES",60.297546,22.214217
"5937742227",NA,"Rodentia","ORDER",64.662511,24.54717
"5937742249",2487879,"Cyanistes caeruleus (Linnaeus, 1758)","SPECIES",60.315434,22.222363
"5937742260",2490669,"Galerida cristata (Linnaeus, 1758)","SPECIES",60.216917,24.846151
"5937742270",5232437,"Branta canadensis (Linnaeus, 1758)","SPECIES",60.179633,24.940416
"5937742289",2477968,"Dendrocopos major (Linnaeus, 1758)","SPECIES",60.297386,22.214062
"5937742293",2487879,"Cyanistes caeruleus (Linnaeus, 1758)","SPECIES",60.178184,24.940415
"5937742294",5219243,"Vulpes vulpes (Linnaeus, 1758)","SPECIES",60.139527,24.446269
"5937742308",9705453,"Parus major Linnaeus, 1758","SPECIES",60.296673,22.205024
"5937742316",2482492,"Corvus corax Linnaeus, 1758","SPECIES",61.313968,23.729279
"5937742327",9761484,"Anas platyrhynchos Linnaeus, 1758","SPECIES",62.128092,25.67273
"5937742343",2490737,"Turdus pilaris Linnaeus, 1758","SPECIES",63.129211,21.614426
"5937742354",2487879,"Cyanistes caeruleus (Linnaeus, 1758)","SPECIES",60.309004,22.220013
"5937742355",2487883,"Lophophanes cristatus (Linnaeus, 1758)","SPECIES",60.378884,23.096145
"5937742362",2477968,"Dendrocopos major (Linnaeus, 1758)","SPECIES",60.298255,22.206311
"5937742369",2487603,"Certhia familiaris Linnaeus, 1758","SPECIES",60.247243,24.983612
"5937742374",2494543,"Pyrrhula pyrrhula (Linnaeus, 1758)","SPECIES",60.620072,25.487357
"5937742380",9537647,"Mergus merganser Linnaeus, 1758","SPECIES",60.153188,24.87144
"5937742383",9761484,"Anas platyrhynchos Linnaeus, 1758","SPECIES",62.128092,25.67273
"5937742387",2487866,"Poecile montanus (Conrad von Baldenstein, 1827)","SPECIES",60.378884,23.096145
"5937742403",2477968,"Dendrocopos major (Linnaeus, 1758)","SPECIES",64.277258,24.962083
"5937742434",2482613,"Nucifraga caryocatactes (Linnaeus, 1758)","SPECIES",62.651569,27.599211
"5937742442",2491534,"Emberiza citrinella Linnaeus, 1758","SPECIES",60.620072,25.487357
"5937742449",2495455,"Columba palumbus Linnaeus, 1758","SPECIES",60.157939,24.875372
"5937742469",5229493,"Garrulus glandarius (Linnaeus, 1758)","SPECIES",61.088627,21.865373
"5937742480",2490719,"Turdus merula Linnaeus, 1758","SPECIES",62.331631,24.628325
"5937742484",2490719,"Turdus merula Linnaeus, 1758","SPECIES",60.308279,22.221097
"5937742497",2498343,"Cygnus olor (J.F.Gmelin, 1789)","SPECIES",60.292711,22.21076
"5937742500",2433753,"Lutra lutra (Linnaeus, 1758)","SPECIES",62.417429,24.387467
"5937742501",2484596,"Regulus regulus (Linnaeus, 1758)","SPECIES",61.313968,23.729279
"5937742509",5229493,"Garrulus glandarius (Linnaeus, 1758)","SPECIES",60.620072,25.487357
"5937742513",2487871,"Periparus ater (Linnaeus, 1758)","SPECIES",62.331631,24.628325
"5937742514",NA,"Astur Lacepède, 1799","GENUS",60.173103,24.943892
"5937742535",9761484,"Anas platyrhynchos Linnaeus, 1758","SPECIES",60.239393,24.981136
"5937742556",2490719,"Turdus merula Linnaeus, 1758","SPECIES",60.306942,22.205025
"5937742562",2487866,"Poecile montanus (Conrad von Baldenstein, 1827)","SPECIES",61.013952,24.891649
"5937742567",2487866,"Poecile montanus (Conrad von Baldenstein, 1827)","SPECIES",64.808412,25.329096
"5937742591",2484916,"Sitta europaea Linnaeus, 1758","SPECIES",60.431088,22.163642
"5937742627",2494686,"Carduelis carduelis (Linnaeus, 1758)","SPECIES",60.620072,25.487357
"5937742630",5845582,"Chloris chloris (Linnaeus, 1758)","SPECIES",60.157497,24.87477
"5937742635",9705453,"Parus major Linnaeus, 1758","SPECIES",60.315171,22.222294
"5937742675",2491534,"Emberiza citrinella Linnaeus, 1758","SPECIES",60.298251,22.204784
"5937742708",5229493,"Garrulus glandarius (Linnaeus, 1758)","SPECIES",60.335749,22.992769
"5937742716",5229490,"Pica pica (Linnaeus, 1758)","SPECIES",60.390664,23.123807
"5937742723",2487879,"Cyanistes caeruleus (Linnaeus, 1758)","SPECIES",60.299133,22.221474
"5937742762",2478548,"Picus canus J.F.Gmelin, 1788","SPECIES",64.276265,24.962503
"5937742764",2490719,"Turdus merula Linnaeus, 1758","SPECIES",60.205402,24.899014
"5937742776",2487879,"Cyanistes caeruleus (Linnaeus, 1758)","SPECIES",60.296307,22.203057
"5937742777",6100954,"Coloeus monedula (Linnaeus, 1758)","SPECIES",60.390664,23.123807
"5937742808",9705453,"Parus major Linnaeus, 1758","SPECIES",60.303744,22.229061
"5937742820",9409796,"Corvus corone Linnaeus, 1758","SPECIES",61.044439,21.936677
"5937742821",5231190,"Passer domesticus (Linnaeus, 1758)","SPECIES",60.38988,25.65058
"5937742822",2498343,"Cygnus olor (J.F.Gmelin, 1789)","SPECIES",61.106506,21.447975
"5937742839",2493367,"Panurus biarmicus (Linnaeus, 1758)","SPECIES",60.295742,22.204159
"5937742852",5393080,"Arctium tomentosum Mill.","SPECIES",60.243116,25.008192
"5937742853",2481139,"Larus argentatus Pontoppidan, 1763","SPECIES",61.106506,21.447975
"5937742854",7952072,"Lepus europaeus Pallas, 1778","SPECIES",60.96374,21.518438
"5937742865",5231198,"Passer montanus (Linnaeus, 1758)","SPECIES",60.309049,22.220034
"5937742866",9705453,"Parus major Linnaeus, 1758","SPECIES",60.304335,22.227708
"5937742874",9705453,"Parus major Linnaeus, 1758","SPECIES",60.297944,22.206217
"5937742881",9409796,"Corvus corone Linnaeus, 1758","SPECIES",61.106506,21.447975
"5937742907",2491534,"Emberiza citrinella Linnaeus, 1758","SPECIES",60.299133,22.221474
"5937742916",2495414,"Columba livia f. domestica","FORM",60.205402,24.899014
"5937742923",5845582,"Chloris chloris (Linnaeus, 1758)","SPECIES",60.308207,22.221438
"5937742924",2487883,"Lophophanes cristatus (Linnaeus, 1758)","SPECIES",60.304268,22.228302
"5937742925",2495414,"Columba livia f. domestica","FORM",60.390664,23.123807
"5937742935",5231190,"Passer domesticus (Linnaeus, 1758)","SPECIES",60.174509,24.942366
"5937742947",2487879,"Cyanistes caeruleus (Linnaeus, 1758)","SPECIES",60.296123,22.204092
"5937742948",2487871,"Periparus ater (Linnaeus, 1758)","SPECIES",60.378884,23.096145
"5937742967",2487879,"Cyanistes caeruleus (Linnaeus, 1758)","SPECIES",60.378884,23.096145
"5937742976",5231198,"Passer montanus (Linnaeus, 1758)","SPECIES",60.299121,22.221436
"5937742983",2490719,"Turdus merula Linnaeus, 1758","SPECIES",63.129127,21.614767
"5937742996",9705453,"Parus major Linnaeus, 1758","SPECIES",60.309004,22.220013
"5937743007",9705453,"Parus major Linnaeus, 1758","SPECIES",60.297893,22.20654
"5937743016",2487871,"Periparus ater (Linnaeus, 1758)","SPECIES",60.620072,25.487357
"5937743022",2487603,"Certhia familiaris Linnaeus, 1758","SPECIES",60.153241,24.864538
"5937743041",2495414,"Columba livia f. domestica","FORM",61.201177,21.72266
"5937743042",9761484,"Anas platyrhynchos Linnaeus, 1758","SPECIES",61.313968,23.729279
"5937743043",2490719,"Turdus merula Linnaeus, 1758","SPECIES",60.410869,22.269263
"5937743044",5231198,"Passer montanus (Linnaeus, 1758)","SPECIES",60.179339,24.940171
"5937743054",2477968,"Dendrocopos major (Linnaeus, 1758)","SPECIES",60.378884,23.096145
"5937743066",9705453,"Parus major Linnaeus, 1758","SPECIES",64.276518,24.962304
"5937743067",2487879,"Cyanistes caeruleus (Linnaeus, 1758)","SPECIES",60.410839,22.26933
"5937743094",6100954,"Coloeus monedula (Linnaeus, 1758)","SPECIES",63.129495,21.613155
"5937743112",9409796,"Corvus corone Linnaeus, 1758","SPECIES",60.30197,22.20797
"5937743119",5220126,"Capreolus capreolus (Linnaeus, 1758)","SPECIES",60.437252,25.067319
"5937743125",5229490,"Pica pica (Linnaeus, 1758)","SPECIES",60.519344,25.600644
"5937743131",2498273,"Clangula hyemalis (Linnaeus, 1758)","SPECIES",60.147609,24.852811
"5937743136",9705453,"Parus major Linnaeus, 1758","SPECIES",60.314483,22.221251
"5937750303",2888740,"Centranthus ruber (L.) DC.","SPECIES",51.22334,2.94149
"5937750304",3034393,"Eryngium planum L.","SPECIES",51.17085,4.45648
"5937750305",2880539,"Quercus rubra L.","SPECIES",50.89664,4.75628
"5937750309",5341201,"Anchusa officinalis L.","SPECIES",51.08901,2.57612
"5937750314",3082234,"Cornus sanguinea subsp. australis (C.A.Mey.) Jáv.","SUBSPECIES",51.13376,4.13455
"5937750318",7736011,"Claytonia perfoliata Donn ex Willd.","SPECIES",51.28172,3.04971
"5937750319",5330661,"Arum italicum Mill.","SPECIES",51.15368,3.0905
"5937750320",5330661,"Arum italicum Mill.","SPECIES",51.21708,3.19863
"5937750323",NA,"Oenothera L.","GENUS",50.89165,4.73523
"5937750324",2855398,"Galanthus elwesii Hook.f.","SPECIES",51.05617,3.75813
"5937750331",5285637,"Pinus sylvestris L.","SPECIES",50.97453,5.03468
"5937750333",2685796,"Pseudotsuga menziesii (Mirb.) Franco","SPECIES",51.21591,5.54083
"5937750334",3109086,"Senecio inaequidens DC.","SPECIES",51.32184,4.24888
"5937750342",5285637,"Pinus sylvestris L.","SPECIES",51.33189,4.49505
"5937750345",5333294,"Castanea sativa Mill.","SPECIES",50.84838,4.7511
"5937750352",3172291,"Ligustrum ovalifolium Hassk.","SPECIES",51.20303,2.97378
"5937750353",NA,"Oenothera L.","GENUS",50.89166,4.73522
"5937750354",3109086,"Senecio inaequidens DC.","SPECIES",51.23004,2.9421
"5937750361",7738766,"Miscanthus sacchariflorus (Maxim.) Benth. & Hook.f. ex Franch.","SPECIES",50.90809,3.73187
"5937750362",3024109,"Amelanchier × lamarckii F.G.Schroed.","SPECIES",50.94732,5.00158
"5937750363",2927324,"Lamiastrum galeobdolon subsp. argentatum (Smejkal) Stace","SUBSPECIES",51.14692,4.46041
"5937750364",3082234,"Cornus sanguinea subsp. australis (C.A.Mey.) Jáv.","SUBSPECIES",51.01097,4.47616
"5937750371",2889173,"Reynoutria japonica Houtt.","SPECIES",51.00768,3.76999
"5937750373",7736011,"Claytonia perfoliata Donn ex Willd.","SPECIES",51.0749,4.7072
"5937750374",5365717,"Potentilla indica (Andrews) Th.Wolf","SPECIES",50.84849,4.75177
"5937750387",3003979,"Rosa rugosa Thunb.","SPECIES",51.22667,2.94357
"5937750388",3109086,"Senecio inaequidens DC.","SPECIES",51.13721,2.70622
"5937750389",7903057,"Brassica rapa L.","SPECIES",50.87294,4.80395
"5937750390",3146683,"Erigeron sumatrensis Retz.","SPECIES",50.97958,4.79476
"5937750391",5330661,"Arum italicum Mill.","SPECIES",51.33329,3.23872
"5937750394",8200663,"Cymbalaria muralis G.Gaertn., B.Mey. & Scherb.","SPECIES",50.86505,4.71669
"5937750395",5365717,"Potentilla indica (Andrews) Th.Wolf","SPECIES",50.93029,4.44299
"5937750396",NA,"Oenothera L.","GENUS",51.13313,2.69492
"5937750401",2677047,"Orthodontium lineare Schwägr.","SPECIES",50.81853,4.44834
"5937750402",3109086,"Senecio inaequidens DC.","SPECIES",50.93326,4.44937
"5937750403",3147018,"Erigeron floribundus (Kunth) Sch.Bip.","SPECIES",51.23064,2.94294
"5937750404",3173338,"Buddleja davidii Franch.","SPECIES",51.23108,2.94333
"5937750405",3053522,"Berteroa incana (L.) DC.","SPECIES",50.88923,4.73815
"5937750411",3147018,"Erigeron floribundus (Kunth) Sch.Bip.","SPECIES",51.22993,2.94313
"5937750412",6109637,"Cynodon dactylon (L.) Pers.","SPECIES",50.85061,4.75668
"5937750419",5365717,"Potentilla indica (Andrews) Th.Wolf","SPECIES",50.9799,4.46441
"5937750425",3109086,"Senecio inaequidens DC.","SPECIES",50.90382,4.70814
"5937750426",5330661,"Arum italicum Mill.","SPECIES",51.17944,4.3241
"5937750427",2996929,"Rubus laciniatus (Tourn. ex Weston) Tollard","SPECIES",50.78503,3.21524
"5937750431",8012439,"Symphoricarpos albus (L.) S.F.Blake","SPECIES",51.06621,3.679
"5937750433",3021496,"Prunus laurocerasus L.","SPECIES",51.02308,5.41997
"5937750436",9151957,"Medicago sativa L.","SPECIES",51.22401,2.94244
"5937750437",5410411,"Campanula portenschlagiana Schult.","SPECIES",51.19371,4.44229
"5937750439",3066965,"Euphorbia lathyris L.","SPECIES",51.2788,3.24485
"5937750440",5389029,"Solidago canadensis L.","SPECIES",50.85862,3.64359
"5937750444",5376648,"Lepidium virginicum L.","SPECIES",50.97224,3.11949
"5937750448",6096602,"Lophocolea semiteres (Lehm.) Mitt.","SPECIES",51.2922,4.88574
"5937750449",3146683,"Erigeron sumatrensis Retz.","SPECIES",50.89206,4.7316
"5937750456",3085381,"Polycarpon tetraphyllum (L.) L.","SPECIES",51.22995,2.94304
"5937750457",3066965,"Euphorbia lathyris L.","SPECIES",51.22235,4.23418
"5937750458",3173338,"Buddleja davidii Franch.","SPECIES",50.93313,4.36875
"5937750470",3109086,"Senecio inaequidens DC.","SPECIES",51.08879,2.58392
"5937750471",3082234,"Cornus sanguinea subsp. australis (C.A.Mey.) Jáv.","SUBSPECIES",51.05608,3.8482
"5937750480",3146683,"Erigeron sumatrensis Retz.","SPECIES",50.88901,4.73756
"5937750493",5365717,"Potentilla indica (Andrews) Th.Wolf","SPECIES",50.80712,4.48028
"5937750494",2927324,"Lamiastrum galeobdolon subsp. argentatum (Smejkal) Stace","SUBSPECIES",50.93923,4.69729
"5937750496",3066965,"Euphorbia lathyris L.","SPECIES",51.01223,4.14977
"5937750497",3082234,"Cornus sanguinea subsp. australis (C.A.Mey.) Jáv.","SUBSPECIES",51.0504,3.82587
"5937750502",5377060,"Lepidium didymum L.","SPECIES",51.22999,2.94295
"5937750508",5289972,"Digitaria sanguinalis (L.) Scop.","SPECIES",51.22995,2.94219
"5937750516",2889173,"Reynoutria japonica Houtt.","SPECIES",51.10377,3.37726
"5937750522",5352251,"Robinia pseudoacacia L.","SPECIES",51.19993,4.74939
"5937750523",5333294,"Castanea sativa Mill.","SPECIES",51.10341,4.01588
"5937750528",5384741,"Silene coronaria (L.) Clairv.","SPECIES",51.06343,3.87968
"5937750529",3109086,"Senecio inaequidens DC.","SPECIES",51.08834,4.94557
"5937750536",5377060,"Lepidium didymum L.","SPECIES",50.90768,4.70706
"5937750537",4201607,"Phedimus spurius (M.Bieb.) 't Hart","SPECIES",50.85297,4.75794
"5937750538",3147168,"Erigeron karvinskianus DC.","SPECIES",51.23144,2.94257
"5937750549",2880539,"Quercus rubra L.","SPECIES",51.3327,4.42753
"5937750550",2879098,"Quercus ilex L.","SPECIES",51.20303,2.97378
"5937750551",3109086,"Senecio inaequidens DC.","SPECIES",51.0882,4.9449
"5937750556",7736011,"Claytonia perfoliata Donn ex Willd.","SPECIES",50.90382,4.70816
"5937750558",2889173,"Reynoutria japonica Houtt.","SPECIES",51.22436,2.95567
"5937750562",8427624,"Oxalis corniculata L.","SPECIES",50.88782,4.72937
"5937750566",2889173,"Reynoutria japonica Houtt.","SPECIES",51.04853,4.45595
"5937750567",NA,"Oenothera L.","GENUS",51.14784,2.71204
"5937750575",2927324,"Lamiastrum galeobdolon subsp. argentatum (Smejkal) Stace","SUBSPECIES",50.84775,4.74504
"5937750576",3146683,"Erigeron sumatrensis Retz.","SPECIES",50.88016,5.30376
"5937750577",7736011,"Claytonia perfoliata Donn ex Willd.","SPECIES",51.07216,3.76949
"5937750578",3146791,"Erigeron canadensis L.","SPECIES",51.14141,5.73961
"5937750583",NA,"Oenothera L.","GENUS",51.13725,2.70628
"5937750588",2926130,"Pentaglottis sempervirens (L.) Tausch ex L.H.Bailey","SPECIES",51.1478,4.47437
"5937750589",3033865,"Berberis aquifolium Pursh","SPECIES",51.0771,2.57862
"5937750590",3033865,"Berberis aquifolium Pursh","SPECIES",51.24948,4.51306
"5937750591",7736011,"Claytonia perfoliata Donn ex Willd.","SPECIES",51.32527,3.16849
"5937750595",3109086,"Senecio inaequidens DC.","SPECIES",51.28214,4.39839
"5937750602",3109086,"Senecio inaequidens DC.","SPECIES",50.8903,4.70707
"5937750603",3109086,"Senecio inaequidens DC.","SPECIES",51.09262,2.56978
"5937750604",2702084,"Juncus tenuis Willd.","SPECIES",51.33101,4.49395
"5937750609",3054368,"Juglans regia L.","SPECIES",50.84521,4.74456
"5937750611",9419993,"Erodium moschatum (L.) L'Hér.","SPECIES",51.34237,3.29513
"5937750614",NA,"Oenothera L.","GENUS",50.84471,4.74496
"5937750615",3146683,"Erigeron sumatrensis Retz.","SPECIES",50.88894,4.73605
"5937750621",5352251,"Robinia pseudoacacia L.","SPECIES",50.84828,4.75091
"5937750622",4201607,"Phedimus spurius (M.Bieb.) 't Hart","SPECIES",51.11474,2.64226
"5937750626",6096602,"Lophocolea semiteres (Lehm.) Mitt.","SPECIES",51.2922,4.88574
"5937750631",3173338,"Buddleja davidii Franch.","SPECIES",50.88895,4.74503
"5937750632",2704523,"Cortaderia selloana (Schult. & Schult.f.) Asch. & Graebn.","SPECIES",51.14146,2.70901
"5937750637",3146683,"Erigeron sumatrensis Retz.","SPECIES",51.22337,2.94141
"5937750638",3146683,"Erigeron sumatrensis Retz.","SPECIES",50.88895,4.74503
"5937750642",3033865,"Berberis aquifolium Pursh","SPECIES",50.84678,4.75483
"5937750644",5384741,"Silene coronaria (L.) Clairv.","SPECIES",50.88867,4.74505
"5937750651",3053522,"Berteroa incana (L.) DC.","SPECIES",51.17757,4.46985
"5937750654",2889173,"Reynoutria japonica Houtt.","SPECIES",51.1103,3.18656
"5937750658",3088481,"Tagetes minuta L.","SPECIES",51.23488,4.40808
"5937750664",2927324,"Lamiastrum galeobdolon subsp. argentatum (Smejkal) Stace","SUBSPECIES",50.90139,5.46473
"5937750665",5333294,"Castanea sativa Mill.","SPECIES",50.9717,5.03115
"5937750667",3147018,"Erigeron floribundus (Kunth) Sch.Bip.","SPECIES",51.23105,2.94353
"5937750668",3109086,"Senecio inaequidens DC.","SPECIES",51.34739,4.39757
"5937750669",3082234,"Cornus sanguinea subsp. australis (C.A.Mey.) Jáv.","SUBSPECIES",51.04945,3.81447
"5937750678",2879098,"Quercus ilex L.","SPECIES",50.89648,5.34054
"5937750682",3172077,"Veronica persica Poir.","SPECIES",51.01894,3.93724
"5937750683",3146683,"Erigeron sumatrensis Retz.","SPECIES",51.00855,5.68973
"5937750691",2879098,"Quercus ilex L.","SPECIES",51.0885,2.58199
"5937750698",8012439,"Symphoricarpos albus (L.) S.F.Blake","SPECIES",51.019,4.46188
"5937750699",3003979,"Rosa rugosa Thunb.","SPECIES",50.86625,4.15372
"5937750702",2928751,"Datura stramonium L.","SPECIES",51.06643,2.67136
"5937750704",2889173,"Reynoutria japonica Houtt.","SPECIES",51.08455,3.42519
"5937750709",5377060,"Lepidium didymum L.","SPECIES",51.26701,3.20529
"5937750710",2685796,"Pseudotsuga menziesii (Mirb.) Franco","SPECIES",51.19976,4.74901
"5937750716",2926130,"Pentaglottis sempervirens (L.) Tausch ex L.H.Bailey","SPECIES",51.26335,3.17592
"5937750721",3146683,"Erigeron sumatrensis Retz.","SPECIES",50.89483,4.72708
"5937750722",2705401,"Eragrostis multicaulis Steud.","SPECIES",51.23006,2.94265
"5937750727",8427624,"Oxalis corniculata L.","SPECIES",50.85056,4.75691
"5937750728",3172077,"Veronica persica Poir.","SPECIES",50.79106,4.36508
"5937750731",2685361,"Abies grandis (Douglas ex D.Don) Lindl.","SPECIES",51.17486,4.41982
"5937750732",5389017,"Solidago gigantea Aiton","SPECIES",50.86429,4.72544
"5937750736",3172291,"Ligustrum ovalifolium Hassk.","SPECIES",51.20997,4.55543
"5937750737",2684171,"Thuja plicata Donn ex D.Don","SPECIES",50.80897,4.51717
"5937750741",3172077,"Veronica persica Poir.","SPECIES",51.22833,2.94537
"5937750742",2890122,"Geranium pyrenaicum Burm.f.","SPECIES",50.89237,4.73141
"5937750747",6096602,"Lophocolea semiteres (Lehm.) Mitt.","SPECIES",51.30798,4.51873
"5937750748",3172100,"Veronica filiformis Sm.","SPECIES",51.01375,3.74385
"5937750749",5415012,"Linaria purpurea (L.) Mill.","SPECIES",51.14967,4.46794
"5937750752",3146791,"Erigeron canadensis L.","SPECIES",50.84897,4.35478
"5937750753",2684120,"Sequoiadendron giganteum (Lindl.) J.T.Buchholz","SPECIES",51.21656,3.19562
"5937750760",NA,"Oenothera L.","GENUS",50.96637,4.46084
"5937750761",2705401,"Eragrostis multicaulis Steud.","SPECIES",51.23143,2.94244
"5937750762",5285637,"Pinus sylvestris L.","SPECIES",51.26946,4.75628
"5937750765",3173338,"Buddleja davidii Franch.","SPECIES",50.85002,4.75802
"5937750767",3114225,"Rudbeckia hirta L.","SPECIES",50.83478,4.63644
"5937750773",3050595,"Hirschfeldia incana (L.) Lagr.-Foss.","SPECIES",50.90778,4.70706
"5937750774",3109086,"Senecio inaequidens DC.","SPECIES",50.93178,4.45015
"5937750775",3146683,"Erigeron sumatrensis Retz.","SPECIES",50.88888,4.74481
"5937750779",4201695,"Phedimus hybridus (L.) 't Hart","SPECIES",50.93319,4.36948
"5937750781",3082234,"Cornus sanguinea subsp. australis (C.A.Mey.) Jáv.","SUBSPECIES",51.07525,3.97376
"5937750785",2705449,"Eragrostis minor Host","SPECIES",51.2236,2.93746
"5937750786",7736011,"Claytonia perfoliata Donn ex Willd.","SPECIES",51.2656,3.00141
"5937750791",2890541,"Geranium purpureum Vill.","SPECIES",51.22419,2.93573
"5937750792",4201607,"Phedimus spurius (M.Bieb.) 't Hart","SPECIES",50.93319,4.36948
"5937750796",4201607,"Phedimus spurius (M.Bieb.) 't Hart","SPECIES",50.89083,4.73803
"5937750797",3173338,"Buddleja davidii Franch.","SPECIES",50.88895,4.74504
"5937750801",2855398,"Galanthus elwesii Hook.f.","SPECIES",51.02972,3.04278
"5937750802",4201695,"Phedimus hybridus (L.) 't Hart","SPECIES",50.93319,4.36948
"5937750803",2880539,"Quercus rubra L.","SPECIES",51.19829,4.74493
"5937750809",3021850,"Prunus serotina Ehrh.","SPECIES",51.19804,4.74467
"5937750810",3146683,"Erigeron sumatrensis Retz.","SPECIES",50.88738,4.7419
"5937750813",3146683,"Erigeron sumatrensis Retz.","SPECIES",51.07943,4.70632
"5937750814",3082234,"Cornus sanguinea subsp. australis (C.A.Mey.) Jáv.","SUBSPECIES",51.01065,3.72574
"5937750819",3109086,"Senecio inaequidens DC.","SPECIES",51.08888,2.56638
"5937750824",2927324,"Lamiastrum galeobdolon subsp. argentatum (Smejkal) Stace","SUBSPECIES",50.95244,3.96594
"5937750825",2658889,"Grateloupia turuturu Yamada","SPECIES",51.10825,2.59367
"5937750826",5285637,"Pinus sylvestris L.","SPECIES",51.40235,4.43502
"5937750828",3172077,"Veronica persica Poir.","SPECIES",51.04023,3.78305
"5937750829",9182154,"Vicia villosa Roth","SPECIES",51.04015,3.78175
"5937750834",5352251,"Robinia pseudoacacia L.","SPECIES",50.972,5.03156
"5937750839",5330661,"Arum italicum Mill.","SPECIES",51.29238,3.07409
"5937750843",NA,"Oenothera L.","GENUS",50.89466,4.72755
"5937750844",5341497,"Nepeta racemosa Lam.","SPECIES",50.93496,4.36698
"5937750845",3146683,"Erigeron sumatrensis Retz.","SPECIES",50.89008,4.73892
"5937750846",3146791,"Erigeron canadensis L.","SPECIES",50.88926,4.7383
"5937750850",2879098,"Quercus ilex L.","SPECIES",51.13682,2.70415
"5937750854",2926130,"Pentaglottis sempervirens (L.) Tausch ex L.H.Bailey","SPECIES",51.17477,4.47125
"5937750855",3021850,"Prunus serotina Ehrh.","SPECIES",51.24947,4.513
"5937750857",3109086,"Senecio inaequidens DC.","SPECIES",50.84956,4.75429
"5937750859",3169137,"Euonymus hederaceus Champ. ex Benth.","SPECIES",51.22317,2.94061
"5937750860",3172077,"Veronica persica Poir.","SPECIES",50.88966,4.73739
"5937750865",3109086,"Senecio inaequidens DC.","SPECIES",51.22496,2.9271
"5937750866",3172291,"Ligustrum ovalifolium Hassk.","SPECIES",51.24947,4.51299
"5937750867",3172291,"Ligustrum ovalifolium Hassk.","SPECIES",50.93611,3.10737
"5937750868",5330661,"Arum italicum Mill.","SPECIES",51.26259,3.18321
"5937750872",3109086,"Senecio inaequidens DC.","SPECIES",51.08288,2.55053
"5937750873",3173338,"Buddleja davidii Franch.","SPECIES",50.83342,4.33407
"5937750879",3172291,"Ligustrum ovalifolium Hassk.","SPECIES",51.07687,4.71041
"5937750880",3109086,"Senecio inaequidens DC.","SPECIES",51.08278,2.55054
"5937750882",2867614,"Lemna minuta Kunth","SPECIES",51.3598,3.34659
"5937750887",3197314,"Sargassum muticum (Yendo) Fensholt","SPECIES",51.22497,2.94173
"5937750888",3109086,"Senecio inaequidens DC.","SPECIES",51.08083,2.71362
"5937750889",2889173,"Reynoutria japonica Houtt.","SPECIES",51.10995,3.36157
"5937750904",3169708,"Vinca major L.","SPECIES",51.04748,3.7735
"5937750913",3172077,"Veronica persica Poir.","SPECIES",50.88985,4.73828
"5937750914",2687210,"Tsuga heterophylla (Raf.) Sarg.","SPECIES",51.15762,4.63844
"5937750921",8427624,"Oxalis corniculata var. atropurpurea Planch.","VARIETY",51.23186,2.94305
"5937750925",3169708,"Vinca major L.","SPECIES",50.84769,4.74485
"5937750927",8351737,"Hedera helix L.","SPECIES",51.19949,4.41878
"5937750928",2926130,"Pentaglottis sempervirens (L.) Tausch ex L.H.Bailey","SPECIES",51.08863,2.58192
"5937750929",3109086,"Senecio inaequidens DC.","SPECIES",51.23684,5.15292
"5937750930",3033865,"Berberis aquifolium Pursh","SPECIES",50.99646,4.38257
"5937750933",3109086,"Senecio inaequidens DC.","SPECIES",51.14854,2.71377
"5937750939",7736011,"Claytonia perfoliata Donn ex Willd.","SPECIES",51.09215,2.57865
"5937750942",2927324,"Lamiastrum galeobdolon subsp. argentatum (Smejkal) Stace","SUBSPECIES",51.01179,4.85343
"5937750946",3146683,"Erigeron sumatrensis Retz.","SPECIES",50.8491,4.75898
"5937750948",8012439,"Symphoricarpos albus (L.) S.F.Blake","SPECIES",50.78915,3.9202
"5937750952",3109086,"Senecio inaequidens DC.","SPECIES",51.22551,2.93305
"5937750953",2928751,"Datura stramonium L.","SPECIES",51.16856,3.16866
"5937750957",2888513,"Pseudofumaria lutea (L.) Borkh.","SPECIES",51.07521,2.66237
"5937750958",2889173,"Reynoutria japonica Houtt.","SPECIES",51.03496,3.82611
"5937750962",3146683,"Erigeron sumatrensis Retz.","SPECIES",51.22477,2.92494
"5937750968",3146683,"Erigeron sumatrensis Retz.","SPECIES",50.97395,5.03297
"5937750974",7736011,"Claytonia perfoliata Donn ex Willd.","SPECIES",50.8308,4.33359
"5937750975",3109086,"Senecio inaequidens DC.","SPECIES",51.14865,2.71425
"5937750976",3173338,"Buddleja davidii Franch.","SPECIES",50.8826,4.71946
"5937750985",7736011,"Claytonia perfoliata Donn ex Willd.","SPECIES",51.07514,4.70678
"5937750986",3146683,"Erigeron sumatrensis Retz.","SPECIES",51.09213,2.57864
"5937750992",5330661,"Arum italicum Mill.","SPECIES",50.88489,2.69406
"5937750993",3173338,"Buddleja davidii Franch.","SPECIES",50.88827,4.72983
"5937750994",3066965,"Euphorbia lathyris L.","SPECIES",51.09227,3.49254
"5937750997",8200663,"Cymbalaria muralis G.Gaertn., B.Mey. & Scherb.","SPECIES",51.22496,2.92716
"5937751000",8012439,"Symphoricarpos albus (L.) S.F.Blake","SPECIES",50.85462,4.75977
"5937751001",7736011,"Claytonia perfoliata Donn ex Willd.","SPECIES",51.1288,2.65675
"5937751006",2880539,"Quercus rubra L.","SPECIES",51.07203,4.94564
"5937751007",3109086,"Senecio inaequidens DC.","SPECIES",51.17627,2.78746
"5937751008",2889173,"Reynoutria japonica Houtt.","SPECIES",51.16777,3.16713
"5937751009",3173338,"Buddleja davidii Franch.","SPECIES",51.14145,5.73965
"5937751015",3145214,"Silybum marianum (L.) Gaertn.","SPECIES",50.86512,5.00505
"5937751019",8427624,"Oxalis corniculata var. atropurpurea Planch.","VARIETY",51.22496,2.92716
"5937751020",5330661,"Arum italicum Mill.","SPECIES",50.84372,4.74611
"5937751027",3173338,"Buddleja davidii Franch.","SPECIES",51.02635,3.66676
"5937751032",3109086,"Senecio inaequidens DC.","SPECIES",50.93071,4.45035
"5937751033",5281901,"Campylopus introflexus (Hedw.) Brid.","SPECIES",51.15417,5.07263
"5937751034",3082234,"Cornus sanguinea subsp. australis (C.A.Mey.) Jáv.","SUBSPECIES",51.0607,3.51742
"5937751037",3172077,"Veronica persica Poir.","SPECIES",50.91014,4.71297
"5937751041",3066965,"Euphorbia lathyris L.","SPECIES",51.1774,4.47008
"5937751042",7736011,"Claytonia perfoliata Donn ex Willd.","SPECIES",51.07884,2.55344
"5937751043",3146683,"Erigeron sumatrensis Retz.","SPECIES",50.93033,4.44173
"5937751045",3173338,"Buddleja davidii Franch.","SPECIES",50.7346,4.24144
"5937751050",5289919,"Polypogon viridis (Gouan) Breistr.","SPECIES",51.22329,2.93851
"5937751058",NA,"Oenothera L.","GENUS",51.13723,2.70622
"5937751059",7978544,"Hydrocotyle ranunculoides L.fil.","SPECIES",51.01272,5.05094
"5937751060",3003979,"Rosa rugosa Thunb.","SPECIES",50.91977,5.31621
"5937751061",5330661,"Arum italicum Mill.","SPECIES",50.81436,5.10452
"5937751062",8200663,"Cymbalaria muralis G.Gaertn., B.Mey. & Scherb.","SPECIES",50.84876,4.13656
"5937751063",2883007,"Kalmia angustifolia L.","SPECIES",51.15829,4.63859
"5937751068",8427624,"Oxalis corniculata var. corniculata","VARIETY",50.84782,4.74519
"5937751069",2650827,"Cyrtomium fortunei J.Sm.","SPECIES",51.1217,4.37943
"5937751074",5284884,"Picea abies (L.) H.Karst.","SPECIES",51.19879,4.74587
"5937751096",3034782,"Smyrnium olusatrum L.","SPECIES",50.93333,3.77259
"5937751097",5598915,"Lonicera nitida E.H.Wilson","SPECIES",51.14859,4.46967
"5937751101",8200663,"Cymbalaria muralis G.Gaertn., B.Mey. & Scherb.","SPECIES",50.84747,4.75299
"5937751102",3109086,"Senecio inaequidens DC.","SPECIES",50.97536,5.03615
"5937751103",6096602,"Lophocolea semiteres (Lehm.) Mitt.","SPECIES",51.2922,4.88574
"5937751110",3109086,"Senecio inaequidens DC.","SPECIES",50.88462,4.33766
"5937751111",7127810,"Cyclamen hederifolium Aiton","SPECIES",51.17212,4.40288
"5937751115",3109086,"Senecio inaequidens DC.","SPECIES",51.33993,3.22903
"5937751125",3109086,"Senecio inaequidens DC.","SPECIES",51.22481,2.92484
"5937751126",9202318,"Symphyotrichum lanceolatum (Willd.) G.L.Nesom","SPECIES",51.16911,4.40222
"5937751127",5284884,"Picea abies (L.) H.Karst.","SPECIES",50.85297,4.87776
"5937751134",9151957,"Medicago sativa L.","SPECIES",50.8492,4.75903
"5937751138",2927324,"Lamiastrum galeobdolon subsp. argentatum (Smejkal) Stace","SUBSPECIES",51.12322,4.25741
"5937751144",3169708,"Vinca major L.","SPECIES",51.3366,4.24397
"5937751149",5285637,"Pinus sylvestris L.","SPECIES",51.33696,4.44023
"5937751158",3172291,"Ligustrum ovalifolium Hassk.","SPECIES",50.86903,4.06299
"5937751159",5341501,"Melissa officinalis L.","SPECIES",50.88078,4.70762
"5937751163",2879098,"Quercus ilex L.","SPECIES",51.01541,3.74565
"5937751164",3066965,"Euphorbia lathyris L.","SPECIES",50.80902,5.52704
"5937751165",2867614,"Lemna minuta Kunth","SPECIES",51.3598,3.34659
"5937751168",3172077,"Veronica persica Poir.","SPECIES",50.7484,4.16371
"5937751174",3146683,"Erigeron sumatrensis Retz.","SPECIES",51.22478,2.92492
"5937751177",3033865,"Berberis aquifolium Pursh","SPECIES",51.0891,2.57989
"5937751178",2927324,"Lamiastrum galeobdolon subsp. argentatum (Smejkal) Stace","SUBSPECIES",50.97602,4.82535
"5937751183",3146683,"Erigeron sumatrensis Retz.","SPECIES",51.07648,4.71063
"5937751184",2927324,"Lamiastrum galeobdolon subsp. argentatum (Smejkal) Stace","SUBSPECIES",51.05762,3.67252
"5937751190",3146791,"Erigeron canadensis L.","SPECIES",51.22454,2.93447
"5937751191",2677047,"Orthodontium lineare Schwägr.","SPECIES",50.81939,4.44643
"5937751193",3146683,"Erigeron sumatrensis Retz.","SPECIES",50.88968,4.73758
"5937751195",3173338,"Buddleja davidii Franch.","SPECIES",50.72757,4.23124
"5937751199",3173338,"Buddleja davidii Franch.","SPECIES",51.22498,2.92733
"5937751200",3085381,"Polycarpon tetraphyllum (L.) L.","SPECIES",51.22995,2.94293
"5937751201",5410151,"Campanula poscharskyana Degen","SPECIES",50.93259,4.03041
"5937751202",3146683,"Erigeron sumatrensis Retz.","SPECIES",50.9607,3.12193
"5937751203",2704523,"Cortaderia selloana (Schult. & Schult.f.) Asch. & Graebn.","SPECIES",51.13836,2.71275
"5937751207",3109086,"Senecio inaequidens DC.","SPECIES",51.08914,2.5768
"5937751211",3172077,"Veronica persica Poir.","SPECIES",51.31304,4.22539
"5937751214",3173338,"Buddleja davidii Franch.","SPECIES",51.17598,4.43779
"5937751215",2685361,"Abies grandis (Douglas ex D.Don) Lindl.","SPECIES",51.19933,4.74866
"5937751216",2927324,"Lamiastrum galeobdolon subsp. argentatum (Smejkal) Stace","SUBSPECIES",50.97973,4.46416
"5937751225",3188894,"Oenothera glazioviana Micheli","SPECIES",50.79019,4.50145
"5937751228",7736011,"Claytonia perfoliata Donn ex Willd.","SPECIES",51.06686,3.76237
"5937751233",2888625,"Viburnum rhytidophyllum Hemsl. ex Forbes & Hemsl.","SPECIES",51.09811,4.03413
"5937751243",5377060,"Lepidium didymum L.","SPECIES",50.97671,5.03785
"5937751250",2888978,"Rumex pulcher L.","SPECIES",51.22561,2.94197
"5937751251",3855595,"Symphoricarpos × chenaultii Rehder","SPECIES",51.02598,4.49945
"5937751252",3146791,"Erigeron canadensis L.","SPECIES",50.89036,4.73986
"5937751253",6096602,"Lophocolea semiteres (Lehm.) Mitt.","SPECIES",51.19858,4.74614
"5937751254",2880539,"Quercus rubra L.","SPECIES",51.07378,4.95514
"5937751255",3088282,"Petasites pyrenaicus (L.) G.López","SPECIES",51.20461,4.37592
"5937751259",5333294,"Castanea sativa Mill.","SPECIES",51.07689,4.7104
"5937751260",3146683,"Erigeron sumatrensis Retz.","SPECIES",51.23014,2.94197
"5937751264",5285637,"Pinus sylvestris L.","SPECIES",51.39907,4.83708
"5937751266",2685796,"Pseudotsuga menziesii (Mirb.) Franco","SPECIES",51.30061,4.72848
"5937751269",3109086,"Senecio inaequidens DC.","SPECIES",51.3266,3.16965
"5937751270",5330661,"Arum italicum Mill.","SPECIES",51.30965,3.13314
"5937751271",3109086,"Senecio inaequidens DC.","SPECIES",51.32347,3.15739
"5937751273",2880539,"Quercus rubra L.","SPECIES",51.0727,4.95327
"5937751274",3066965,"Euphorbia lathyris L.","SPECIES",50.90586,4.95029
"5937751277",3033865,"Berberis aquifolium Pursh","SPECIES",51.07688,4.71039
"5937751278",8427624,"Oxalis corniculata L.","SPECIES",50.92927,4.44949
"5937751282",3172077,"Veronica persica Poir.","SPECIES",50.88989,4.73833
"5937751283",2534001,"Leratiomyces ceres (Cooke & Massee) Spooner & Bridge","SPECIES",51.19901,4.39957
"5937751284",2880539,"Quercus rubra L.","SPECIES",51.15826,4.63865
"5937751286",2927324,"Lamiastrum galeobdolon subsp. argentatum (Smejkal) Stace","SUBSPECIES",50.89994,4.75379
"5937751287",2880539,"Quercus rubra L.","SPECIES",51.07675,4.95673
"5937751293",7736011,"Claytonia perfoliata Donn ex Willd.","SPECIES",50.90397,4.70858
"5937751303",2685361,"Abies grandis (Douglas ex D.Don) Lindl.","SPECIES",51.2159,5.5409
"5937751304",5285637,"Pinus sylvestris L.","SPECIES",51.19864,4.74631
"5937751311",4201607,"Phedimus spurius (M.Bieb.) 't Hart","SPECIES",51.11474,2.64226
"5937751312",3109086,"Senecio inaequidens DC.","SPECIES",51.23638,5.15622
"5937751314",2928835,"Lycium barbarum L.","SPECIES",51.22593,2.9316
"5937751316",5285637,"Pinus sylvestris L.","SPECIES",50.98317,5.23605
"5937751325",2702084,"Juncus tenuis Willd.","SPECIES",51.19865,4.74625
"5937751326",3109086,"Senecio inaequidens DC.","SPECIES",51.17061,4.45719
"5937751332",3033865,"Berberis aquifolium Pursh","SPECIES",50.89104,4.73896
"5937751333",2988188,"Pyracantha coccinea M.Roem.","SPECIES",51.05397,4.70855
"5937751334",5285637,"Pinus sylvestris L.","SPECIES",51.32718,4.49567
"5937751339",2685361,"Abies grandis (Douglas ex D.Don) Lindl.","SPECIES",51.19989,4.74965
"5937751349",3109086,"Senecio inaequidens DC.","SPECIES",51.07478,4.70746
"5937751354",3066965,"Euphorbia lathyris L.","SPECIES",50.8643,4.72269
"5937751361",2889173,"Reynoutria japonica Houtt.","SPECIES",51.08106,3.43387
"5937751366",2879098,"Quercus ilex L.","SPECIES",51.1513,4.47466
"5937751372",2996929,"Rubus laciniatus (Tourn. ex Weston) Tollard","SPECIES",50.78503,3.21524
"5937751373",3172077,"Veronica persica Poir.","SPECIES",50.88856,4.74238
"5937751374",2996929,"Rubus laciniatus (Tourn. ex Weston) Tollard","SPECIES",51.07662,4.71015
"5937751377",5330661,"Arum italicum Mill.","SPECIES",51.27667,3.04383
"5937751378",3146683,"Erigeron sumatrensis Retz.","SPECIES",50.91018,4.71355
"5937751379",3109086,"Senecio inaequidens DC.","SPECIES",51.23985,4.38863
"5937751380",3053522,"Berteroa incana (L.) DC.","SPECIES",50.88894,4.73748
"5937751381",2880539,"Quercus rubra L.","SPECIES",51.08922,3.30848
"5937751382",3066965,"Euphorbia lathyris L.","SPECIES",50.83981,3.83267
"5937751383",5285637,"Pinus sylvestris L.","SPECIES",51.25919,4.49802
"5937751384",5330661,"Arum italicum Mill.","SPECIES",50.96684,3.69086
"5937751386",3117449,"Erigeron annuus (L.) Desf","SPECIES",50.90273,4.70929
"5937751387",5410411,"Campanula portenschlagiana Schult.","SPECIES",51.13091,2.75451
"5937751391",3146683,"Erigeron sumatrensis Retz.","SPECIES",50.93846,4.43468
"5937751393",3021496,"Prunus laurocerasus L.","SPECIES",51.12131,4.45448
"5937751394",5284809,"Pinus nigra subsp. laricio (Poir.) Maire","SUBSPECIES",51.10372,3.31324
"5937751397",5285637,"Pinus sylvestris L.","SPECIES",50.97621,5.24145
"5937751398",3109086,"Senecio inaequidens DC.","SPECIES",50.92906,4.45001
"5937751399",7736011,"Claytonia perfoliata Donn ex Willd.","SPECIES",51.08162,4.95583
"5937751400",5285637,"Pinus sylvestris L.","SPECIES",51.15853,4.6367
"5937751406",5333294,"Castanea sativa Mill.","SPECIES",51.0675,3.4868
"5937751407",3146683,"Erigeron sumatrensis Retz.","SPECIES",50.88886,4.7361
"5937751409",5384741,"Silene coronaria (L.) Clairv.","SPECIES",50.89093,4.73837
"5937751417",5285637,"Pinus sylvestris L.","SPECIES",51.0075,5.4361
"5937751418",5330661,"Arum italicum Mill.","SPECIES",50.98074,4.46562
"5937751424",5365717,"Potentilla indica (Andrews) Th.Wolf","SPECIES",51.24949,4.51311
"5937751429",5330661,"Arum italicum Mill.","SPECIES",50.88488,2.69405
"5937751437",3146683,"Erigeron sumatrensis Retz.","SPECIES",51.24948,4.51311
"5937751440",3146683,"Erigeron sumatrensis Retz.","SPECIES",50.89079,4.74113
"5937751443",5330661,"Arum italicum Mill.","SPECIES",51.27878,3.24486
"5937751444",5284884,"Picea abies (L.) H.Karst.","SPECIES",51.26061,4.49908
"5937751450",3855595,"Symphoricarpos × chenaultii Rehder","SPECIES",51.22535,2.92854
"5937751451",2705401,"Eragrostis multicaulis Steud.","SPECIES",51.2248,2.92483
"5937751455",2889173,"Reynoutria japonica Houtt.","SPECIES",51.22042,2.9383
"5937751456",NA,"Hemerocallis L.","GENUS",50.93313,4.36875
"5937751457",2880539,"Quercus rubra L.","SPECIES",51.07593,4.93982
"5937751460",5352251,"Robinia pseudoacacia L.","SPECIES",51.12551,4.25774
"5937751461",5330661,"Arum italicum Mill.","SPECIES",51.13567,2.75817
"5937751468",5284884,"Picea abies (L.) H.Karst.","SPECIES",51.2159,5.5408
"5937751469",2996929,"Rubus laciniatus (Tourn. ex Weston) Tollard","SPECIES",51.27142,3.22282
"5937751470",7736011,"Claytonia perfoliata Donn ex Willd.","SPECIES",51.09014,2.58474
"5937751472",2889173,"Reynoutria japonica Houtt.","SPECIES",51.13204,4.12091
"5937751476",2928751,"Datura stramonium L.","SPECIES",51.22237,4.23417
"5937751477",5330661,"Arum italicum Mill.","SPECIES",51.08775,4.78298
"5937751478",5365717,"Potentilla indica (Andrews) Th.Wolf","SPECIES",51.14851,4.46927
"5937751482",5289919,"Polypogon viridis (Gouan) Breistr.","SPECIES",51.22439,2.93513
"5937751483",3172077,"Veronica persica Poir.","SPECIES",50.84783,4.74531
"5937751484",2855398,"Galanthus elwesii Hook.f.","SPECIES",50.8643,4.71378
"5937751489",5356517,"Lathyrus latifolius L.","SPECIES",51.27686,3.2135
"5937751490",4201607,"Phedimus spurius (M.Bieb.) 't Hart","SPECIES",51.08073,5.7948
"5937751491",8298495,"Galinsoga quadriradiata Ruiz & Pav.","SPECIES",51.23108,2.94347
"5937751492",3197314,"Sargassum muticum (Yendo) Fensholt","SPECIES",51.23169,2.95124
"5937751493",5284884,"Picea abies (L.) H.Karst.","SPECIES",51.03996,3.69141
"5937752310",2498035,"Anser indicus (Latham, 1790)","SPECIES",51.29528,4.22572
"5937752311",2479226,"Psittacula krameri (Scopoli, 1769)","SPECIES",50.83927,5.19306
"5937752312",1311477,"Vespa velutina Lepeletier, 1836","SPECIES",51.17144,4.37958
"5937752313",2498252,"Alopochen aegyptiaca (Linnaeus, 1766)","SPECIES",50.92742,4.32997
"5937752314",2479226,"Psittacula krameri (Scopoli, 1769)","SPECIES",51.19791,4.40008
"5937752326",4372686,"Ruditapes philippinarum (A.Adams & Reeve, 1850)","SPECIES",51.11545,2.61755
"5937752328",1311477,"Vespa velutina Lepeletier, 1836","SPECIES",51.12899,5.52436
"5937752329",9752149,"Phasianus colchicus Linnaeus, 1758","SPECIES",51.224,3.04391
"5937752330",5232437,"Branta canadensis (Linnaeus, 1758)","SPECIES",51.27091,3.17805
"5937752331",2479226,"Psittacula krameri (Scopoli, 1769)","SPECIES",50.81539,4.419
"5937752332",2498036,"Anser anser f. domesticus","FORM",50.83854,3.18341
"5937752346",2498252,"Alopochen aegyptiaca (Linnaeus, 1766)","SPECIES",51.31615,3.16905
"5937752348",2498252,"Alopochen aegyptiaca (Linnaeus, 1766)","SPECIES",51.1252,4.74077
"5937752350",2498252,"Alopochen aegyptiaca (Linnaeus, 1766)","SPECIES",51.18894,3.89205
"5937752351",2498036,"Anser anser f. domesticus","FORM",50.83754,2.88947
"5937752352",2498252,"Alopochen aegyptiaca (Linnaeus, 1766)","SPECIES",50.96414,3.68707
"5937752359",2479226,"Psittacula krameri (Scopoli, 1769)","SPECIES",50.79761,3.30526
"5937752360",2498252,"Alopochen aegyptiaca (Linnaeus, 1766)","SPECIES",51.06369,2.87636
"5937752361",2486132,"Pycnonotus leucotis (Gould, 1836)","SPECIES",51.09805,3.98535
"5937752362",2498252,"Alopochen aegyptiaca (Linnaeus, 1766)","SPECIES",50.87954,5.63265
"5937752372",2498252,"Alopochen aegyptiaca (Linnaeus, 1766)","SPECIES",50.84009,2.90054
"5937752373",2498252,"Alopochen aegyptiaca (Linnaeus, 1766)","SPECIES",50.95055,4.4375
"5937752375",2498252,"Alopochen aegyptiaca (Linnaeus, 1766)","SPECIES",51.11843,3.38534
"5937752376",2479226,"Psittacula krameri (Scopoli, 1769)","SPECIES",50.76671,3.44009
"5937752385",2479226,"Psittacula krameri (Scopoli, 1769)","SPECIES",51.25709,4.49121
"5937752386",2479226,"Psittacula krameri (Scopoli, 1769)","SPECIES",50.79759,3.30532
"5937752388",8190231,"Corbicula fluminea (O.F.Müller, 1774)","SPECIES",51.08147,4.369
"5937752389",2439261,"Rattus norvegicus (Berkenhout, 1769)","SPECIES",50.93791,5.22995
"5937752390",4485843,"Halyomorpha halys (Stål, 1855)","SPECIES",50.89969,5.31978
"5937752398",2498344,"Cygnus atratus (Latham, 1790)","SPECIES",50.97783,5.34124
"5937752399",2495414,"Columba livia J.F.Gmelin, 1789","SPECIES",50.84326,4.42978
"5937752400",10124612,"Anser anser x Branta canadensis","SPECIES",51.21006,3.86298
"5937752402",4486243,"Oxycarenus lavaterae (Fabricius, 1787)","SPECIES",50.8901,4.7432
"5937752403",9752149,"Phasianus colchicus Linnaeus, 1758","SPECIES",50.74518,4.19406
"5937752404",2495414,"Columba livia f. domestica","FORM",50.87926,4.70051
"5937752405",5179027,"Scutigera coleoptrata Linnaeus, 1758","SPECIES",50.80021,4.82308
"5937752412",4562917,"Cochlicella acuta (O.F.Müller, 1774)","SPECIES",51.2244,2.93511
"5937752413",2495414,"Columba livia f. domestica","FORM",50.88067,4.71116
"5937752414",2498252,"Alopochen aegyptiaca (Linnaeus, 1766)","SPECIES",51.02197,5.75381
"5937752415",9752149,"Phasianus colchicus Linnaeus, 1758","SPECIES",50.98108,4.10865
"5937752416",2479226,"Psittacula krameri (Scopoli, 1769)","SPECIES",51.19873,4.39825
"5937752427",5232437,"Branta canadensis (Linnaeus, 1758)","SPECIES",51.16336,4.17732
"5937752430",5232437,"Branta canadensis (Linnaeus, 1758)","SPECIES",51.29821,4.36396
"5937752431",9752149,"Phasianus colchicus Linnaeus, 1758","SPECIES",50.98365,2.82829
"5937752443",5232437,"Branta canadensis (Linnaeus, 1758)","SPECIES",50.84009,2.90054
"5937752444",2498252,"Alopochen aegyptiaca (Linnaeus, 1766)","SPECIES",51.12028,4.30236
"5937752445",2498252,"Alopochen aegyptiaca (Linnaeus, 1766)","SPECIES",51.19384,3.10022
"5937752446",2498252,"Alopochen aegyptiaca (Linnaeus, 1766)","SPECIES",51.31742,4.76291
"5937752452",2479226,"Psittacula krameri (Scopoli, 1769)","SPECIES",51.16356,4.17733
"5937752453",2498344,"Cygnus atratus (Latham, 1790)","SPECIES",50.83207,4.64051
"5937752454",4485843,"Halyomorpha halys (Stål, 1855)","SPECIES",51.0073,3.92458
"5937752455",2498252,"Alopochen aegyptiaca (Linnaeus, 1766)","SPECIES",51.18354,4.65394
"5937752456",2479226,"Psittacula krameri (Scopoli, 1769)","SPECIES",50.76425,3.83583
"5937752457",9752149,"Phasianus colchicus Linnaeus, 1758","SPECIES",50.92296,4.28043
"5937752458",9752149,"Phasianus colchicus Linnaeus, 1758","SPECIES",51.02391,5.75207
"5937752466",4989904,"Harmonia axyridis (Pallas, 1773)","SPECIES",51.01736,3.78575
"5937752467",2498252,"Alopochen aegyptiaca (Linnaeus, 1766)","SPECIES",50.98101,3.96875
"5937752468",2498252,"Alopochen aegyptiaca (Linnaeus, 1766)","SPECIES",50.95254,3.66606
"5937752469",2287615,"Petricolaria pholadiformis (Lamarck, 1818)","SPECIES",51.13968,2.6885
"5937752470",5232437,"Branta canadensis (Linnaeus, 1758)","SPECIES",51.14429,4.32094
"5937752474",2498388,"Aix galericulata (Linnaeus, 1758)","SPECIES",51.18353,4.84454
"5937752475",2498252,"Alopochen aegyptiaca (Linnaeus, 1766)","SPECIES",51.1337,5.10014
"5937752477",7820753,"Magallana gigas (Thunberg, 1793)","SPECIES",51.14769,2.71019
"5937752478",2498252,"Alopochen aegyptiaca (Linnaeus, 1766)","SPECIES",50.81814,3.65808
"5937752488",2495414,"Columba livia f. domestica","FORM",51.20489,3.21299
"5937752489",9752149,"Phasianus colchicus Linnaeus, 1758","SPECIES",51.14454,5.70002
"5937752490",2479226,"Psittacula krameri (Scopoli, 1769)","SPECIES",50.87099,4.6993
"5937752491",4485843,"Halyomorpha halys (Stål, 1855)","SPECIES",51.24482,5.53779
"5937752492",1311477,"Vespa velutina Lepeletier, 1836","SPECIES",50.82647,5.21717
"5937752493",2479226,"Psittacula krameri (Scopoli, 1769)","SPECIES",50.84979,3.32405
"5937752498",1311477,"Vespa velutina Lepeletier, 1836","SPECIES",50.93931,3.83228
"5937752499",5156102,"Leptoglossus occidentalis Heidemann, 1910","SPECIES",51.29834,4.58013
"5937752500",2498344,"Cygnus atratus (Latham, 1790)","SPECIES",50.84019,3.18378
"5937752501",2495414,"Columba livia f. domestica","FORM",51.2532,4.49009
"5937752502",2498252,"Alopochen aegyptiaca (Linnaeus, 1766)","SPECIES",50.96414,3.68707
"5937752512",5232437,"Branta canadensis (Linnaeus, 1758)","SPECIES",51.20976,3.86358
"5937752513",1311477,"Vespa velutina Lepeletier, 1836","SPECIES",50.99201,4.73737
"5937752514",2498252,"Alopochen aegyptiaca (Linnaeus, 1766)","SPECIES",50.83989,3.3218
"5937752516",2498252,"Alopochen aegyptiaca (Linnaeus, 1766)","SPECIES",51.11341,4.29914
"5937752526",4485843,"Halyomorpha halys (Stål, 1855)","SPECIES",50.91931,4.35967
"5937752527",2498252,"Alopochen aegyptiaca (Linnaeus, 1766)","SPECIES",50.94775,4.68316
"5937752528",2498252,"Alopochen aegyptiaca (Linnaeus, 1766)","SPECIES",50.78924,4.03414
"5937752529",2498252,"Alopochen aegyptiaca (Linnaeus, 1766)","SPECIES",51.2437,4.48891
"5937752530",2225776,"Eriocheir sinensis H.Milne Edwards, 1853","SPECIES",51.10398,3.711
"5937752531",2498046,"Chenonetta jubata (Latham, 1801)","SPECIES",51.0923,3.53532
"5937752532",2498252,"Alopochen aegyptiaca (Linnaeus, 1766)","SPECIES",51.07774,2.82861
"5937752542",2498388,"Aix galericulata (Linnaeus, 1758)","SPECIES",51.16679,4.34669
"5937752543",2020655,"Corythucha ciliata (Say, 1832)","SPECIES",50.85514,4.74621
"5937752544",2479226,"Psittacula krameri (Scopoli, 1769)","SPECIES",51.29458,4.48681
"5937752545",9751099,"Cairina moschata (Linnaeus, 1758)","SPECIES",51.2839,4.40592
"5937752546",2479226,"Psittacula krameri (Scopoli, 1769)","SPECIES",50.90357,4.76717
"5937752547",1311477,"Vespa velutina Lepeletier, 1836","SPECIES",51.08373,4.39151
"5937752549",2479226,"Psittacula krameri (Scopoli, 1769)","SPECIES",51.1958,4.4063
"5937752556",2153287,"Zoropsis spinimana (Dufour, 1820)","SPECIES",51.25361,4.08249
"5937752557",7820753,"Magallana gigas (Thunberg, 1793)","SPECIES",51.13998,2.68942
"5937752558",5232437,"Branta canadensis (Linnaeus, 1758)","SPECIES",51.29841,4.3563
"5937752559",9752149,"Phasianus colchicus Linnaeus, 1758","SPECIES",51.04786,2.62292
"5937752560",9752149,"Phasianus colchicus Linnaeus, 1758","SPECIES",51.26257,3.13428
"5937752561",5232437,"Branta canadensis (Linnaeus, 1758)","SPECIES",51.34204,4.33803
"5937752562",4372686,"Ruditapes philippinarum (A.Adams & Reeve, 1850)","SPECIES",51.12212,2.63187
"5937752572",2149937,"Pholcus phalangioides (Fuesslin, 1775)","SPECIES",51.18919,3.19193
"5937752573",2436940,"Oryctolagus cuniculus (Linnaeus, 1758)","SPECIES",51.27264,4.19243
"5937752574",1311477,"Vespa velutina Lepeletier, 1836","SPECIES",51.00312,3.75356
"5937752575",4989904,"Harmonia axyridis (Pallas, 1773)","SPECIES",51.325,4.49548
"5937752576",1311477,"Vespa velutina Lepeletier, 1836","SPECIES",51.18168,4.84203
"5937752577",5232437,"Branta canadensis (Linnaeus, 1758)","SPECIES",51.29822,4.34559
"5937752588",2479226,"Psittacula krameri (Scopoli, 1769)","SPECIES",50.8871,4.73072
"5937752589",5232437,"Branta canadensis (Linnaeus, 1758)","SPECIES",50.83205,4.64079
"5937752591",4485843,"Halyomorpha halys (Stål, 1855)","SPECIES",51.08139,4.1271
"5937752592",4372686,"Ruditapes philippinarum (A.Adams & Reeve, 1850)","SPECIES",51.15042,2.71329
"5937752593",9752149,"Phasianus colchicus Linnaeus, 1758","SPECIES",50.96656,3.75641
"5937752594",2479226,"Psittacula krameri (Scopoli, 1769)","SPECIES",50.82623,4.21217
"5937752595",5232452,"Branta canadensis hutchinsi (Richardson, 1832)","SUBSPECIES",50.84224,3.5867
"5937752596",2439261,"Rattus norvegicus (Berkenhout, 1769)","SPECIES",51.19691,2.84692
"5937752605",5232437,"Branta canadensis (Linnaeus, 1758)","SPECIES",50.90481,3.68303
"5937752606",4485843,"Halyomorpha halys (Stål, 1855)","SPECIES",51.11177,4.45757
"5937752607",2020655,"Corythucha ciliata (Say, 1832)","SPECIES",50.89755,4.71678
"5937752608",9752149,"Phasianus colchicus Linnaeus, 1758","SPECIES",50.83196,3.57412
"5937752610",2498252,"Alopochen aegyptiaca (Linnaeus, 1766)","SPECIES",51.08987,5.31898
"5937752611",5232437,"Branta canadensis (Linnaeus, 1758)","SPECIES",50.95583,5.13143
"5937752612",1311477,"Vespa velutina Lepeletier, 1836","SPECIES",51.08396,4.3916
"5937752613",4485843,"Halyomorpha halys (Stål, 1855)","SPECIES",51.20049,4.18668
"5937752614",2498252,"Alopochen aegyptiaca (Linnaeus, 1766)","SPECIES",50.9458,5.0092
"5937752615",5232437,"Branta canadensis (Linnaeus, 1758)","SPECIES",51.0923,3.53532
"5937752616",2498252,"Alopochen aegyptiaca (Linnaeus, 1766)","SPECIES",50.84552,3.5851
"5937752629",2439261,"Rattus norvegicus (Berkenhout, 1769)","SPECIES",51.18735,3.24393
"5937752630",2157203,"Steatoda nobilis (Thorell, 1875)","SPECIES",51.06889,3.68917
"5937752632",2479226,"Psittacula krameri (Scopoli, 1769)","SPECIES",50.86322,4.71329
"5937752633",5156102,"Leptoglossus occidentalis Heidemann, 1910","SPECIES",50.87661,3.45592
"5937752634",2479226,"Psittacula krameri (Scopoli, 1769)","SPECIES",51.17569,4.45428
"5937752642",2498252,"Alopochen aegyptiaca (Linnaeus, 1766)","SPECIES",50.98236,4.0098
"5937752643",5232452,"Branta canadensis hutchinsi (Richardson, 1832)","SUBSPECIES",50.95568,5.12988
"5937752644",1311477,"Vespa velutina Lepeletier, 1836","SPECIES",51.01777,3.69758
"5937752645",9752149,"Phasianus colchicus Linnaeus, 1758","SPECIES",51.3026,3.29908
"5937752646",9752149,"Phasianus colchicus Linnaeus, 1758","SPECIES",50.98813,3.72204
"5937752647",2498252,"Alopochen aegyptiaca (Linnaeus, 1766)","SPECIES",51.31615,3.16905
"5937752648",2331942,"Styela clava Herdman, 1881","SPECIES",51.22633,2.94354
"5937752649",2498036,"Anser anser f. domesticus","FORM",51.03553,3.7188
"5937752650",5232437,"Branta canadensis (Linnaeus, 1758)","SPECIES",51.29462,4.96285
"5937752651",2495414,"Columba livia f. domestica","FORM",50.87938,4.70013
"5937752652",9752149,"Phasianus colchicus Linnaeus, 1758","SPECIES",51.05412,2.57962
"5937752653",2498252,"Alopochen aegyptiaca (Linnaeus, 1766)","SPECIES",50.84552,3.5851
"5937752664",1311477,"Vespa velutina Lepeletier, 1836","SPECIES",50.88547,5.2463
"5937752665",2020655,"Corythucha ciliata (Say, 1832)","SPECIES",50.89957,4.71761
"5937752666",2495414,"Columba livia J.F.Gmelin, 1789","SPECIES",51.23128,2.94822
"5937752667",9752149,"Phasianus colchicus Linnaeus, 1758","SPECIES",51.36074,4.25164
"5937752668",5232437,"Branta canadensis (Linnaeus, 1758)","SPECIES",51.29817,4.34565
"5937752669",2439261,"Rattus norvegicus (Berkenhout, 1769)","SPECIES",51.11415,4.9162
"5937752670",5232437,"Branta canadensis (Linnaeus, 1758)","SPECIES",51.30527,4.34394
"5937752671",5232437,"Branta canadensis (Linnaeus, 1758)","SPECIES",51.22449,3.00169
"5937752672",5232437,"Branta canadensis (Linnaeus, 1758)","SPECIES",51.2689,4.19177
"5937752673",2498252,"Alopochen aegyptiaca (Linnaeus, 1766)","SPECIES",50.96891,5.07833
"5937752684",5232437,"Branta canadensis (Linnaeus, 1758)","SPECIES",51.12981,4.6195
"5937752686",2498252,"Alopochen aegyptiaca (Linnaeus, 1766)","SPECIES",51.05092,4.36998
"5937752687",2498388,"Aix galericulata (Linnaeus, 1758)","SPECIES",50.93354,4.58212
"5937752688",2498344,"Cygnus atratus (Latham, 1790)","SPECIES",51.06992,3.58446
"5937752689",5232437,"Branta canadensis (Linnaeus, 1758)","SPECIES",50.83977,3.31806
"5937752690",2436940,"Oryctolagus cuniculus (Linnaeus, 1758)","SPECIES",51.14789,2.74103
"5937752691",2439261,"Rattus norvegicus (Berkenhout, 1769)","SPECIES",51.16482,4.97032
"5937752692",2498252,"Alopochen aegyptiaca (Linnaeus, 1766)","SPECIES",51.34228,4.3384
"5937752693",9752149,"Phasianus colchicus Linnaeus, 1758","SPECIES",50.92445,4.816
"5937752694",2435035,"Felis catus Linnaeus, 1758","SPECIES",50.88048,4.06568
"5937752695",5232437,"Branta canadensis (Linnaeus, 1758)","SPECIES",51.18568,3.27297
"5937752702",2495414,"Columba livia f. domestica","FORM",50.90154,4.31974
"5937752703",1311477,"Vespa velutina Lepeletier, 1836","SPECIES",50.87221,3.2431
"5937752704",9752149,"Phasianus colchicus Linnaeus, 1758","SPECIES",50.92738,4.19919
"5937752710",2498252,"Alopochen aegyptiaca (Linnaeus, 1766)","SPECIES",50.84173,5.12947
"5937752711",2439261,"Rattus norvegicus (Berkenhout, 1769)","SPECIES",50.87542,3.41856
"5937752713",1311477,"Vespa velutina Lepeletier, 1836","SPECIES",50.97411,3.7082
"5937752714",2498252,"Alopochen aegyptiaca (Linnaeus, 1766)","SPECIES",50.90295,3.53762
"5937752715",5232452,"Branta canadensis hutchinsi (Richardson, 1832)","SUBSPECIES",50.87974,3.63112
"5937752716",2498252,"Alopochen aegyptiaca (Linnaeus, 1766)","SPECIES",51.20838,3.12137
"5937752717",2149937,"Pholcus phalangioides (Fuesslin, 1775)","SPECIES",50.87672,4.70585
"5937752718",2498387,"Aix sponsa (Linnaeus, 1758)","SPECIES",50.82964,4.64187
"5937752726",2498252,"Alopochen aegyptiaca (Linnaeus, 1766)","SPECIES",51.03833,3.66441
"5937752727",9752149,"Phasianus colchicus Linnaeus, 1758","SPECIES",51.16986,3.57149
"5937752728",1311477,"Vespa velutina Lepeletier, 1836","SPECIES",51.01788,3.6982
"5937752729",2436940,"Oryctolagus cuniculus (Linnaeus, 1758)","SPECIES",50.99959,4.37153
"5937752730",2498035,"Anser indicus (Latham, 1790)","SPECIES",51.2919,4.22397
"5937752731",2498387,"Aix sponsa (Linnaeus, 1758)","SPECIES",50.82964,4.64187
"5937752742",9752149,"Phasianus colchicus Linnaeus, 1758","SPECIES",50.97426,4.28011
"5937752743",5232437,"Branta canadensis (Linnaeus, 1758)","SPECIES",50.90739,4.85246
"5937752744",2149937,"Pholcus phalangioides (Fuesslin, 1775)","SPECIES",50.94777,4.68294
"5937752745",2495414,"Columba livia f. domestica","FORM",50.85524,4.37125
"5937752746",2479226,"Psittacula krameri (Scopoli, 1769)","SPECIES",51.19744,3.21845
"5937752747",5232437,"Branta canadensis (Linnaeus, 1758)","SPECIES",50.83974,4.6586
"5937752748",2479226,"Psittacula krameri (Scopoli, 1769)","SPECIES",50.93986,4.06726
"5937752760",2479226,"Psittacula krameri (Scopoli, 1769)","SPECIES",50.98231,4.00964
"5937752761",2479226,"Psittacula krameri (Scopoli, 1769)","SPECIES",50.86626,4.68479
"5937752762",5232437,"Branta canadensis (Linnaeus, 1758)","SPECIES",51.06692,2.67419
"5937752763",1311477,"Vespa velutina Lepeletier, 1836","SPECIES",51.03721,4.10816
"5937752765",8745918,"Deroceras invadens Reise, Hutchinson, Schunack & Schlitt, 2011","SPECIES",51.13252,3.19828
"5937752766",2479226,"Psittacula krameri (Scopoli, 1769)","SPECIES",50.87959,4.12458
"5937752767",1311477,"Vespa velutina Lepeletier, 1836","SPECIES",50.8996,3.45182
"5937752768",1311477,"Vespa velutina Lepeletier, 1836","SPECIES",50.9298,4.03001
"5937752769",2498252,"Alopochen aegyptiaca (Linnaeus, 1766)","SPECIES",51.0923,3.53532
"5937752780",2498252,"Alopochen aegyptiaca (Linnaeus, 1766)","SPECIES",50.84673,4.66225
"5937752781",5156102,"Leptoglossus occidentalis Heidemann, 1910","SPECIES",51.05486,4.8945
"5937752783",2498252,"Alopochen aegyptiaca (Linnaeus, 1766)","SPECIES",51.26308,3.17725
"5937752784",5232437,"Branta canadensis (Linnaeus, 1758)","SPECIES",51.11543,2.75151
"5937752785",4485843,"Halyomorpha halys (Stål, 1855)","SPECIES",50.92291,4.06789
"5937752786",1311477,"Vespa velutina Lepeletier, 1836","SPECIES",50.77346,3.87829
"5937752787",2149937,"Pholcus phalangioides (Fuesslin, 1775)","SPECIES",50.87673,4.70585
"5937752788",2498388,"Aix galericulata (Linnaeus, 1758)","SPECIES",50.89799,4.60061
"5937752789",2498252,"Alopochen aegyptiaca (Linnaeus, 1766)","SPECIES",51.17148,4.32314
"5937752796",5232437,"Branta canadensis (Linnaeus, 1758)","SPECIES",50.78172,3.8791
"5937752798",1311477,"Vespa velutina Lepeletier, 1836","SPECIES",50.87774,5.00374
"5937752799",9751099,"Cairina moschata var. domestica","VARIETY",51.2279,2.9144
"5937752800",2498252,"Alopochen aegyptiaca (Linnaeus, 1766)","SPECIES",51.0923,3.53532
"5937752801",9752149,"Phasianus colchicus Linnaeus, 1758","SPECIES",50.86623,4.97719
"5937752812",7820753,"Magallana gigas (Thunberg, 1793)","SPECIES",51.264,2.99481
"5937752813",2498252,"Alopochen aegyptiaca (Linnaeus, 1766)","SPECIES",50.94419,4.53017
"5937752815",9752149,"Phasianus colchicus Linnaeus, 1758","SPECIES",51.21695,3.87223
"5937752816",2498035,"Anser indicus (Latham, 1790)","SPECIES",51.0923,3.53532
"5937752817",2498036,"Anser anser f. domesticus","FORM",50.90362,3.67557
"5937752818",2495414,"Columba livia f. domestica","FORM",50.82041,4.3954
"5937752826",2439261,"Rattus norvegicus (Berkenhout, 1769)","SPECIES",50.89813,4.70689
"5937752827",1311477,"Vespa velutina Lepeletier, 1836","SPECIES",51.30327,4.50984
"5937752828",2020655,"Corythucha ciliata (Say, 1832)","SPECIES",50.89958,4.7176
"5937752830",2498036,"Anser anser f. domesticus","FORM",51.0208,3.94186
"5937752831",9752149,"Phasianus colchicus Linnaeus, 1758","SPECIES",50.96799,3.70262
"5937752832",1311477,"Vespa velutina Lepeletier, 1836","SPECIES",51.00019,3.71348
"5937752833",2495414,"Columba livia J.F.Gmelin, 1789","SPECIES",50.84349,4.43026
"5937752834",2153287,"Zoropsis spinimana (Dufour, 1820)","SPECIES",50.93663,4.32452
"5937752835",2498252,"Alopochen aegyptiaca (Linnaeus, 1766)","SPECIES",51.08579,3.32586
"5937752836",2149937,"Pholcus phalangioides (Fuesslin, 1775)","SPECIES",50.93517,3.67869
"5937752837",2498252,"Alopochen aegyptiaca (Linnaeus, 1766)","SPECIES",50.98002,5.07798
"5937752838",2479226,"Psittacula krameri (Scopoli, 1769)","SPECIES",50.85984,4.86666
"5937752848",9752149,"Phasianus colchicus Linnaeus, 1758","SPECIES",51.02247,2.77291
"5937752849",2479226,"Psittacula krameri (Scopoli, 1769)","SPECIES",50.94069,4.82589
"5937752850",2479226,"Psittacula krameri (Scopoli, 1769)","SPECIES",50.89849,4.7634
"5937752852",2479226,"Psittacula krameri (Scopoli, 1769)","SPECIES",51.1947,4.40531
"5937752863",2439261,"Rattus norvegicus (Berkenhout, 1769)","SPECIES",50.85672,4.52575
"5937752864",5232437,"Branta canadensis (Linnaeus, 1758)","SPECIES",51.29912,4.3507
"5937752865",2498252,"Alopochen aegyptiaca (Linnaeus, 1766)","SPECIES",50.97686,4.17618
"5937752867",5156102,"Leptoglossus occidentalis Heidemann, 1910","SPECIES",51.14673,5.40041
"5937752868",2498252,"Alopochen aegyptiaca (Linnaeus, 1766)","SPECIES",51.29815,4.34565
"5937752869",4372686,"Ruditapes philippinarum (A.Adams & Reeve, 1850)","SPECIES",51.13753,2.67835
"5937752880",2020655,"Corythucha ciliata (Say, 1832)","SPECIES",50.89957,4.71761
"5937752881",2498252,"Alopochen aegyptiaca (Linnaeus, 1766)","SPECIES",50.83979,3.31806
"5937752883",2498252,"Alopochen aegyptiaca (Linnaeus, 1766)","SPECIES",51.27574,3.30254
"5937752884",2498252,"Alopochen aegyptiaca (Linnaeus, 1766)","SPECIES",51.298,4.22867
