"key","speciesKey","scientificName","taxonRank","decimalLatitude","decimalLongitude"
"3034438331",2484857,"Tephrodornis pondicerianus pondicerianus (Gmelin, 1789)","SUBSPECIES",18.3669,73.7512
"5936628312",2474029,"Alectoris chukar (J.E.Gray, 1830)","SPECIES",31.783314,35.030781
"5936628313",2435066,"Felis chaus Schreber, 1777","SPECIES",33.096967,35.607642
"5936628314",2437788,"Gerbillus nanus Blanford, 1875","SPECIES",29.816861,35.045142
"5936628315",2437787,"Gerbillus gerbillus (Olivier, 1800)","SPECIES",29.825871,35.04311
"5936628316",5220154,"Gazella gazella (Pallas, 1766)","SPECIES",31.178009,34.290438
"5936628325",2474029,"Alectoris chukar (J.E.Gray, 1830)","SPECIES",31.350544,35.109969
"5936628326",8082975,"Calligonum comosum L'Hér.","SPECIES",29.82469,35.043981
"5936628337",2437788,"Gerbillus nanus Blanford, 1875","SPECIES",29.808233,35.041732
"5936628338",7563473,"Suaeda monoica Forssk.","SPECIES",29.815257,35.045993
"5936628339",2437787,"Gerbillus gerbillus (Olivier, 1800)","SPECIES",29.816645,35.045349
"5936628349",2437787,"Gerbillus gerbillus (Olivier, 1800)","SPECIES",29.803651,35.042598
"5936628350",9529916,"Bufo viridis Laurenti, 1768","SPECIES",33.247074,35.65154
"5936628351",2437787,"Gerbillus gerbillus (Olivier, 1800)","SPECIES",29.822124,35.040364
"5936628352",2858963,"Narcissus tazetta L.","SPECIES",32.902342,35.638128
"5936628358",2437788,"Gerbillus nanus Blanford, 1875","SPECIES",29.809012,35.043955
"5936628359",8214667,"Anas crecca Linnaeus, 1758","SPECIES",32.695017,34.938876
"5936628360",2481726,"Tringa nebularia (Gunnerus, 1767)","SPECIES",32.700252,34.940972
"5936628376",5220154,"Gazella gazella (Pallas, 1766)","SPECIES",31.80014,35.325358
"5936628377",5219219,"Canis aureus Linnaeus, 1758","SPECIES",31.993217,34.957012
"5936628378",2437788,"Gerbillus nanus Blanford, 1875","SPECIES",29.809012,35.044337
"5936628379",2474831,"Rallus aquaticus Linnaeus, 1758","SPECIES",32.699052,34.940815
"5936628391",5220154,"Gazella gazella (Pallas, 1766)","SPECIES",31.528191,34.719912
"5936628392",3190580,"Pistacia terebinthus L.","SPECIES",31.8164,35.066111
"5936628393",2437788,"Gerbillus nanus Blanford, 1875","SPECIES",29.809039,35.044182
"5936628403",2436736,"Lepus capensis Linnaeus, 1758","SPECIES",30.835448,35.331134
"5936628404",2435066,"Felis chaus Schreber, 1777","SPECIES",33.077508,35.611023
"5936628405",2475532,"Alcedo atthis (Linnaeus, 1758)","SPECIES",32.699196,34.940602
"5936628406",7964291,"Felis silvestris Schreber, 1777","SPECIES",32.640019,35.471191
"5936628419",2437788,"Gerbillus nanus Blanford, 1875","SPECIES",29.80826,35.041732
"5936628420",2437788,"Gerbillus nanus Blanford, 1875","SPECIES",29.817004,35.0433
"5936628421",NA,"Soda (Dumort.) Fourr.","GENUS",29.815347,35.045993
"5936628422",2437787,"Gerbillus gerbillus (Olivier, 1800)","SPECIES",29.816708,35.045204
"5936628423",5220154,"Gazella gazella (Pallas, 1766)","SPECIES",31.181933,34.290474
"5936628424",2440893,"Equus hemionus Pallas, 1775","SPECIES",30.46,34.934954
"5936628440",2474029,"Alectoris chukar (J.E.Gray, 1830)","SPECIES",31.266058,34.484732
"5936628441",2437788,"Gerbillus nanus Blanford, 1875","SPECIES",29.808324,35.041939
"5936628442",2437788,"Gerbillus nanus Blanford, 1875","SPECIES",29.81694,35.043352
"5936628443",2437788,"Gerbillus nanus Blanford, 1875","SPECIES",29.816988,35.045028
"5936628444",2437787,"Gerbillus gerbillus (Olivier, 1800)","SPECIES",29.825997,35.0431
"5936628453",2437788,"Gerbillus nanus Blanford, 1875","SPECIES",29.817941,35.04303
"5936628454",5220149,"Gazella dorcas (Linnaeus, 1758)","SPECIES",29.822169,35.040333
"5936628455",2481714,"Tringa totanus (Linnaeus, 1758)","SPECIES",32.700225,34.941046
"5936628465",2486116,"Pycnonotus xanthopygos (Hemprich & Ehrenberg, 1833)","SPECIES",31.799921,35.327533
"5936628466",2436736,"Lepus capensis Linnaeus, 1758","SPECIES",29.81513,35.045952
"5936628467",2437787,"Gerbillus gerbillus (Olivier, 1800)","SPECIES",29.816672,35.045329
"5936628483",2437788,"Gerbillus nanus Blanford, 1875","SPECIES",29.802942,35.037706
"5936628484",5220154,"Gazella gazella (Pallas, 1766)","SPECIES",31.826896,35.034787
"5936628492",2437787,"Gerbillus gerbillus (Olivier, 1800)","SPECIES",29.803805,35.042722
"5936628493",2437788,"Gerbillus nanus Blanford, 1875","SPECIES",29.809012,35.044058
"5936628494",7300058,"Lycium shawii Roem. & Schult.","SPECIES",29.818121,35.042668
"5936628495",2482479,"Corvus ruficollis Lesson, 1831","SPECIES",29.995842,34.891414
"5936628511",7563473,"Suaeda monoica Forssk.","SPECIES",29.81541,35.045931
"5936628512",2437788,"Gerbillus nanus Blanford, 1875","SPECIES",29.81678,35.045101
"5936628513",2437787,"Gerbillus gerbillus (Olivier, 1800)","SPECIES",29.825682,35.0431
"5936628524",7634625,"Miliaria calandra (Linnaeus, 1758)","SPECIES",32.585757,35.108771
"5936628525",2497295,"Asio flammeus (Pontoppidan, 1763)","SPECIES",29.814281,35.044546
"5936628526",7563473,"Suaeda monoica Forssk.","SPECIES",29.809249,35.046458
"5936628527",2437787,"Gerbillus gerbillus (Olivier, 1800)","SPECIES",29.817077,35.044625
"5936628528",5221119,"Ptyodactylus guttatus Heyden, 1827","SPECIES",31.878365,35.02293
"5936628538",2480372,"Elanus caeruleus (Desfontaines, 1789)","SPECIES",31.649406,34.810836
"5936628539",2437788,"Gerbillus nanus Blanford, 1875","SPECIES",29.821154,35.043832
"5936628548",2480830,"Bubulcus ibis (Linnaeus, 1758)","SPECIES",29.588547,34.98
"5936628549",2928783,"Nicotiana glauca Graham","SPECIES",32.087351,35.043142
"5936628550",2437788,"Gerbillus nanus Blanford, 1875","SPECIES",29.816905,35.043435
"5936628551",2437787,"Gerbillus gerbillus (Olivier, 1800)","SPECIES",29.817393,35.044769
"5936628552",2437788,"Gerbillus nanus Blanford, 1875","SPECIES",29.820991,35.043749
"5936628553",8082975,"Calligonum comosum L'Hér.","SPECIES",29.826638,35.042809
"5936628554",9616058,"Falco tinnunculus Linnaeus, 1758","SPECIES",31.144523,34.304569
"5936628561",2489005,"Acridotheres tristis (Linnaeus, 1766)","SPECIES",30.082873,35.127938
"5936628562",2437788,"Gerbillus nanus Blanford, 1875","SPECIES",29.808378,35.042083
"5936628563",2437788,"Gerbillus nanus Blanford, 1875","SPECIES",29.81706,35.044956
"5936628574",2437787,"Gerbillus gerbillus (Olivier, 1800)","SPECIES",29.808378,35.042083
"5936628575",2437788,"Gerbillus nanus Blanford, 1875","SPECIES",29.817249,35.044862
"5936628576",2437788,"Gerbillus nanus Blanford, 1875","SPECIES",29.820937,35.043687
"5936628577",5221119,"Ptyodactylus guttatus Heyden, 1827","SPECIES",31.878229,35.022867
"5936628583",2437787,"Gerbillus gerbillus (Olivier, 1800)","SPECIES",29.803895,35.042432
"5936628584",4408759,"Saxicola rubicola (Linnaeus, 1766)","SPECIES",31.508195,34.886348
"5936628585",2437787,"Gerbillus gerbillus (Olivier, 1800)","SPECIES",29.808735,35.046138
"5936628586",2437788,"Gerbillus nanus Blanford, 1875","SPECIES",29.806945,35.043389
"5936628593",2437788,"Gerbillus nanus Blanford, 1875","SPECIES",29.808886,35.044482
"5936628595",2437787,"Gerbillus gerbillus (Olivier, 1800)","SPECIES",29.821087,35.040583
"5936628603",2437788,"Gerbillus nanus Blanford, 1875","SPECIES",29.803014,35.037706
"5936628604",2437787,"Gerbillus gerbillus (Olivier, 1800)","SPECIES",29.808644,35.04589
"5936628605",2437787,"Gerbillus gerbillus (Olivier, 1800)","SPECIES",29.806882,35.043306
"5936628606",2437788,"Gerbillus nanus Blanford, 1875","SPECIES",29.817787,35.042544
"5936628612",2437788,"Gerbillus nanus Blanford, 1875","SPECIES",29.803339,35.037851
"5936628613",2437788,"Gerbillus nanus Blanford, 1875","SPECIES",29.808823,35.04442
"5936628614",2437787,"Gerbillus gerbillus (Olivier, 1800)","SPECIES",29.806863,35.042789
"5936628615",2437788,"Gerbillus nanus Blanford, 1875","SPECIES",29.817363,35.042203
"5936628616",2437788,"Gerbillus nanus Blanford, 1875","SPECIES",29.822016,35.040427
"5936628622",2437787,"Gerbillus gerbillus (Olivier, 1800)","SPECIES",29.821087,35.040656
"5936628633",2803042,"Zeuxine strateumatica (L.) Schltr.","SPECIES",30.932077,34.406829
"5936628635",2494394,"Bucanetes githagineus (M.H.K.Lichtenstein, 1823)","SPECIES",31.438624,35.245777
"5936628636",2474029,"Alectoris chukar (J.E.Gray, 1830)","SPECIES",31.433985,35.187103
"5936628637",2437787,"Gerbillus gerbillus (Olivier, 1800)","SPECIES",29.80915,35.046365
"5936628638",2437787,"Gerbillus gerbillus (Olivier, 1800)","SPECIES",29.817095,35.044687
"5936628639",5220149,"Gazella dorcas (Linnaeus, 1758)","SPECIES",30.073865,34.836459
"5936628640",2480537,"Buteo buteo (Linnaeus, 1758)","SPECIES",32.821134,35.327064
"5936628651",2494394,"Bucanetes githagineus (M.H.K.Lichtenstein, 1823)","SPECIES",31.448047,35.251883
"5936628652",2437787,"Gerbillus gerbillus (Olivier, 1800)","SPECIES",29.809096,35.046406
"5936628653",6100847,"Cercomela melanura (Temminck, 1824)","SPECIES",30.072846,34.833569
"5936628658",NA,"Soda (Dumort.) Fourr.","GENUS",29.808798,35.046272
"5936628659",2437788,"Gerbillus nanus Blanford, 1875","SPECIES",29.817186,35.04479
"5936628660",2493309,"Turdoides squamiceps (Cretzschmar, 1827)","SPECIES",30.072846,34.833569
"5936628661",2480564,"Buteo rufinus (Cretzschmar, 1829)","SPECIES",32.754288,35.28623
"5936628670",2437788,"Gerbillus nanus Blanford, 1875","SPECIES",29.80878,35.046241
"5936628671",2437788,"Gerbillus nanus Blanford, 1875","SPECIES",29.80699,35.043461
"5936628672",5229493,"Garrulus glandarius (Linnaeus, 1758)","SPECIES",32.105915,34.931006
"5936628673",2481726,"Tringa nebularia (Gunnerus, 1767)","SPECIES",32.694604,34.939495
"5936628674",8214667,"Anas crecca Linnaeus, 1758","SPECIES",32.705185,34.941437
"5936628682",2437788,"Gerbillus nanus Blanford, 1875","SPECIES",29.803231,35.037789
"5936628683",9529916,"Bufo viridis Laurenti, 1768","SPECIES",33.246917,35.65257
"5936628685",5219173,"Canis lupus Linnaeus, 1758","SPECIES",32.672421,35.460871
"5936628686",5220154,"Gazella gazella (Pallas, 1766)","SPECIES",32.639349,35.468514
"5936628697",2474029,"Alectoris chukar (J.E.Gray, 1830)","SPECIES",32.53288,35.382991
"5936628698",4408759,"Saxicola rubicola (Linnaeus, 1766)","SPECIES",32.585757,35.108771
"5936628699",5229493,"Garrulus glandarius (Linnaeus, 1758)","SPECIES",33.072939,35.587281
"5936628700",2437788,"Gerbillus nanus Blanford, 1875","SPECIES",29.816905,35.043518
"5936628701",5219219,"Canis aureus Linnaeus, 1758","SPECIES",29.817086,35.044656
"5936628702",2440893,"Equus hemionus Pallas, 1775","SPECIES",30.071658,34.827869
"5936628708",2437788,"Gerbillus nanus Blanford, 1875","SPECIES",29.803149,35.037747
"5936628709",2437787,"Gerbillus gerbillus (Olivier, 1800)","SPECIES",29.803904,35.042287
"5936628710",10967955,"Merops cyanophrys (Cabanis & Heine, 1860)","SPECIES",29.808985,35.044493
"5936628711",2437787,"Gerbillus gerbillus (Olivier, 1800)","SPECIES",29.806863,35.042872
"5936628718",2474950,"Grus grus (Linnaeus, 1758)","SPECIES",31.300627,34.53478
"5936628719",2437787,"Gerbillus gerbillus (Olivier, 1800)","SPECIES",29.806881,35.042717
"5936628720",NA,"Soda (Dumort.) Fourr.","GENUS",29.81541,35.04592
"5936628729",2494422,"Fringilla coelebs Linnaeus, 1758","SPECIES",32.584035,35.10922
"5936628730",2436736,"Lepus capensis Linnaeus, 1758","SPECIES",29.809141,35.046365
"5936628731",2436736,"Lepus capensis Linnaeus, 1758","SPECIES",29.817086,35.044656
"5936628741",2498252,"Alopochen aegyptiaca (Linnaeus, 1766)","SPECIES",32.091215,34.813456
"5936628742",2441049,"Capra nubiana F.Cuvier, 1825","SPECIES",31.690359,35.445507
"5936628743",6100954,"Corvus monedula Linnaeus, 1758","SPECIES",31.505265,34.886611
"5936628744",6374830,"Clematis cirrhosa L.","SPECIES",32.088645,35.013946
"5936628745",5225486,"Sphenops sepsoides (Audouin, 1829)","SPECIES",29.817005,35.044749
"5936628746",5229142,"Hoplopterus spinosus Linnaeus, 1758","SPECIES",32.694342,34.939581
"5936628747",8332393,"Anas clypeata Linnaeus, 1758","SPECIES",32.703716,34.942092
"5936628760",2437787,"Gerbillus gerbillus (Olivier, 1800)","SPECIES",29.808436,35.045642
"5936628761",7705930,"Sus scrofa Linnaeus, 1758","SPECIES",33.23976,35.685826
"5936628762",2437788,"Gerbillus nanus Blanford, 1875","SPECIES",29.816734,35.044573
"5936628763",5220149,"Gazella dorcas (Linnaeus, 1758)","SPECIES",30.090432,34.848119
"5936628764",5220154,"Gazella gazella (Pallas, 1766)","SPECIES",32.688362,35.55136
"5936628765",7705930,"Sus scrofa Linnaeus, 1758","SPECIES",32.186374,35.265814
"5936628774",2478031,"Dendrocopos syriacus (Hemprich & Ehrenberg, 1833)","SPECIES",31.508682,34.88642
"5936628775",2437787,"Gerbillus gerbillus (Olivier, 1800)","SPECIES",29.80859,35.045786
"5936628776",2436736,"Lepus capensis Linnaeus, 1758","SPECIES",29.816572,35.044108
"5936628777",2437788,"Gerbillus nanus Blanford, 1875","SPECIES",29.816843,35.044573
"5936628778",2437788,"Gerbillus nanus Blanford, 1875","SPECIES",29.821271,35.043635
"5936628788",2489005,"Acridotheres tristis (Linnaeus, 1766)","SPECIES",31.815292,35.349606
"5936628789",5225486,"Sphenops sepsoides (Audouin, 1829)","SPECIES",29.80205,35.039001
"5936628790",2437787,"Gerbillus gerbillus (Olivier, 1800)","SPECIES",29.808445,35.045528
"5936628791",5220154,"Gazella gazella (Pallas, 1766)","SPECIES",32.18907,35.266431
"5936628799",2436736,"Lepus capensis Linnaeus, 1758","SPECIES",29.801888,35.039404
"5936628800",2437788,"Gerbillus nanus Blanford, 1875","SPECIES",29.808382,35.045435
"5936628801",2435066,"Felis chaus Schreber, 1777","SPECIES",33.077098,35.6095
"5936628811",5220154,"Gazella gazella (Pallas, 1766)","SPECIES",33.079723,35.663811
"5936628812",5219219,"Canis aureus Linnaeus, 1758","SPECIES",29.808427,35.045569
"5936628813",5220164,"Oryx leucoryx (Pallas, 1777)","SPECIES",30.039548,34.899032
"5936628825",9687165,"Motacilla alba Linnaeus, 1758","SPECIES",32.017308,34.999837
"5936628826",5380041,"Ricinus communis L.","SPECIES",32.086654,35.034627
"5936628827",3110654,"Ambrosia confertiflora DC.","SPECIES",32.06427,35.040122
"5936628828",5221495,"Stenodactylus doriae (Blanford, 1874)","SPECIES",29.814281,35.044546
"5936628829",2437787,"Gerbillus gerbillus (Olivier, 1800)","SPECIES",29.817402,35.044645
"5936628836",5220149,"Gazella dorcas (Linnaeus, 1758)","SPECIES",30.356104,34.894299
"5936628837",2437787,"Gerbillus gerbillus (Olivier, 1800)","SPECIES",29.816842,35.043828
"5936628838",4264680,"Myocastor coypus (Molina, 1782)","SPECIES",33.084979,35.595045
"5936628839",5219219,"Canis aureus Linnaeus, 1758","SPECIES",29.97313,35.066538
"5936628850",2437787,"Gerbillus gerbillus (Olivier, 1800)","SPECIES",29.80845,35.042145
"5936628851",5221119,"Ptyodactylus guttatus Heyden, 1827","SPECIES",31.878653,35.022877
"5936628864",9705453,"Parus major Linnaeus, 1758","SPECIES",31.508682,34.88642
"5936628865",2437787,"Gerbillus gerbillus (Olivier, 1800)","SPECIES",29.808405,35.042383
"5936628866",2437788,"Gerbillus nanus Blanford, 1875","SPECIES",29.816635,35.044087
"5936628867",2437788,"Gerbillus nanus Blanford, 1875","SPECIES",29.816789,35.044759
"5936628868",2437788,"Gerbillus nanus Blanford, 1875","SPECIES",29.821253,35.043666
"5936628869",5219243,"Vulpes vulpes (Linnaeus, 1758)","SPECIES",32.058638,34.963762
"5936628870",5356354,"Ceratonia siliqua L.","SPECIES",31.999802,34.958032
"5936628880",2480482,"Circus aeruginosus (Linnaeus, 1758)","SPECIES",31.854415,34.81804
"5936628881",2437787,"Gerbillus gerbillus (Olivier, 1800)","SPECIES",29.816815,35.043901
"5936628882",2437788,"Gerbillus nanus Blanford, 1875","SPECIES",29.817492,35.0445
"5936628883",2773325,"Ornithogalum montanum Cirillo","SPECIES",32.714457,35.133145
"5936628890",5219219,"Canis aureus Linnaeus, 1758","SPECIES",29.797572,35.022573
"5936628891",2436736,"Lepus capensis Linnaeus, 1758","SPECIES",30.83063,35.331702
"5936628892",2437788,"Gerbillus nanus Blanford, 1875","SPECIES",29.808705,35.044255
"5936628893",2437788,"Gerbillus nanus Blanford, 1875","SPECIES",29.815437,35.045817
"5936628894",5220154,"Gazella gazella (Pallas, 1766)","SPECIES",32.052644,34.97515
"5936628895",2437787,"Gerbillus gerbillus (Olivier, 1800)","SPECIES",29.821051,35.040728
"5936628896",5219173,"Canis lupus Linnaeus, 1758","SPECIES",29.969955,35.029036
"5936628909",5401971,"Heterotheca subaxillaris (Lam.) Britton & Rusby","SPECIES",32.762726,35.031499
"5936628910",2440893,"Equus hemionus Pallas, 1775","SPECIES",30.464621,34.949748
"5936628911",2436736,"Lepus capensis Linnaeus, 1758","SPECIES",30.835872,35.33103
"5936628912",2437788,"Gerbillus nanus Blanford, 1875","SPECIES",29.81568,35.04563
"5936628913",5221495,"Stenodactylus doriae (Blanford, 1874)","SPECIES",29.823302,35.044532
"5936628914",5229126,"Himantopus himantopus (Linnaeus, 1758)","SPECIES",32.700459,34.941046
"5936628922",2891661,"Oxalis pes-caprae L.","SPECIES",32.763933,35.03059
"5936628923",3117401,"Bellis sylvestris Cirillo","SPECIES",32.016818,34.997636
"5936628924",2436736,"Lepus capensis Linnaeus, 1758","SPECIES",30.91316,35.357264
"5936628925",2459015,"Coluber nummifer Reuss, 1834","SPECIES",32.086436,35.040019
"5936628926",9761484,"Anas platyrhynchos Linnaeus, 1758","SPECIES",32.796022,35.042495
"5936628927",8082975,"Calligonum comosum L'Hér.","SPECIES",29.826773,35.04255
"5936628937",5421144,"Dodonaea viscosa (L.) Jacq.","SPECIES",32.76251,35.032012
"5936628938",5300527,"Fritillaria persica L.","SPECIES",32.974135,35.469506
"5936628939",5219884,"Hystrix indica Kerr, 1792","SPECIES",30.906581,35.352337
"5936628940",7563473,"Suaeda monoica Forssk.","SPECIES",29.815861,35.045526
"5936628941",5226742,"Acanthodactylus opheodurus Arnold, 1980","SPECIES",29.820979,35.040977
"5936628943",5219243,"Vulpes vulpes (Linnaeus, 1758)","SPECIES",33.102147,35.66861
"5936628950",2747865,"Crocus hyemalis Boiss. & C.I.Blanche","SPECIES",32.016818,34.997636
"5936628951",3110654,"Ambrosia confertiflora DC.","SPECIES",32.086654,35.034627
"5936628963",2437788,"Gerbillus nanus Blanford, 1875","SPECIES",29.808459,35.042145
"5936628964",2437788,"Gerbillus nanus Blanford, 1875","SPECIES",29.816797,35.043663
"5936628971",2928783,"Nicotiana glauca Graham","SPECIES",32.76251,35.032012
"5936628972",2436736,"Lepus capensis Linnaeus, 1758","SPECIES",29.815861,35.045526
"5936628973",2436736,"Lepus capensis Linnaeus, 1758","SPECIES",29.82097,35.040997
"5936628974",8082975,"Calligonum comosum L'Hér.","SPECIES",29.826683,35.042726
"5936628975",5220149,"Gazella dorcas (Linnaeus, 1758)","SPECIES",29.880735,34.851838
"5936628976",2482492,"Corvus corax Linnaeus, 1758","SPECIES",32.701958,34.941905
"5936628985",2480564,"Buteo rufinus (Cretzschmar, 1829)","SPECIES",32.017326,34.999847
"5936628986",2437787,"Gerbillus gerbillus (Olivier, 1800)","SPECIES",29.816221,35.045402
"5936628994",2437788,"Gerbillus nanus Blanford, 1875","SPECIES",29.803086,35.037779
"5936628995",5219219,"Canis aureus Linnaeus, 1758","SPECIES",30.968467,35.357634
"5936628996",2496975,"Caprimulgus nubicus M.H.K.Lichtenstein, 1823","SPECIES",30.833175,35.331152
"5936628997",7563473,"Suaeda monoica Forssk.","SPECIES",29.815608,35.045744
"5936628998",2437787,"Gerbillus gerbillus (Olivier, 1800)","SPECIES",29.821033,35.040842
"5936629006",2437788,"Gerbillus nanus Blanford, 1875","SPECIES",29.808396,35.042332
"5936629007",2437788,"Gerbillus nanus Blanford, 1875","SPECIES",29.817023,35.044749
"5936629014",2437787,"Gerbillus gerbillus (Olivier, 1800)","SPECIES",29.801456,35.03984
"5936629015",2490719,"Turdus merula Linnaeus, 1758","SPECIES",31.502186,34.885126
"5936629016",7563473,"Suaeda monoica Forssk.","SPECIES",29.816229,35.044088
"5936629017",2480505,"Aquila pomarina C.L.Brehm, 1831","SPECIES",32.537719,35.074662
"5936629018",2856348,"Allium neapolitanum Cirillo","SPECIES",32.716973,35.133484
"5936629026",2437787,"Gerbillus gerbillus (Olivier, 1800)","SPECIES",29.801537,35.039736
"5936629027",5739317,"Phoenicurus phoenicurus (Linnaeus, 1758)","SPECIES",32.059554,34.966428
"5936629028",2437788,"Gerbillus nanus Blanford, 1875","SPECIES",29.816238,35.04445
"5936629029",3033261,"Anemone coronaria L.","SPECIES",32.717172,35.133633
"5936629030",2494422,"Fringilla coelebs Linnaeus, 1758","SPECIES",31.504034,34.884846
"5936629036",2437787,"Gerbillus gerbillus (Olivier, 1800)","SPECIES",29.801375,35.039788
"5936629037",2481171,"Larus armenicus Buturlin, 1934","SPECIES",31.800881,34.635073
"5936629038",2436736,"Lepus capensis Linnaeus, 1758","SPECIES",29.808048,35.045135
"5936629039",2437787,"Gerbillus gerbillus (Olivier, 1800)","SPECIES",29.82204,35.045268
"5936629047",5219243,"Vulpes vulpes (Linnaeus, 1758)","SPECIES",29.801528,35.039736
"5936629048",7340285,"Ptyonoprogne fuligula (Lichtenstein, 1842)","SPECIES",31.484076,35.301459
"5936629049",2437787,"Gerbillus gerbillus (Olivier, 1800)","SPECIES",29.808057,35.045115
"5936629050",2437788,"Gerbillus nanus Blanford, 1875","SPECIES",29.816247,35.044119
"5936629051",7634625,"Miliaria calandra (Linnaeus, 1758)","SPECIES",31.50407,34.884804
"5936629052",7815993,"Convolvulus dorycnium L.","SPECIES",32.717145,35.133633
"5936629053",2492462,"Erithacus rubecula (Linnaeus, 1758)","SPECIES",31.504034,34.884846
"5936629056",2494422,"Fringilla coelebs Linnaeus, 1758","SPECIES",31.800881,34.635073
"5936629057",2437787,"Gerbillus gerbillus (Olivier, 1800)","SPECIES",29.807831,35.045012
"5936629058",2437787,"Gerbillus gerbillus (Olivier, 1800)","SPECIES",29.822061,35.040727
"5936629059",5225486,"Sphenops sepsoides (Audouin, 1829)","SPECIES",29.822004,35.045299
"5936629066",2474029,"Alectoris chukar (J.E.Gray, 1830)","SPECIES",31.344199,34.4757
"5936629067",5219219,"Canis aureus Linnaeus, 1758","SPECIES",29.809916,35.046063
"5936629068",7563473,"Suaeda monoica Forssk.","SPECIES",29.81623,35.045402
"5936629069",5220149,"Gazella dorcas (Linnaeus, 1758)","SPECIES",30.001206,34.882619
"5936629070",5219219,"Canis aureus Linnaeus, 1758","SPECIES",31.989409,35.001327
"5936629071",4352332,"Phoenicopterus roseus Pallas, 1811","SPECIES",32.700645,34.939179
"5936629072",9034555,"Acanthodactylus scutellatus (Audouin, 1827)","SPECIES",31.912225,34.723916
"5936629079",2437788,"Gerbillus nanus Blanford, 1875","SPECIES",29.802681,35.038121
"5936629080",5221495,"Stenodactylus doriae (Blanford, 1874)","SPECIES",29.80526,35.044561
"5936629081",2437788,"Gerbillus nanus Blanford, 1875","SPECIES",29.809907,35.046084
"5936629082",7673414,"Haloxylon persicum Bunge","SPECIES",29.816239,35.045381
"5936629083",5219219,"Canis aureus Linnaeus, 1758","SPECIES",29.820979,35.041215
"5936629084",9034555,"Acanthodactylus scutellatus (Audouin, 1827)","SPECIES",31.912181,34.724307
"5936629096",2437788,"Gerbillus nanus Blanford, 1875","SPECIES",29.802924,35.037913
"5936629097",2437787,"Gerbillus gerbillus (Olivier, 1800)","SPECIES",29.801663,35.039622
"5936629098",2437787,"Gerbillus gerbillus (Olivier, 1800)","SPECIES",29.803388,35.040995
"5936629099",2482100,"Burhinus oedicnemus (Linnaeus, 1758)","SPECIES",29.821863,35.04081
"5936629100",2491482,"Emberiza hortulana Linnaeus, 1758","SPECIES",32.524078,35.068604
"5936629111",2490266,"Anthus pratensis (Linnaeus, 1758)","SPECIES",31.759609,34.957203
"5936629112",2437787,"Gerbillus gerbillus (Olivier, 1800)","SPECIES",29.803425,35.041874
"5936629113",2437788,"Gerbillus nanus Blanford, 1875","SPECIES",29.80866,35.044328
"5936629114",2437787,"Gerbillus gerbillus (Olivier, 1800)","SPECIES",29.806917,35.042365
"5936629123",2437787,"Gerbillus gerbillus (Olivier, 1800)","SPECIES",29.802708,35.038058
"5936629124",5220154,"Gazella gazella (Pallas, 1766)","SPECIES",31.994565,35.000035
"5936629125",5219173,"Canis lupus Linnaeus, 1758","SPECIES",29.902608,34.831074
"5936629126",9034555,"Acanthodactylus scutellatus (Audouin, 1827)","SPECIES",31.911947,34.724456
"5936629134",2437788,"Gerbillus nanus Blanford, 1875","SPECIES",29.802536,35.038193
"5936629135",2437788,"Gerbillus nanus Blanford, 1875","SPECIES",29.809943,35.046125
"5936629136",5219219,"Canis aureus Linnaeus, 1758","SPECIES",31.994457,34.999813
"5936629142",2437788,"Gerbillus nanus Blanford, 1875","SPECIES",29.809998,35.046498
"5936629143",2437788,"Gerbillus nanus Blanford, 1875","SPECIES",29.816248,35.045402
"5936629152",9761484,"Anas platyrhynchos Linnaeus, 1758","SPECIES",31.347017,34.47634
"5936629153",2437787,"Gerbillus gerbillus (Olivier, 1800)","SPECIES",29.803361,35.041036
"5936629154",2431777,"Salamandra infraimmaculata Martens, 1885","SPECIES",33.079188,35.274524
"5936629155",2480193,"Pterocles orientalis (Linnaeus, 1758)","SPECIES",31.373708,35.238558
"5936629156",2437787,"Gerbillus gerbillus (Olivier, 1800)","SPECIES",29.8213,35.044907
"5936629157",5220154,"Gazella gazella (Pallas, 1766)","SPECIES",31.193948,34.394464
"5936629164",2437787,"Gerbillus gerbillus (Olivier, 1800)","SPECIES",29.808319,35.045363
"5936629165",2437788,"Gerbillus nanus Blanford, 1875","SPECIES",29.816464,35.044512
"5936629176",9616058,"Falco tinnunculus Linnaeus, 1758","SPECIES",31.759484,34.957932
"5936629177",2474950,"Grus grus (Linnaeus, 1758)","SPECIES",32.73929,35.413051
"5936629178",2437788,"Gerbillus nanus Blanford, 1875","SPECIES",29.803632,35.041563
"5936629179",2437787,"Gerbillus gerbillus (Olivier, 1800)","SPECIES",29.808274,35.04528
"5936629180",2437787,"Gerbillus gerbillus (Olivier, 1800)","SPECIES",29.806899,35.042686
"5936629181",2437788,"Gerbillus nanus Blanford, 1875","SPECIES",29.816392,35.044584
"5936629182",2437788,"Gerbillus nanus Blanford, 1875","SPECIES",29.821935,35.040489
"5936629183",2437788,"Gerbillus nanus Blanford, 1875","SPECIES",29.821262,35.043832
"5936629192",2437788,"Gerbillus nanus Blanford, 1875","SPECIES",29.807169,35.042354
"5936629193",2437788,"Gerbillus nanus Blanford, 1875","SPECIES",29.821082,35.04438
"5936629194",2858963,"Narcissus tazetta L.","SPECIES",32.190952,34.807792
"5936629195",7634625,"Miliaria calandra (Linnaeus, 1758)","SPECIES",32.581393,35.108328
"5936629196",7634625,"Miliaria calandra (Linnaeus, 1758)","SPECIES",32.524078,35.068604
"5936629207",2498252,"Alopochen aegyptiaca (Linnaeus, 1766)","SPECIES",31.346798,34.476016
"5936629208",2437788,"Gerbillus nanus Blanford, 1875","SPECIES",29.809916,35.046063
"5936629209",5219219,"Canis aureus Linnaeus, 1758","SPECIES",29.807241,35.041682
"5936629210",2437787,"Gerbillus gerbillus (Olivier, 1800)","SPECIES",29.82198,35.04083
"5936629211",9034555,"Acanthodactylus scutellatus (Audouin, 1827)","SPECIES",31.911593,34.723623
"5936629219",5219219,"Canis aureus Linnaeus, 1758","SPECIES",30.912309,35.351979
"5936629220",2437787,"Gerbillus gerbillus (Olivier, 1800)","SPECIES",29.808301,35.045321
"5936629221",5219219,"Canis aureus Linnaeus, 1758","SPECIES",33.224359,35.679091
"5936629225",2482100,"Burhinus oedicnemus (Linnaeus, 1758)","SPECIES",29.808733,35.044421
"5936629226",5226767,"Acanthodactylus schreiberi Boulenger, 1878","SPECIES",31.915054,34.723834
"5936629227",5219219,"Canis aureus Linnaeus, 1758","SPECIES",31.832088,35.03988
"5936629237",2437788,"Gerbillus nanus Blanford, 1875","SPECIES",29.801672,35.03956
"5936629238",2437787,"Gerbillus gerbillus (Olivier, 1800)","SPECIES",29.803515,35.041284
"5936629239",2437787,"Gerbillus gerbillus (Olivier, 1800)","SPECIES",29.808165,35.045146
"5936629240",2437787,"Gerbillus gerbillus (Olivier, 1800)","SPECIES",29.821944,35.040634
"5936629241",2437788,"Gerbillus nanus Blanford, 1875","SPECIES",29.821253,35.043976
"5936629242",5220154,"Gazella gazella (Pallas, 1766)","SPECIES",32.227775,35.327395
"5936629243",9761484,"Anas platyrhynchos Linnaeus, 1758","SPECIES",32.524078,35.068604
"5936629254",2437787,"Gerbillus gerbillus (Olivier, 1800)","SPECIES",29.808451,35.042559
"5936629255",2437788,"Gerbillus nanus Blanford, 1875","SPECIES",29.816545,35.044325
"5936629256",2437787,"Gerbillus gerbillus (Olivier, 1800)","SPECIES",29.817456,35.044107
"5936629257",4408759,"Saxicola rubicola (Linnaeus, 1766)","SPECIES",32.118376,34.90611
"5936629258",5914287,"Melia azedarach L.","SPECIES",33.085713,35.653132
"5936629259",2956364,"Calicotome villosa (Poir.) Link","SPECIES",32.71627,35.13309
"5936629269",2482479,"Corvus ruficollis Lesson, 1831","SPECIES",31.794755,35.316502
"5936629270",2436736,"Lepus capensis Linnaeus, 1758","SPECIES",29.82234,35.040157
"5936629271",2498112,"Anas acuta Linnaeus, 1758","SPECIES",32.702998,34.939033
"5936629272",2433875,"Meles meles (Linnaeus, 1758)","SPECIES",32.205517,35.345969
"5936629284",2437787,"Gerbillus gerbillus (Olivier, 1800)","SPECIES",29.808505,35.042476
"5936629285",2482100,"Burhinus oedicnemus (Linnaeus, 1758)","SPECIES",29.82253,35.040322
"5936629297",2436736,"Lepus capensis Linnaeus, 1758","SPECIES",29.816572,35.044305
"5936629298",2437788,"Gerbillus nanus Blanford, 1875","SPECIES",29.817555,35.04422
"5936629299",2437788,"Gerbillus nanus Blanford, 1875","SPECIES",29.822485,35.040219
"5936629300",2747865,"Crocus hyemalis Boiss. & C.I.Blanche","SPECIES",32.716477,35.133165
"5936629301",2480801,"Platalea leucorodia Linnaeus, 1758","SPECIES",32.696074,34.939896
"5936629308",2437787,"Gerbillus gerbillus (Olivier, 1800)","SPECIES",29.808415,35.042632
"5936629309",7647136,"Citrus × limon (L.) Osbeck","SPECIES",33.085713,35.653132
"5936629310",2854626,"Vagaria parviflora (Desf. ex Redouté) Herb.","SPECIES",32.715693,35.132973
"5936629315",2437787,"Gerbillus gerbillus (Olivier, 1800)","SPECIES",29.816303,35.045433
"5936629316",2437788,"Gerbillus nanus Blanford, 1875","SPECIES",29.8241,35.040744
"5936629325",5739315,"Phoenicurus ochruros (S.G.Gmelin, 1774)","SPECIES",31.799146,35.327679
"5936629326",2437788,"Gerbillus nanus Blanford, 1875","SPECIES",29.81649,35.044067
"5936629327",2436736,"Lepus capensis Linnaeus, 1758","SPECIES",29.816375,35.045681
"5936629328",2437788,"Gerbillus nanus Blanford, 1875","SPECIES",29.817609,35.044386
"5936629336",5221119,"Ptyodactylus guttatus Heyden, 1827","SPECIES",31.878114,35.02403
"5936629343",2437788,"Gerbillus nanus Blanford, 1875","SPECIES",29.810142,35.046518
"5936629344",5219219,"Canis aureus Linnaeus, 1758","SPECIES",29.816366,35.04567
"5936629345",2437788,"Gerbillus nanus Blanford, 1875","SPECIES",29.823712,35.040569
"5936629355",5219173,"Canis lupus Linnaeus, 1758","SPECIES",30.62732,34.920953
"5936629356",5225486,"Sphenops sepsoides (Audouin, 1829)","SPECIES",29.816229,35.044481
"5936629357",2480506,"Aquila chrysaetos (Linnaeus, 1758)","SPECIES",32.042112,35.369009
"5936629358",5845582,"Carduelis chloris (Linnaeus, 1758)","SPECIES",31.504034,34.884836
"5936629363",5219598,"Procavia capensis (Pallas, 1766)","SPECIES",29.710021,34.932835
"5936629364",5220149,"Gazella dorcas (Linnaeus, 1758)","SPECIES",30.087796,35.123691
"5936629365",2437788,"Gerbillus nanus Blanford, 1875","SPECIES",29.823361,35.040962
"5936629366",6371380,"Rhamnus lycioides L.","SPECIES",32.715459,35.133667
"5936629367",5220154,"Gazella gazella (Pallas, 1766)","SPECIES",32.196832,35.270392
"5936629382",2474029,"Alectoris chukar (J.E.Gray, 1830)","SPECIES",32.551604,34.94969
"5936629383",5229167,"Milvus migrans (Boddaert, 1783)","SPECIES",31.484076,35.301459
"5936629384",2480487,"Circus cyaneus (Linnaeus, 1766)","SPECIES",32.056865,34.996265
"5936629385",2437787,"Gerbillus gerbillus (Olivier, 1800)","SPECIES",29.822142,35.040582
"5936629396",3169317,"Cyclamen persicum Mill.","SPECIES",32.714665,35.133561
"5936629401",4264680,"Myocastor coypus (Molina, 1782)","SPECIES",33.077324,35.609223
"5936629402",2437787,"Gerbillus gerbillus (Olivier, 1800)","SPECIES",29.816483,35.045732
"5936629413",5220154,"Gazella gazella (Pallas, 1766)","SPECIES",31.799573,35.323942
"5936629414",2474029,"Alectoris chukar (J.E.Gray, 1830)","SPECIES",31.245746,34.489421
"5936629415",2437788,"Gerbillus nanus Blanford, 1875","SPECIES",29.823451,35.040838
"5936629416",2474029,"Alectoris chukar (J.E.Gray, 1830)","SPECIES",31.654344,34.921519
"5936629423",5219219,"Canis aureus Linnaeus, 1758","SPECIES",31.221312,34.523901
"5936629424",2437788,"Gerbillus nanus Blanford, 1875","SPECIES",29.816445,35.04415
"5936629425",2437788,"Gerbillus nanus Blanford, 1875","SPECIES",29.817573,35.044293
"5936629426",5221119,"Ptyodactylus guttatus Heyden, 1827","SPECIES",31.87806,35.023914
"5936629429",2437788,"Gerbillus nanus Blanford, 1875","SPECIES",29.810079,35.046518
"5936629430",2437787,"Gerbillus gerbillus (Olivier, 1800)","SPECIES",29.816357,35.045484
"5936629431",2437788,"Gerbillus nanus Blanford, 1875","SPECIES",29.823965,35.040651
"5936629442",2437788,"Gerbillus nanus Blanford, 1875","SPECIES",29.816329,35.044729
"5936629443",2490719,"Turdus merula Linnaeus, 1758","SPECIES",31.504034,34.884836
"5936629448",2480637,"Accipiter nisus (Linnaeus, 1758)","SPECIES",31.800881,34.635073
"5936629449",2437787,"Gerbillus gerbillus (Olivier, 1800)","SPECIES",29.807795,35.045043
"5936629450",2437788,"Gerbillus nanus Blanford, 1875","SPECIES",29.816121,35.044285
"5936629451",2480372,"Elanus caeruleus (Desfontaines, 1789)","SPECIES",31.677423,34.765667
"5936629452",5219884,"Hystrix indica Kerr, 1792","SPECIES",33.018977,35.617914
"5936629464",5225486,"Sphenops sepsoides (Audouin, 1829)","SPECIES",29.801474,35.040109
"5936629465",2492855,"Lanius nubicus Lichtenstein, 1823","SPECIES",31.800881,34.635073
"5936629466",2437787,"Gerbillus gerbillus (Olivier, 1800)","SPECIES",29.807615,35.045084
"5936629467",2437787,"Gerbillus gerbillus (Olivier, 1800)","SPECIES",29.822097,35.040716
"5936629475",11869920,"Eucalyptus camaldulensis Denham","SPECIES",33.085631,35.653185
"5936629476",6065810,"Larus genei Brème, 1839","SPECIES",32.704391,34.941429
"5936629477",2475679,"Ceryle rudis (Linnaeus, 1758)","SPECIES",32.696129,34.939981
"5936629484",5220154,"Gazella gazella (Pallas, 1766)","SPECIES",31.796844,35.320507
"5936629485",2928783,"Nicotiana glauca Graham","SPECIES",32.08135,35.027233
"5936629486",5420901,"Punica granatum L.","SPECIES",33.085685,35.653143
"5936629498",2437788,"Gerbillus nanus Blanford, 1875","SPECIES",29.810495,35.046869
"5936629499",2437788,"Gerbillus nanus Blanford, 1875","SPECIES",29.821116,35.042683
"5936629500",2474029,"Alectoris chukar (J.E.Gray, 1830)","SPECIES",33.233856,35.680902
"5936629501",2482048,"Tachybaptus ruficollis (Pallas, 1764)","SPECIES",32.702962,34.939364
"5936629511",9761484,"Anas platyrhynchos Linnaeus, 1758","SPECIES",32.077785,34.955472
"5936629512",7923692,"Rubus creticus Tourn. ex L.","SPECIES",33.085685,35.653143
"5936629526",5220154,"Gazella gazella (Pallas, 1766)","SPECIES",31.531315,34.718485
"5936629527",2489005,"Acridotheres tristis (Linnaeus, 1766)","SPECIES",31.801304,34.634912
"5936629528",2437787,"Gerbillus gerbillus (Olivier, 1800)","SPECIES",29.807117,35.044082
"5936629529",2437788,"Gerbillus nanus Blanford, 1875","SPECIES",29.815806,35.044999
"5936629530",9362027,"Mareca strepera (Linnaeus, 1758)","SPECIES",32.7005,34.939051
"5936629531",9034555,"Acanthodactylus scutellatus (Audouin, 1827)","SPECIES",31.910527,34.72791
"5936629544",5219243,"Vulpes vulpes (Linnaeus, 1758)","SPECIES",31.993152,34.956081
"5936629545",5219219,"Canis aureus Linnaeus, 1758","SPECIES",31.823108,35.034393
"5936629546",2436736,"Lepus capensis Linnaeus, 1758","SPECIES",32.684533,34.962556
"5936629547",5220149,"Gazella dorcas (Linnaeus, 1758)","SPECIES",29.822124,35.04053
"5936629557",2436736,"Lepus capensis Linnaeus, 1758","SPECIES",29.80269,35.038483
"5936629558",2437787,"Gerbillus gerbillus (Olivier, 1800)","SPECIES",29.803486,35.039733
"5936629559",2437788,"Gerbillus nanus Blanford, 1875","SPECIES",29.808625,35.044659
"5936629560",2437788,"Gerbillus nanus Blanford, 1875","SPECIES",29.820718,35.041453
"5936629561",2497306,"Asio otus (Linnaeus, 1758)","SPECIES",33.159275,35.555465
"5936629569",5219243,"Vulpes vulpes (Linnaeus, 1758)","SPECIES",31.79904,35.324543
"5936629570",2437787,"Gerbillus gerbillus (Olivier, 1800)","SPECIES",29.810224,35.046725
"5936629571",2437788,"Gerbillus nanus Blanford, 1875","SPECIES",29.823325,35.041035
"5936629572",2878323,"Quercus ithaburensis Decne.","SPECIES",32.715468,35.133752
"5936629584",2437788,"Gerbillus nanus Blanford, 1875","SPECIES",29.820763,35.041412
"5936629597",2436736,"Lepus capensis Linnaeus, 1758","SPECIES",29.80344,35.039257
"5936629598",2437788,"Gerbillus nanus Blanford, 1875","SPECIES",29.810179,35.046601
"5936629599",2437788,"Gerbillus nanus Blanford, 1875","SPECIES",29.820772,35.041629
"5936629607",2436736,"Lepus capensis Linnaeus, 1758","SPECIES",29.802627,35.038359
"5936629608",2437787,"Gerbillus gerbillus (Olivier, 1800)","SPECIES",29.803323,35.039961
"5936629609",5380041,"Ricinus communis L.","SPECIES",32.088155,35.044942
"5936629610",9761484,"Anas platyrhynchos Linnaeus, 1758","SPECIES",32.702676,34.940431
"5936629615",5219219,"Canis aureus Linnaeus, 1758","SPECIES",29.802627,35.038359
"5936629616",2436736,"Lepus capensis Linnaeus, 1758","SPECIES",29.822196,35.040406
"5936629617",5220154,"Gazella gazella (Pallas, 1766)","SPECIES",31.970626,34.975745
"5936629626",2437788,"Gerbillus nanus Blanford, 1875","SPECIES",29.82309,35.040787
"5936629627",2480482,"Circus aeruginosus (Linnaeus, 1758)","SPECIES",32.70402,34.940705
"5936629628",2778478,"Asphodelus ramosus L.","SPECIES",32.715522,35.133848
"5936629629",5219219,"Canis aureus Linnaeus, 1758","SPECIES",31.820312,35.021491
"5936629643",2978548,"Acacia salicina Lindl.","SPECIES",32.761204,35.033242
"5936629644",2434255,"Herpestes ichneumon (Linnaeus, 1758)","SPECIES",32.907434,35.633621
"5936629645",2437787,"Gerbillus gerbillus (Olivier, 1800)","SPECIES",29.803423,35.040033
"5936629646",2437788,"Gerbillus nanus Blanford, 1875","SPECIES",29.80867,35.044607
"5936629647",5220149,"Gazella dorcas (Linnaeus, 1758)","SPECIES",29.822205,35.040416
"5936629648",8082975,"Calligonum comosum L'Hér.","SPECIES",29.822283,35.045278
"5936629655",2437788,"Gerbillus nanus Blanford, 1875","SPECIES",29.803531,35.039671
"5936629656",2437788,"Gerbillus nanus Blanford, 1875","SPECIES",29.810178,35.046487
"5936629664",2437788,"Gerbillus nanus Blanford, 1875","SPECIES",29.802645,35.038555
"5936629665",2437788,"Gerbillus nanus Blanford, 1875","SPECIES",29.808616,35.04471
"5936629666",2436736,"Lepus capensis Linnaeus, 1758","SPECIES",29.810233,35.046653
"5936629667",5219243,"Vulpes vulpes (Linnaeus, 1758)","SPECIES",31.825058,35.029341
"5936629680",2437788,"Gerbillus nanus Blanford, 1875","SPECIES",29.820808,35.041629
"5936629685",2437788,"Gerbillus nanus Blanford, 1875","SPECIES",29.823198,35.040859
"5936629686",4408759,"Saxicola rubicola (Linnaeus, 1766)","SPECIES",32.703707,34.942103
"5936629698",2436736,"Lepus capensis Linnaeus, 1758","SPECIES",29.808496,35.042476
"5936629699",7563473,"Suaeda monoica Forssk.","SPECIES",29.810503,35.046694
"5936629700",5220154,"Gazella gazella (Pallas, 1766)","SPECIES",32.02814,35.357319
"5936629701",2473733,"Ammoperdix heyi (Temminck, 1825)","SPECIES",29.963779,35.012294
"5936629702",5219243,"Vulpes vulpes (Linnaeus, 1758)","SPECIES",32.584944,35.095139
"5936629711",5219219,"Canis aureus Linnaeus, 1758","SPECIES",31.765541,35.495399
"5936629712",2437788,"Gerbillus nanus Blanford, 1875","SPECIES",29.822584,35.040384
"5936629713",5219884,"Hystrix indica Kerr, 1792","SPECIES",30.03074,34.939232
"5936629714",2767189,"Prospero autumnale (L.) Speta","SPECIES",32.715738,35.13388
"5936629722",2437788,"Gerbillus nanus Blanford, 1875","SPECIES",29.821036,35.043366
"5936629723",2482479,"Corvus ruficollis Lesson, 1831","SPECIES",30.030961,34.932254
"5936629724",2481719,"Tringa stagnatilis (Bechstein, 1803)","SPECIES",32.705194,34.941576
"5936629727",2433875,"Meles meles (Linnaeus, 1758)","SPECIES",32.861019,35.527629
"5936629728",2437787,"Gerbillus gerbillus (Olivier, 1800)","SPECIES",29.810423,35.047066
"5936629730",2481726,"Tringa nebularia (Gunnerus, 1767)","SPECIES",32.705383,34.941575
"5936629743",5220154,"Gazella gazella (Pallas, 1766)","SPECIES",31.99425,34.994502
"5936629744",3169317,"Cyclamen persicum Mill.","SPECIES",31.972718,34.991514
"5936629745",2481714,"Tringa totanus (Linnaeus, 1758)","SPECIES",32.704996,34.941608
"5936629756",5220154,"Gazella gazella (Pallas, 1766)","SPECIES",31.796186,35.319228
"5936629757",5229126,"Himantopus himantopus (Linnaeus, 1758)","SPECIES",32.705221,34.941426
"5936629766",5220154,"Gazella gazella (Pallas, 1766)","SPECIES",31.982593,34.980995
"5936629767",2492748,"Prinia gracilis (Lichtenstein, 1823)","SPECIES",32.700315,34.941323
"5936629768",5220154,"Gazella gazella (Pallas, 1766)","SPECIES",31.196122,34.284609
"5936629776",9687165,"Motacilla alba Linnaeus, 1758","SPECIES",31.800848,34.635696
"5936629777",2436736,"Lepus capensis Linnaeus, 1758","SPECIES",29.807425,35.044702
"5936629778",2437788,"Gerbillus nanus Blanford, 1875","SPECIES",29.81604,35.044523
"5936629779",2437787,"Gerbillus gerbillus (Olivier, 1800)","SPECIES",29.8225,35.045185
"5936629780",2928783,"Nicotiana glauca Graham","SPECIES",31.856689,34.803967
"5936629784",2492748,"Prinia gracilis (Lichtenstein, 1823)","SPECIES",31.800893,34.635781
"5936629785",5220149,"Gazella dorcas (Linnaeus, 1758)","SPECIES",30.450642,34.956094
"5936629786",2437788,"Gerbillus nanus Blanford, 1875","SPECIES",29.815941,35.044647
"5936629787",2437788,"Gerbillus nanus Blanford, 1875","SPECIES",29.822214,35.040375
"5936629788",3974700,"Vachellia tortilis (Forssk.) Galasso & Banfi","SPECIES",29.822282,35.044544
"5936629789",5219219,"Canis aureus Linnaeus, 1758","SPECIES",31.820611,35.035253
"5936629801",5225486,"Sphenops sepsoides (Audouin, 1829)","SPECIES",29.807398,35.044785
"5936629802",2437787,"Gerbillus gerbillus (Olivier, 1800)","SPECIES",29.816987,35.044201
"5936629803",3034015,"Laurus nobilis L.","SPECIES",32.715602,35.132856
"5936629804",5219243,"Vulpes vulpes (Linnaeus, 1758)","SPECIES",31.538769,35.267577
"5936629815",2474029,"Alectoris chukar (J.E.Gray, 1830)","SPECIES",31.992931,34.953479
"5936629816",2437788,"Gerbillus nanus Blanford, 1875","SPECIES",29.803142,35.03903
"5936629817",5219219,"Canis aureus Linnaeus, 1758","SPECIES",29.808571,35.044845
"5936629818",2437788,"Gerbillus nanus Blanford, 1875","SPECIES",29.821474,35.039931
"5936629819",2437787,"Gerbillus gerbillus (Olivier, 1800)","SPECIES",29.823401,35.044604
"5936629820",2498009,"Tadorna tadorna (Linnaeus, 1758)","SPECIES",32.705104,34.941405
"5936629827",2437787,"Gerbillus gerbillus (Olivier, 1800)","SPECIES",29.81695,35.044128
"5936629828",2437788,"Gerbillus nanus Blanford, 1875","SPECIES",29.816022,35.044461
"5936629829",2493309,"Turdoides squamiceps (Cretzschmar, 1827)","SPECIES",29.816415,35.041512
"5936629839",2437788,"Gerbillus nanus Blanford, 1875","SPECIES",29.807461,35.04494
"5936629840",2437787,"Gerbillus gerbillus (Olivier, 1800)","SPECIES",29.816996,35.044128
"5936629852",2489005,"Acridotheres tristis (Linnaeus, 1766)","SPECIES",31.828449,35.291593
"5936629853",2650617,"Asplenium ceterach L.","SPECIES",31.699398,35.448685
"5936629854",2437788,"Gerbillus nanus Blanford, 1875","SPECIES",29.803287,35.039288
"5936629855",2437787,"Gerbillus gerbillus (Olivier, 1800)","SPECIES",29.807334,35.044495
"5936629856",2437787,"Gerbillus gerbillus (Olivier, 1800)","SPECIES",29.822851,35.045091
"5936629863",6374830,"Clematis cirrhosa L.","SPECIES",31.819268,35.057858
"5936629864",5739315,"Phoenicurus ochruros (S.G.Gmelin, 1774)","SPECIES",31.800911,34.635759
"5936629865",7563473,"Suaeda monoica Forssk.","SPECIES",29.82222,35.044761
"5936629866",5219243,"Vulpes vulpes (Linnaeus, 1758)","SPECIES",31.589558,35.229439
"5936629872",5220154,"Gazella gazella (Pallas, 1766)","SPECIES",31.532377,34.681448
"5936629873",2437787,"Gerbillus gerbillus (Olivier, 1800)","SPECIES",29.808361,35.042714
"5936629874",2437787,"Gerbillus gerbillus (Olivier, 1800)","SPECIES",29.816878,35.04417
"5936629875",2437787,"Gerbillus gerbillus (Olivier, 1800)","SPECIES",29.817392,35.044065
"5936629891",2436736,"Lepus capensis Linnaeus, 1758","SPECIES",29.802315,35.041514
"5936629892",2498415,"Upupa epops Linnaeus, 1758","SPECIES",31.800857,34.635686
"5936629893",5540223,"Anthriscus lamprocarpa Boiss.","SPECIES",32.715602,35.132856
"5936629901",9809229,"Sturnus vulgaris Linnaeus, 1758","SPECIES",31.828503,35.291709
"5936629902",2493091,"Phylloscopus collybita (Vieillot, 1817)","SPECIES",31.800893,34.635781
"5936629903",5219173,"Canis lupus Linnaeus, 1758","SPECIES",29.720888,35.001317
"5936629904",2437788,"Gerbillus nanus Blanford, 1875","SPECIES",29.815959,35.04473
"5936629905",2437787,"Gerbillus gerbillus (Olivier, 1800)","SPECIES",29.822635,35.045009
"5936629906",2474029,"Alectoris chukar (J.E.Gray, 1830)","SPECIES",31.312152,34.450063
"5936629918",2437787,"Gerbillus gerbillus (Olivier, 1800)","SPECIES",29.802396,35.04169
"5936629919",7705930,"Sus scrofa Linnaeus, 1758","SPECIES",32.086991,35.043736
"5936629920",2437787,"Gerbillus gerbillus (Olivier, 1800)","SPECIES",29.807343,35.044319
"5936629921",2432953,"Rousettus aegyptiacus (E.Geoffroy, 1810)","SPECIES",32.07767,34.80772
"5936629922",2437788,"Gerbillus nanus Blanford, 1875","SPECIES",29.82206,35.040085
"5936629934",2437787,"Gerbillus gerbillus (Olivier, 1800)","SPECIES",29.803029,35.04232
"5936629935",5220149,"Gazella dorcas (Linnaeus, 1758)","SPECIES",30.437582,34.956397
"5936629936",2437787,"Gerbillus gerbillus (Olivier, 1800)","SPECIES",29.807181,35.044195
"5936629937",2437788,"Gerbillus nanus Blanford, 1875","SPECIES",29.821889,35.040003
"5936629938",2437787,"Gerbillus gerbillus (Olivier, 1800)","SPECIES",29.822951,35.045029
"5936629939",7705930,"Sus scrofa Linnaeus, 1758","SPECIES",31.982474,34.995523
"5936629949",2437787,"Gerbillus gerbillus (Olivier, 1800)","SPECIES",29.803083,35.042392
"5936629950",5219219,"Canis aureus Linnaeus, 1758","SPECIES",29.808535,35.044814
"5936629951",2437788,"Gerbillus nanus Blanford, 1875","SPECIES",29.821654,35.039858
"5936629952",2437787,"Gerbillus gerbillus (Olivier, 1800)","SPECIES",29.823149,35.044967
"5936629962",2437788,"Gerbillus nanus Blanford, 1875","SPECIES",29.803232,35.039154
"5936629963",5219219,"Canis aureus Linnaeus, 1758","SPECIES",29.98274,35.088887
"5936629964",2474029,"Alectoris chukar (J.E.Gray, 1830)","SPECIES",32.105021,34.930447
"5936629965",2437788,"Gerbillus nanus Blanford, 1875","SPECIES",29.808544,35.044814
"5936629966",5226742,"Acanthodactylus opheodurus Arnold, 1980","SPECIES",29.821537,35.039879
"5936629967",2437788,"Gerbillus nanus Blanford, 1875","SPECIES",29.820845,35.041711
"5936629968",2437787,"Gerbillus gerbillus (Olivier, 1800)","SPECIES",29.823221,35.044729
"5936629980",2437788,"Gerbillus nanus Blanford, 1875","SPECIES",29.809763,35.046064
"5936629981",2436736,"Lepus capensis Linnaeus, 1758","SPECIES",29.817256,35.043145
"5936629982",2437787,"Gerbillus gerbillus (Olivier, 1800)","SPECIES",29.81705,35.044325
"5936629983",8082975,"Calligonum comosum L'Hér.","SPECIES",29.82475,35.041457
"5936629984",7563473,"Suaeda monoica Forssk.","SPECIES",29.820477,35.043678
"5936629995",2437788,"Gerbillus nanus Blanford, 1875","SPECIES",29.808179,35.041753
"5936629996",2437788,"Gerbillus nanus Blanford, 1875","SPECIES",29.8096,35.045919
"5936629997",2437788,"Gerbillus nanus Blanford, 1875","SPECIES",29.817337,35.043031
"5936629998",5219243,"Vulpes vulpes (Linnaeus, 1758)","SPECIES",32.010636,34.994634
"5936629999",2436736,"Lepus capensis Linnaeus, 1758","SPECIES",29.821109,35.043563
"5936630000",5219219,"Canis aureus Linnaeus, 1758","SPECIES",31.932581,34.741417
"5936630001",5229167,"Milvus migrans (Boddaert, 1783)","SPECIES",32.580011,35.106061
"5936630002",5670646,"Urtica pilulifera L.","SPECIES",32.716532,35.134317
"5936630011",2436736,"Lepus capensis Linnaeus, 1758","SPECIES",29.808161,35.041763
"5936630012",2437788,"Gerbillus nanus Blanford, 1875","SPECIES",29.809573,35.045671
"5936630013",2437787,"Gerbillus gerbillus (Olivier, 1800)","SPECIES",29.816826,35.045432
"5936630014",2437788,"Gerbillus nanus Blanford, 1875","SPECIES",29.821144,35.043397
"5936630015",2437787,"Gerbillus gerbillus (Olivier, 1800)","SPECIES",29.824447,35.044096
"5936630016",2486116,"Pycnonotus xanthopygos (Hemprich & Ehrenberg, 1833)","SPECIES",32.704267,34.942176
"5936630022",5218777,"Hyaena hyaena (Linnaeus, 1758)","SPECIES",33.05718,35.468448
"5936630023",2437788,"Gerbillus nanus Blanford, 1875","SPECIES",29.809601,35.046012
"5936630024",2437787,"Gerbillus gerbillus (Olivier, 1800)","SPECIES",29.810278,35.046911
"5936630025",2437788,"Gerbillus nanus Blanford, 1875","SPECIES",29.817247,35.043083
"5936630026",7275957,"Ochradenus baccatus Delile","SPECIES",29.824723,35.04125
"5936630027",2437788,"Gerbillus nanus Blanford, 1875","SPECIES",29.821036,35.043604
"5936630036",2474950,"Grus grus (Linnaeus, 1758)","SPECIES",31.288857,34.552266
"5936630037",5219243,"Vulpes vulpes (Linnaeus, 1758)","SPECIES",31.442077,34.771837
"5936630038",7673414,"Haloxylon persicum Bunge","SPECIES",29.810495,35.046849
"5936630049",2437787,"Gerbillus gerbillus (Olivier, 1800)","SPECIES",29.802519,35.038741
"5936630051",2437788,"Gerbillus nanus Blanford, 1875","SPECIES",29.808571,35.044907
"5936630052",NA,"Soda (Dumort.) Fourr.","GENUS",29.810549,35.046776
"5936630053",5226742,"Acanthodactylus opheodurus Arnold, 1980","SPECIES",29.821348,35.039952
"5936630054",5220149,"Gazella dorcas (Linnaeus, 1758)","SPECIES",29.820827,35.042239
"5936630062",2434255,"Herpestes ichneumon (Linnaeus, 1758)","SPECIES",33.071207,35.593388
"5936630063",2481685,"Limosa limosa (Linnaeus, 1758)","SPECIES",32.704977,34.94116
"5936630064",1936969,"Archon apollinus (Herbst, 1798)","SPECIES",32.580669,35.105901
"5936630075",2437788,"Gerbillus nanus Blanford, 1875","SPECIES",29.80828,35.042839
"5936630076",2437787,"Gerbillus gerbillus (Olivier, 1800)","SPECIES",29.810513,35.046952
"5936630077",2437788,"Gerbillus nanus Blanford, 1875","SPECIES",29.817374,35.043983
"5936630078",3631293,"Apium nodiflorum (L.) Rchb.fil.","SPECIES",33.085631,35.653185
"5936630079",2490283,"Anthus cervinus (Pallas, 1811)","SPECIES",32.698457,34.940806
"5936630080",5220154,"Gazella gazella (Pallas, 1766)","SPECIES",31.68086,35.102286
"5936630092",5220154,"Gazella gazella (Pallas, 1766)","SPECIES",31.35191,35.015405
"5936630093",5219243,"Vulpes vulpes (Linnaeus, 1758)","SPECIES",31.797539,35.319135
"5936630094",2437787,"Gerbillus gerbillus (Olivier, 1800)","SPECIES",29.808163,35.043191
"5936630095",2437788,"Gerbillus nanus Blanford, 1875","SPECIES",29.817347,35.043683
"5936630096",2437788,"Gerbillus nanus Blanford, 1875","SPECIES",29.822286,35.040137
"5936630097",2498009,"Tadorna tadorna (Linnaeus, 1758)","SPECIES",32.700177,34.939618
"5936630098",5220154,"Gazella gazella (Pallas, 1766)","SPECIES",31.681065,35.099312
"5936630108",5220154,"Gazella gazella (Pallas, 1766)","SPECIES",31.602414,34.897672
"5936630109",2482100,"Burhinus oedicnemus (Linnaeus, 1758)","SPECIES",29.808571,35.044948
"5936630110",5220154,"Gazella gazella (Pallas, 1766)","SPECIES",31.994214,34.994692
"5936630120",2480537,"Buteo buteo (Linnaeus, 1758)","SPECIES",31.757671,34.95743
"5936630121",2482492,"Corvus corax Linnaeus, 1758","SPECIES",31.801304,34.634912
"5936630122",2437788,"Gerbillus nanus Blanford, 1875","SPECIES",29.815869,35.044957
"5936630131",2437787,"Gerbillus gerbillus (Olivier, 1800)","SPECIES",29.808253,35.043263
"5936630133",8332393,"Anas clypeata Linnaeus, 1758","SPECIES",32.700357,34.939532
"5936630134",2703935,"Saccharum spontaneum L.","SPECIES",31.857186,34.80442
"5936630151",2437788,"Gerbillus nanus Blanford, 1875","SPECIES",29.80288,35.038565
"5936630153",2490955,"Monticola solitarius (Linnaeus, 1758)","SPECIES",32.093783,35.006499
"5936630154",2480327,"Pluvialis squatarola (Linnaeus, 1758)","SPECIES",32.70486,34.941566
"5936630168",6065824,"Larus ridibundus Linnaeus, 1766","SPECIES",31.801304,34.634912
"5936630169",2437787,"Gerbillus gerbillus (Olivier, 1800)","SPECIES",29.80837,35.043149
"5936630170",5220154,"Gazella gazella (Pallas, 1766)","SPECIES",33.224868,35.685048
"5936630171",8214667,"Anas crecca Linnaeus, 1758","SPECIES",32.700247,34.938626
"5936630172",5220154,"Gazella gazella (Pallas, 1766)","SPECIES",32.129277,35.40791
"5936630183",6412055,"Salvia hierosolymitana Boiss.","SPECIES",32.715422,35.132888
"5936630191",3091220,"Serratula pusilla (Labill.) Dittrich","SPECIES",31.502204,35.154722
"5936630192",5219219,"Canis aureus Linnaeus, 1758","SPECIES",29.808244,35.043046
"5936630193",2437787,"Gerbillus gerbillus (Olivier, 1800)","SPECIES",29.817383,35.043786
"5936630194",5361909,"Ficus carica L.","SPECIES",33.085595,35.653153
"5936630206",7705930,"Sus scrofa Linnaeus, 1758","SPECIES",32.081523,35.027953
"5936630207",5290149,"Phragmites australis (Cav.) Trin. ex Steud.","SPECIES",33.085622,35.653153
"5936630218",2437788,"Gerbillus nanus Blanford, 1875","SPECIES",29.802201,35.037035
"5936630220",8000602,"Mareca penelope (Linnaeus, 1758)","SPECIES",32.700282,34.93854
"5936630221",3190381,"Ruta chalepensis L.","SPECIES",32.715377,35.132718
"5936630232",2437788,"Gerbillus nanus Blanford, 1875","SPECIES",29.815896,35.044823
"5936630233",5219173,"Canis lupus Linnaeus, 1758","SPECIES",30.030961,34.932254
"5936630242",2437788,"Gerbillus nanus Blanford, 1875","SPECIES",29.815752,35.045092
"5936630243",5220154,"Gazella gazella (Pallas, 1766)","SPECIES",33.09474,35.672127
"5936630252",2437787,"Gerbillus gerbillus (Olivier, 1800)","SPECIES",29.807126,35.04403
"5936630253",5220154,"Gazella gazella (Pallas, 1766)","SPECIES",32.636949,35.485536
"5936630254",5220164,"Oryx leucoryx (Pallas, 1777)","SPECIES",30.012461,34.88875
"5936630255",5220154,"Gazella gazella (Pallas, 1766)","SPECIES",31.908255,34.72105
"5936630263",2437788,"Gerbillus nanus Blanford, 1875","SPECIES",29.815644,35.045299
"5936630264",2437787,"Gerbillus gerbillus (Olivier, 1800)","SPECIES",29.816573,35.045608
"5936630265",2482100,"Burhinus oedicnemus (Linnaeus, 1758)","SPECIES",29.82359,35.044397
"5936630266",8014966,"Falco biarmicus Temminck, 1825","SPECIES",31.500995,35.37858
"5936630281",2437788,"Gerbillus nanus Blanford, 1875","SPECIES",29.802771,35.038203
"5936630282",2437788,"Gerbillus nanus Blanford, 1875","SPECIES",29.815527,35.045537
"5936630283",NA,"Soda (Dumort.) Fourr.","GENUS",29.816664,35.045939
"5936630284",2436736,"Lepus capensis Linnaeus, 1758","SPECIES",29.821258,35.040024
"5936630285",2773325,"Ornithogalum montanum Cirillo","SPECIES",31.975697,34.987836
"5936630286",5219219,"Canis aureus Linnaeus, 1758","SPECIES",33.229716,35.566184
"5936630295",3758958,"Haloxylon salicornicum (Moq.) Bunge ex Boiss.","SPECIES",29.803374,35.037354
"5936630296",2480773,"Plegadis falcinellus (Linnaeus, 1766)","SPECIES",31.931831,34.758774
"5936630297",2437787,"Gerbillus gerbillus (Olivier, 1800)","SPECIES",29.816772,35.04596
"5936630298",2437787,"Gerbillus gerbillus (Olivier, 1800)","SPECIES",29.82378,35.044324
"5936630309",5231246,"Oenanthe lugens (Lichtenstein, 1823)","SPECIES",31.496213,35.293483
"5936630310",2437787,"Gerbillus gerbillus (Olivier, 1800)","SPECIES",29.816546,35.045774
"5936630311",2437788,"Gerbillus nanus Blanford, 1875","SPECIES",29.82133,35.039962
"5936630312",7563473,"Suaeda monoica Forssk.","SPECIES",29.823735,35.044324
"5936630313",2480372,"Elanus caeruleus (Desfontaines, 1789)","SPECIES",31.215944,34.307409
"5936630322",2437787,"Gerbillus gerbillus (Olivier, 1800)","SPECIES",29.806955,35.043823
"5936630323",2437788,"Gerbillus nanus Blanford, 1875","SPECIES",29.815626,35.045341
"5936630324",5220149,"Gazella dorcas (Linnaeus, 1758)","SPECIES",30.139147,34.928367
"5936630325",2490669,"Galerida cristata (Linnaeus, 1758)","SPECIES",31.910527,34.72791
"5936630326",2494394,"Bucanetes githagineus (M.H.K.Lichtenstein, 1823)","SPECIES",31.491533,35.386109
"5936630333",2437788,"Gerbillus nanus Blanford, 1875","SPECIES",29.801985,35.036974
"5936630334",2437788,"Gerbillus nanus Blanford, 1875","SPECIES",29.809067,35.04502
"5936630335",7563473,"Suaeda monoica Forssk.","SPECIES",29.81063,35.047045
"5936630336",2437788,"Gerbillus nanus Blanford, 1875","SPECIES",29.817201,35.042059
"5936630337",7340679,"Nectarinia osea (Bonaparte, 1856)","SPECIES",32.703725,34.942113
"5936630347",2480372,"Elanus caeruleus (Desfontaines, 1789)","SPECIES",31.882748,34.756907
"5936630348",2436736,"Lepus capensis Linnaeus, 1758","SPECIES",29.807502,35.041599
"5936630349",2437788,"Gerbillus nanus Blanford, 1875","SPECIES",29.808995,35.045258
"5936630350",2437787,"Gerbillus gerbillus (Olivier, 1800)","SPECIES",29.81679,35.045835
"5936630351",3974700,"Vachellia tortilis (Forssk.) Galasso & Banfi","SPECIES",29.821026,35.042684
"5936630352",9584698,"Falco naumanni J.G.Fleischer, 1818","SPECIES",31.975678,34.98736
"5936630353",6065824,"Larus ridibundus Linnaeus, 1766","SPECIES",32.705122,34.94148
"5936630358",5219219,"Canis aureus Linnaeus, 1758","SPECIES",32.592856,35.162022
"5936630359",7673414,"Haloxylon persicum Bunge","SPECIES",29.803329,35.037333
"5936630360",5219219,"Canis aureus Linnaeus, 1758","SPECIES",29.816817,35.045918
"5936630361",2437788,"Gerbillus nanus Blanford, 1875","SPECIES",29.82115,35.040356
"5936630362",2778478,"Asphodelus ramosus L.","SPECIES",31.975678,34.98736
"5936630363",2474029,"Alectoris chukar (J.E.Gray, 1830)","SPECIES",30.204854,34.924227
"5936630364",9705453,"Parus major Linnaeus, 1758","SPECIES",32.801057,34.980178
"5936630374",2474029,"Alectoris chukar (J.E.Gray, 1830)","SPECIES",32.001929,34.961952
"5936630375",2437788,"Gerbillus nanus Blanford, 1875","SPECIES",29.80296,35.038068
"5936630376",2474029,"Alectoris chukar (J.E.Gray, 1830)","SPECIES",31.298639,34.480934
"5936630377",7308670,"Teucrium capitatum L.","SPECIES",31.975678,34.98736
"5936630387",2437788,"Gerbillus nanus Blanford, 1875","SPECIES",29.802726,35.038193
"5936630388",5220154,"Gazella gazella (Pallas, 1766)","SPECIES",32.079767,34.954312
"5936630389",2437787,"Gerbillus gerbillus (Olivier, 1800)","SPECIES",29.807,35.043596
"5936630390",2437788,"Gerbillus nanus Blanford, 1875","SPECIES",29.821231,35.040118
"5936630391",2747865,"Crocus hyemalis Boiss. & C.I.Blanche","SPECIES",31.975678,34.98736
"5936630400",5219219,"Canis aureus Linnaeus, 1758","SPECIES",32.558289,35.370978
"5936630401",9616058,"Falco tinnunculus Linnaeus, 1758","SPECIES",29.818357,35.036543
"5936630402",2437787,"Gerbillus gerbillus (Olivier, 1800)","SPECIES",29.810675,35.04719
"5936630403",2437788,"Gerbillus nanus Blanford, 1875","SPECIES",29.821018,35.043304
"5936630404",2498112,"Anas acuta Linnaeus, 1758","SPECIES",32.705014,34.941576
"5936630411",2437788,"Gerbillus nanus Blanford, 1875","SPECIES",29.802743,35.037252
"5936630412",2437787,"Gerbillus gerbillus (Olivier, 1800)","SPECIES",29.807511,35.04163
"5936630413",7563473,"Suaeda monoica Forssk.","SPECIES",29.809085,35.045041
"5936630414",2437787,"Gerbillus gerbillus (Olivier, 1800)","SPECIES",29.816799,35.045804
"5936630415",2437788,"Gerbillus nanus Blanford, 1875","SPECIES",29.821123,35.04047
"5936630416",2437788,"Gerbillus nanus Blanford, 1875","SPECIES",29.820945,35.04287
"5936630417",2481171,"Larus armenicus Buturlin, 1934","SPECIES",32.704761,34.94163
"5936630418",1936969,"Archon apollinus (Herbst, 1798)","SPECIES",32.57329,35.113002
"5936630424",2437788,"Gerbillus nanus Blanford, 1875","SPECIES",29.802255,35.036983
"5936630425",2434255,"Herpestes ichneumon (Linnaeus, 1758)","SPECIES",31.572911,34.847859
"5936630426",7563473,"Suaeda monoica Forssk.","SPECIES",29.809247,35.044461
"5936630427",4264680,"Myocastor coypus (Molina, 1782)","SPECIES",33.078917,35.596121
"5936630428",2437787,"Gerbillus gerbillus (Olivier, 1800)","SPECIES",29.821114,35.040542
"5936630438",5220154,"Gazella gazella (Pallas, 1766)","SPECIES",31.795132,35.317822
"5936630439",2437788,"Gerbillus nanus Blanford, 1875","SPECIES",29.802355,35.037263
"5936630440",5219884,"Hystrix indica Kerr, 1792","SPECIES",32.912773,35.541864
"5936630441",2481728,"Tringa ochropus Linnaeus, 1758","SPECIES",32.119946,34.906275
"5936630442",2437788,"Gerbillus nanus Blanford, 1875","SPECIES",29.822052,35.040158
"5936630450",5220154,"Gazella gazella (Pallas, 1766)","SPECIES",31.793382,35.318623
"5936630451",2437787,"Gerbillus gerbillus (Olivier, 1800)","SPECIES",29.810323,35.047066
"5936630452",2436736,"Lepus capensis Linnaeus, 1758","SPECIES",29.826076,35.040782
"5936630453",5219243,"Vulpes vulpes (Linnaeus, 1758)","SPECIES",29.822142,35.040116
"5936630454",5220154,"Gazella gazella (Pallas, 1766)","SPECIES",33.231178,35.678463
"5936630467",2437788,"Gerbillus nanus Blanford, 1875","SPECIES",29.802508,35.037273
"5936630468",2437787,"Gerbillus gerbillus (Olivier, 1800)","SPECIES",29.808488,35.043376
"5936630476",9761484,"Anas platyrhynchos Linnaeus, 1758","SPECIES",31.756364,35.004286
"5936630477",5219219,"Canis aureus Linnaeus, 1758","SPECIES",29.808415,35.043294
"5936630478",2437788,"Gerbillus nanus Blanford, 1875","SPECIES",29.817653,35.043506
"5936630479",8082975,"Calligonum comosum L'Hér.","SPECIES",29.825886,35.040824
"5936630488",5219219,"Canis aureus Linnaeus, 1758","SPECIES",31.811225,34.932448
"5936630489",2436736,"Lepus capensis Linnaeus, 1758","SPECIES",29.808533,35.043542
"5936630499",2437788,"Gerbillus nanus Blanford, 1875","SPECIES",29.80856,35.043583
"5936630500",2437788,"Gerbillus nanus Blanford, 1875","SPECIES",29.817743,35.043361
"5936630510",9090350,"Potamon karpathos Giavarini, 1934","SPECIES",32.975765,35.466173
"5936630511",2437788,"Gerbillus nanus Blanford, 1875","SPECIES",29.817807,35.043341
"5936630521",4408759,"Saxicola rubicola (Linnaeus, 1766)","SPECIES",31.802476,35.324717
"5936630522",4408759,"Saxicola rubicola (Linnaeus, 1766)","SPECIES",32.013095,34.987579
"5936630523",2437787,"Gerbillus gerbillus (Olivier, 1800)","SPECIES",29.823734,35.044159
"5936630524",5219243,"Vulpes vulpes (Linnaeus, 1758)","SPECIES",31.195335,34.28554
"5936630530",9055455,"Camelus dromedarius Linnaeus, 1758","SPECIES",31.327465,35.046028
"5936630531",2437788,"Gerbillus nanus Blanford, 1875","SPECIES",29.808696,35.043655
"5936630533",5220149,"Gazella dorcas (Linnaeus, 1758)","SPECIES",30.046839,34.924538
"5936630534",2482497,"Corvus rhipidurus Hartert, 1918","SPECIES",31.492688,35.385501
"5936630546",2437788,"Gerbillus nanus Blanford, 1875","SPECIES",29.803005,35.037437
"5936630547",2437787,"Gerbillus gerbillus (Olivier, 1800)","SPECIES",29.808768,35.043914
"5936630548",2437788,"Gerbillus nanus Blanford, 1875","SPECIES",29.81541,35.04562
"5936630549",5219219,"Canis aureus Linnaeus, 1758","SPECIES",31.824395,35.039799
"5936630556",2437788,"Gerbillus nanus Blanford, 1875","SPECIES",29.802806,35.037189
"5936630558",9034555,"Acanthodactylus scutellatus (Audouin, 1827)","SPECIES",31.911593,34.723623
"5936630559",5219243,"Vulpes vulpes (Linnaeus, 1758)","SPECIES",31.756454,34.972147
"5936630576",2437787,"Gerbillus gerbillus (Olivier, 1800)","SPECIES",29.808849,35.043976
"5936630577",9515886,"Hirundo rustica Linnaeus, 1758","SPECIES",32.700298,34.941398
"5936630578",2441461,"Testudo graeca Linnaeus, 1758","SPECIES",31.636042,34.904477
"5936630593",5220154,"Gazella gazella (Pallas, 1766)","SPECIES",32.073995,34.963711
"5936630594",5231190,"Passer domesticus (Linnaeus, 1758)","SPECIES",32.700298,34.941398
"5936630603",2437788,"Gerbillus nanus Blanford, 1875","SPECIES",29.815356,35.045713
"5936630604",2437787,"Gerbillus gerbillus (Olivier, 1800)","SPECIES",29.816853,35.045649
"5936630605",7563473,"Suaeda monoica Forssk.","SPECIES",29.823816,35.044334
"5936630617",2492962,"Sylvia melanocephala (Gmelin, 1789)","SPECIES",32.70064,34.941344
"5936630629",9809229,"Sturnus vulgaris Linnaeus, 1758","SPECIES",31.79342,34.634464
"5936630630",5220149,"Gazella dorcas (Linnaeus, 1758)","SPECIES",30.404679,34.935095
"5936630631",5219219,"Canis aureus Linnaeus, 1758","SPECIES",29.817264,35.042141
"5936630632",7563473,"Suaeda monoica Forssk.","SPECIES",29.815193,35.045796
"5936630633",2481728,"Tringa ochropus Linnaeus, 1758","SPECIES",32.796356,35.042793
"5936630634",3755896,"Suaeda vermiculata Forssk. ex J.F.Gmel.","SPECIES",29.823798,35.044397
"5936630647",5219219,"Canis aureus Linnaeus, 1758","SPECIES",32.638592,35.386963
"5936630648",5219243,"Vulpes vulpes (Linnaeus, 1758)","SPECIES",29.807872,35.04165
"5936630649",2437788,"Gerbillus nanus Blanford, 1875","SPECIES",29.809492,35.045412
"5936630650",2437787,"Gerbillus gerbillus (Olivier, 1800)","SPECIES",29.816808,35.045546
"5936630651",3145214,"Silybum marianum (L.) Gaertn.","SPECIES",32.716315,35.134199
"5936630662",5220154,"Gazella gazella (Pallas, 1766)","SPECIES",33.083451,35.672346
"5936630663",2482100,"Burhinus oedicnemus (Linnaeus, 1758)","SPECIES",29.809844,35.046095
"5936630664",2436736,"Lepus capensis Linnaeus, 1758","SPECIES",31.250079,35.190055
"5936630665",2437787,"Gerbillus gerbillus (Olivier, 1800)","SPECIES",29.816987,35.044356
"5936630679",2437787,"Gerbillus gerbillus (Olivier, 1800)","SPECIES",29.8032,35.042361
"5936630680",2437788,"Gerbillus nanus Blanford, 1875","SPECIES",29.809303,35.046478
"5936630681",2437788,"Gerbillus nanus Blanford, 1875","SPECIES",29.817852,35.043309
"5936630682",2474029,"Alectoris chukar (J.E.Gray, 1830)","SPECIES",31.333802,35.275866
"5936630691",5219219,"Canis aureus Linnaeus, 1758","SPECIES",31.906754,34.701437
"5936630692",2437787,"Gerbillus gerbillus (Olivier, 1800)","SPECIES",29.817086,35.044387
"5936630693",2480259,"Recurvirostra avosetta Linnaeus, 1758","SPECIES",32.705023,34.941683
"5936630702",4408759,"Saxicola rubicola (Linnaeus, 1766)","SPECIES",31.793267,34.634349
"5936630703",5219219,"Canis aureus Linnaeus, 1758","SPECIES",29.807809,35.041691
"5936630704",2474029,"Alectoris chukar (J.E.Gray, 1830)","SPECIES",32.058306,34.96964
"5936630705",2482100,"Burhinus oedicnemus (Linnaeus, 1758)","SPECIES",29.823933,35.044252
"5936630706",5220154,"Gazella gazella (Pallas, 1766)","SPECIES",31.190984,34.286201
"5936630707",6063730,"Senecio vernalis Waldst. & Kit.","SPECIES",32.716315,35.134199
"5936630720",2437788,"Gerbillus nanus Blanford, 1875","SPECIES",29.802716,35.037934
"5936630721",9616058,"Falco tinnunculus Linnaeus, 1758","SPECIES",31.793285,34.634423
"5936630722",2474029,"Alectoris chukar (J.E.Gray, 1830)","SPECIES",31.292357,34.483156
"5936630723",2437787,"Gerbillus gerbillus (Olivier, 1800)","SPECIES",29.807782,35.041691
"5936630724",2437788,"Gerbillus nanus Blanford, 1875","SPECIES",29.817255,35.042214
"5936630725",2492748,"Prinia gracilis (Lichtenstein, 1823)","SPECIES",32.796347,35.042793
"5936630726",3169317,"Cyclamen persicum Mill.","SPECIES",31.975678,34.98736
"5936630736",2482100,"Burhinus oedicnemus (Linnaeus, 1758)","SPECIES",29.809412,35.04654
"5936630737",2437787,"Gerbillus gerbillus (Olivier, 1800)","SPECIES",29.817122,35.044397
"5936630738",2437788,"Gerbillus nanus Blanford, 1875","SPECIES",29.822007,35.040251
"5936630739",2481240,"Sterna sandvicensis Latham, 1787","SPECIES",32.705589,34.940828
"5936630747",4264680,"Myocastor coypus (Molina, 1782)","SPECIES",33.080037,35.606783
"5936630748",5220154,"Gazella gazella (Pallas, 1766)","SPECIES",31.187189,34.288965
"5936630758",2480500,"Aquila heliaca Savigny, 1809","SPECIES",33.08346,35.672356
"5936630759",2436736,"Lepus capensis Linnaeus, 1758","SPECIES",29.809844,35.046095
"5936630760",2437788,"Gerbillus nanus Blanford, 1875","SPECIES",29.809791,35.046622
"5936630761",2437788,"Gerbillus nanus Blanford, 1875","SPECIES",29.817077,35.044325
"5936630762",8082975,"Calligonum comosum L'Hér.","SPECIES",29.824308,35.041302
"5936630763",7563473,"Suaeda monoica Forssk.","SPECIES",29.819739,35.045013
"5936630770",2437787,"Gerbillus gerbillus (Olivier, 1800)","SPECIES",29.80943,35.04654
"5936630771",2437787,"Gerbillus gerbillus (Olivier, 1800)","SPECIES",29.817131,35.04449
"5936630772",2437788,"Gerbillus nanus Blanford, 1875","SPECIES",29.820946,35.043667
"5936630773",2480726,"Pandion haliaetus (Linnaeus, 1758)","SPECIES",32.703821,34.9403
"5936630781",2437787,"Gerbillus gerbillus (Olivier, 1800)","SPECIES",29.807872,35.04165
"5936630782",2437788,"Gerbillus nanus Blanford, 1875","SPECIES",29.817445,35.042927
"5936630783",2437787,"Gerbillus gerbillus (Olivier, 1800)","SPECIES",29.816826,35.045442
"5936630784",2437787,"Gerbillus gerbillus (Olivier, 1800)","SPECIES",29.823987,35.04422
"5936630785",2431777,"Salamandra infraimmaculata Martens, 1885","SPECIES",33.249718,35.650231
"5936630786",4252823,"Leontodon tuberosus Batt., 1889","SPECIES",32.716397,35.134274
"5936630792",9616058,"Falco tinnunculus Linnaeus, 1758","SPECIES",31.81381,35.072959
"5936630800",2474029,"Alectoris chukar (J.E.Gray, 1830)","SPECIES",31.815485,35.070728
"5936630801",2437788,"Gerbillus nanus Blanford, 1875","SPECIES",29.808939,35.043789
"5936630802",2480372,"Elanus caeruleus (Desfontaines, 1789)","SPECIES",32.572931,35.023217
"5936630816",5220154,"Gazella gazella (Pallas, 1766)","SPECIES",31.792761,35.31708
"5936630817",2436736,"Lepus capensis Linnaeus, 1758","SPECIES",29.803245,35.042371
"5936630818",2437788,"Gerbillus nanus Blanford, 1875","SPECIES",29.808985,35.043882
"5936630819",5220149,"Gazella dorcas (Linnaeus, 1758)","SPECIES",30.056228,34.915366
"5936630831",5632113,"Astragalus bethlehemiticus Boiss.","SPECIES",31.503132,35.152532
"5936630832",2437788,"Gerbillus nanus Blanford, 1875","SPECIES",29.808994,35.043882
"5936630833",2437788,"Gerbillus nanus Blanford, 1875","SPECIES",29.817888,35.043216
"5937620303",9409796,"Corvus corone orientalis Eversmann, 1841","SUBSPECIES",50.51635,115.134644
"5937620334",2492462,"Erithacus rubecula (Linnaeus, 1758)","SPECIES",44.575772,38.077806
"5937620353",2494329,"Coccothraustes coccothraustes (Linnaeus, 1758)","SPECIES",50.516167,115.133325
"5937620373",9705453,"Parus major Linnaeus, 1758","SPECIES",50.516208,115.133319
"5937620389",2482515,"Corvus cornix Linnaeus, 1758","SPECIES",44.554956,38.068436
"5937620395",5229490,"Pica pica (Linnaeus, 1758)","SPECIES",50.516419,115.133961
"5937620429",5229490,"Pica pica (Linnaeus, 1758)","SPECIES",44.542733,38.065456
"5937620470",5231190,"Passer domesticus (Linnaeus, 1758)","SPECIES",50.516208,115.133319
"5937620485",2494422,"Fringilla coelebs Linnaeus, 1758","SPECIES",44.545806,38.063386
"5937620509",5231198,"Passer montanus (Linnaeus, 1758)","SPECIES",50.516183,115.133319
"5937620565",5229490,"Pica pica (Linnaeus, 1758)","SPECIES",44.546297,38.064203
"5937620570",2477968,"Dendrocopos major (Linnaeus, 1758)","SPECIES",50.516167,115.133325
"5937620589",2495414,"Columba livia J.F.Gmelin, 1789","SPECIES",50.516489,115.134719
"5937620639",5229493,"Garrulus glandarius (Linnaeus, 1758)","SPECIES",44.571894,38.070489
"5937620662",2487843,"Poecile palustris (Linnaeus, 1758)","SPECIES",50.516208,115.133319
"5937620678",2494422,"Fringilla coelebs Linnaeus, 1758","SPECIES",44.575942,38.078342
"5937620698",2487879,"Cyanistes caeruleus (Linnaeus, 1758)","SPECIES",44.576925,38.079094
"5937620740",9705453,"Parus major Linnaeus, 1758","SPECIES",44.576742,38.078764
"5937620758",2492462,"Erithacus rubecula (Linnaeus, 1758)","SPECIES",44.576794,38.080069
"5937620778",5739315,"Phoenicurus ochruros (S.G.Gmelin, 1774)","SPECIES",44.577181,38.077861
"5937620877",2494441,"Fringilla montifringilla Linnaeus, 1758","SPECIES",44.576933,38.079081
"5937621072",5229493,"Garrulus glandarius (Linnaeus, 1758)","SPECIES",44.576389,38.079103
"5937621090",5231190,"Passer domesticus (Linnaeus, 1758)","SPECIES",44.573967,38.068006
"5937621112",2494422,"Fringilla coelebs Linnaeus, 1758","SPECIES",44.576181,38.074022
"5937621136",5229490,"Pica pica (Linnaeus, 1758)","SPECIES",44.576853,38.078433
"5937621156",2482515,"Corvus cornix Linnaeus, 1758","SPECIES",44.585522,38.044039
"5937621484",5845582,"Chloris chloris (Linnaeus, 1758)","SPECIES",44.575206,38.067097
"5937621656",2487866,"Poecile montanus (Conrad von Baldenstein, 1827)","SPECIES",55.365842,86.185908
"5937621680",7690702,"Lanius borealis Vieillot, 1808","SPECIES",55.370583,86.175094
"5937621705",2494329,"Coccothraustes coccothraustes (Linnaeus, 1758)","SPECIES",55.370044,86.185478
"5937621731",2477968,"Dendrocopos major (Linnaeus, 1758)","SPECIES",55.365842,86.185908
"5937622022",2494543,"Pyrrhula pyrrhula (Linnaeus, 1758)","SPECIES",55.361294,86.183933
"5937622044",2484916,"Sitta europaea Linnaeus, 1758","SPECIES",55.369997,86.177153
"5937622957",6065824,"Larus ridibundus Linnaeus, 1766","SPECIES",44.556297,38.069536
"5937622985",6065824,"Larus ridibundus Linnaeus, 1766","SPECIES",44.573125,38.067781
"5937623065",2481890,"Phalacrocorax carbo (Linnaeus, 1758)","SPECIES",44.84343,37.38576
"5937623118",8151548,"Larus melanocephalus Temminck, 1820","SPECIES",44.556778,38.071022
"5937623122",2484605,"Bombycilla garrulus (Linnaeus, 1758)","SPECIES",50.521758,115.141672
"5937623220",9761484,"Anas platyrhynchos Linnaeus, 1758","SPECIES",44.572464,38.068772
"5937623232",2495455,"Columba palumbus Linnaeus, 1758","SPECIES",44.574028,38.074461
"5937623236",2487866,"Poecile montanus (Conrad von Baldenstein, 1827)","SPECIES",50.522414,115.141208
"5937623248",2481890,"Phalacrocorax carbo (Linnaeus, 1758)","SPECIES",44.5741,38.066047
"5937623257",2495696,"Streptopelia decaocto (Frivaldszky, 1838)","SPECIES",44.573572,38.068392
"5937623261",7690055,"Uragus sibiricus (Pallas, 1773)","SPECIES",50.52245,115.140972
"5937623326",2481240,"Thalasseus sandvicensis (Latham, 1787)","SPECIES",44.569183,38.071467
"5937623330",9705453,"Parus major Linnaeus, 1758","SPECIES",50.521931,115.141594
"5937623356",9413670,"Larus michahellis J.F.Naumann, 1840","SPECIES",44.556319,38.071069
"5937623360",2490740,"Turdus ruficollis Pallas, 1776","SPECIES",50.521778,115.141992
"5937623387",2474377,"Fulica atra Linnaeus, 1758","SPECIES",44.555914,38.067475
"5937623413",2490719,"Turdus merula Linnaeus, 1758","SPECIES",44.8014,37.3693
"5937623432",5229493,"Garrulus glandarius (Linnaeus, 1758)","SPECIES",44.80159,37.36938
"5937623440",2498255,"Aythya ferina (Linnaeus, 1758)","SPECIES",44.562017,38.075903
"5937623451",2495414,"Columba livia J.F.Gmelin, 1789","SPECIES",44.5721,38.070022
"5937623456",2487843,"Poecile palustris (Linnaeus, 1758)","SPECIES",50.522825,115.140394
"5937623468",2481890,"Phalacrocorax carbo (Linnaeus, 1758)","SPECIES",44.555636,38.046244
"5937623481",2494514,"Carpodacus roseus (Pallas, 1776)","SPECIES",50.523372,115.141219
"5937623488",2482048,"Tachybaptus ruficollis (Pallas, 1764)","SPECIES",44.572586,38.068853
"5937623500",2494543,"Pyrrhula pyrrhula (Linnaeus, 1758)","SPECIES",50.523836,115.14135
"5937623507",2482054,"Podiceps cristatus (Linnaeus, 1758)","SPECIES",44.556986,38.056803
"5937623520",5231630,"Acanthis flammea (Linnaeus, 1758)","SPECIES",50.523522,115.140661
"5937623525",2474377,"Fulica atra Linnaeus, 1758","SPECIES",44.562264,38.076044
"5937623543",9616058,"Falco tinnunculus Linnaeus, 1758","SPECIES",44.545769,38.065133
"5937623624",2482515,"Corvus cornix Linnaeus, 1758","SPECIES",55.340122,86.189567
"5937623644",7690055,"Uragus sibiricus (Pallas, 1773)","SPECIES",55.342997,86.245564
"5937623649",2495696,"Streptopelia decaocto (Frivaldszky, 1838)","SPECIES",44.554994,38.069192
"5937623664",2497509,"Strix uralensis Pallas, 1771","SPECIES",55.348144,86.245092
"5937623669",9687165,"Motacilla alba Linnaeus, 1758","SPECIES",44.5693,38.07225
"5937623694",5229377,"Puffinus yelkouan (Acerbi, 1827)","SPECIES",44.80073,37.36925
"5937623706",9705453,"Parus major Linnaeus, 1758","SPECIES",55.341744,86.184003
"5937623718",5231190,"Passer domesticus (Linnaeus, 1758)","SPECIES",44.75738,37.38069
"5937623729",5229490,"Pica pica (Linnaeus, 1758)","SPECIES",55.341811,86.183686
"5937623760",9413670,"Larus michahellis J.F.Naumann, 1840","SPECIES",44.80098,37.36922
"5937623773",2482492,"Corvus corax Linnaeus, 1758","SPECIES",55.341883,86.183944
"5937623791",2498261,"Aythya fuligula (Linnaeus, 1758)","SPECIES",44.561572,38.075631
"5937623800",2495414,"Columba livia J.F.Gmelin, 1789","SPECIES",44.555256,38.071294
"5937623805",2495000,"Aegithalos caudatus (Linnaeus, 1758)","SPECIES",50.522881,115.140169
"5937623811",7690055,"Uragus sibiricus (Pallas, 1773)","SPECIES",55.369067,86.168914
"5937623824",2495696,"Streptopelia decaocto (Frivaldszky, 1838)","SPECIES",44.554956,38.065367
"5937623828",2494329,"Coccothraustes coccothraustes (Linnaeus, 1758)","SPECIES",55.344692,86.226958
"5937623830",9705453,"Parus major Linnaeus, 1758","SPECIES",55.355378,86.185394
"5937623846",2495455,"Columba palumbus Linnaeus, 1758","SPECIES",44.572106,38.070361
"5937623851",2484605,"Bombycilla garrulus (Linnaeus, 1758)","SPECIES",55.340039,86.189414
"5937623869",2482054,"Podiceps cristatus (Linnaeus, 1758)","SPECIES",44.80161,37.37026
"5937623880",2495000,"Aegithalos caudatus (Linnaeus, 1758)","SPECIES",55.340594,86.237669
"5937623893",6065824,"Larus ridibundus Linnaeus, 1766","SPECIES",44.75809,37.38135
"5937623912",2482048,"Tachybaptus ruficollis (Pallas, 1764)","SPECIES",44.75887,37.38357
"5937623924",5231190,"Passer domesticus (Linnaeus, 1758)","SPECIES",55.340514,86.189567
"5937623934",6065824,"Larus ridibundus Linnaeus, 1766","SPECIES",44.75879,37.38317
"5937623948",2490719,"Turdus merula Linnaeus, 1758","SPECIES",44.570981,38.071653
"5937623952",7341881,"Cyanopica cyanus (Pallas, 1776)","SPECIES",50.523339,115.140106
"5937623970",5739315,"Phoenicurus ochruros (S.G.Gmelin, 1774)","SPECIES",44.575347,38.076833
"5937623973",5229490,"Pica pica (Linnaeus, 1758)","SPECIES",50.522428,115.142936
"5937623990",2490719,"Turdus merula Linnaeus, 1758","SPECIES",44.572661,38.071361
"5937624011",5739315,"Phoenicurus ochruros (S.G.Gmelin, 1774)","SPECIES",44.565622,38.075119
"5937624015",9409796,"Corvus corone orientalis Eversmann, 1841","SUBSPECIES",50.522586,115.141864
"5937624032",5229493,"Garrulus glandarius (Linnaeus, 1758)","SPECIES",44.572931,38.069256
"5937624036",2482492,"Corvus corax Linnaeus, 1758","SPECIES",50.523953,115.140747
"5937624044",2481890,"Phalacrocorax carbo (Linnaeus, 1758)","SPECIES",44.574225,38.065386
"5937624052",2495414,"Columba livia J.F.Gmelin, 1789","SPECIES",44.572803,38.069428
"5937624060",5739315,"Phoenicurus ochruros (S.G.Gmelin, 1774)","SPECIES",44.575619,38.077442
"5937624065",2481240,"Thalasseus sandvicensis (Latham, 1787)","SPECIES",44.7612,37.38659
"5937624069",2481890,"Phalacrocorax carbo (Linnaeus, 1758)","SPECIES",44.556872,38.072369
"5937624078",2495696,"Streptopelia decaocto (Frivaldszky, 1838)","SPECIES",44.577006,38.079903
"5937624090",2480482,"Circus aeruginosus (Linnaeus, 1758)","SPECIES",44.76122,37.38659
"5937624094",2482065,"Podiceps nigricollis C.L.Brehm, 1831","SPECIES",44.556711,38.071617
"5937624102",2478031,"Dendrocopos syriacus (Hemprich & Ehrenberg, 1833)","SPECIES",44.576631,38.074519
"5937624117",2484605,"Bombycilla garrulus (Linnaeus, 1758)","SPECIES",55.365842,86.185908
"5937624118",9761484,"Anas platyrhynchos Linnaeus, 1758","SPECIES",44.563508,38.076106
"5937624128",2482065,"Podiceps nigricollis C.L.Brehm, 1831","SPECIES",44.583378,38.053314
"5937624135",2490669,"Galerida cristata (Linnaeus, 1758)","SPECIES",44.546625,38.059803
"5937624139",5231198,"Passer montanus (Linnaeus, 1758)","SPECIES",55.366622,86.184878
"5937624150",5231190,"Passer domesticus (Linnaeus, 1758)","SPECIES",44.575939,38.078061
"5937624154",2480567,"Buteo hemilasius Temminck & Schlegel, 1844","SPECIES",50.523461,115.142314
"5937624160",2495414,"Columba livia J.F.Gmelin, 1789","SPECIES",55.341811,86.183686
"5937624164",2495414,"Columba livia J.F.Gmelin, 1789","SPECIES",55.348239,86.187539
"5937624173",2482515,"Corvus cornix Linnaeus, 1758","SPECIES",44.554933,38.067111
"5937624178",2478548,"Picus canus J.F.Gmelin, 1788","SPECIES",50.520911,115.142058
"5937624184",2484916,"Sitta europaea Linnaeus, 1758","SPECIES",55.34675,86.248739
"5937624187",2498261,"Aythya fuligula (Linnaeus, 1758)","SPECIES",44.562344,38.076169
"5937624195",6065824,"Larus ridibundus Linnaeus, 1766","SPECIES",44.582067,38.055686
"5937624201",2490719,"Turdus merula Linnaeus, 1758","SPECIES",44.575192,38.07685
"5937624205",2482054,"Podiceps cristatus (Linnaeus, 1758)","SPECIES",44.7612,37.38659
"5937624210",2498255,"Aythya ferina (Linnaeus, 1758)","SPECIES",44.562472,38.076169
"5937624218",9616058,"Falco tinnunculus Linnaeus, 1758","SPECIES",44.585483,38.045083
"5937624224",2490266,"Anthus pratensis (Linnaeus, 1758)","SPECIES",44.546742,38.064331
"5937624236",2487866,"Poecile montanus (Conrad von Baldenstein, 1827)","SPECIES",55.343314,86.246228
"5937624248",2482065,"Podiceps nigricollis C.L.Brehm, 1831","SPECIES",44.76101,37.38634
"5937624253",6100954,"Corvus monedula Linnaeus, 1758","SPECIES",55.342061,86.183847
"5937624266",6065824,"Larus ridibundus Linnaeus, 1766","SPECIES",44.574217,38.066464
"5937624271",9409796,"Corvus corone orientalis Eversmann, 1841","SUBSPECIES",55.340122,86.189567
"5937624284",5229493,"Garrulus glandarius (Linnaeus, 1758)","SPECIES",44.560242,38.076533
"5937624289",9015784,"Dendrocopos minor (Linnaeus, 1758)","SPECIES",50.523181,115.140522
"5937624298",2482515,"Corvus cornix Linnaeus, 1758","SPECIES",55.365303,86.186081
"5937624313",9413670,"Larus michahellis J.F.Naumann, 1840","SPECIES",44.551928,38.048336
"5937624318",2494543,"Pyrrhula pyrrhula (Linnaeus, 1758)","SPECIES",55.341644,86.2039
"5937624321",2482054,"Podiceps cristatus (Linnaeus, 1758)","SPECIES",44.563664,38.076342
"5937624331",2477968,"Dendrocopos major (Linnaeus, 1758)","SPECIES",44.576492,38.074306
"5937624344",2474377,"Fulica atra Linnaeus, 1758","SPECIES",44.561939,38.075989
"5937624369",2482059,"Podiceps auritus (Linnaeus, 1758)","SPECIES",44.561353,38.075881
"5937624378",2490719,"Turdus merula Linnaeus, 1758","SPECIES",44.577175,38.078531
"5937624420",5229490,"Pica pica (Linnaeus, 1758)","SPECIES",55.368286,86.1896
"5937624432",8151548,"Larus melanocephalus Temminck, 1820","SPECIES",44.555425,38.05635
"5937624437",2477968,"Dendrocopos major (Linnaeus, 1758)","SPECIES",55.347619,86.246208
"5937624477",2494441,"Fringilla montifringilla Linnaeus, 1758","SPECIES",44.565725,38.075483
"5937624528",9015784,"Dendrocopos minor (Linnaeus, 1758)","SPECIES",55.355378,86.184619
"5937624537",2481890,"Phalacrocorax carbo (Linnaeus, 1758)","SPECIES",44.574114,38.066497
"5937624544",2477968,"Dendrocopos major (Linnaeus, 1758)","SPECIES",44.576503,38.078475
"5937624551",6100954,"Corvus monedula Linnaeus, 1758","SPECIES",55.343725,86.178964
"5937624628",2495414,"Columba livia J.F.Gmelin, 1789","SPECIES",55.343725,86.178964
"5937624633",5231190,"Passer domesticus (Linnaeus, 1758)","SPECIES",44.574478,38.069786
"5937624643",2484605,"Bombycilla garrulus (Linnaeus, 1758)","SPECIES",55.350564,86.173083
"5937624648",2494422,"Fringilla coelebs Linnaeus, 1758","SPECIES",44.564219,38.076678
"5938026305",1919333,"Euchloe belemia (Esper, 1800)","SPECIES",31.948055,34.956871
"5938026306",1920506,"Pieris brassicae (Linnaeus, 1758)","SPECIES",31.948055,34.956871
"5938026307",4299368,"Vanessa cardui (Linnaeus, 1758)","SPECIES",31.948055,34.956871
"5938026308",1936969,"Archon apollinus (Herbst, 1798)","SPECIES",31.948055,34.956871
"5938027339",5298546,"Iris domestica (L.) Goldblatt & Mabb.","SPECIES",1.334048,103.728768
"5938027363",1919534,"Delias pasithoe (Linnaeus, 1758)","SPECIES",22.277541,114.156015
"5938027370",5529644,"Alsophila spinulosa (Wall. ex Hook.) R.M.Tryon","SPECIES",24.379597,120.910775
"5938027375",2482515,"Corvus cornix Linnaeus, 1758","SPECIES",32.097992,34.80883
"5938027376",10773198,"Phintelloides versicolor (C.L.Koch, 1846)","SPECIES",10.774296,106.69435
"5938027458",5231198,"Passer montanus saturatus Stejneger, 1885","SUBSPECIES",35.658909,139.76112
"5938027487",5845375,"Acridotheres javanicus Cabanis, 1851","SPECIES",1.31915,103.89167
"5938027498",2496467,"Clamator coromandus (Linnaeus, 1766)","SPECIES",11.079803,79.828217
"5938027505",7691806,"Psilopogon haemacephalus (P.L.S.Müller, 1776)","SPECIES",12.311931,77.276921
"5938027511",2480876,"Egretta garzetta (Linnaeus, 1766)","SPECIES",12.782749,80.236628
"5938027513",2493623,"Lonchura atricapilla (Vieillot, 1807)","SPECIES",4.84913,114.856347
"5938027514",3940982,"Hibiscus taiwanensis S.Y.Hu","SPECIES",23.754302,120.623034
"5938027515",2482515,"Corvus cornix Linnaeus, 1758","SPECIES",56.881746,60.513633
"5938027530",2481713,"Tringa glareola Linnaeus, 1758","SPECIES",25.084748,121.196012
"5938027615",2158544,"Gasteracantha geminata (Fabricius, 1798)","SPECIES",12.509176,79.8358
"5938027620",2480863,"Nycticorax nycticorax (Linnaeus, 1758)","SPECIES",24.104444,120.691389
"5938027628",2482499,"Corvus splendens Vieillot, 1817","SPECIES",11.891788,77.771567
"5938027637",9761484,"Anas platyrhynchos Linnaeus, 1758","SPECIES",56.700906,60.832891
"5938027638",2481800,"Actitis hypoleucos (Linnaeus, 1758)","SPECIES",1.281688,103.877155
"5938027666",5231198,"Passer montanus (Linnaeus, 1758)","SPECIES",24.801358,120.916536
"5938027792",7229062,"Tectaria dissecta (G.Forst.) Lellinger","SPECIES",23.555948,120.657704
"5938027804",6100944,"Spodiopsar cineraceus (Temminck, 1835)","SPECIES",35.993683,119.404716
"5938027811",2912772,"Chassalia curviflora (Wall.) Thwaites","SPECIES",1.342938,103.821113
"5938027830",2495093,"Cinclus cinclus (Linnaeus, 1758)","SPECIES",51.926898,85.345564
"5938027841",2474377,"Fulica atra Linnaeus, 1758","SPECIES",31.442536,120.205378
"5938027845",5881946,"Ypthima huebneri Kirby, 1871","SPECIES",5.413569,100.78179
"5938027850",2480905,"Ardeola grayii (Sykes, 1832)","SPECIES",12.804274,80.245152
"5938027851",8294007,"Turdus naumanni Temminck, 1820","SPECIES",39.883707,116.400332
"5938027856",1427734,"Crocothemis servilia (Drury, 1773)","SPECIES",13.545757,100.602878
"5938027867",2481728,"Tringa ochropus Linnaeus, 1758","SPECIES",42.289777,69.589423
"5938027873",7812410,"Stichodactyla haddoni (Saville-Kent, 1893)","SPECIES",1.388826,103.941365
"5938027879",2480437,"Haliastur indus (Boddaert, 1783)","SPECIES",13.712335,75.252464
"5938027983",2495681,"Streptopelia orientalis (Latham, 1790)","SPECIES",25.030331,121.514893
"5938028025",2486150,"Pycnonotus sinensis (Gmelin, 1789)","SPECIES",32.184416,119.507536
"5938028039",2484605,"Bombycilla garrulus (Linnaeus, 1758)","SPECIES",53.690445,88.08003
"5938028040",4036385,"Persicaria chinensis (L.) H.Gross","SPECIES",24.246475,120.935363
"5938028043",2436538,"Trachypithecus pileatus (Blyth, 1843)","SPECIES",27.209268,91.189951
"5938028054",9797180,"Ardea cinerea Linnaeus, 1758","SPECIES",25.022331,121.306229
"5938028070",3121258,"Artemisia princeps Pamp.","SPECIES",33.500266,130.472109
"5938028078",2453368,"Ahaetulla prasina (Boie, 1827)","SPECIES",6.423212,99.682853
"5938028317",2480876,"Egretta garzetta (Linnaeus, 1766)","SPECIES",24.985223,121.677679
"5938028353",2484710,"Dicaeum cruentatum (Linnaeus, 1758)","SPECIES",1.365046,103.837744
"5938028413",5224321,"Coelognathus radiatus (Boie, 1827)","SPECIES",12.910535,99.658302
"5938028419",2484526,"Psarisomus dalhousiae (Jameson, 1835)","SPECIES",14.437808,101.371763
"5938028422",8329645,"Volvopluteus gloiocephalus (DC.) Vizzini, Contu & Justo","SPECIES",32.772115,35.034427
"5938028439",6066512,"Microcarbo niger (Vieillot, 1817)","SPECIES",11.818958,75.432428
"5938028455",2486121,"Pycnonotus aurigaster (Vieillot, 1818)","SPECIES",22.325472,114.217367
"5938028467",6055063,"Tectaria polymorpha (Wall. ex Hook.) Copel.","SPECIES",23.558486,120.654465
"5938028468",3074251,"Macaranga tanarius (L.) Müll.Arg.","SPECIES",3.142577,101.6316
"5938028473",1406421,"Hestiasula brunneriana Saussure, 1871","SPECIES",12.869336,80.243512
"5938028505",2481047,"Falco peregrinus Tunstall, 1771","SPECIES",35.034672,32.423479
"5938028507",2375731,"Periophthalmodon schlosseri (Pallas, 1770)","SPECIES",1.446489,103.732365
"5938028511",5858758,"Cornu aspersum (O.F.Müller, 1774)","SPECIES",40.866892,29.127494
"5938028568",2489362,"Zosterops palpebrosus (Temminck, 1824)","SPECIES",12.88164,77.688845
"5938028572",5358748,"Trifolium repens L.","SPECIES",25.074717,121.537942
"5938028573",7341881,"Cyanopica cyanus (Pallas, 1776)","SPECIES",20.044285,110.320346
"5938028579",8139414,"Frankenia hirsuta L.","SPECIES",34.872883,32.342
"5938028595",5410893,"Campanula dimorphantha Schweinf.","SPECIES",18.366014,73.75785
"5938028627",2495691,"Streptopelia tranquebarica (Hermann, 1804)","SPECIES",25.034086,121.520662
"5938028640",2493107,"Actinodura morrisoniana Ogilvie-Grant, 1906","SPECIES",23.628588,120.798563
"5938029315",1924713,"Lampides boeticus (Linnaeus, 1767)","SPECIES",24.724217,93.835142
"5938029355",5415040,"Olea europaea L.","SPECIES",34.893147,32.345087
"5938029443",2435035,"Felis catus Linnaeus, 1758","SPECIES",31.22539,121.45223
"5938029486",2470685,"Varanus salvator (Laurenti, 1768)","SPECIES",6.40212,99.859094
"5938029488",1323448,"Tetramorium lanuginosum Mayr, 1870","SPECIES",17.395891,78.354659
"5938029562",5230300,"Hypsipetes leucocephalus (Gmelin, 1789)","SPECIES",30.254034,120.123515
"5938029610",7340537,"Argya striata (Dumont, 1823)","SPECIES",25.407243,81.846918
"5938029622",2498112,"Anas acuta Linnaeus, 1758","SPECIES",36.814395,126.282603
"5938029628",9616058,"Falco tinnunculus Linnaeus, 1758","SPECIES",35.133502,135.991125
"5938029637",5523602,"Thymelaea hirsuta (L.) Endl.","SPECIES",33.069068,35.115015
"5938029644",2486687,"Terpsiphone paradisi (Linnaeus, 1758)","SPECIES",12.311931,77.276921
"5938029734",NA,"Butorides Blyth, 1852","GENUS",1.355255,103.857498
"5938029749",3058942,"Croton hirtus L'Hér.","SPECIES",7.40698,80.255537
"5938029759",1017477,"Anoplodesmus saussurii (Humbert, 1865)","SPECIES",9.550337,123.75612
"5938029775",2470685,"Varanus salvator (Laurenti, 1768)","SPECIES",3.147267,101.695245
"5938029829",1918584,"Lebadea martha Fabricius, 1787","SPECIES",1.334624,103.817803
"5938029830",2168426,"Cosmophasis thalassina (C.L.Koch, 1846)","SPECIES",1.334624,103.817803
"5938029892",5420986,"Ludwigia erecta (L.) H.Hara","SPECIES",24.817144,120.91169
"5938029989",9761484,"Anas platyrhynchos Linnaeus, 1758","SPECIES",35.904581,139.697143
"5938030010",2437396,"Callosciurus notatus (Boddaert, 1785)","SPECIES",1.406803,103.790047
"5938030026",2481121,"Chlidonias hybrida (Pallas, 1811)","SPECIES",-7.311005,112.823343
"5938030037",1918321,"Lethe confusa Aurivillius, 1897","SPECIES",22.50426,114.390014
"5938030038",6065810,"Chroicocephalus genei (Brème, 1839)","SPECIES",24.453017,54.605295
"5938030040",5302174,"Alpinia intermedia Gagnep.","SPECIES",25.162339,121.707696
"5938030052",5189806,"Physella acuta (Draparnaud, 1805)","SPECIES",35.385945,136.670258
"5938030055",7316804,"Anodendron affine (Hook. & Arn.) Druce","SPECIES",25.128581,121.519194
"5938030056",2480449,"Haliaeetus albicilla (Linnaeus, 1758)","SPECIES",51.482824,80.31052
"5938030059",6100921,"Suthora webbiana Gould, 1852","SPECIES",36.394635,127.410015
"5938030088",2479226,"Psittacula krameri (Scopoli, 1769)","SPECIES",12.976945,77.596138
"5938030136",5211134,"Chlorurus sordidus (Forsskål, 1775)","SPECIES",27.913528,34.349144
"5938030146",5231759,"Prunella montanella (Pallas, 1776)","SPECIES",40.081354,116.044522
"5938030164",2440946,"Muntiacus reevesi (Ogilby, 1839)","SPECIES",22.690698,120.99061
"5938030179",9797180,"Ardea cinerea Linnaeus, 1758","SPECIES",22.508724,114.113266
"5938030184",5361841,"Pilea microphylla (L.) Liebm.","SPECIES",25.124507,121.750608
"5938030189",2475532,"Alcedo atthis (Linnaeus, 1758)","SPECIES",40.013544,116.37955
"5938030199",1926436,"Prosotas dubiosa (Semper)","SPECIES",22.428875,114.180886
"5938030322",5226813,"Bungarus multicinctus Blyth, 1861","SPECIES",21.041522,105.85195
"5938030351",2930222,"Solanum americanum Mill.","SPECIES",22.652357,120.260234
"5938030385",8406468,"Lepisorus fortuni (T.Moore) C.M.Kuo","SPECIES",24.378808,120.910506
"5938030394",7642610,"Danaus chrysippus (Linnaeus, 1758)","SPECIES",22.821512,58.002456
"5938030403",6100954,"Coloeus monedula (Linnaeus, 1758)","SPECIES",57.117502,65.574599
"5938030408",5231190,"Passer domesticus (Linnaeus, 1758)","SPECIES",52.278305,85.431502
"5938030427",2496369,"Phaenicophaeus tristis (Lesson, 1830)","SPECIES",13.795095,101.675513
"5938030436",2480327,"Pluvialis squatarola (Linnaeus, 1758)","SPECIES",24.690754,120.937515
"5938030442",1404055,"Tropidomantis gressitti Tinkham, 1937","SPECIES",22.674834,113.84365
"5938030522",2493598,"Lonchura punctulata (Linnaeus, 1758)","SPECIES",22.446361,114.038426
"5938030566",1311425,"Vespa bicolor Fabricius, 1787","SPECIES",23.186944,113.364357
"5938030588",9705453,"Parus major Linnaeus, 1758","SPECIES",54.766379,83.079369
"5938030594",6101070,"Parus cinereus Vieillot, 1818","SPECIES",36.481942,138.5401
"5938030605",5232483,"Mergus squamatus Gould, 1864","SPECIES",28.374088,119.983526
"5938030895",3190583,"Pistacia lentiscus L.","SPECIES",35.059425,32.325847
"5938030899",3033261,"Anemone coronaria L.","SPECIES",35.059425,32.326033
"5938030964",5615707,"Angiopteris lygodiifolia Rosenst.","SPECIES",24.685745,121.126849
"5938030966",5130471,"Junonia almana (Linnaeus, 1758)","SPECIES",17.162112,102.697835
"5938030984",2480905,"Ardeola grayii (Sykes, 1832)","SPECIES",11.507453,77.234319
"5938030995",5724454,"Siphonaria sipho Sowerby","SPECIES",10.19752,118.901253
"5938030997",2436603,"Macaca fascicularis (Raffles, 1821)","SPECIES",1.201093,103.952393
"5938030998",2422538,"Duttaphrynus melanostictus (Schneider, 1799)","SPECIES",12.030347,93.000161
"5938031001",2480934,"Ardea purpurea Linnaeus, 1766","SPECIES",1.320859,103.769375
"5938031006",6101224,"Spilopelia chinensis (Scopoli, 1786)","SPECIES",24.370366,92.169556
"5938031333",9761484,"Anas platyrhynchos Linnaeus, 1758","SPECIES",34.892925,32.341075
"5938031405",2479226,"Psittacula krameri (Scopoli, 1769)","SPECIES",1.33974,103.728348
"5938031421",2497509,"Strix uralensis Pallas, 1771","SPECIES",55.28537,82.410424
"5938031427",2482048,"Tachybaptus ruficollis (Pallas, 1764)","SPECIES",40.011684,116.315896
"5938031463",5229167,"Milvus migrans (Boddaert, 1783)","SPECIES",14.95128,100.515397
"5938031546",5228199,"Gallinula chloropus (Linnaeus, 1758)","SPECIES",44.36298,38.537162
"5938031552",2925562,"Vitex agnus-castus L.","SPECIES",34.928597,32.915688
"5938031618",5387974,"Youngia japonica (L.) DC.","SPECIES",24.987011,121.32103
"5938031642",1702765,"Xenocatantops humilis (Serville, 1838)","SPECIES",1.334624,103.817803
"5938031643",5231198,"Passer montanus (Linnaeus, 1758)","SPECIES",-7.265355,110.400603
"5938031648",2480899,"Egretta sacra (Gmelin, 1789)","SPECIES",22.275848,114.295172
"5938031656",7852114,"Turdus mandarinus Bonaparte, 1850","SPECIES",39.883928,116.414088
"5938031660",2453329,"Ahaetulla nasuta (Lacépède, 1789)","SPECIES",8.395228,80.625274
"5938031685",2495681,"Streptopelia orientalis (Latham, 1790)","SPECIES",39.81353,116.241257
"5938031687",2435035,"Felis catus Linnaeus, 1758","SPECIES",41.034552,29.027271
"5938031696",2435035,"Felis catus Linnaeus, 1758","SPECIES",25.294375,51.539863
"5938031706",2437394,"Callosciurus erythraeus (Pallas, 1779)","SPECIES",22.97275,120.22242
"5938031712",2423776,"Polypedates maculatus (Gray, 1830)","SPECIES",20.188285,79.323935
"5938031722",2498415,"Upupa epops Linnaeus, 1758","SPECIES",32.401283,34.935413
"5938031811",2496253,"Cacomantis merulinus (Scopoli, 1786)","SPECIES",16.458688,102.809161
"5938031815",2484918,"Tichodroma muraria (Linnaeus, 1766)","SPECIES",34.551677,112.476432
"5938031819",4408790,"Turdus atrogularis Jarocki, 1819","SPECIES",52.524116,85.163803
"5938031846",5724493,"Aplysia oculifera A.Adams & Reeve, 1850","SPECIES",25.018073,121.999128
"5938031847",2925303,"Lantana camara L.","SPECIES",12.820713,77.826347
"5938031855",9616058,"Falco tinnunculus Linnaeus, 1758","SPECIES",14.382887,101.386588
"5938031857",5231910,"Hierococcyx varius (Vahl, 1797)","SPECIES",12.918313,77.680097
"5938031859",4175715,"Litsea hypophaea Hayata","SPECIES",25.156165,121.707305
"5938031878",5571945,"Ficus erecta Thunb.","SPECIES",25.091181,121.582755
"5938031887",6411486,"Premna serratifolia L.","SPECIES",21.937729,120.799828
"5938032306",5229410,"Anastomus oscitans (Boddaert, 1783)","SPECIES",1.289467,103.876047
"5938032325",2478548,"Picus canus J.F.Gmelin, 1788","SPECIES",56.016171,69.486333
"5938032343",6100882,"Geokichla citrina (Latham, 1790)","SPECIES",15.722331,73.978645
"5938032462",2480880,"Ardea intermedia Wagler, 1829","SPECIES",1.27823,103.867467
"5938032464",2498261,"Aythya fuligula (Linnaeus, 1758)","SPECIES",44.478339,38.049897
"5938032474",1808236,"Amata sperbius Fabricius, 1787","SPECIES",13.144027,100.965228
"5938032487",2481792,"Numenius arquata (Linnaeus, 1758)","SPECIES",19.015496,73.006286
"5938032488",2498255,"Aythya ferina (Linnaeus, 1758)","SPECIES",34.387735,133.093572
"5938032713",2433686,"Lutra perspicillata I.Geoffroy Saint-Hilaire, 1826","SPECIES",1.218789,103.615816
"5938032714",2433686,"Lutra perspicillata I.Geoffroy Saint-Hilaire, 1826","SPECIES",1.328665,103.704054
"5938032717",1341974,"Apis florea Fabricius, 1787","SPECIES",1.320859,103.769375
"5938032727",9273219,"Lanius schach Linnaeus, 1758","SPECIES",12.819702,77.548591
"5938032751",10747025,"Trichonephila antipodiana (Walckenaer, 1841)","SPECIES",13.736153,100.473746
"5938032855",5229171,"Circus melanoleucos (Pennant, 1769)","SPECIES",14.950847,100.515113
"5938032883",5231198,"Passer montanus (Linnaeus, 1758)","SPECIES",56.016171,69.486333
"5938032910",5171294,"Heteropoda amphora Fox, 1936","SPECIES",22.427098,114.183017
"5938032988",2435035,"Felis catus Linnaeus, 1758","SPECIES",24.111409,120.493417
"5938032996",2491522,"Emberiza spodocephala Pallas, 1776","SPECIES",31.076343,121.176621
"5938033014",2480433,"Spilornis cheela (Latham, 1790)","SPECIES",23.604253,120.547131
"5938033017",2491582,"Emberiza rustica Pallas, 1776","SPECIES",36.832283,126.278982
"5938033019",1908953,"Tanaecia pelea Fabricius, 1787","SPECIES",1.334624,103.817803
"5938033020",4258273,"Asplenium formosae Christ","SPECIES",23.53857,120.688526
"5938033029",9797180,"Ardea cinerea jouyi A.H.Clark, 1907","SUBSPECIES",35.752573,139.891596
"5938033030",5855755,"Anomalodiscus squamosus (Linnaeus, 1758)","SPECIES",1.296963,103.90372
"5938033033",7746205,"Tricondyla brunnea Dokhtouroff, 1883","SPECIES",1.399853,103.806938
"5938033034",9515886,"Hirundo rustica Linnaeus, 1758","SPECIES",16.320483,81.736253
"5938033035",5231333,"Acrocephalus stentoreus (Hemprich & Ehrenberg, 1833)","SPECIES",19.260592,72.850511
"5938033053",2486813,"Pericrocotus ethologus Bangs & J.C.Phillips, 1914","SPECIES",19.821245,99.158651
"5938033077",2480907,"Ardeola bacchus (Bonaparte, 1855)","SPECIES",23.294369,113.7208
"5938033547",5340387,"Geophila herbacea (Jacq.) K.Schum.","SPECIES",24.601059,121.851929
"5938033549",5229167,"Milvus migrans lineatus (J.E.Gray, 1831)","SUBSPECIES",35.02987,135.771713
"5938033588",1428590,"Orthetrum testaceum (Burmeister, 1839)","SPECIES",1.334624,103.817803
"5938033591",10612471,"Tetramorium wroughtonii (Forel, 1902)","SPECIES",22.425477,113.34789
"5938033654",4170901,"Arbutus andrachne L.","SPECIES",34.928703,32.91608
"5938033660",2486131,"Pycnonotus cafer (Linnaeus, 1766)","SPECIES",27.0319,75.889072
"5938033669",2482492,"Corvus corax Linnaeus, 1758","SPECIES",53.769428,84.881723
"5938033685",10095118,"Microcarbo pygmaeus (Pallas, 1773)","SPECIES",44.686168,37.800246
"5938035106",2436603,"Macaca fascicularis (Raffles, 1821)","SPECIES",11.550434,107.401587
"5938035109",5409107,"Lobelia nummularia Lam.","SPECIES",23.06011,120.729964
"5938035131",4293587,"Tenodera angustipennis Saussure, 1869","SPECIES",35.767614,139.834079
"5938035141",5229167,"Milvus migrans (Boddaert, 1783)","SPECIES",24.803972,67.032867
"5938035144",6100882,"Geokichla citrina (Latham, 1790)","SPECIES",1.364018,103.776397
"5938035149",5230300,"Hypsipetes leucocephalus (Gmelin, 1789)","SPECIES",22.698552,120.309896
"5938035768",6101068,"Sittiparus varius (Temminck & Schlegel, 1847)","SPECIES",37.325272,127.074495
"5938035797",4647366,"Charybdis feriata (Linnaeus, 1758)","SPECIES",29.988908,122.007031
"5938035804",5228199,"Gallinula chloropus (Linnaeus, 1758)","SPECIES",40.013488,116.380277
"5938035808",2493071,"Phylloscopus borealis (J.H.Blasius, 1858)","SPECIES",1.446766,103.731763
"5938035820",4708995,"Euchrysops cnejus (Fabricius, 1798)","SPECIES",17.540961,83.044047
"5938035831",9752149,"Phasianus colchicus Linnaeus, 1758","SPECIES",34.892913,32.342005
"5938035870",5228417,"Pelargopsis capensis (Linnaeus, 1766)","SPECIES",1.446739,103.724064
"5938035963",2492428,"Cyornis tickelliae Blyth, 1843","SPECIES",17.367557,78.36038
"5938035965",2817669,"Peristylus tentaculatus (Lindl.) J.J.Sm.","SPECIES",22.206872,120.889708
"5938035967",4486330,"Spilostethus pandurus (Scopoli, 1763)","SPECIES",31.775501,35.19188
"5938035968",9500699,"Cynanchum rostellatum (Turcz.) Liede & Khanum","SPECIES",40.028314,116.379689
"5938035971",7270571,"Tripterospermum taiwanense (Masam.) Satake","SPECIES",23.53851,120.688328
"5938035972",9705453,"Parus major Linnaeus, 1758","SPECIES",56.922986,60.689368
"5938035982",9409796,"Corvus corone orientalis Eversmann, 1841","SUBSPECIES",56.032957,92.944042
"5938035987",3056259,"Acalypha indica L.","SPECIES",-6.286354,106.700429
"5938035991",2475679,"Ceryle rudis (Linnaeus, 1758)","SPECIES",12.804274,80.245152
"5938035992",1918584,"Lebadea martha Fabricius, 1787","SPECIES",1.334624,103.817803
"5938035997",7705930,"Sus scrofa cristatus Wagner, 1839","SUBSPECIES",19.162942,72.892053
"5938036005",2394208,"Sphyraena jello Cuvier, 1829","SPECIES",1.293857,103.896712
"5938036058",5229167,"Milvus migrans lineatus (J.E.Gray, 1831)","SUBSPECIES",35.638669,139.864922
"5938036061",2495486,"Geopelia striata (Linnaeus, 1766)","SPECIES",12.660513,101.259948
"5938036095",1913105,"Cupha erymanthis (Drury, 1773)","SPECIES",18.786655,110.535667
"5938036097",9705453,"Parus major Linnaeus, 1758","SPECIES",56.583422,84.941077
"5938036098",6092830,"Spinus spinus (Linnaeus, 1758)","SPECIES",36.623855,138.59648
"5938036100",2495486,"Geopelia striata (Linnaeus, 1766)","SPECIES",1.324188,103.754984
"5938036102",2486132,"Pycnonotus leucotis (Gould, 1836)","SPECIES",35.711009,51.407381
"5938036103",2491522,"Emberiza spodocephala Pallas, 1776","SPECIES",24.435583,118.387663
"5938036107",6101116,"Liocichla ripponi (Oates, 1900)","SPECIES",20.01858,99.135684
"5938036136",5846290,"Saxicola maurus (Pallas, 1773)","SPECIES",22.864649,72.061976
"5938036137",1428792,"Trithemis pallidinervis (Kirby, 1889)","SPECIES",22.861165,72.058217
"5938036207",2985940,"Kalanchoe delagoensis Eckl. & Zeyh.","SPECIES",25.016047,121.539116
"5938036262",6411486,"Premna serratifolia L.","SPECIES",13.207751,74.678862
"5938036333",5232005,"Centropus sinensis (Stephens, 1815)","SPECIES",22.509971,114.112188
"5938036337",2488999,"Gracula religiosa Linnaeus, 1758","SPECIES",3.331381,113.129887
"5938036356",8032257,"Trametes hirsuta (Wulfen) Lloyd","SPECIES",35.626485,139.425988
"5938036358",2470685,"Varanus salvator macromaculatus Deraniyagala, 1944","SUBSPECIES",1.320859,103.769375
"5938036452",2651567,"Diplopterygium glaucum (Thunb. ex Houtt.) Nakai","SPECIES",24.377153,120.910844
"5938036461",1313177,"Camponotus compressus (Fabricius, 1787)","SPECIES",25.427628,81.843486
"5938036464",9797180,"Ardea cinerea Linnaeus, 1758","SPECIES",12.874312,79.372389
"5938036535",5859295,"Elysia pusilla (Bergh, 1871)","SPECIES",13.704602,120.878389
"5938036544",5228328,"Halcyon smyrnensis (Linnaeus, 1758)","SPECIES",7.968617,80.768731
"5938036551",2149111,"Corinnomma severum (Thorell, 1877)","SPECIES",11.585075,75.761553
"5938036561",5231190,"Passer domesticus (Linnaeus, 1758)","SPECIES",54.737849,83.054693
"5938036567",5229167,"Milvus migrans (Boddaert, 1783)","SPECIES",19.140178,72.959069
"5938036569",5212089,"Amphiprion sandaracinos Allen, 1972","SPECIES",8.722843,123.413468
"5938036571",7262408,"Ficus subpisocarpa Gagnep.","SPECIES",21.98702,120.715683
"5938036575",2480437,"Haliastur indus (Boddaert, 1783)","SPECIES",8.395228,80.625274
"5938036578",7690055,"Carpodacus sibiricus (Pallas, 1773)","SPECIES",56.734679,60.763507
"5938036579",2490669,"Galerida cristata (Linnaeus, 1758)","SPECIES",44.687523,37.79837
"5938036590",1926436,"Prosotas dubiosa (Semper)","SPECIES",5.413955,100.782339
"5938036598",2498255,"Aythya ferina (Linnaeus, 1758)","SPECIES",24.473821,118.311833
"5938036646",1423134,"Agriocnemis femina (Brauer, 1868)","SPECIES",1.339467,103.821441
"5938036653",4038945,"Polystichum formosanum Rosenst.","SPECIES",23.538498,120.688461
"5938036669",2498061,"Anas zonorhyncha Swinhoe, 1866","SPECIES",36.54983,116.823623
"5938036675",10598340,"Pterorhinus sannio (Swinhoe, 1867)","SPECIES",30.653538,104.124825
"5938036678",2481938,"Mycteria leucocephala (Pennant, 1769)","SPECIES",12.717904,80.212587
"5938036702",2498415,"Upupa epops Linnaeus, 1758","SPECIES",39.813395,116.241513
"5938036855",5858158,"Aplysia kurodai Baba, 1937","SPECIES",25.018198,121.999153
"5938036906",2475532,"Alcedo atthis (Linnaeus, 1758)","SPECIES",14.095168,101.271226
"5938036919",2493071,"Phylloscopus borealis (J.H.Blasius, 1858)","SPECIES",14.717676,120.935783
"5938036924",8214667,"Anas crecca crecca Linnaeus, 1758","SUBSPECIES",25.126904,121.23683
"5938036936",6101068,"Sittiparus varius varius","SUBSPECIES",34.723098,135.713318
"5938036951",1707497,"Valanga nigricornis (Burmeister, 1838)","SPECIES",1.44491,103.72583
"5938036959",2495414,"Columba livia var. domestica J.F.Gmelin, 1789","VARIETY",53.690569,88.080054
"5938036975",2482499,"Corvus splendens Vieillot, 1817","SPECIES",28.592276,77.248769
"5938036976",2491719,"Plectrophenax nivalis (Linnaeus, 1758)","SPECIES",55.28333,82.309204
"5938037087",7346444,"Zizina otis (Fabricius, 1787)","SPECIES",12.867451,79.278236
"5938037113",9480191,"Mareca falcata (Georgi, 1775)","SPECIES",35.656034,139.443511
"5938037114",2495681,"Streptopelia orientalis (Latham, 1790)","SPECIES",25.097933,121.453946
"5938037122",5229038,"Psittacula longicauda (Boddaert, 1783)","SPECIES",1.271131,103.65694
"5938037143",11208838,"Lemmaphyllum microphyllum C.Presl","SPECIES",25.131033,121.505072
"5938037152",5229410,"Anastomus oscitans (Boddaert, 1783)","SPECIES",21.531662,76.735081
"5938037156",3054385,"Triadica cochinchinensis Lour.","SPECIES",25.131042,121.516189
"5938037165",2498180,"Netta rufina (Pallas, 1773)","SPECIES",21.336842,76.506083
"5938037168",10942408,"Meganola brunellus (Hampson, 1893)","SPECIES",22.420458,114.239225
"5938037221",2379874,"Zebrasoma desjardinii (Bennett, 1836)","SPECIES",27.913135,34.349029
"5938037226",3036888,"Aralia armata (Wall. ex G.Don) Seem.","SPECIES",25.154862,121.711215
"5938037244",4079429,"Blechnum orientale L.","SPECIES",16.396555,120.610406
"5938037254",1341979,"Apis cerana Fabricius, 1793","SPECIES",1.319423,103.750388
"5938037297",10375403,"Glycythyma chrysorycta Meyrick, 1884","SPECIES",5.948,80.456663
"5938037316",1910628,"Hypolimnas misippus Linnaeus, 1764","SPECIES",17.491365,78.302747
"5938037317",8234521,"Rubus rosifolius Sm.","SPECIES",25.16157,121.705985
"5938037323",2486121,"Pycnonotus aurigaster (Vieillot, 1818)","SPECIES",-6.956007,110.44683
"5938037327",5788731,"Anthreptes rhodolaemus Shelley, 1878","SPECIES",5.552856,100.70267
"5938037343",2473663,"Tetrastes bonasia (Linnaeus, 1758)","SPECIES",51.617833,83.977439
"5938037348",2487866,"Poecile montanus (Conrad von Baldenstein, 1827)","SPECIES",53.736823,87.170922
"5938038339",2494543,"Pyrrhula pyrrhula (Linnaeus, 1758)","SPECIES",56.468355,84.981267
"5938038343",2480934,"Ardea purpurea Linnaeus, 1766","SPECIES",12.874312,79.372389
"5938038395",2367280,"Hemiculter leucisculus (Basilewsky, 1855)","SPECIES",39.819386,116.235231
"5938038396",10704098,"Pica serica Gould, 1845","SPECIES",31.550971,120.488829
"5938038400",1429243,"Brachydiplax chalybea Brauer, 1868","SPECIES",1.339467,103.821441
"5938038402",11204069,"Fowlea flavipunctatus (Hallowell, 1860)","SPECIES",15.900947,108.335725
"5938038410",2495414,"Columba livia var. domestica J.F.Gmelin, 1789","VARIETY",37.508592,127.099913
"5938038413",2928774,"Nicotiana tabacum L.","SPECIES",29.939083,118.00948
"5938038416",7542437,"Rakantrechus etoi Ueno, 1958","SPECIES",34.338136,131.204596
"5938038426",1927043,"Arhopala paramuta (de Nicéville, 1884)","SPECIES",22.426388,114.09773
"5938038428",5229493,"Garrulus glandarius (Linnaeus, 1758)","SPECIES",57.37817,65.00735
"5938038429",9537238,"Hemidactylus frenatus Duméril & Bibron, 1836","SPECIES",25.012353,121.321037
"5938038431",5231630,"Acanthis flammea (Linnaeus, 1758)","SPECIES",55.025129,73.587732
"5938038433",2487871,"Periparus ater (Linnaeus, 1758)","SPECIES",55.159214,61.358867
"5938038438",9752617,"Ardea alba Linnaeus, 1758","SPECIES",19.127438,108.654342
"5938038440",2454880,"Fowlea piscator (Schneider, 1799)","SPECIES",27.259891,76.461045
"5938038491",2468614,"Takydromus sexlineatus Daudin, 1802","SPECIES",-7.579112,110.768077
"5938038511",5228199,"Gallinula chloropus (Linnaeus, 1758)","SPECIES",25.0824,121.201595
"5938038520",5232005,"Centropus sinensis (Stephens, 1815)","SPECIES",26.96174,94.627937
"5938038522",2475452,"Merops philippinus Linnaeus, 1767","SPECIES",3.053018,101.675003
"5938038534",5387974,"Youngia japonica (L.) DC.","SPECIES",25.161678,121.705374
"5938038535",9752617,"Ardea alba Linnaeus, 1758","SPECIES",25.084489,121.581414
"5938038541",2168408,"Cosmophasis lami Berry, Beatty & Prószyński, 1997","SPECIES",1.319423,103.750388
"5938038596",2480487,"Circus cyaneus (Linnaeus, 1766)","SPECIES",39.043231,32.12908
"5938039301",2480934,"Ardea purpurea Linnaeus, 1766","SPECIES",12.782749,80.236628
"5938039303",11535847,"Acraea terpsicore (Linnaeus, 1758)","SPECIES",13.547886,100.599847
"5938039307",2457717,"Gerarda prevostiana (Eydoux & Gervais, 1837)","SPECIES",1.444216,103.725642
"5938039311",1323448,"Tetramorium lanuginosum Mayr, 1870","SPECIES",17.396023,78.354562
"5938039316",2481748,"Calidris alba (Pallas, 1764)","SPECIES",25.093417,121.184588
"5938039633",2651816,"Adiantum capillus-veneris L.","SPECIES",25.124924,121.750466
"5938039634",5332927,"Castanopsis fargesii Franch.","SPECIES",24.195287,121.018547
"5938039635",2435035,"Felis catus Linnaeus, 1758","SPECIES",31.236788,121.55604
"5938039643",2490310,"Motacilla cinerea Tunstall, 1771","SPECIES",28.3712,119.81772
"5938039644",5228328,"Halcyon smyrnensis (Linnaeus, 1758)","SPECIES",12.311931,77.276921
"5938039655",5130476,"Junonia hedonia (Linnaeus, 1764)","SPECIES",1.334624,103.817803
"5938039664",2497509,"Strix uralensis Pallas, 1771","SPECIES",57.798761,61.42557
"5938039668",2481938,"Mycteria leucocephala (Pennant, 1769)","SPECIES",14.096862,101.272893
"5938039675",9465111,"Anthus richardi Vieillot, 1818","SPECIES",23.290914,113.718341
"5938039736",2436603,"Macaca fascicularis (Raffles, 1821)","SPECIES",3.109832,101.707764
"5938039738",2383313,"Cheilinus undulatus Rüppell, 1835","SPECIES",4.069651,72.947031
"5938039742",2492752,"Prinia socialis Sykes, 1832","SPECIES",30.469556,73.481667
"5938039749",10333787,"Melanocyma faunula","SPECIES",4.678119,101.081583
"5938039750",2436603,"Macaca fascicularis (Raffles, 1821)","SPECIES",3.081428,101.756378
"5938039754",2490740,"Turdus ruficollis Pallas, 1776","SPECIES",39.925761,116.398032
"5938039780",5361930,"Ficus pumila L.","SPECIES",24.888861,121.278866
"5938039782",3624820,"Zehneria guamensis (Merr.) Fosberg","SPECIES",25.2212,121.642247
"5938040368",2470685,"Varanus salvator macromaculatus Deraniyagala, 1944","SUBSPECIES",9.14757,98.60783
"5938040374",5294455,"Calamus formosanus Becc.","SPECIES",24.375113,120.815972
"5938040393",2480726,"Pandion haliaetus (Linnaeus, 1758)","SPECIES",24.324918,120.543701
"5938040396",2476012,"Buceros bicornis Linnaeus, 1758","SPECIES",15.677341,74.102419
"5938040405",2477872,"Dryocopus martius (Linnaeus, 1758)","SPECIES",54.837434,83.093913
"5938040414",1895499,"Elymnias hypermnestra Linnaeus, 1763","SPECIES",1.427928,103.839939
"5938040415",2473421,"Lagopus lagopus (Linnaeus, 1758)","SPECIES",56.595721,84.802754
"5938040429",2497135,"Batrachostomus moniliger Blyth, 1849","SPECIES",6.995994,80.414394
"5938040432",11047823,"Heptapleurum heptaphyllum (L.) Y.F.Deng","SPECIES",25.133789,121.510589
"5938040441",2494998,"Aegithalos concinnus (Gould, 1855)","SPECIES",31.001308,104.222383
"5938040453",2482515,"Corvus cornix Linnaeus, 1758","SPECIES",38.418856,27.138692
"5938040459",5229132,"Vanellus duvaucelii (R.Lesson, 1826)","SPECIES",30.360587,77.612801
"5938040469",5226018,"Psammophilus dorsalis (Gray, 1831)","SPECIES",8.526175,77.287429
"5938040524",6101224,"Spilopelia chinensis (Scopoli, 1786)","SPECIES",-6.175392,106.827153
"5938041119",1702765,"Xenocatantops humilis (Serville, 1838)","SPECIES",1.334624,103.817803
"5938041217",11281172,"Titanodula formosana Giglio-Tos, 1912","SPECIES",27.874028,117.85488
"5938041220",2480863,"Nycticorax nycticorax (Linnaeus, 1758)","SPECIES",15.440801,73.946371
"5938041223",2928531,"Ipomoea cairica (L.) Sweet","SPECIES",23.827897,120.800745
"5938041232",9300456,"Zosterops japonicus japonicus Temminck & Schlegel, 1845","SUBSPECIES",35.404561,139.375984
"5938041239",2492680,"Copsychus saularis (Linnaeus, 1758)","SPECIES",30.646587,104.181463
"5938041247",8332393,"Spatula clypeata (Linnaeus, 1758)","SPECIES",35.918929,139.828891
"5938041269",2481719,"Tringa stagnatilis (Bechstein, 1803)","SPECIES",19.015496,73.006286
"5938041273",2149510,"Nephilengys malabarensis (Walckenaer, 1841)","SPECIES",-8.34541,115.316088
"5938041275",2479226,"Psittacula krameri (Scopoli, 1769)","SPECIES",1.28453,103.880725
"5938041293",2477968,"Dendrocopos major (Linnaeus, 1758)","SPECIES",56.016024,69.483377
"5938041300",5846272,"Turdus simillimus Jerdon, 1839","SPECIES",15.72232,73.97866
"5938041500",2174173,"Phintella vittata (C.L.Koch, 1846)","SPECIES",10.774409,106.694627
"5938041538",6065824,"Chroicocephalus ridibundus (Linnaeus, 1766)","SPECIES",44.564707,38.075874
"5938041591",7340855,"Leptocoma zeylonica (Linnaeus, 1766)","SPECIES",23.209978,77.440313
"5938041605",2492428,"Cyornis tickelliae Blyth, 1843","SPECIES",23.144908,80.044753
"5938041614",9273219,"Lanius schach Linnaeus, 1758","SPECIES",22.509062,114.114332
"5938041659",1924390,"Deudorix epijarbas (Moore, 1858)","SPECIES",22.649925,120.606163
"5938041662",5231198,"Passer montanus (Linnaeus, 1758)","SPECIES",22.502213,113.944427
"5938041663",5231438,"Troglodytes troglodytes (Linnaeus, 1758)","SPECIES",40.015671,116.400208
"5938041705",5816059,"Hemidactylus platyurus (Schneider, 1797)","SPECIES",13.020172,101.446372
"5938041711",9273219,"Lanius schach Linnaeus, 1758","SPECIES",20.043406,110.320269
"5938042301",2480905,"Ardeola grayii (Sykes, 1832)","SPECIES",25.407119,81.847236
"5938042331",1577153,"Hermetia illucens (Linnaeus, 1758)","SPECIES",26.371437,127.744183
"5938042364",8094240,"Orthochirus glabrifrons (Kraepelin, 1903)","SPECIES",23.369858,58.842983
"5938042419",2495414,"Columba livia var. domestica J.F.Gmelin, 1789","VARIETY",18.756959,99.015592
"5938042427",2490774,"Turdus viscivorus Linnaeus, 1758","SPECIES",43.183565,76.885895
"5938042430",9797180,"Ardea cinerea Linnaeus, 1758","SPECIES",37.568725,126.983467
"5938042443",2430499,"Limnonectes fragilis (Liu & Hu, 1973)","SPECIES",18.78147,108.945235
"5938042448",2480482,"Circus aeruginosus (Linnaeus, 1758)","SPECIES",12.331572,80.014708
"5938043661",5218972,"Mustela sibirica Pallas, 1773","SPECIES",22.778435,113.95902
"5938043663",11047823,"Heptapleurum heptaphyllum (L.) Y.F.Deng","SPECIES",23.060073,120.730404
"5938043676",10598340,"Pterorhinus sannio (Swinhoe, 1867)","SPECIES",34.299195,108.957288
"5938043683",2495414,"Columba livia var. domestica J.F.Gmelin, 1789","VARIETY",25.407238,81.846921
"5938043689",2481713,"Tringa glareola Linnaeus, 1758","SPECIES",22.508157,114.113375
"5938043795",3748733,"Adiantum capillus-junonis Rupr.","SPECIES",39.864264,116.072886
"5938043808",1318163,"Polyrhachis exercita (Walker, 1859)","SPECIES",10.19243,76.292022
"5938043917",5229490,"Pica pica (Linnaeus, 1758)","SPECIES",55.032497,82.92382
"5938043924",9705453,"Parus major Linnaeus, 1758","SPECIES",56.952373,72.640562
"5938043946",2435035,"Felis catus Linnaeus, 1758","SPECIES",31.242604,121.459655
"5938043951",9752617,"Ardea alba Linnaeus, 1758","SPECIES",12.717904,80.212587
"5938043961",2498260,"Aythya baeri (Radde, 1863)","SPECIES",30.925189,117.911175
"5938044042",10963770,"Coracias affinis Horsfield, 1840","SPECIES",13.811523,100.551077
"5938044050",5130476,"Junonia hedonia (Linnaeus, 1764)","SPECIES",1.298928,103.864269
"5938044051",2468614,"Takydromus sexlineatus Daudin, 1802","SPECIES",-7.57947,110.770004
"5938044056",2498015,"Tadorna ferruginea (Pallas, 1764)","SPECIES",34.680263,112.486119
"5938044069",3084923,"Alternanthera philoxeroides (Mart.) Griseb.","SPECIES",34.550909,112.476314
"5938044074",1904996,"Doleschallia bisaltide Cramer, 1777","SPECIES",1.319423,103.750388
"5938044087",2491472,"Emberiza leucocephalos S.G.Gmelin, 1771","SPECIES",40.376422,115.427308
"5938044100",7475883,"Aplysia argus Rüppell & Leuckart, 1830","SPECIES",25.018073,121.999128
"5938044112",2487879,"Cyanistes caeruleus (Linnaeus, 1758)","SPECIES",56.777552,60.69095
"5938044113",7308161,"Clerodendrum cyrtophyllum Turcz.","SPECIES",25.161676,121.705924
"5938044117",7342005,"Ixos mcclellandii (Horsfield, 1840)","SPECIES",22.409324,114.104524
"5938044119",5229493,"Garrulus glandarius (Linnaeus, 1758)","SPECIES",56.487167,60.807663
"5938044127",2491534,"Emberiza citrinella Linnaeus, 1758","SPECIES",53.25464,80.71209
"5938044152",2406721,"Aluterus scriptus (Osbeck, 1765)","SPECIES",27.846835,34.314368
"5938044180",2489160,"Riparia riparia (Linnaeus, 1758)","SPECIES",22.832273,72.052914
"5938044247",2932040,"Solanum seaforthianum Andrews","SPECIES",24.753423,121.757276
"5938044262",1016841,"Orthomorpha coarctata (Saussure, 1860)","SPECIES",10.041275,76.322944
"5938044276",3033261,"Anemone coronaria L.","SPECIES",34.775355,32.405892
"5938044280",2495817,"Treron vernans (Linnaeus, 1771)","SPECIES",3.142817,101.683658
"5938044287",2480389,"Gyps fulvus (Hablizl, 1783)","SPECIES",41.506651,44.497888
"5938044288",2436610,"Macaca assamensis (McClelland, 1840)","SPECIES",27.397486,91.063412
"5938044299",2487866,"Poecile montanus (Conrad von Baldenstein, 1827)","SPECIES",55.04312,61.345293
"5938044312",5228328,"Halcyon smyrnensis (Linnaeus, 1758)","SPECIES",17.455961,78.360017
"5938044314",2487866,"Poecile montanus (Conrad von Baldenstein, 1827)","SPECIES",51.93925,85.295209
"5938044316",5228679,"Apus nipalensis (Hodgson, 1837)","SPECIES",22.692385,120.30555
"5938044471",2434708,"Paradoxurus musangus (Raffles, 1821)","SPECIES",11.459146,107.345492
"5938044473",9705453,"Parus major Linnaeus, 1758","SPECIES",43.107567,76.938657
"5938044475",5217163,"Bufo bankorensis Barbour, 1908","SPECIES",24.87092,121.810783
"5938044603",2498061,"Anas zonorhyncha Swinhoe, 1866","SPECIES",35.947208,139.54053
"5938044631",2494543,"Pyrrhula pyrrhula (Linnaeus, 1758)","SPECIES",56.952523,72.640528
"5938044634",3066321,"Euphorbia hypericifolia L.","SPECIES",17.421877,78.549208
"5938044644",1700958,"Oxya intricata (Stål, 1861)","SPECIES",1.334624,103.817803
"5938044656",9523325,"Oriolus kundoo Sykes, 1832","SPECIES",19.260592,72.850511
"5938044677",1314699,"Monomorium floricola (Jerdon, 1851)","SPECIES",10.041281,76.322967
"5938044682",2484677,"Aethopyga siparaja (Raffles, 1822)","SPECIES",12.808877,99.501888
"5938044691",2484605,"Bombycilla garrulus (Linnaeus, 1758)","SPECIES",57.91455,59.946364
"5938044711",5231342,"Dumetia atriceps (Jerdon, 1839)","SPECIES",15.809248,74.15748
"5938044794",5398421,"Mikania micrantha Kunth","SPECIES",22.733423,120.377639
"5938044798",2495840,"Chalcophaps indica (Linnaeus, 1758)","SPECIES",22.651775,120.350829
"5938044802",5137861,"Leptosia nina (Fabricius, 1793)","SPECIES",12.027968,93.00163
"5938044804",7516558,"Rehmannia glutinosa (Gaertn.) Libosch. ex Fisch. & C.A.Mey.","SPECIES",34.555543,112.476974
"5938044817",1311425,"Vespa bicolor Fabricius, 1787","SPECIES",22.387762,114.154897
"5938044820",2490283,"Anthus cervinus (Pallas, 1811)","SPECIES",22.507742,114.111123
"5938044834",9687165,"Motacilla alba lugens Gloger, 1829","SUBSPECIES",35.647826,139.439419
"5938044848",2480876,"Egretta garzetta (Linnaeus, 1766)","SPECIES",1.320859,103.769375
"5938044853",2441056,"Capra hircus hircus Linnaeus, 1758","SUBSPECIES",19.163917,72.882128
"5938044870",2490277,"Anthus rufulus Vieillot, 1818","SPECIES",12.819435,77.550318
"5938044871",7289120,"Diplazium dilatatum Blume","SPECIES",24.951312,121.53522
"5938044873",2495093,"Cinclus cinclus (Linnaeus, 1758)","SPECIES",53.761516,87.111943
"5938044884",2470685,"Varanus salvator macromaculatus Deraniyagala, 1944","SUBSPECIES",1.350235,103.831178
"5938045011",2486123,"Pycnonotus conradi (Finsch, 1873)","SPECIES",13.817233,100.075381
"5938045306",5571825,"Ficus vaccinioides Hemsl. & King ex King","SPECIES",25.157134,121.705781
"5938045309",9705453,"Parus major Linnaeus, 1758","SPECIES",61.024223,69.045876
"5938045313",2480863,"Nycticorax nycticorax (Linnaeus, 1758)","SPECIES",24.802059,120.97827
"5938045360",2480876,"Egretta garzetta (Linnaeus, 1766)","SPECIES",35.979,119.404053
"5938045981",5396557,"Tithonia diversifolia (Hemsl.) A.Gray","SPECIES",23.185848,121.021328
"5938045983",2149490,"Nephila pilipes (Fabricius, 1793)","SPECIES",23.594328,120.595058
"5938046004",5225137,"Chalcides ocellatus (Forskal, 1775)","SPECIES",25.216208,55.449805
"5938046005",2474732,"Amaurornis phoenicurus (Pennant, 1769)","SPECIES",25.031078,121.5348
"5938046068",9687165,"Motacilla alba Linnaeus, 1758","SPECIES",25.407104,81.84721
"5938046532",2489005,"Acridotheres tristis (Linnaeus, 1766)","SPECIES",6.313688,99.852762
"5938046655",1320471,"Myrmicaria brunnea Saunders, 1842","SPECIES",10.043828,76.326003
"5938046661",1405973,"Hierodula chinensis Werner, 1929","SPECIES",35.155007,139.084265
"5938046662",9789581,"Paramastus episomus (Bourguignat, 1857)","SPECIES",31.722756,35.111953
"5938046670",2482048,"Tachybaptus ruficollis (Pallas, 1764)","SPECIES",1.278152,103.864359
"5938046674",1429215,"Tholymis tillarga (Fabricius, 1798)","SPECIES",1.424297,103.838591
"5938046688",9705453,"Parus major Linnaeus, 1758","SPECIES",53.348521,83.535995
"5938047374",2498415,"Upupa epops Linnaeus, 1758","SPECIES",18.661927,72.865929
"5938047375",2684640,"Juniperus turbinata Guss.","SPECIES",34.893683,32.342005
"5938047418",5228328,"Halcyon smyrnensis (Linnaeus, 1758)","SPECIES",22.133081,73.413782
"5938047419",2475410,"Merops orientalis Latham, 1801","SPECIES",22.133081,73.413782
"5938047421",2735117,"Cocos nucifera L.","SPECIES",12.313767,79.717833
"5938047431",2498112,"Anas acuta Linnaeus, 1758","SPECIES",35.076204,135.936694
"5938047436",2443002,"Trachemys scripta (Thunberg In Schoepff, 1792)","SPECIES",23.74626,112.986155
"5938047440",11208838,"Lemmaphyllum microphyllum C.Presl","SPECIES",24.368728,120.914147
"5938047456",2494686,"Carduelis carduelis (Linnaeus, 1758)","SPECIES",55.971246,92.742168
"5938047457",1898286,"Vanessa atalanta (Linnaeus, 1758)","SPECIES",36.967687,26.960317
"5938047470",2497509,"Strix uralensis Pallas, 1771","SPECIES",55.287025,82.67495
"5938047472",2498112,"Anas acuta Linnaeus, 1758","SPECIES",24.811468,120.910324
"5938047480",2494441,"Fringilla montifringilla Linnaeus, 1758","SPECIES",36.551109,116.824631
"5938047504",5844385,"Buteo japonicus Temminck & Schlegel, 1844","SPECIES",36.683961,127.449513
"5938047548",2492462,"Erithacus rubecula (Linnaeus, 1758)","SPECIES",42.372265,69.620723
"5938047559",9362027,"Mareca strepera (Linnaeus, 1758)","SPECIES",44.688999,37.797461
"5938048072",5172263,"Hyllus diardi (Walckenaer, 1837)","SPECIES",1.334624,103.817803
"5938048074",9273219,"Lanius schach Linnaeus, 1758","SPECIES",18.853588,73.878447
"5938048161",1423286,"Ischnura senegalensis (Rambur, 1842)","SPECIES",1.424297,103.838591
"5938048180",2454880,"Fowlea piscator (Schneider, 1799)","SPECIES",17.431367,78.390914
"5938048183",4047496,"Polystichum hancockii (Hance) Diels","SPECIES",24.374994,120.912614
"5938048225",4196858,"Arthropteris palisotii (Desv.) Alston","SPECIES",22.070007,120.837167
"5938048230",2482487,"Corvus macrorhynchos Wagler, 1827","SPECIES",18.795067,72.925728
"5938048236",2990475,"Rubus swinhoei Hance","SPECIES",24.841663,121.776567
"5938048324",2470685,"Varanus salvator andamanensis Deraniyagala, 1944","SUBSPECIES",11.822415,93.061289
"5938048412",1938088,"Papilio polytes Linnaeus, 1758","SPECIES",19.344983,83.783175
"5938048414",1911736,"Phaedyma columella (Cramer, 1782)","SPECIES",22.299254,113.941484
"5938048415",1927034,"Arhopala bazalus (Hewitson, 1862)","SPECIES",22.252538,113.9764
"5938048419",9797180,"Ardea cinerea Linnaeus, 1758","SPECIES",1.357841,103.849473
"5938048422",2436603,"Macaca fascicularis (Raffles, 1821)","SPECIES",9.786817,124.103948
"5938048423",5928149,"Itea oldhamii C.K.Schneid.","SPECIES",24.95007,121.533387
"5938048679",2436613,"Macaca sinica (Linnaeus, 1771)","SPECIES",6.896367,81.158869
"5938048681",2057451,"Ricanula pulverosa (Stål, 1865)","SPECIES",1.334624,103.817803
"5938049788",2481800,"Actitis hypoleucos (Linnaeus, 1758)","SPECIES",25.127398,121.487623
"5938049809",6055063,"Tectaria polymorpha (Wall. ex Hook.) Copel.","SPECIES",23.558507,120.654477
"5938049815",7141664,"Celtis bungeana Blume","SPECIES",40.079884,116.043982
"5938049840",2482054,"Podiceps cristatus (Linnaeus, 1758)","SPECIES",30.57355,114.334587
"5938049845",5130521,"Junonia lemonias (Linnaeus, 1758)","SPECIES",7.042167,100.505028
"5938049848",1900093,"Lasippa tiga (Moore, 1858)","SPECIES",1.334624,103.817803
"5938049850",5231198,"Passer montanus (Linnaeus, 1758)","SPECIES",36.886493,126.271072
"5938049869",5171241,"Cyrtophora cicatrosa (Stoliczka, 1869)","SPECIES",19.260592,72.850511
"5938049870",5040552,"Thyreus himalayensis (Radoszkowski, 1894)","SPECIES",1.334624,103.817803
"5938049873",7642610,"Danaus chrysippus (Linnaeus, 1758)","SPECIES",12.717904,80.212587
"5938049889",3025626,"Cotoneaster microphyllus Wall. ex Lindl.","SPECIES",27.852001,86.784234
"5938049903",5401760,"Ageratum houstonianum Mill.","SPECIES",24.239213,120.911012
"5938049924",2443002,"Trachemys scripta (Thunberg In Schoepff, 1792)","SPECIES",22.972772,120.22203
"5938049998",2482048,"Tachybaptus ruficollis (Pallas, 1764)","SPECIES",36.79061,127.142515
"5938049999",8000602,"Mareca penelope (Linnaeus, 1758)","SPECIES",35.013443,135.676551
"5938050000",1922285,"Chilades laius (Cramer, 1782)","SPECIES",12.931101,80.168266
"5938050008",2443729,"Tropidolaemus subannulatus (Gray, 1842)","SPECIES",5.900086,116.375154
"5938050023",2481800,"Actitis hypoleucos (Linnaeus, 1758)","SPECIES",-7.310769,112.823306
"5938050030",5231630,"Acanthis flammea (Linnaeus, 1758)","SPECIES",56.597646,84.801988
"5938050052",2480778,"Pseudibis papillosa (Temminck, 1824)","SPECIES",21.531662,76.735081
"5938050055",9539561,"Mayaheros urophthalmus (Günther, 1862)","SPECIES",1.445877,103.729055
"5938050056",2474481,"Rallina fasciata (Raffles, 1822)","SPECIES",1.310989,103.81525
"5938050122",2853283,"Pancratium maritimum L.","SPECIES",34.777225,32.40363
"5938050511",9178169,"Yungipicus kizuki (Temminck, 1836)","SPECIES",35.634747,139.459179
"5938050525",7287475,"Helicia cochinchinensis Lour.","SPECIES",25.049437,121.419387
"5938050784",2490244,"Anthus hodgsoni Richmond, 1907","SPECIES",36.550255,116.824518
"5938050880",NA,"Pelagella Gray, 1850","GENUS",18.959225,72.796967
"5938050912",9616058,"Falco tinnunculus Linnaeus, 1758","SPECIES",24.08741,89.070287
"5938050956",2650725,"Microlepia strigosa (Thunb.) C.Presl","SPECIES",24.990837,121.543708
"5938050972",2436615,"Macaca cyclopis (Swinhoe, 1863)","SPECIES",22.688903,120.991242
"5938050975",2477968,"Dendrocopos major (Linnaeus, 1758)","SPECIES",53.76729,84.882247
"5938050981",1907687,"Ypthima horsfieldii Moore, 1884","SPECIES",1.334624,103.817803
"5938050982",2498404,"Dendrocygna javanica (Horsfield, 1821)","SPECIES",1.277922,103.866571
"5938050983",8211070,"Sciurus vulgaris Linnaeus, 1758","SPECIES",54.772666,83.076536
"5938050987",2480805,"Platalea minor Temminck & Schlegel, 1849","SPECIES",22.425699,114.18678
"5938050989",2474942,"Antigone vipio (Pallas, 1811)","SPECIES",35.068465,127.819569
"5938050995",6100962,"Urocissa erythroryncha (Boddaert, 1783)","SPECIES",40.013544,116.37955
"5938051351",4257845,"Asplenium ritoense Hayata","SPECIES",23.557073,120.656146
"5938051375",2460886,"Eutropis multifasciata (Kuhl, 1820)","SPECIES",7.041258,100.50608
"5938051390",9328654,"Pateobatis fai (Jordan & Seale, 1906)","SPECIES",3.905373,73.479499
"5938051398",5036294,"Rhynchium haemorrhoidale (Fabricius, 1775)","SPECIES",1.334624,103.817803
"5938051404",5137849,"Eurema hecabe (Linnaeus, 1758)","SPECIES",1.334624,103.817803
"5938051425",2498285,"Mergellus albellus (Linnaeus, 1758)","SPECIES",39.837038,116.220557
"5938051451",2385336,"Chaetodon austriacus Rüppell, 1836","SPECIES",27.847398,34.314432
"5938051728",2761715,"Calathea crotalifera S.Watson","SPECIES",5.462949,100.22933
"5938052282",1405951,"Hierodula patellifera patellifera","SUBSPECIES",24.404003,123.804405
"5938052398",2477872,"Dryocopus martius (Linnaeus, 1758)","SPECIES",55.200113,61.302539
"5938052439",5228199,"Gallinula chloropus (Linnaeus, 1758)","SPECIES",32.162058,114.132453
"5938052451",3037063,"Aralia bipinnata Blanco","SPECIES",23.566304,120.605153
"5938052476",2441016,"Naemorhedus goral goral (Hardwicke, 1825)","SUBSPECIES",27.390059,90.483604
"5938052480",2495414,"Columba livia var. domestica J.F.Gmelin, 1789","VARIETY",56.90018,60.648031
"5938052482",2492428,"Cyornis tickelliae Blyth, 1843","SPECIES",18.376903,73.75367
"5938052484",5789082,"Euodice malabarica (Linnaeus, 1758)","SPECIES",12.874312,79.372389
"5938052485",9701857,"Motacilla flava Linnaeus, 1758","SPECIES",11.891788,77.771567
"5938052503",8123917,"Physeter macrocephalus Linnaeus, 1758","SPECIES",12.560781,92.932591
"5938052593",1427783,"Neurothemis fluctuans (Fabricius, 1793)","SPECIES",1.339467,103.821441
"5938052596",9916153,"Caleta elna","SPECIES",1.334624,103.817803
"5938052601",NA,"Botaurus Stephens, 1819","GENUS",1.277922,103.866571
"5938052614",2650128,"Ophioglossum lusitanicum L.","SPECIES",33.118215,35.172987
"5938052625",11113273,"Lepidomicrosorium ningpoense (Baker) L.Y.Kuo","SPECIES",25.171969,121.584631
"5938052854",1932166,"Catochrysops strabo (Fabricius, 1793)","SPECIES",10.950633,76.806358
"5938052870",1919534,"Delias pasithoe (Linnaeus, 1758)","SPECIES",22.283,114.138231
"5938052959",3120946,"Artemisia vulgaris L.","SPECIES",52.548222,85.229125
"5938052980",1944521,"Taractrocera archias (C.Felder & R.Felder, 1860)","SPECIES",-7.680755,110.354215
"5938052983",8326713,"Abies kawakamii (Hayata) T.Itô","SPECIES",24.14235,121.284347
"5938052984",11493028,"Coryphellina aurora Ekimova, Deart, Antokhina, Mikhlina & Schepetov, 2022","SPECIES",7.95545,98.579139
"5938053003",2475532,"Alcedo atthis (Linnaeus, 1758)","SPECIES",19.016591,73.00594
"5938053004",2484632,"Anthreptes malacensis (Scopoli, 1786)","SPECIES",1.36741,103.829355
"5938053011",3074251,"Macaranga tanarius (L.) Müll.Arg.","SPECIES",25.002122,121.456572
"5938053013",5229490,"Pica pica (Linnaeus, 1758)","SPECIES",51.419871,85.979736
"5938053031",2965095,"Retama raetam (Forssk.) Webb & Berthel.","SPECIES",31.933448,34.785003
"5938053070",2435035,"Felis catus Linnaeus, 1758","SPECIES",41.70371,44.802907
"5938053095",7307492,"Leonurus quinquelobatus Gilib.","SPECIES",55.497857,60.204804
"5938053100",5806167,"Danaus genutia (Cramer, 1779)","SPECIES",22.520642,114.378569
"5938053107",3579089,"Calotropis gigantea (L.) W.T.Aiton","SPECIES",8.77946,76.674678
"5938053109",2782282,"Chrysoglossum ornatum Blume","SPECIES",23.62722,120.718554
"5938053131",6100954,"Coloeus monedula (Linnaeus, 1758)","SPECIES",55.188681,61.286677
"5938053249",1933679,"Talicada nyseus (Guérin-Méneville, 1843)","SPECIES",18.481843,73.810617
"5938053351",2480904,"Ardeola speciosa (Horsfield, 1821)","SPECIES",-6.184168,107.172691
"5938053355",5229131,"Vanellus indicus (Boddaert, 1783)","SPECIES",30.469556,73.481667
"5938053358",2479226,"Psittacula krameri (Scopoli, 1769)","SPECIES",23.030242,72.57593
"5938053366",6101070,"Parus cinereus Vieillot, 1818","SPECIES",34.723077,135.713318
"5938053370",9797180,"Ardea cinerea Linnaeus, 1758","SPECIES",3.634722,72.953527
"5938053380",2492752,"Prinia socialis Sykes, 1832","SPECIES",12.982146,77.669404
"5938053390",8315348,"Vincetoxicum hirsutum (Decne.) Kuntze","SPECIES",25.160357,121.706961
"5938053393",2478548,"Picus canus J.F.Gmelin, 1788","SPECIES",53.691998,88.078363
"5938053400",1428577,"Brachythemis contaminata (Fabricius, 1793)","SPECIES",-7.027637,110.328385
"5938053943",7618590,"Xylosma congesta (Lour.) Merr.","SPECIES",24.16342,120.77942
"5938053967",6101223,"Spilopelia senegalensis (Linnaeus, 1766)","SPECIES",27.910042,34.321083
"5938053982",2482081,"Anhinga melanogaster Pennant, 1769","SPECIES",11.687405,78.180668
"5938053990",2482515,"Corvus cornix Linnaeus, 1758","SPECIES",56.836344,60.674186
"5938054041",5231198,"Passer montanus (Linnaeus, 1758)","SPECIES",35.987762,119.404091
"5938054059",2495696,"Streptopelia decaocto (Frivaldszky, 1838)","SPECIES",26.925794,75.823671
"5938054068",7300505,"Elatostema lineolatum Wight","SPECIES",24.379711,120.911439
"5938054099",2481728,"Tringa ochropus Linnaeus, 1758","SPECIES",34.450447,133.016386
"5938054425",6101015,"Chloris sinica (Linnaeus, 1766)","SPECIES",35.455888,139.37894
"5938054429",3086527,"Rhizophora mucronata Lam.","SPECIES",1.316267,103.609538
"5938054431",2484701,"Dicaeum ignipectus (Blyth, 1843)","SPECIES",3.710261,101.740088
"5938054438",5569978,"Morus indica L.","SPECIES",25.155426,121.709764
"5938054446",9125207,"Calotes versicolor (Daudin, 1802)","SPECIES",1.319423,103.750388
"5938054450",2487866,"Poecile montanus (Conrad von Baldenstein, 1827)","SPECIES",51.866705,85.307353
"5938054463",1901399,"Athyma selenophora Kollar, 1848","SPECIES",22.264481,113.931046
"5938054474",9705453,"Parus major Linnaeus, 1758","SPECIES",51.409228,85.998305
"5938054494",5395835,"Blumea lanceolaria (Roxb.) Druce","SPECIES",24.843681,121.735098
"5938054586",5415375,"Ruellia prostrata Poir.","SPECIES",1.348706,103.963036
"5938054621",3172296,"Ligustrum obtusifolium Siebold & Zucc.","SPECIES",37.662127,127.021152
"5938054625",8332393,"Spatula clypeata (Linnaeus, 1758)","SPECIES",35.655872,139.443825
"5938054632",4352332,"Phoenicopterus roseus Pallas, 1811","SPECIES",32.440058,35.551472
"5938054647",NA,"Anarhynchus Quoy & Gaimard, 1832","GENUS",-7.310758,112.823316
"5938054935",2494422,"Fringilla coelebs Linnaeus, 1758","SPECIES",43.189388,76.88577
"5938054938",1427185,"Vestalis amethystina Lieftinck, 1965","SPECIES",1.355153,103.797202
"5938054940",5228199,"Gallinula chloropus (Linnaeus, 1758)","SPECIES",36.605189,117.177803
"5938055020",1405973,"Hierodula chinensis Werner, 1929","SPECIES",27.87393,117.854722
"5938055026",2474377,"Fulica atra Linnaeus, 1758","SPECIES",30.643695,104.187637
"5938055381",2495730,"Treron curvirostra (J.F.Gmelin, 1789)","SPECIES",1.354781,103.77634
"5938055384",1928915,"Jamides celeno (Cramer, 1775)","SPECIES",9.031683,76.895694
"5938055402",9178169,"Yungipicus kizuki (Temminck, 1836)","SPECIES",35.781643,139.421832
"5938055432",2482048,"Tachybaptus ruficollis poggei (Reichenow, 1902)","SUBSPECIES",35.94907,139.822007
"5938055435",2870583,"Pistia stratiotes L.","SPECIES",12.874312,79.372389
"5938055450",8134528,"Trametes coccinea (Fr.) Hai J.Li & S.H.He","SPECIES",35.64191,139.429818
"5938055698",3152634,"Abutilon indicum (L.) Sweet","SPECIES",16.061704,120.673134
"5938055888",2487879,"Cyanistes caeruleus (Linnaeus, 1758)","SPECIES",56.797797,60.774632
"5938055905",6100954,"Coloeus monedula (Linnaeus, 1758)","SPECIES",52.297415,85.399493
"5938055945",5336857,"Lasianthus fordii Hance","SPECIES",22.865044,120.660339
"5938055955",2874852,"Turnera ulmifolia L.","SPECIES",17.386973,73.528168
"5938055962",1926593,"Ancema blanka (de Nicéville, 1895)","SPECIES",22.380295,113.958781
"5938055984",5220127,"Capreolus pygargus (Pallas, 1771)","SPECIES",52.391651,85.33155
"5938056107",9752617,"Ardea alba Linnaeus, 1758","SPECIES",32.452159,35.554473
"5938056121",10332233,"Hirundo javanica Sparrman, 1789","SPECIES",-7.310773,112.82331
"5938056131",1919340,"Catopsilia pomona (Fabricius, 1775)","SPECIES",1.427928,103.839939
"5938056135",2494329,"Coccothraustes coccothraustes (Linnaeus, 1758)","SPECIES",51.937199,85.322831
"5938056158",9362027,"Mareca strepera (Linnaeus, 1758)","SPECIES",21.336842,76.506083
"5938056159",2436603,"Macaca fascicularis (Raffles, 1821)","SPECIES",5.449849,100.229291
"5938056167",2426861,"Hylarana spinulosa (Smith, 1923)","SPECIES",18.713258,108.950097
"5938056427",2753371,"Lilium formosanum A.Wallace","SPECIES",25.16535,121.704913
"5938056496",5230300,"Hypsipetes leucocephalus (Gmelin, 1789)","SPECIES",31.420114,76.733022
"5938056740",8418338,"Hydrocotyle sibthorpioides Lam.","SPECIES",22.337448,114.266798
"5938056741",5844992,"Aegithalos glaucogularis (Moore, 1855)","SPECIES",40.0163,116.378195
"5938056750",3103082,"Gamochaeta pensylvanica (Willd.) Cabrera","SPECIES",25.609097,85.014328
"5938056766",9705453,"Parus major Linnaeus, 1758","SPECIES",56.851957,60.682786
"5938056810",5395928,"Elephantopus mollis Kunth","SPECIES",22.87324,120.648483
"5938056827",2494543,"Pyrrhula pyrrhula (Linnaeus, 1758)","SPECIES",61.024334,69.045403
"5938056848",2486150,"Pycnonotus sinensis (Gmelin, 1789)","SPECIES",23.184263,113.358627
"5938056907",5275396,"Pteris biaurita L.","SPECIES",23.559827,120.652798
"5938056936",2477968,"Dendrocopos major (Linnaeus, 1758)","SPECIES",40.011631,116.391836
"5938056942",2437396,"Callosciurus notatus (Boddaert, 1785)","SPECIES",1.440632,103.736297
"5938056948",3169830,"Catharanthus roseus (L.) G.Don","SPECIES",-7.026744,110.543555
"5938056956",2422538,"Duttaphrynus melanostictus (Schneider, 1799)","SPECIES",22.548478,113.90681
"5938056964",2480905,"Ardeola grayii (Sykes, 1832)","SPECIES",7.290147,80.64222
"5938057195",2489008,"Acridotheres grandis Moore, 1858","SPECIES",17.521052,103.805031
"5938057272",1922244,"Zizula hylax (Fabricius, 1775)","SPECIES",1.319423,103.750388
"5938057297",7300490,"Pilea aquarum Dunn","SPECIES",25.15954,121.707652
"5938058301",NA,"Anarhynchus Quoy & Gaimard, 1832","GENUS",-7.31106,112.823293
"5938058408",2486789,"Lalage melaschistos (Hodgson, 1836)","SPECIES",22.409324,114.104524
"5938058457",10757240,"Zhangixalus taipeianus (Liang & Wang, 1978)","SPECIES",25.050454,121.468465
"5938058486",8641010,"Lycodon aulicus (Linnaeus, 1758)","SPECIES",19.51638,73.907507
"5938058490",2498112,"Anas acuta Linnaeus, 1758","SPECIES",21.336842,76.506083
"5938058552",2494543,"Pyrrhula pyrrhula (Linnaeus, 1758)","SPECIES",57.915084,59.966759
"5938058577",2492822,"Cisticola juncidis (Rafinesque, 1810)","SPECIES",-6.184573,107.168457
"5938058578",2440656,"Neophocaena phocaenoides (G.Cuvier, 1829)","SPECIES",12.21926,100.041975
"5938058601",2492634,"Culicicapa ceylonensis (Swainson, 1820)","SPECIES",22.828903,72.056429
"5938058609",2495471,"Columba oenas Linnaeus, 1758","SPECIES",39.180635,32.026998
"5938058631",6100921,"Suthora webbiana Gould, 1852","SPECIES",30.292954,113.86341
"5938058636",1938088,"Papilio polytes Linnaeus, 1758","SPECIES",1.294925,103.778892
"5938058640",2437399,"Callosciurus finlaysonii (Horsfield, 1823)","SPECIES",14.552877,121.125706
"5938058656",2492758,"Prinia inornata Sykes, 1832","SPECIES",8.395116,80.624814
"5938058660",2474377,"Fulica atra Linnaeus, 1758","SPECIES",21.531662,76.735081
"5938058677",4596863,"Chromodoris lochi Rudman, 1982","SPECIES",22.339781,120.370743
"5938058682",4068797,"Viscum articulatum Burm.fil.","SPECIES",22.766164,120.695421
"5938058731",5209095,"Naso elegans (Rüppell, 1829)","SPECIES",27.913819,34.349229
"5938058738",3924727,"Clematis akoensis Hayata","SPECIES",22.011852,120.851632
"5938059368",2477927,"Dendrocopos leucotos (Bechstein, 1802)","SPECIES",53.368117,83.720978
"5938059380",2755618,"Dioscorea cirrhosa Lour.","SPECIES",25.131328,121.5158
"5938059381",2490737,"Turdus pilaris Linnaeus, 1758","SPECIES",54.770103,83.075314
"5938059385",9761484,"Anas platyrhynchos Linnaeus, 1758","SPECIES",56.708671,60.833803
"5938059392",2481819,"Gallinago gallinago (Linnaeus, 1758)","SPECIES",36.785059,117.981726
"5938060281",2494022,"Ploceus benghalensis (Linnaeus, 1758)","SPECIES",22.826563,72.106315
"5938060289",9602021,"Chrysilla volupe (Karsch, 1879)","SPECIES",6.849638,79.925764
"5938060300",2733994,"Arenga engleri Becc.","SPECIES",24.769879,121.161026
"5938061384",5228328,"Halcyon smyrnensis (Linnaeus, 1758)","SPECIES",17.430041,78.389459
"5938061389",1922244,"Zizula hylax (Fabricius, 1775)","SPECIES",1.334624,103.817803
"5938061441",2498261,"Aythya fuligula (Linnaeus, 1758)","SPECIES",24.545436,117.998069
"5938061446",1910629,"Hypolimnas bolina (Linnaeus, 1758)","SPECIES",20.164903,85.612809
"5938061449",3076230,"Bridelia balansae Tutcher","SPECIES",25.073214,121.589988
"5938061452",6100954,"Coloeus monedula (Linnaeus, 1758)","SPECIES",56.722419,60.775352
"5938061453",5231438,"Troglodytes troglodytes (Linnaeus, 1758)","SPECIES",40.013544,116.37955
"5938061455",5229171,"Circus melanoleucos (Pennant, 1769)","SPECIES",18.653065,99.13903
"5938061465",2495093,"Cinclus cinclus (Linnaeus, 1758)","SPECIES",57.907812,59.943859
"5938061498",6101070,"Parus cinereus Vieillot, 1818","SPECIES",36.624405,138.596863
"5938061534",2891031,"Geranium rotundifolium L.","SPECIES",32.305743,34.875091
"5938061537",5789552,"Phoenicolacerta troodica (Werner, 1936)","SPECIES",34.7589,32.413883
"5938061564",3044318,"Descurainia sophia (L.) Webb ex Prantl","SPECIES",35.936344,119.602676
"5938061569",2457853,"Boiga trigonata (Schneider, 1802)","SPECIES",12.493589,77.677606
"5938061574",4286960,"Sarcocheilichthys variegatus variegatus (Temminck & Schlegel, 1846)","SUBSPECIES",35.227256,136.77314
"5938061593",2481719,"Tringa stagnatilis (Bechstein, 1803)","SPECIES",12.329965,80.017507
"5938062206",5229490,"Pica pica (Linnaeus, 1758)","SPECIES",54.962403,73.354159
"5938062229",NA,"Ardea Linnaeus, 1758","GENUS",11.698508,78.177655
"5938062293",5222509,"Oligodon fasciolatus (Günther, 1864)","SPECIES",14.37511,103.046195
"5938062297",2480567,"Buteo hemilasius Temminck & Schlegel, 1844","SPECIES",36.689299,127.44553
"5938062610",2436612,"Macaca radiata (É.Geoffroy Saint-Hilaire, 1812)","SPECIES",11.418587,76.712242
"5938062618",2273656,"Echinaster luzonicus (Gray, 1840)","SPECIES",10.065247,99.84063
"5938062623",2498326,"Bucephala clangula (Linnaeus, 1758)","SPECIES",35.842121,126.691989
"5938062625",5141212,"Graphium sarpedon (Linnaeus, 1758)","SPECIES",1.334624,103.817803
"5938062627",2470685,"Varanus salvator macromaculatus Deraniyagala, 1944","SUBSPECIES",13.67031,101.221497
"5938062654",2480637,"Accipiter nisus (Linnaeus, 1758)","SPECIES",55.492841,60.202533
"5938062693",9761484,"Anas platyrhynchos Linnaeus, 1758","SPECIES",30.64297,104.185355
"5938062705",6065809,"Chroicocephalus brunnicephalus (Jerdon, 1840)","SPECIES",9.13327,76.463428
"5938062714",2492846,"Lanius cristatus Linnaeus, 1758","SPECIES",1.277627,103.864357
"5938062721",2494543,"Pyrrhula pyrrhula (Linnaeus, 1758)","SPECIES",53.690956,88.080761
"5938062727",2482613,"Nucifraga caryocatactes (Linnaeus, 1758)","SPECIES",60.17421,59.946791
"5938062730",9761484,"Anas platyrhynchos Linnaeus, 1758","SPECIES",35.896852,140.50778
"5938062765",5219461,"Elephas maximus Linnaeus, 1758","SPECIES",12.643096,99.5037
"5938062775",2367761,"Aphyocypris normalis Nichols & Pope, 1927","SPECIES",18.792117,108.808525
"5938062781",9715040,"Dicrurus annectens (Hodgson, 1836)","SPECIES",5.157853,100.546937
"5938063306",2484916,"Sitta europaea Linnaeus, 1758","SPECIES",56.851957,60.682786
"5938063343",4099273,"Debregeasia orientalis C.J.Chen","SPECIES",24.247008,120.93508
"5938063345",5738747,"Oenopia formosana (Miyatake, 1965)","SPECIES",25.165781,121.41378
"5938063370",7341881,"Cyanopica cyanus (Pallas, 1776)","SPECIES",34.202268,117.13649
"5938063390",2434271,"Urva javanica (É.Geoffroy Saint-Hilaire, 1818)","SPECIES",-7.310932,112.823272
"5938063394",1932273,"Hypolycaena erylus (Godart, 1823)","SPECIES",1.427928,103.839939
"5938063401",1931656,"Curetis thetis (Drury, 1773)","SPECIES",8.395218,80.625289
"5938063410",2494543,"Pyrrhula pyrrhula (Linnaeus, 1758)","SPECIES",56.648372,66.435439
"5938063441",2481784,"Numenius phaeopus (Linnaeus, 1758)","SPECIES",16.351469,120.340529
"5938063486",5845582,"Chloris chloris (Linnaeus, 1758)","SPECIES",43.411151,39.939584
"5938063551",5141187,"Graphium agamemnon (Linnaeus, 1758)","SPECIES",13.025052,80.224777
"5938063552",5033252,"Camponotus nicobarensis Mayr, 1865","SPECIES",18.749828,108.927481
"5938063557",2443244,"Mauremys sinensis (Gray, 1834)","SPECIES",22.989905,120.204072
"5938063583",2493598,"Lonchura punctulata (Linnaeus, 1758)","SPECIES",-7.310972,112.823328
"5938063597",5806167,"Danaus genutia (Cramer, 1779)","SPECIES",8.395218,80.625289
"5938063609",2477968,"Dendrocopos major (Linnaeus, 1758)","SPECIES",56.648708,66.433628
"5938063659",2765942,"Pontederia crassipes Mart.","SPECIES",6.896458,79.926033
"5938063665",5166341,"Lepas anserifera Linnaeus, 1767","SPECIES",11.627861,92.751983
"5938063673",8108495,"Rubus corchorifolius L.fil.","SPECIES",25.133736,121.510056
"5938063677",5231223,"Phoenicurus auroreus (Pallas, 1776)","SPECIES",31.218696,121.550469
"5938063678",2488999,"Gracula religiosa Linnaeus, 1758","SPECIES",1.316396,103.81687
"5938063691",2486121,"Pycnonotus aurigaster (Vieillot, 1818)","SPECIES",-6.147943,106.835026
"5938063694",1317388,"Oecophylla smaragdina (Fabricius, 1775)","SPECIES",10.220095,76.201276
"5938063764",6101070,"Parus cinereus Vieillot, 1818","SPECIES",31.213795,121.545934
"5938063782",2403157,"Heteroconger hassi (Klausewitz & Eibl-Eibesfeldt, 1959)","SPECIES",22.339781,120.370743
"5938063813",2494441,"Fringilla montifringilla Linnaeus, 1758","SPECIES",44.503228,38.124755
"5938063849",2365787,"Zacco platypus (Temminck & Schlegel, 1846)","SPECIES",35.385945,136.670258
"5938063876",3033977,"Litsea cubeba (Lour.) Pers.","SPECIES",22.765206,120.701997
"5938063924",2492509,"Tarsiger cyanurus (Pallas, 1773)","SPECIES",30.254034,120.123515
"5938063926",5137861,"Leptosia nina (Fabricius, 1793)","SPECIES",17.684941,83.199113
"5938063934",5141212,"Graphium sarpedon (Linnaeus, 1758)","SPECIES",1.367961,103.752996
"5938063967",2487866,"Poecile montanus (Conrad von Baldenstein, 1827)","SPECIES",57.918806,60.16433
"5938064007",9687165,"Motacilla alba Linnaeus, 1758","SPECIES",34.760008,135.350932
"5938064008",2474575,"Gallirallus torquatus torquatus (Linnaeus, 1766)","SUBSPECIES",16.208418,120.368067
"5938064029",2481746,"Calidris ruficollis (Pallas, 1776)","SPECIES",-7.311012,112.82325
"5938064032",5384467,"Gypsophila oldhamiana Miq.","SPECIES",35.936333,119.602531
"5938064037",5816059,"Hemidactylus platyurus (Schneider, 1797)","SPECIES",11.149937,119.401716
"5938064038",5286309,"Pallavicinia lyellii (Hook.) Carruth.","SPECIES",22.58278,114.004458
"5938064083",5228199,"Gallinula chloropus (Linnaeus, 1758)","SPECIES",30.286711,77.973576
"5938064099",3069969,"Euphorbia hierosolymitana Boiss.","SPECIES",31.742917,35.165503
"5938064123",3087725,"Chromolaena odorata (L.) R.M.King & H.Rob.","SPECIES",24.757983,121.041613
"5938064141",2495696,"Streptopelia decaocto (Frivaldszky, 1838)","SPECIES",28.552188,77.25221
"5938064504",2225629,"Charybdis japonica (A.Milne-Edwards, 1861)","SPECIES",35.023997,128.608833
"5938064527",1428725,"Orthetrum triangulare (Selys, 1878)","SPECIES",22.897358,120.677
"5938064564",2493515,"Paradoxornis heudei David, 1872","SPECIES",40.197928,116.314361
"5938064668",5228280,"Eurystomus orientalis (Linnaeus, 1766)","SPECIES",5.407185,103.08832
"5938064676",9705453,"Parus major Linnaeus, 1758","SPECIES",61.024334,69.045403
"5938064804",2856297,"Allium tuberosum Rottler ex Spreng.","SPECIES",35.634503,139.436029
"5938064819",2481890,"Phalacrocorax carbo (Linnaeus, 1758)","SPECIES",37.509385,127.099678
"5938064821",7553311,"Selliguea hastata (Thunb.) Fraser-Jenk.","SPECIES",23.538535,120.688357
"5938064827",9797180,"Ardea cinerea Linnaeus, 1758","SPECIES",40.017839,116.390389
"5938064831",1427783,"Neurothemis fluctuans (Fabricius, 1793)","SPECIES",1.334624,103.817803
"5938064832",2491544,"Emberiza pusilla Pallas, 1776","SPECIES",22.507824,114.111878
"5938064834",2487603,"Certhia familiaris Linnaeus, 1758","SPECIES",56.918971,60.683311
"5938064836",1907687,"Ypthima horsfieldii Moore, 1884","SPECIES",1.334624,103.817803
"5938064847",2480331,"Pluvialis fulva (J.F.Gmelin, 1789)","SPECIES",-6.10363,106.761728
"5938064851",2433686,"Lutra perspicillata I.Geoffroy Saint-Hilaire, 1826","SPECIES",1.337588,103.836707
"5938064859",5131339,"Neptis hylas Linnaeus, 1758","SPECIES",1.334624,103.817803
"5938064863",11628147,"Hemiphyllodactylus dalatensis Do, Nguyen, Le, Pham, Ziegler & Nguyen, 2021","SPECIES",11.950079,108.456526
"5938064976",9797180,"Ardea cinerea Linnaeus, 1758","SPECIES",14.081986,101.259626
"5938065020",5358748,"Trifolium repens L.","SPECIES",25.017355,121.520123
"5938065021",3189627,"Cleyera japonica var. morii (Yamam.) Masam.","VARIETY",25.158984,121.705239
"5938065027",2487866,"Poecile montanus (Conrad von Baldenstein, 1827)","SPECIES",56.583408,84.941035
"5938065031",2480437,"Haliastur indus (Boddaert, 1783)","SPECIES",1.324188,103.754984
"5938065034",3087725,"Chromolaena odorata (L.) R.M.King & H.Rob.","SPECIES",22.867494,120.658193
"5938065037",3033261,"Anemone coronaria L.","SPECIES",33.273872,35.584587
"5938065047",7342055,"Hypsipetes amaurotis (Temminck, 1830)","SPECIES",35.657922,139.748642
"5938065054",1927034,"Arhopala bazalus (Hewitson, 1862)","SPECIES",22.380295,113.958781
"5938065060",5141187,"Graphium agamemnon (Linnaeus, 1758)","SPECIES",19.267938,72.971154
"5938065080",2477872,"Dryocopus martius (Linnaeus, 1758)","SPECIES",56.915234,60.66185
"5938065091",9705453,"Parus major Linnaeus, 1758","SPECIES",56.104087,69.456875
"5938065099",4708995,"Euchrysops cnejus (Fabricius, 1798)","SPECIES",22.876965,72.059228
"5938065113",1936969,"Archon apollinus (Herbst, 1798)","SPECIES",31.895419,34.976982
"5938065191",1932607,"Castalius rosimon (Fabricius, 1775)","SPECIES",12.931101,80.168266
"5938065193",5793241,"Pernis ptilorhynchus ruficollis Lesson, 1830","SUBSPECIES",18.112498,74.091894
"5938065194",2169064,"Menemerus bivittatus (Dufour, 1831)","SPECIES",13.790828,100.550313
"5938065210",1895499,"Elymnias hypermnestra Linnaeus, 1763","SPECIES",16.069725,108.218087
"5938065211",2480876,"Egretta garzetta (Linnaeus, 1766)","SPECIES",-7.310746,112.82338
"5938065221",5137926,"Appias libythea (Fabricius, 1775)","SPECIES",1.427928,103.839939
"5938065243",5230728,"Chloropsis hardwickii Jardine & Selby, 1830","SPECIES",18.585112,98.513204
"5938065319",2492846,"Lanius cristatus Linnaeus, 1758","SPECIES",23.149445,120.328143
"5938065326",7346301,"Tirumala limniace (Cramer, 1775)","SPECIES",22.457775,114.18282
"5938065333",9752617,"Ardea alba Linnaeus, 1758","SPECIES",22.284353,114.186897
"5938065336",7999386,"Ipomoea pes-caprae (L.) R.Br.","SPECIES",22.614981,120.263721
"5938065353",2925756,"Lappula squarrosa (Retz.) Dumort.","SPECIES",55.493996,60.207232
"5938065363",5229045,"Psittacula alexandri (Linnaeus, 1758)","SPECIES",1.483401,103.766188
"5938065370",2492758,"Prinia inornata Sykes, 1832","SPECIES",22.692583,120.308976
"5938065426",2475532,"Alcedo atthis (Linnaeus, 1758)","SPECIES",24.148189,89.056965
"5938065484",5859690,"Phestilla sibogae Bergh, 1905","SPECIES",1.227241,103.75095
"5938066317",7585482,"Pycanum rubens (Fabricius, 1794)","SPECIES",1.427928,103.839939
"5938066322",NA,"Lophospiza Kaup, 1844","GENUS",25.032839,121.508236
"5938066330",3080882,"Glochidion rubrum Blume","SPECIES",25.131114,121.507539
"5938066332",7642610,"Danaus chrysippus (Linnaeus, 1758)","SPECIES",25.360304,60.62249
"5938066340",2498261,"Aythya fuligula (Linnaeus, 1758)","SPECIES",21.531662,76.735081
"5938066349",5217231,"Buergeria oxycephala (Boulenger, 1900)","SPECIES",18.7433,108.848381
"5938066361",2494543,"Pyrrhula pyrrhula (Linnaeus, 1758)","SPECIES",56.015679,69.4798
"5938066368",5033557,"Camponotus satan Wheeler, 1919","SPECIES",8.748978,98.255006
"5938066407",2378704,"Gnatholepis anjerensis (Bleeker, 1851)","SPECIES",27.913595,34.349369
"5938066415",2482065,"Podiceps nigricollis nigricollis C.L.Brehm, 1831","SUBSPECIES",35.670783,139.958099
"5938066424",1427734,"Crocothemis servilia (Drury, 1773)","SPECIES",1.335483,103.732151
"5938066456",5787518,"Pteropus medius Temminck, 1825","SPECIES",7.520085,79.817855
"5938066483",5228328,"Halcyon smyrnensis (Linnaeus, 1758)","SPECIES",22.702328,71.676322
"5938066484",1895667,"Elymnias nesaea Linnaeus, 1758","SPECIES",4.241247,101.323817
"5938066487",2486144,"Pycnonotus goiavier (Scopoli, 1786)","SPECIES",-7.310802,112.823303
"5938066489",1412590,"Tirachoidea biceps (Redtenbacher, 1908)","SPECIES",-6.287305,105.840894
"5938066492",1932607,"Castalius rosimon (Fabricius, 1775)","SPECIES",17.541679,83.044418
"5938066507",3188511,"Melastoma candidum D.Don","SPECIES",25.131706,121.507697
"5938066511",2867866,"Syngonium podophyllum Schott","SPECIES",25.131967,121.514519
"5938066512",2422538,"Duttaphrynus melanostictus (Schneider, 1799)","SPECIES",11.435461,107.428032
"5938066513",2225014,"Palaemon paucidens De Haan, 1844","SPECIES",35.385945,136.670258
"5938066532",NA,"Neogale Gray, 1865","GENUS",55.377042,73.551677
"5938066601",2494422,"Fringilla coelebs Linnaeus, 1758","SPECIES",42.897494,71.368047
"5938066610",5816059,"Hemidactylus platyurus (Schneider, 1797)","SPECIES",14.552877,121.125706
"5938066615",2495000,"Aegithalos caudatus (Linnaeus, 1758)","SPECIES",55.049199,61.350989
"5938066619",7740279,"Pellionia scabra Benth.","SPECIES",25.163629,121.707217
"5938066624",4177730,"Machilus zuihoensis Hayata","SPECIES",25.132197,121.508386
"5938066626",3831820,"Melicope pteleifolia (Champ. ex Benth.) T.G.Hartley","SPECIES",25.133136,121.511336
"5938066627",2498180,"Netta rufina (Pallas, 1773)","SPECIES",21.370947,76.64796
"5938067139",1700708,"Traulia ornata iriomotensis Yamasaki, 1966","SUBSPECIES",24.42891,123.828986
"5938067207",9326020,"Gallus gallus (Linnaeus, 1758)","SPECIES",1.341123,103.822013
"5938067229",1317388,"Oecophylla smaragdina (Fabricius, 1775)","SPECIES",10.041398,76.323103
"5938067234",2497509,"Strix uralensis Pallas, 1771","SPECIES",53.80139,86.792253
"5938067256",2494543,"Pyrrhula pyrrhula (Linnaeus, 1758)","SPECIES",56.79718,60.775168
"5938067267",4359792,"Phyllidia coelestis Bergh, 1905","SPECIES",4.246741,118.630998
"5938067271",1341979,"Apis cerana Fabricius, 1793","SPECIES",1.377701,103.897658
"5938067317",5228328,"Halcyon smyrnensis (Linnaeus, 1758)","SPECIES",24.089368,89.066247
"5938067360",5130476,"Junonia hedonia (Linnaeus, 1764)","SPECIES",1.334624,103.817803
"5938067368",1928915,"Jamides celeno (Cramer, 1775)","SPECIES",1.334624,103.817803
"5938067371",7341971,"Carpodacus davidianus Milne-Edwards, 1865","SPECIES",40.0794,116.048292
"5938067378",5231198,"Passer montanus (Linnaeus, 1758)","SPECIES",56.770353,60.700838
"5938067390",2149490,"Nephila pilipes (Fabricius, 1793)","SPECIES",11.965797,77.179774
"5938067453",3074251,"Macaranga tanarius (L.) Müll.Arg.","SPECIES",25.031536,121.512436
"5938067567",2482515,"Corvus cornix Linnaeus, 1758","SPECIES",52.292509,85.542272
"5938067581",4359784,"Plocamopherus ceylonicus (Kelaart, 1858)","SPECIES",18.958642,72.796463
"5938067599",2477102,"Cypsiurus balasiensis (J.E.Gray, 1829)","SPECIES",24.087914,89.131936
"5938067648",7319359,"Ctenitis eatonii (Baker) Ching","SPECIES",23.557418,120.656105
"5938067667",7262595,"Ficus sarmentosa Buch.-Ham. ex Sm.","SPECIES",23.538912,120.687653
"5938067670",2173065,"Thiania bhamoensis Thorell, 1887","SPECIES",1.347095,103.763954
"5938067671",1700958,"Oxya intricata (Stål, 1861)","SPECIES",1.334624,103.817803
"5938067672",2475532,"Alcedo atthis bengalensis J.F.Gmelin, 1788","SUBSPECIES",35.438535,139.386537
"5938067680",5171323,"Heteropoda boiei (Doleschall, 1859)","SPECIES",1.399853,103.806938
"5938067681",2487871,"Periparus ater (Linnaeus, 1758)","SPECIES",37.465805,126.955287
"5938067695",9616058,"Falco tinnunculus Linnaeus, 1758","SPECIES",40.078822,116.046412
"5938067697",5137891,"Pieris canidia (Sparrman, 1768)","SPECIES",22.404823,114.077706
"5938067702",7341536,"Eumyias thalassinus (Swainson, 1838)","SPECIES",12.802854,99.444034
"5938067705",2490789,"Turdus dissimilis Blyth, 1847","SPECIES",19.992156,99.091553
"5938067800",9362027,"Mareca strepera (Linnaeus, 1758)","SPECIES",35.640014,139.863908
"5938067824",7270795,"Saurauia tristyla var. oldhamii (Hemsl.) Finet & Gagnep.","VARIETY",25.155598,121.708245
"5938067825",6101224,"Spilopelia chinensis (Scopoli, 1786)","SPECIES",1.320859,103.769375
"5938067889",7602400,"Hyoscyamus aureus L.","SPECIES",31.755214,35.182692
"5938067975",2422538,"Duttaphrynus melanostictus (Schneider, 1799)","SPECIES",-7.30065,108.751518
"5938068305",2492758,"Prinia inornata Sykes, 1832","SPECIES",-7.310774,112.823373
"5938068308",2151464,"Leucauge tessellata (Thorell, 1887)","SPECIES",-6.291295,105.841277
"5938068313",11211157,"Prinia lepida Blyth, 1844","SPECIES",22.990256,57.668911
"5938068316",5793241,"Pernis ptilorhynchus (Temminck, 1821)","SPECIES",8.267592,79.866287
"5938068318",9273219,"Lanius schach nasutus Scopoli, 1786","SUBSPECIES",14.807853,121.000866
"5938068327",5846290,"Saxicola maurus (Pallas, 1773)","SPECIES",21.336842,76.506083
"5938068344",6100870,"Motacilla maderaspatensis Gmelin, 1789","SPECIES",30.381213,77.797188
"5938068378",2482515,"Corvus cornix Linnaeus, 1758","SPECIES",56.835464,60.674776
"5938068717",3086526,"Rhizophora apiculata Blume","SPECIES",1.398853,103.920288
"5938068724",2475742,"Todiramphus chloris (Boddaert, 1783)","SPECIES",7.097045,99.58873
"5938068743",7340992,"Phoenicurus fuliginosus Vigors, 1831","SPECIES",24.448695,112.478297
"5938068753",6066037,"Burhinus indicus (Salvadori, 1866)","SPECIES",22.831378,72.086644
"5938068767",1016841,"Orthomorpha coarctata (Saussure, 1860)","SPECIES",10.041283,76.322947
"5938068774",9797180,"Ardea cinerea Linnaeus, 1758","SPECIES",19.156861,72.9581
"5938068797",5200795,"Polycarpa aurata (Quoy & Gaimard, 1834)","SPECIES",4.252014,118.631406
"5938068825",2493455,"Pterorhinus perspicillatus (J.F.Gmelin, 1789)","SPECIES",22.511966,114.132671
"5938068831",2495414,"Columba livia var. domestica J.F.Gmelin, 1789","VARIETY",32.162108,114.129181
"5938068843",3690997,"Cardamine occulta Hornem.","SPECIES",28.454816,119.914503
"5938068906",1898441,"Hestina assimilis (Linnaeus, 1758)","SPECIES",24.993947,121.658338
"5938068916",6066512,"Microcarbo niger (Vieillot, 1817)","SPECIES",19.138886,72.958464
"5938068929",5231630,"Acanthis flammea (Linnaeus, 1758)","SPECIES",57.37817,65.00735
"5938068930",5217231,"Buergeria oxycephala (Boulenger, 1900)","SPECIES",18.602969,108.812224
"5938068936",NA,"Taractrocera Butler","GENUS",14.732897,120.931785
"5938068952",5229490,"Pica pica (Linnaeus, 1758)","SPECIES",57.915196,59.967155
"5938068991",2735117,"Cocos nucifera L.","SPECIES",6.838641,73.054372
"5938069018",3169830,"Catharanthus roseus (L.) G.Don","SPECIES",-6.750828,108.183877
"5938069027",2482515,"Corvus cornix Linnaeus, 1758","SPECIES",32.732887,35.273008
"5938069033",2894828,"Guettarda speciosa L.","SPECIES",21.937842,120.79993
"5938069059",2446410,"Goniurosaurus bawanglingensis Grismer, Haitao, Orlov & Anajeva, 2002","SPECIES",19.196447,109.136169
"5938069115",2866920,"Arisaema ringens (Thunb.) Schott","SPECIES",25.162985,121.707369
"5938069120",4689929,"Suastus gremius (Fabricius, 1798)","SPECIES",-6.193826,106.880498
"5938069134",6130803,"Harmonia yedoensis (Takizawa, 1917)","SPECIES",29.57817,106.426262
"5938069160",7985572,"Senecio scandens var. crataegifolius (Hayata) Kitam.","VARIETY",24.596917,121.231424
"5938069194",2879175,"Quercus coccifera subsp. calliprinos (Webb) Holmboe","SUBSPECIES",35.301353,33.158018
"5938069225",2481800,"Actitis hypoleucos (Linnaeus, 1758)","SPECIES",-7.310812,112.823325
"5938069230",2870583,"Pistia stratiotes L.","SPECIES",16.362122,100.741805
"5938069241",3085191,"Celosia argentea L.","SPECIES",25.022405,121.305495
"5938069279",2474416,"Porphyrio poliocephalus (Latham, 1801)","SPECIES",15.553537,73.912404
"5938070369",5361841,"Pilea microphylla (L.) Liebm.","SPECIES",28.454816,119.914503
"5938070376",2868390,"Caladium bicolor (Aiton) Vent.","SPECIES",-8.281111,114.170891
"5938070396",8219075,"Abroma augustum (L.) L.fil.","SPECIES",25.153364,121.558358
"5938070398",2498261,"Aythya fuligula (Linnaeus, 1758)","SPECIES",24.812112,120.910597
"5938070418",2437394,"Callosciurus erythraeus (Pallas, 1779)","SPECIES",22.375295,114.263787
"5938070427",7340331,"Riparia chinensis (J.E.Gray, 1830)","SPECIES",24.028581,89.089573
"5938070500",7342005,"Ixos mcclellandii (Horsfield, 1840)","SPECIES",22.44835,114.319274
"5938070503",2702504,"Melinis repens (Willd.) Zizka","SPECIES",24.464789,118.297695
"5938070519",9797180,"Ardea cinerea Linnaeus, 1758","SPECIES",34.687093,135.527003
"5938070522",2489005,"Acridotheres tristis (Linnaeus, 1766)","SPECIES",14.406028,102.803887
"5938070532",2475532,"Alcedo atthis (Linnaeus, 1758)","SPECIES",25.000776,121.456204
"5938070537",1926593,"Ancema blanka (de Nicéville, 1895)","SPECIES",22.460508,114.051394
"5938070542",2498255,"Aythya ferina (Linnaeus, 1758)","SPECIES",35.897224,140.506336
"5938070546",1924298,"Acytolepis puspa (Horsfield, 1828)","SPECIES",22.437432,114.177006
"5938070547",7341196,"Myophonus caeruleus caeruleus (Scopoli, 1786)","SUBSPECIES",19.884705,99.034561
"5938070550",2480297,"Anarhynchus leschenaultii","SPECIES",19.724277,109.242182
"5938070563",2476012,"Buceros bicornis Linnaeus, 1758","SPECIES",14.243061,101.238349
"5938070646",1895992,"Melanitis phedima Cramer, 1782","SPECIES",-1.3275,120.307222
"5938070683",1428140,"Rhyothemis variegata (Linnaeus, 1763)","SPECIES",-6.929367,110.569281
"5938070684",2866113,"Enhalus acoroides (L.f.) Royle","SPECIES",1.313546,103.629941
"5938070692",2489005,"Acridotheres tristis (Linnaeus, 1766)","SPECIES",32.146168,34.8862
"5938070694",2489005,"Acridotheres tristis (Linnaeus, 1766)","SPECIES",1.364087,103.837717
"5938070697",2480905,"Ardeola grayii (Sykes, 1832)","SPECIES",9.826583,76.311107
"5938070723",4359784,"Plocamopherus ceylonicus (Kelaart, 1858)","SPECIES",17.782441,83.382778
"5938070783",2423787,"Polypedates megacephalus Hallowell, 1861","SPECIES",22.528391,113.95932
"5938070786",9252702,"Habroloma lepidopterum (Deyrolle, 1864)","SPECIES",1.355152,103.797202
"5938070805",3116842,"Sphagneticola trilobata (L.) Pruski","SPECIES",12.824147,80.041242
"5938070806",4359824,"Dendrodoris fumata (Rüppell & Leuckart, 1830)","SPECIES",19.598307,109.052979
"5938070811",5788962,"Pomatorhinus melanurus Blyth, 1847","SPECIES",6.811998,80.500191
"5938070815",10876470,"Hylarana serendipi Biju, Garg, Mahony, Wijayathilaka, Senevirathne & Meegaskumbura, 2014","SPECIES",6.989219,80.42975
"5938070821",5220127,"Capreolus pygargus (Pallas, 1771)","SPECIES",55.171575,82.722572
"5938070829",2487866,"Poecile montanus (Conrad von Baldenstein, 1827)","SPECIES",56.015841,69.487759
"5938070889",2442153,"Lepidochelys olivacea (Eschscholtz, 1829)","SPECIES",17.909553,83.537664
"5938070927",2149490,"Nephila pilipes (Fabricius, 1793)","SPECIES",20.053358,99.81907
"5938070934",5228328,"Halcyon smyrnensis (Linnaeus, 1758)","SPECIES",22.51053,114.111568
"5938070939",2491522,"Emberiza spodocephala Pallas, 1776","SPECIES",30.316595,121.16092
"5938070949",1423767,"Copera marginipes (Rambur, 1842)","SPECIES",23.635111,120.491814
"5938070951",2481722,"Tringa brevipes (Vieillot, 1816)","SPECIES",12.375449,123.635973
"5938070958",6055063,"Tectaria polymorpha (Wall. ex Hook.) Copel.","SPECIES",23.538161,120.688878
"5938070967",6190993,"Opisthodolichopus scandens Hoffman, 1973","SPECIES",1.399853,103.806938
"5938070981",2475452,"Merops philippinus Linnaeus, 1767","SPECIES",11.156158,119.398758
"5938070984",2480934,"Ardea purpurea Linnaeus, 1766","SPECIES",2.96296,101.69513
"5938070989",7982358,"Psilopogon virens (Boddaert, 1783)","SPECIES",19.983763,99.187749
"5938071055",3115443,"Crassocephalum crepidioides (Benth.) S.Moore","SPECIES",23.566556,120.606496
"5938071079",7310164,"Pteris wallichiana J.Agardh","SPECIES",24.37915,120.909431
"5938071080",2151492,"Leucauge decorata (Blackwall, 1864)","SPECIES",13.08622,80.269798
"5938071124",2498061,"Anas zonorhyncha Swinhoe, 1866","SPECIES",24.812744,120.911936
"5938071150",9613112,"Emberiza melanocephala Scopoli, 1769","SPECIES",18.795067,72.925728
"5938071230",5646838,"Leptochilus ellipticus (Thunb.) Noot.","SPECIES",22.657842,120.260788
"5938072367",2495681,"Streptopelia orientalis (Latham, 1790)","SPECIES",35.644761,139.455576
"5938072373",5721102,"Echinothrix calamaris (Pallas, 1774)","SPECIES",9.416792,123.301234
"5938072377",7341881,"Cyanopica cyanus (Pallas, 1776)","SPECIES",30.54445,114.302658
"5938072383",2480841,"Gorsachius melanolophus (Raffles, 1822)","SPECIES",23.0383,120.239188
"5938072384",11910812,"Craspedocephalus macrolepis Beddome, 1862","SPECIES",10.15452,77.167157
"5938072399",2403808,"Gymnothorax javanicus (Bleeker, 1859)","SPECIES",4.246735,118.63112
"5938072409",1341979,"Apis cerana Fabricius, 1793","SPECIES",22.785235,113.958103
"5938072456",2475742,"Todiramphus chloris (Boddaert, 1783)","SPECIES",1.377882,103.952491
"5938072471",5229167,"Milvus migrans (Boddaert, 1783)","SPECIES",30.469556,73.481667
"5938072513",10337043,"Apis laboriosa Smith, 1871","SPECIES",20.070644,99.141742
"5938072522",2377008,"Periophthalmus chrysospilos Bleeker, 1853","SPECIES",1.259656,103.810394
"5938072524",1919412,"Delias eucharis (Drury, 1773)","SPECIES",13.276357,74.757301
"5938072530",3829373,"Pericampylus glaucus (Lam.) Merr.","SPECIES",24.855473,121.737475
"5938072532",5229045,"Psittacula alexandri alexandri (Linnaeus, 1758)","SUBSPECIES",-6.091055,106.946608
"5938073680",2495681,"Streptopelia orientalis (Latham, 1790)","SPECIES",25.120438,121.534112
"5938073692",10332233,"Hirundo javanica Sparrman, 1789","SPECIES",-7.311032,112.82327
"5938073694",2479226,"Psittacula krameri (Scopoli, 1769)","SPECIES",7.27197,80.596778
"5938073698",5129293,"Vanessa indica (Herbst, 1794)","SPECIES",20.034847,99.049546
"5938073705",2437399,"Callosciurus finlaysonii (Horsfield, 1823)","SPECIES",13.815073,100.551981
"5938073899",2498347,"Cygnus cygnus (Linnaeus, 1758)","SPECIES",41.276596,141.170609
"5938073946",5229126,"Himantopus himantopus (Linnaeus, 1758)","SPECIES",11.592638,99.675563
"5938073947",2470685,"Varanus salvator macromaculatus Deraniyagala, 1944","SUBSPECIES",11.602047,99.681506
"5938073956",2735117,"Cocos nucifera L.","SPECIES",7.536437,99.04957
"5938074035",2929362,"Solanum capsicoides All.","SPECIES",23.56707,120.607891
"5938074061",8028588,"Ichthyaetus ichthyaetus (Pallas, 1773)","SPECIES",31.386849,104.812444
"5938074064",5229410,"Anastomus oscitans (Boddaert, 1783)","SPECIES",13.45087,74.69737
"5938074141",2481819,"Gallinago gallinago (Linnaeus, 1758)","SPECIES",22.508237,114.114945
"5938074149",2932389,"Solanum torvum Sw.","SPECIES",10.877694,79.093469
"5938074178",2044368,"Ledropsis discolor (Uhler, 1896)","SPECIES",35.337906,139.611763
"5938074179",5219858,"Ondatra zibethicus (Linnaeus, 1766)","SPECIES",51.919404,85.3086
"5938074185",5130813,"Euthalia monina Fabricius, 1787","SPECIES",1.334624,103.817803
"5938074189",5229171,"Circus melanoleucos (Pennant, 1769)","SPECIES",25.136317,121.429952
"5938074193",1423254,"Ceriagrion coromandelianum (Fabricius, 1798)","SPECIES",7.894702,80.726273
"5938074194",7341971,"Carpodacus davidianus Milne-Edwards, 1865","SPECIES",40.079291,116.048326
"5938074195",5231223,"Phoenicurus auroreus auroreus (Pallas, 1776)","SUBSPECIES",35.47165,138.335983
"5938074197",2498259,"Aythya nyroca (Güldenstädt, 1770)","SPECIES",30.949498,117.885084
"5938074213",3048831,"Cakile maritima Scop.","SPECIES",33.072461,35.105778
"5938075095",2486132,"Pycnonotus leucotis (Gould, 1836)","SPECIES",22.82565,72.109518
"5938075118",2496001,"Ducula bicolor (Scopoli, 1786)","SPECIES",1.343475,103.779406
"5938075127",2878149,"Quercus pachyloma Seemen","SPECIES",23.9334,120.879234
"5938075130",2487843,"Poecile palustris (Linnaeus, 1758)","SPECIES",40.031537,116.400515
"5938075245",1936993,"Troides helena (Linnaeus, 1758)","SPECIES",8.629042,98.243039
"5938075249",5118348,"Orgyia postica (Walker, 1855)","SPECIES",24.158311,121.62121
"5938075256",2493355,"Actinodura cyanouroptera (Hodgson, 1837)","SPECIES",25.085,102.772
"5938075272",2484605,"Bombycilla garrulus (Linnaeus, 1758)","SPECIES",56.139051,83.716616
"5938075278",2498036,"Anser anser (Linnaeus, 1758)","SPECIES",22.914714,71.973683
"5938075298",5789289,"Larus vegae Palmén, 1887","SPECIES",35.712374,139.771201
"5938075536",2437243,"Funambulus pennantii Wroughton, 1905","SPECIES",25.406201,81.839012
"5938075894",2891772,"Impatiens walleriana Hook.fil.","SPECIES",-7.646588,110.44278
"5938075900",2475452,"Merops philippinus Linnaeus, 1767","SPECIES",1.339985,103.729475
"5938075909",2970418,"Leucaena leucocephala (Lam.) de Wit","SPECIES",14.465732,121.020889
"5938075927",5788893,"Copsychus fulicatus (Linnaeus, 1766)","SPECIES",26.894976,75.814718
"5938075944",9705453,"Parus major Linnaeus, 1758","SPECIES",56.493912,84.983269
"5938076026",10757240,"Zhangixalus taipeianus (Liang & Wang, 1978)","SPECIES",24.944711,121.541423
"5938076052",6101015,"Chloris sinica (Linnaeus, 1766)","SPECIES",36.06357,120.350305
"5938076055",9480191,"Mareca falcata (Georgi, 1775)","SPECIES",36.873675,126.205748
"5938076060",9178169,"Yungipicus kizuki nippon Nagamichi Kuroda, 1922","SUBSPECIES",35.133502,135.991125
"5938076313",5229490,"Pica pica (Linnaeus, 1758)","SPECIES",56.900746,60.648546
"5938076386",1427783,"Neurothemis fluctuans (Fabricius, 1793)","SPECIES",1.339467,103.821441
"5938076395",7341881,"Cyanopica cyanus (Pallas, 1776)","SPECIES",22.33214,114.190371
"5938076400",1896142,"Terinos terpander Hewitson, 1862","SPECIES",1.334624,103.817803
"5938076401",2435035,"Felis catus Linnaeus, 1758","SPECIES",31.24253,121.459635
"5938076409",5228199,"Gallinula chloropus (Linnaeus, 1758)","SPECIES",40.013544,116.37955
"5938076417",7339073,"Sarcandra glabra (Thunb.) Nakai","SPECIES",25.170257,121.582255
"5938076418",11204069,"Fowlea flavipunctatus (Hallowell, 1860)","SPECIES",18.817292,108.764911
"5938076421",5231198,"Passer montanus (Linnaeus, 1758)","SPECIES",56.025032,92.92634
"5938076430",1428140,"Rhyothemis variegata (Linnaeus, 1763)","SPECIES",5.985045,116.143509
"5938076434",2480876,"Egretta garzetta (Linnaeus, 1766)","SPECIES",19.140336,72.962661
"5938076511",2495414,"Columba livia var. domestica J.F.Gmelin, 1789","VARIETY",52.445758,85.056725
"5938076518",5209095,"Naso elegans (Rüppell, 1829)","SPECIES",27.847403,34.315041
"5938076523",7732678,"Glycosmis parviflora (Sims) Kurz","SPECIES",22.86971,120.656391
"5938076525",2494143,"Eophona personata (Temminck & Schlegel, 1848)","SPECIES",30.254034,120.123515
"5938076527",2433686,"Lutra perspicillata I.Geoffroy Saint-Hilaire, 1826","SPECIES",1.265946,103.989011
"5938076529",2484605,"Bombycilla garrulus (Linnaeus, 1758)","SPECIES",51.403848,86.006604
"5938076540",3149462,"Tridax procumbens L.","SPECIES",20.598054,79.86906
"5938076544",2923582,"Psychotria serpens L.","SPECIES",25.141593,121.544189
"5938076568",5845386,"Pastor roseus (Linnaeus, 1758)","SPECIES",22.816927,72.106545
"5938076627",9616058,"Falco tinnunculus Linnaeus, 1758","SPECIES",39.931371,116.406835
"5938076638",9750846,"Oriolus chinensis Linnaeus, 1766","SPECIES",3.143678,101.686073
"5938076652",7341134,"Malacocincla sepiaria (Horsfield, 1821)","SPECIES",-7.701602,112.530716
"5938076679",10855510,"Eriobotrya deflexa (Hemsl.) Nakai","SPECIES",22.696944,120.308636
"5938076693",2436603,"Macaca fascicularis (Raffles, 1821)","SPECIES",3.524918,98.0432
"5938076699",NA,"Thinornis G.R.Gray, 1844","GENUS",12.331495,80.014338
"5938076703",2491534,"Emberiza citrinella Linnaeus, 1758","SPECIES",55.696042,73.970703
"5938076705",9809229,"Sturnus vulgaris Linnaeus, 1758","SPECIES",38.420171,27.13909
"5938077734",9064581,"Hibiscus schizopetalus (Dyer) Hook.fil.","SPECIES",26.458194,127.939897
"5938077737",7340537,"Argya striata (Dumont, 1823)","SPECIES",22.289718,73.191251
"5938077753",2158977,"Thelacantha brevispina (Doleschall, 1857)","SPECIES",24.158311,121.62121
"5938077754",12150406,"Aleurodiscus mirabilis (Berk. & M.A.Curtis) Höhn.","SPECIES",34.951195,135.746003
"5938077758",3589628,"Asarum macranthum Hook.fil.","SPECIES",24.686335,121.135582
"5938078363",7346444,"Zizina otis (Fabricius, 1787)","SPECIES",1.424297,103.838591
"5938078413",2932389,"Solanum torvum Sw.","SPECIES",16.073228,120.674033
"5938078424",9797180,"Ardea cinerea Linnaeus, 1758","SPECIES",36.77577,126.283638
"5938078437",9752617,"Ardea alba Linnaeus, 1758","SPECIES",42.281633,69.593262
"5938078521",5217163,"Bufo bankorensis Barbour, 1908","SPECIES",23.862388,120.908573
"5938078525",4647408,"Thranita spinimana (Dana, 1852)","SPECIES",1.228548,103.747297
"5938078534",2493087,"Phylloscopus neglectus Hume, 1870","SPECIES",22.988917,57.67032
"5938078547",7316804,"Anodendron affine (Hook. & Arn.) Druce","SPECIES",25.127572,121.518806
"5938078607",2478548,"Picus canus J.F.Gmelin, 1788","SPECIES",56.016171,69.486333
"5938078609",1320471,"Myrmicaria brunnea Saunders, 1842","SPECIES",10.220139,76.201278
"5938078713",5216933,"Rhinella marina (Linnaeus, 1758)","SPECIES",14.613141,121.043543
"5938078721",2932944,"Capsicum annuum L.","SPECIES",19.261973,98.93789
"5938078729",5845285,"Myiomela leucura (Hodgson, 1845)","SPECIES",23.064386,120.74457
"5938078769",6101070,"Parus cinereus Vieillot, 1818","SPECIES",35.670962,139.696768
"5938078774",2491534,"Emberiza citrinella Linnaeus, 1758","SPECIES",51.374402,80.196475
"5938078822",1341979,"Apis cerana Fabricius, 1793","SPECIES",24.737367,121.289888
"5938078828",5118348,"Orgyia postica (Walker, 1855)","SPECIES",23.485862,120.483105
"5938078843",2393194,"Psammoperca waigiensis (Cuvier, 1828)","SPECIES",1.293853,103.896705
"5938078914",1918584,"Lebadea martha Fabricius, 1787","SPECIES",-7.679133,110.354372
"5938078918",2474377,"Fulica atra Linnaeus, 1758","SPECIES",44.55851,38.073265
"5938078931",NA,"Dinomyrmex Ashmead, 1905","GENUS",1.410587,103.778357
"5938078944",2422538,"Duttaphrynus melanostictus (Schneider, 1799)","SPECIES",14.650813,100.976983
"5938078948",2394736,"Scatophagus argus (Linnaeus, 1766)","SPECIES",15.472509,73.997855
"5938079007",2498015,"Tadorna ferruginea (Pallas, 1764)","SPECIES",21.336842,76.506083
"5938079137",2474377,"Fulica atra Linnaeus, 1758","SPECIES",44.426132,38.088082
"5938079145",1043321,"Cheilomenes sexmaculata (Fabricius, 1781)","SPECIES",20.070572,110.333282
"5938079158",5229131,"Vanellus indicus (Boddaert, 1783)","SPECIES",13.794222,101.674972
"5938079191",8214667,"Anas crecca Linnaeus, 1758","SPECIES",36.815855,126.284495
"5938079202",2443244,"Mauremys sinensis (Gray, 1834)","SPECIES",22.972662,120.222862
"5938079243",9178169,"Yungipicus kizuki (Temminck, 1836)","SPECIES",36.624183,138.59697
"5938079246",2486151,"Pycnonotus jocosus (Linnaeus, 1758)","SPECIES",22.244409,114.153744
"5938079320",2480487,"Circus cyaneus (Linnaeus, 1766)","SPECIES",39.081306,32.104092
"5938080177",1897692,"Parantica agleoides (C.Felder & R.Felder, 1860)","SPECIES",1.334624,103.817803
"5938080180",2395664,"Entomacrodus decussatus (Bleeker, 1858)","SPECIES",10.065152,99.840638
"5938080211",2493970,"Dicrurus macrocercus Vieillot, 1817","SPECIES",18.661927,72.865929
"5938080223",5231198,"Passer montanus (Linnaeus, 1758)","SPECIES",55.409389,61.025534
"5938080241",5356354,"Ceratonia siliqua L.","SPECIES",34.893412,32.345913
"5938080279",5383897,"Dillenia suffruticosa (Griff.) Martelli","SPECIES",3.145069,101.633586
"5938080315",5133687,"Ariadne merione (Cramer, 1779)","SPECIES",19.4237,84.827633
"5938080326",5928149,"Itea oldhamii C.K.Schneid.","SPECIES",25.161841,121.70516
"5938080342",5219890,"Hystrix brachyura Linnaeus, 1758","SPECIES",25.74297,118.624275
"5938080344",9750846,"Oriolus chinensis Linnaeus, 1766","SPECIES",1.367517,103.828776
"5938080351",5229167,"Milvus migrans (Boddaert, 1783)","SPECIES",9.907018,76.316322
"5938080360",2385428,"Chaetodon trifascialis Quoy & Gaimard, 1825","SPECIES",27.820959,34.389197
"5938080412",2490266,"Anthus pratensis (Linnaeus, 1758)","SPECIES",43.42299,39.927375
"5938080489",7293727,"Ampelopsis glandulosa (Wall.) Momiy.","SPECIES",25.016159,121.539185
"5938080494",5959488,"Psammophis schokari (Forskal, 1775)","SPECIES",28.542517,47.990708
"5938081087",2970418,"Leucaena leucocephala (Lam.) de Wit","SPECIES",24.181788,120.613728
"5938081093",8291325,"Sawadaea koelreuteriae (I.Miyake) H.D.Shin & M.J.Park","SPECIES",22.654273,114.399207
"5938081100",8151301,"Ixeris chinensis (Thunb.) Kitag.","SPECIES",24.188728,120.613428
"5938081107",6100954,"Coloeus monedula (Linnaeus, 1758)","SPECIES",55.34216,86.183809
"5938081108",2480876,"Egretta garzetta (Linnaeus, 1766)","SPECIES",35.676362,139.81427
"5938081112",1427783,"Neurothemis fluctuans (Fabricius, 1793)","SPECIES",1.334624,103.817803
"5938081115",9022612,"Lissemys ceylonensis (Gray, 1856)","SPECIES",6.4225,80.846786
"5938081129",5138257,"Logania marmorata Moore, 1884","SPECIES",1.355153,103.797202
"5938081148",5332421,"Lithocarpus taitoensis (Hayata) Hayata","SPECIES",23.57113,120.612974
"5938081177",2158977,"Thelacantha brevispina (Doleschall, 1857)","SPECIES",19.139622,72.957447
"5938082560",3115443,"Crassocephalum crepidioides (Benth.) S.Moore","SPECIES",23.184631,120.56217
"5938082575",3033943,"Nephroia orbiculata (L.) L.Lian & Wei Wang","SPECIES",22.447695,114.039302
"5938082610",1939086,"Papilio clytia Linnaeus, 1758","SPECIES",1.339709,103.730245
"5938082618",6431411,"Echinochloa colonum (L.) Link","SPECIES",25.031625,55.281967
"5938082619",6100921,"Suthora webbiana Gould, 1852","SPECIES",40.012757,116.381365
"5938082624",2170081,"Nannenus syrphus Simon, 1902","SPECIES",1.349542,103.791378
"5938082632",5231198,"Passer montanus (Linnaeus, 1758)","SPECIES",57.092861,65.539313
"5938082634",2436535,"Trachypithecus obscurus (Reid, 1837)","SPECIES",6.354889,99.969928
"5938082671",5788854,"Saxicola ferreus J.E.Gray & G.R.Gray, 1847","SPECIES",22.225531,113.848029
"5938082723",2811083,"Aerides quinquevulnera Lindl.","SPECIES",13.810486,123.895666
"5938082726",9761484,"Anas platyrhynchos Linnaeus, 1758","SPECIES",35.933291,139.682497
"5938082731",8332393,"Spatula clypeata (Linnaeus, 1758)","SPECIES",19.140303,72.961078
"5938082734",1427808,"Neurothemis tullia (Drury, 1773)","SPECIES",8.395228,80.625274
"5938082738",8332393,"Spatula clypeata (Linnaeus, 1758)","SPECIES",56.023639,92.949401
"5938082750",2486144,"Pycnonotus goiavier (Scopoli, 1786)","SPECIES",2.961613,101.695249
"5938082753",2494543,"Pyrrhula pyrrhula (Linnaeus, 1758)","SPECIES",55.973817,92.801073
"5938082803",7366997,"Celtis tetrandra Roxb.","SPECIES",22.87129,120.655619
"5938082808",1898988,"Symbrenthia lilaea Hewitson, 1864","SPECIES",22.380295,113.958781
"5938082818",2487879,"Cyanistes caeruleus (Linnaeus, 1758)","SPECIES",56.919403,60.664598
"5938082821",1920258,"Pontia daplidice (Linnaeus, 1758)","SPECIES",31.879687,34.916928
"5938082825",5231190,"Passer domesticus (Linnaeus, 1758)","SPECIES",56.107072,69.45009
"5938082882",2495486,"Geopelia striata (Linnaeus, 1766)","SPECIES",13.816431,100.075736
"5938082912",5231771,"Prunella fulvescens (Severtzov, 1873)","SPECIES",43.044794,76.944505
"5938082916",5724095,"Monodonta labio (Linnaeus, 1758)","SPECIES",1.259137,103.812988
"5938082970",2436535,"Trachypithecus obscurus (Reid, 1837)","SPECIES",5.450039,100.385052
"5938082976",2478548,"Picus canus J.F.Gmelin, 1788","SPECIES",55.526646,85.718697
"5938083338",2469722,"Ophisops leschenaultii (Milne-Edwards, 1829)","SPECIES",13.570119,77.993669
"5938083343",5128034,"Dryas iulia (Fabricius, 1775)","SPECIES",1.334624,103.817803
"5938083357",5229493,"Garrulus glandarius (Linnaeus, 1758)","SPECIES",53.798341,86.985523
"5938083369",2473682,"Lyrurus tetrix (Linnaeus, 1758)","SPECIES",53.862899,83.85012
"5938083498",6130514,"Chrysocoris fascialis (White, 1842)","SPECIES",24.15871,121.623137
"5938083515",4299368,"Vanessa cardui (Linnaeus, 1758)","SPECIES",36.967803,26.961633
"5938083518",9705453,"Parus major Linnaeus, 1758","SPECIES",56.851957,60.682786
"5938083521",5231198,"Passer montanus (Linnaeus, 1758)","SPECIES",55.02196,73.310219
"5938083523",2494543,"Pyrrhula pyrrhula (Linnaeus, 1758)","SPECIES",53.348521,83.535995
"5938083551",2396426,"Pomacanthus imperator (Bloch, 1787)","SPECIES",3.498813,73.525752
"5938083604",5866274,"Tessaratoma papillosa (Drury, 1770)","SPECIES",22.568,113.975636
"5938083617",9634430,"Dichotomyctere ocellatus (Steindachner, 1870)","SPECIES",11.3,103.27
"5938083640",2498061,"Anas zonorhyncha Swinhoe, 1866","SPECIES",36.799288,126.287937
"5938083653",3189627,"Cleyera japonica Thunb.","SPECIES",24.239563,120.974708
"5938083949",5232005,"Centropus sinensis (Stephens, 1815)","SPECIES",13.051896,77.752508
"5938083950",1428867,"Trithemis aurora (Burmeister, 1839)","SPECIES",5.574107,115.978642
"5938084033",2498112,"Anas acuta Linnaeus, 1758","SPECIES",33.603528,120.50428
"5938084040",9705453,"Parus major Linnaeus, 1758","SPECIES",54.836472,83.111372
"5938084058",2435035,"Felis catus Linnaeus, 1758","SPECIES",31.223398,121.4571
"5938084068",3168943,"Hippobroma longiflora (L.) G.Don","SPECIES",6.869403,81.041403
"5938084074",4341500,"Tripneustes gratilla (Linnaeus, 1758)","SPECIES",9.417018,123.301048
"5938084146",2492680,"Copsychus saularis (Linnaeus, 1758)","SPECIES",9.030278,76.896036
"5938084155",NA,"Chalcovietnamicus Marusik, 1991","GENUS",1.355152,103.797202
"5938084171",1925543,"Zeltus amasa","SPECIES",1.334624,103.817803
"5938084208",2407750,"Lagocephalus laevigatus (Linnaeus, 1766)","SPECIES",12.130643,75.148503
"5938084209",2490737,"Turdus pilaris Linnaeus, 1758","SPECIES",55.024663,73.323939
"5938084229",2497894,"Surnia ulula (Linnaeus, 1758)","SPECIES",50.386374,119.712123
"5938084238",2492675,"Copsychus malabaricus (Scopoli, 1786)","SPECIES",14.538696,98.782534
"5938084251",5033168,"Camponotus festinus (Smith, 1857)","SPECIES",4.668566,101.194895
"5938084252",5232012,"Centropus nigrorufus (Cuvier, 1816)","SPECIES",-7.733779,110.301242
"5938084287",NA,"Didymium","GENUS",33.057815,35.720599
"5938084296",6518892,"Vayssierea felis (Collingwood, 1881)","SPECIES",25.018109,121.999251
"5938084298",5739315,"Phoenicurus ochruros (S.G.Gmelin, 1774)","SPECIES",44.519951,38.120384
"5938084300",2481890,"Phalacrocorax carbo hanedae Kuroda, 1925","SUBSPECIES",35.437417,139.386927
"5938084338",9687165,"Motacilla alba lugens Gloger, 1829","SUBSPECIES",35.922555,139.697336
"5938084344",11535847,"Acraea terpsicore (Linnaeus, 1758)","SPECIES",9.154089,77.465574
"5938084348",8211070,"Sciurus vulgaris Linnaeus, 1758","SPECIES",54.84031,83.10236
"5938084361",7341971,"Carpodacus davidianus Milne-Edwards, 1865","SPECIES",40.078786,116.047642
"5938084363",2403808,"Gymnothorax javanicus (Bleeker, 1859)","SPECIES",3.632767,72.961187
"5938084368",2435035,"Felis catus Linnaeus, 1758","SPECIES",41.033732,29.028478
"5938084369",2493324,"Argya affinis (Jerdon, 1845)","SPECIES",6.425083,79.996217
"5938084371",1945274,"Oriens gola (Moore, 1877)","SPECIES",1.334624,103.817803
"5938084443",5219243,"Vulpes vulpes (Linnaeus, 1758)","SPECIES",55.947627,92.81005
"5938084466",2492680,"Copsychus saularis (Linnaeus, 1758)","SPECIES",12.571509,99.960877
"5938084474",4177857,"Cryptocarya chinensis (Hance) Hemsl.","SPECIES",22.867415,120.658365
"5938084482",2493528,"Paradoxornis guttaticollis David, 1871","SPECIES",20.164935,99.036164
"5938084487",2494543,"Pyrrhula pyrrhula (Linnaeus, 1758)","SPECIES",56.90392,60.554617
"5938085096",2168426,"Cosmophasis thalassina (C.L.Koch, 1846)","SPECIES",1.378592,103.824064
"5938085118",1931109,"Cheritra freja (Fabricius, 1793)","SPECIES",27.247242,90.610267
"5938085138",9451184,"Pavo cristatus Linnaeus, 1758","SPECIES",17.454906,78.360978
"5938085141",1325561,"Paratrechina longicornis (Latreille, 1802)","SPECIES",22.313624,114.006534
"5938085167",5230456,"Lalage nigra (J.R.Forster, 1781)","SPECIES",1.340327,103.730212
"5938085203",2494056,"Ploceus philippinus (Linnaeus, 1766)","SPECIES",2.963146,101.695448
"5938085221",2480934,"Ardea purpurea Linnaeus, 1766","SPECIES",14.078482,101.257038
"5938085227",4989905,"Harmonia dimidiata (Fabricius, 1781)","SPECIES",25.129317,121.576753
"5938085446",1310950,"Polistes gigas Kirby, 1826","SPECIES",24.189932,120.786453
"5938085461",1427783,"Neurothemis fluctuans (Fabricius, 1793)","SPECIES",1.355153,103.797202
"5938085489",2490297,"Motacilla grandis Sharpe, 1885","SPECIES",34.987269,135.655951
"5938085573",5401760,"Ageratum houstonianum Mill.","SPECIES",23.827675,120.800462
"5938085585",5806167,"Danaus genutia (Cramer, 1779)","SPECIES",11.254508,77.65818
"5938085607",5275396,"Pteris biaurita L.","SPECIES",24.379397,120.912453
"5938085614",5108334,"Cyclosia panthona (Stoll, 1781)","SPECIES",14.372328,103.058136
"5938085634",2480841,"Gorsachius melanolophus (Raffles, 1822)","SPECIES",25.048833,121.522537
"5938085705",9515886,"Hirundo rustica Linnaeus, 1758","SPECIES",23.358978,120.393632
"5938085716",6101070,"Parus cinereus Vieillot, 1818","SPECIES",22.44835,114.319274
"5938085754",7126767,"Platycerium bifurcatum (Cav.) C.Chr.","SPECIES",22.650587,120.606553
"5938085767",5130814,"Euthalia aconthea Cramer, 1779","SPECIES",12.960297,77.52512
"5938085771",2367196,"Cyprinus rubrofuscus Lacepède, 1803","SPECIES",29.939351,118.009979
"5938085775",6055063,"Tectaria polymorpha (Wall. ex Hook.) Copel.","SPECIES",23.538159,120.688913
"5938085781",7342055,"Hypsipetes amaurotis (Temminck, 1830)","SPECIES",36.378028,139.000564
"5938085782",2437396,"Callosciurus notatus (Boddaert, 1785)","SPECIES",1.300535,103.913498
"5938085783",2498112,"Anas acuta Linnaeus, 1758","SPECIES",36.391983,127.411388
"5938085792",2480801,"Platalea leucorodia Linnaeus, 1758","SPECIES",12.717904,80.212587
"5938085797",2477927,"Dendrocopos leucotos (Bechstein, 1802)","SPECIES",55.059883,82.872659
"5938085856",3033558,"Clematis vitalba L.","SPECIES",44.473006,38.221117
"5938085899",5231928,"Rhinortha chlorophaea (Raffles, 1822)","SPECIES",3.260913,113.19295
"5938085931",2487871,"Periparus ater (Linnaeus, 1758)","SPECIES",36.482578,138.538925
"5938085936",2495414,"Columba livia var. domestica J.F.Gmelin, 1789","VARIETY",55.085788,61.340123
"5938085942",1919340,"Catopsilia pomona (Fabricius, 1775)","SPECIES",22.281787,113.932225
"5938085945",2495414,"Columba livia var. domestica J.F.Gmelin, 1789","VARIETY",53.755836,87.120441
"5938085949",2482054,"Podiceps cristatus (Linnaeus, 1758)","SPECIES",44.678539,37.799012
"5938085952",7788295,"Haematopus ostralegus Linnaeus, 1758","SPECIES",24.523188,118.407702
"5938085956",2396749,"Parupeneus forsskali (Fourmanoir & Guézé, 1976)","SPECIES",27.847081,34.314497
"5938085990",2491538,"Emberiza cioides ciopsis Bonaparte, 1850","SUBSPECIES",37.218295,138.349799
"5938086029",5130369,"Junonia atlites (Linnaeus, 1763)","SPECIES",15.775938,74.082253
"5938086038",5788496,"Torgos tracheliotos (J.R.Forster, 1796)","SPECIES",22.891605,57.772685
"5938086097",3831820,"Melicope pteleifolia (Champ. ex Benth.) T.G.Hartley","SPECIES",25.133831,121.510453
"5938086098",5229490,"Pica pica (Linnaeus, 1758)","SPECIES",53.809525,83.503336
"5938086144",2150043,"Crossopriza lyoni (Blackwall, 1867)","SPECIES",13.978606,101.757364
"5938086147",2422538,"Duttaphrynus melanostictus (Schneider, 1799)","SPECIES",18.305253,109.571278
"5938086168",2383313,"Cheilinus undulatus Rüppell, 1835","SPECIES",27.732113,34.186072
"5938086179",3117401,"Bellis sylvestris Cirillo","SPECIES",34.986237,32.349472
"5938086212",11938166,"Scutellera nepalensis (Westwood, 1837)","SPECIES",24.380163,120.806908
"5938086225",7985572,"Senecio scandens Buch.-Ham. ex D.Don","SPECIES",24.239253,120.911103
"5938086278",5228417,"Pelargopsis capensis (Linnaeus, 1766)","SPECIES",1.324188,103.754984
"5938086286",2492650,"Niltava grandis (Blyth, 1842)","SPECIES",20.023688,99.110684
"5938086509",9249842,"Diospyros morrisiana Hance ex Walp.","SPECIES",25.125764,121.513659
"5938087023",2437229,"Sciurotamias davidianus (Milne-Edwards, 1867)","SPECIES",40.050264,116.098083
"5938087062",2443729,"Tropidolaemus subannulatus (Gray, 1842)","SPECIES",4.127023,114.89349
"5938087154",2491534,"Emberiza citrinella Linnaeus, 1758","SPECIES",51.911406,85.365549
"5938087162",NA,"Tachyspiza Kaup, 1844","GENUS",12.847007,77.646632
"5938087163",2703467,"Themeda triandra Forssk.","SPECIES",36.53573,116.832948
"5938087173",9752617,"Ardea alba Linnaeus, 1758","SPECIES",34.428348,132.996857
"5938087179",5229493,"Garrulus glandarius (Linnaeus, 1758)","SPECIES",56.903579,60.659989
"5938087183",2480801,"Platalea leucorodia Linnaeus, 1758","SPECIES",31.387164,104.811697
"5938087360",7340244,"Rubigula flaviventris johnsoni Gyldenstolpe, 1913","SUBSPECIES",14.332206,101.296357
"5938087361",5141212,"Graphium sarpedon (Linnaeus, 1758)","SPECIES",11.23512,103.823475
"5938087362",2480934,"Ardea purpurea Linnaeus, 1766","SPECIES",15.293755,73.909294
"5938087365",1341974,"Apis florea Fabricius, 1787","SPECIES",12.804777,99.42141
"5938087453",2480841,"Gorsachius melanolophus (Raffles, 1822)","SPECIES",25.016078,121.545128
"5938087460",2733994,"Arenga engleri Becc.","SPECIES",24.602085,121.852013
"5938087472",2486150,"Pycnonotus sinensis (Gmelin, 1789)","SPECIES",22.24558,114.150453
"5938087492",1234499,"Metapocyrtus adspersus (G.R.Waterhouse, 1843)","SPECIES",1.334624,103.817803
"5938087510",2755618,"Dioscorea cirrhosa Lour.","SPECIES",23.570988,120.613113
"5938087521",2477968,"Dendrocopos major (Linnaeus, 1758)","SPECIES",56.794195,60.594711
"5938087541",2470685,"Varanus salvator macromaculatus Deraniyagala, 1944","SUBSPECIES",1.377882,103.952491
"5938087587",11158988,"Nisitrus malaya Robillard & Tan, 2021","SPECIES",1.44224,103.735987
"5938087603",2477968,"Dendrocopos major (Linnaeus, 1758)","SPECIES",56.910163,60.648521
"5938087917",2474732,"Amaurornis phoenicurus (Pennant, 1769)","SPECIES",11.818014,75.432492
"5938087919",3117449,"Erigeron annuus (L.) Pers.","SPECIES",37.298114,127.072205
"5938087942",2436542,"Trachypithecus cristatus (Raffles, 1821)","SPECIES",4.805824,114.877788
"5938087947",2484605,"Bombycilla garrulus (Linnaeus, 1758)","SPECIES",56.807178,60.646583
"5938087948",5172263,"Hyllus diardi (Walckenaer, 1837)","SPECIES",1.447152,103.728147
"5938087950",1922244,"Zizula hylax (Fabricius, 1775)","SPECIES",22.445048,114.332483
"5938087951",7115794,"Hibiscus tiliaceus L.","SPECIES",10.709924,106.615295
"5938087973",8014461,"Clerodendrum canescens Wall. ex Walp.","SPECIES",25.125139,121.519644
"5938087980",2435035,"Felis catus Linnaeus, 1758","SPECIES",10.801166,106.66465
"5938087990",2486822,"Pericrocotus cinnamomeus (Linnaeus, 1766)","SPECIES",-6.175392,106.827153
"5938087994",7339073,"Sarcandra glabra (Thunb.) Nakai","SPECIES",25.049031,121.417175
"5938088715",2480899,"Egretta sacra (Gmelin, 1789)","SPECIES",22.282422,114.037492
"5938088965",1094209,"Liatongus vertagus (Fabricius, 1798)","SPECIES",22.585218,114.204256
"5938088966",2490737,"Turdus pilaris Linnaeus, 1758","SPECIES",51.93703,85.322743
"5938088968",1043321,"Cheilomenes sexmaculata (Fabricius, 1781)","SPECIES",7.105775,80.056381
"5938089089",1863904,"Eupanacra elegantulus Herrich-Schäffer","SPECIES",1.424297,103.838591
"5938089107",2474628,"Zapornia pusilla (Pallas, 1776)","SPECIES",1.27805,103.864537
"5938089121",9797180,"Ardea cinerea Linnaeus, 1758","SPECIES",11.891788,77.771567
"5938089126",11535847,"Acraea terpsicore (Linnaeus, 1758)","SPECIES",1.3955,103.924187
"5938089233",2475532,"Alcedo atthis (Linnaeus, 1758)","SPECIES",30.254034,120.123515
"5938089250",2986294,"Pittosporum pentandrum (Blanco) Merr.","SPECIES",22.728458,120.267822
"5938089252",5231223,"Phoenicurus auroreus (Pallas, 1776)","SPECIES",35.977338,139.407522
"5938089259",2480863,"Nycticorax nycticorax (Linnaeus, 1758)","SPECIES",31.311591,121.452358
"5938089276",7342055,"Hypsipetes amaurotis (Temminck, 1830)","SPECIES",35.634199,139.434425
"5938089289",9705453,"Parus major Linnaeus, 1758","SPECIES",56.952404,72.640582
"5938089291",3071476,"Codiaeum variegatum (L.) Rumph. ex A.Juss.","SPECIES",19.869471,75.371408
"5938089295",2480311,"Anarhynchus alexandrinus","SPECIES",36.901072,126.267337
"5938089331",5229131,"Vanellus indicus (Boddaert, 1783)","SPECIES",30.469556,73.481667
"5938089335",2498261,"Aythya fuligula (Linnaeus, 1758)","SPECIES",35.640014,139.863908
"5938089353",5137861,"Leptosia nina (Fabricius, 1793)","SPECIES",17.491333,78.302732
"5938089355",4371830,"Asaphis violascens (Forsskål, 1775)","SPECIES",1.314857,103.609543
"5938089361",2481819,"Gallinago gallinago (Linnaeus, 1758)","SPECIES",22.90996,120.556228
"5938089373",3819030,"Aeschynanthus acuminatus Wall. ex A.DC.","SPECIES",24.851648,121.73718
"5938089394",5789082,"Euodice malabarica (Linnaeus, 1758)","SPECIES",22.909568,72.209451
"5938089518",4256516,"Asplenium pseudolaserpitiifolium Ching ex Tardieu & Ching","SPECIES",23.054465,120.720267
"5938089524",1579831,"Adoxomyia heminopla (Wiedemann, 1819)","SPECIES",10.041444,76.323079
"5938089545",1311278,"Ropalidia variegata (Smith, 1852)","SPECIES",25.449271,81.781615
"5938089546",2149490,"Nephila pilipes (Fabricius, 1793)","SPECIES",1.354494,103.796086
"5938089573",9497687,"Iris palaestina (Baker) Barbey","SPECIES",31.931558,34.782708
"5938089593",2482499,"Corvus splendens Vieillot, 1817","SPECIES",1.303205,103.834394
"5938089626",1953196,"Lyssa zampa (Butler, 1869)","SPECIES",1.33613,103.724512
"5938089643",7289120,"Diplazium dilatatum Blume","SPECIES",25.172051,121.584643
"5938089644",2481800,"Actitis hypoleucos (Linnaeus, 1758)","SPECIES",11.155845,119.398522
"5938089650",2484710,"Dicaeum cruentatum (Linnaeus, 1758)","SPECIES",19.124958,108.656787
"5938092301",2492680,"Copsychus saularis (Linnaeus, 1758)","SPECIES",25.413314,81.846528
"5938092323",2481890,"Phalacrocorax carbo (Linnaeus, 1758)","SPECIES",44.502757,38.142439
"5938092324",2487866,"Poecile montanus (Conrad von Baldenstein, 1827)","SPECIES",56.91454,60.661727
"5938092332",1317433,"Anoplolepis gracilipes (Smith, 1857)","SPECIES",10.227283,76.198606
"5938092429",5229167,"Milvus migrans (Boddaert, 1783)","SPECIES",25.074953,121.899232
"5938092431",5130814,"Euthalia aconthea Cramer, 1779","SPECIES",12.891503,77.592306
"5938092481",2473682,"Lyrurus tetrix (Linnaeus, 1758)","SPECIES",55.54165,84.262233
"5938092486",2435035,"Felis catus Linnaeus, 1758","SPECIES",25.285205,51.532692
"5938092542",2482515,"Corvus cornix Linnaeus, 1758","SPECIES",51.896739,85.313636
"5938092582",3056042,"Acalypha siamensis Oliv. ex Gage","SPECIES",-6.829163,107.882977
"5938092659",2437566,"Ratufa bicolor (Sparrman, 1778)","SPECIES",5.528725,100.337243
"5938092685",2496264,"Cacomantis sepulcralis (S.Muller, 1843)","SPECIES",-6.929458,110.56945
"5938092686",5231198,"Passer montanus (Linnaeus, 1758)","SPECIES",55.041325,85.855724
"5938092699",2493970,"Dicrurus macrocercus Vieillot, 1817","SPECIES",21.531662,76.735081
"5938092720",2495696,"Streptopelia decaocto (Frivaldszky, 1838)","SPECIES",38.4204,27.138554
"5938092785",2481197,"Larus crassirostris Vieillot, 1818","SPECIES",37.218295,138.349799
"5938092812",5384848,"Silene gallica L.","SPECIES",35.013706,135.679772
"5938092835",2981001,"Acacia auriculiformis A.Cunn. ex Benth.","SPECIES",22.070245,120.76925
"5938092842",4137812,"Cymbopogon tortilis (J.Presl) A.Camus","SPECIES",24.88068,121.148897
"5938092843",2486222,"Spizixos semitorques Swinhoe, 1861","SPECIES",29.61506,103.473377
"5938092848",3591233,"Eurya crenatifolia (Yamam.) Kobuski","SPECIES",24.854459,121.739298
"5938092986",5231198,"Passer montanus (Linnaeus, 1758)","SPECIES",30.643945,104.185783
"5938092996",4989901,"Harmonia octomaculata (Fabricius, 1781)","SPECIES",11.949425,99.720019
"5938093027",4408759,"Saxicola rubicola (Linnaeus, 1766)","SPECIES",34.759215,32.405311
"5938093083",2991442,"Rubus buergeri Miq.","SPECIES",24.855458,121.737861
"5938093118",1428699,"Orthetrum pruinosum neglectum (Rambur, 1842)","SUBSPECIES",24.696514,121.040737
"5938093130",5788503,"Nisaetus nipalensis nipalensis Hodgson, 1836","SUBSPECIES",24.007048,121.681898
"5938093149",2470685,"Varanus salvator macromaculatus Deraniyagala, 1944","SUBSPECIES",13.527125,100.311975
"5938093156",3032980,"Diospyros lotus L.","SPECIES",41.686002,46.575606
"5938093157",2874173,"Passiflora suberosa subsp. litoralis (Kunth) Port.-Utl. ex M.A.M.Azevedo, Baumgratz & Gonç.-Estev.","SUBSPECIES",25.130814,121.505378
"5938093160",2440958,"Cervus canadensis Erxleben, 1777","SPECIES",51.678655,83.911931
"5938093163",2497509,"Strix uralensis Pallas, 1771","SPECIES",57.231903,71.908865
"5938093165",2925303,"Lantana camara L.","SPECIES",25.413314,81.846528
"5938093176",7272546,"Viburnum luzonicum Rolfe","SPECIES",25.125575,121.519394
"5938093193",2150043,"Crossopriza lyoni (Blackwall, 1867)","SPECIES",10.053525,76.32267
"5938093289",5229167,"Milvus migrans (Boddaert, 1783)","SPECIES",19.141906,72.964628
"5938093294",8415232,"Hymenasplenium excisum (C.Presl) S.Linds.","SPECIES",21.971349,120.8197
"5938093390",5806412,"Leptotes plinius (Fabricius, 1793)","SPECIES",11.631669,99.608972
"5938093396",1314486,"Monomorium atomum Forel, 1902","SPECIES",10.04133,76.323074
"5938093398",5130464,"Junonia orithya Linnaeus, 1758","SPECIES",5.575111,115.982376
"5938093404",2491534,"Emberiza citrinella Linnaeus, 1758","SPECIES",52.330408,85.363451
"5938093407",2494543,"Pyrrhula pyrrhula (Linnaeus, 1758)","SPECIES",53.346202,83.710231
"5938093441",3190583,"Pistacia lentiscus L.","SPECIES",34.89313,32.341258
"5938093587",2498034,"Anser cygnoides (Linnaeus, 1758)","SPECIES",40.01112,116.31472
"5938093588",2480876,"Egretta garzetta garzetta (Linnaeus, 1766)","SUBSPECIES",35.655213,139.445156
"5938093598",2498252,"Alopochen aegyptiaca (Linnaeus, 1766)","SPECIES",32.096973,34.806732
"5938093604",5137847,"Eurema sari (Horsfield, 1829)","SPECIES",5.390663,100.258694
"5938093607",NA,"Thinornis G.R.Gray, 1844","GENUS",23.362053,120.407242
"5938093619",5140534,"Drupadia ravindra (Horsfield, 1829)","SPECIES",1.352062,103.822655
"5938093622",2475410,"Merops orientalis Latham, 1801","SPECIES",17.424803,78.545365
"5938093739",4596823,"Nembrotha lineolata Bergh, 1905","SPECIES",13.704827,120.878927
"5938093745",7852114,"Turdus mandarinus Bonaparte, 1850","SPECIES",35.614479,110.666278
"5938093754",2491538,"Emberiza cioides J.F.Brandt, 1843","SPECIES",36.484228,138.540297
"5938093759",5130521,"Junonia lemonias (Linnaeus, 1758)","SPECIES",10.104459,76.289785
"5938093760",7642610,"Danaus chrysippus (Linnaeus, 1758)","SPECIES",19.03582,73.041245
"5938093763",8165409,"Myrmarachne melanocephala MacLeay, 1839","SPECIES",1.347366,103.761291
"5938093828",2481938,"Mycteria leucocephala (Pennant, 1769)","SPECIES",22.894678,72.091601
"5938093845",2482054,"Podiceps cristatus (Linnaeus, 1758)","SPECIES",43.417508,39.924431
"5938093853",5219243,"Vulpes vulpes (Linnaeus, 1758)","SPECIES",32.306073,34.877211
"5938093924",7934047,"Psilopogon lineatus (Vieillot, 1816)","SPECIES",7.784127,100.109518
"5938093925",2498415,"Upupa epops Linnaeus, 1758","SPECIES",27.914117,34.34717
"5938093949",11047823,"Heptapleurum heptaphyllum (L.) Y.F.Deng","SPECIES",25.131689,121.507689
"5938093967",5207572,"Tanichthys albonubes Linnaeus, 1932","SPECIES",23.641458,113.78263
"5938093995",3172077,"Veronica persica Poir.","SPECIES",23.200742,121.02735
"5938094021",1706492,"Chondracris rosea (De Geer, 1773)","SPECIES",24.114548,120.498848
"5938094029",1043321,"Cheilomenes sexmaculata (Fabricius, 1781)","SPECIES",17.421126,78.547612
"5938094033",1080274,"Protaetia fusca (Herbst, 1790)","SPECIES",-9.001871,116.752948
"5938094064",3188706,"Pemphis acidula J.R.Forst. & G.Forst.","SPECIES",-8.168827,114.438312
"5938094069",1925543,"Zeltus amasa","SPECIES",22.50886,114.065573
"5938094112",2491544,"Emberiza pusilla Pallas, 1776","SPECIES",23.292873,113.716203
"5938094187",2482499,"Corvus splendens Vieillot, 1817","SPECIES",1.302889,103.867542
"5938094196",2480437,"Haliastur indus (Boddaert, 1783)","SPECIES",1.446118,103.731588
"5938094233",5130464,"Junonia orithya Linnaeus, 1758","SPECIES",26.304796,119.230103
"5938094241",2480726,"Pandion haliaetus (Linnaeus, 1758)","SPECIES",15.449365,73.930287
"5938094267",5137861,"Leptosia nina (Fabricius, 1793)","SPECIES",12.686131,101.269586
"5938094270",1926448,"Prosotas nora (Felder, 1860)","SPECIES",5.394985,100.258925
"5938094287",2494543,"Pyrrhula pyrrhula (Linnaeus, 1758)","SPECIES",60.169747,59.953337
"5938094288",2490737,"Turdus pilaris Linnaeus, 1758","SPECIES",56.839205,60.676369
"5938094292",2482515,"Corvus cornix Linnaeus, 1758","SPECIES",56.720268,60.7724
"5938094843",5793241,"Pernis ptilorhynchus (Temminck, 1821)","SPECIES",1.307501,103.768425
"5938094846",2498398,"Dendrocygna arcuata (Horsfield, 1824)","SPECIES",3.011884,113.068539
"5938094888",2120964,"Orchesella cincta (C.Linnæus, 1758)","SPECIES",42.604483,141.791727
"5938094971",2481800,"Actitis hypoleucos (Linnaeus, 1758)","SPECIES",1.447078,103.723535
"5938095000",8582197,"Deparia lancea (Thunb.) Fraser-Jenk.","SPECIES",22.378374,120.805579
"5938096166",5231332,"Acrocephalus bistrigiceps Swinhoe, 1860","SPECIES",13.744172,100.811144
"5938096184",7775827,"Oreocryptophis porphyraceus (Cantor, 1839)","SPECIES",12.113164,108.548693
"5938096186",5395928,"Elephantopus mollis Kunth","SPECIES",24.59947,121.851555
"5938096208",1935849,"Zemeros flegyas Cramer, 1780","SPECIES",26.680315,93.975318
"5938096268",2480331,"Pluvialis fulva (J.F.Gmelin, 1789)","SPECIES",24.651722,121.818767
"5938096271",2484916,"Sitta europaea Linnaeus, 1758","SPECIES",56.493027,84.992334
"5938096302",3101212,"Farfugium japonicum (L.) Kitam.","SPECIES",26.203469,127.714348
"5938096311",2687779,"Nageia nagi (Thunb.) Kuntze","SPECIES",24.725442,121.133082
"5938096315",5341747,"Operculina turpethum (L.) Silva Manso","SPECIES",22.64057,120.27378
"5938096316",2480477,"Butastur indicus (Gmelin, 1788)","SPECIES",20.008467,99.12313
"5938096321",5229167,"Milvus migrans lineatus (J.E.Gray, 1831)","SUBSPECIES",22.275362,114.295667
"5938096339",7690055,"Carpodacus sibiricus (Pallas, 1773)","SPECIES",57.18553,85.81963
"5938096344",5227939,"Bambusicola thoracicus (Temminck, 1815)","SPECIES",30.268056,120.06629
"5938096345",2477968,"Dendrocopos major (Linnaeus, 1758)","SPECIES",51.399443,86.007462
"5938096425",2931914,"Solanum viarum Dunal","SPECIES",12.02947,108.420147
"5938098053",9687165,"Motacilla alba Linnaeus, 1758","SPECIES",35.030567,135.772613
"5938098081",2481800,"Actitis hypoleucos (Linnaeus, 1758)","SPECIES",13.632324,74.670222
"5938098087",9300456,"Zosterops japonicus japonicus Temminck & Schlegel, 1845","SUBSPECIES",35.442402,139.397134
"5938098105",1901435,"Athyma inara Doubleday","SPECIES",26.680315,93.975318
"5938098542",2480841,"Gorsachius melanolophus (Raffles, 1822)","SPECIES",24.944103,121.373062
"5938098563",2482492,"Corvus corax Linnaeus, 1758","SPECIES",43.107488,76.938605
"5938098567",2498112,"Anas acuta Linnaeus, 1758","SPECIES",31.38711,104.812544
"5938098570",2470685,"Varanus salvator macromaculatus Deraniyagala, 1944","SUBSPECIES",13.668387,101.22188
"5938098580",5229493,"Garrulus glandarius (Linnaeus, 1758)","SPECIES",44.416175,38.141202
"5938098674",8332393,"Spatula clypeata (Linnaeus, 1758)","SPECIES",35.829079,139.541351
"5938098693",5290149,"Phragmites australis (Cav.) Trin. ex Steud.","SPECIES",40.016343,116.391557
"5938098694",6100845,"Oenanthe fusca (Blyth, 1851)","SPECIES",20.598189,79.869236
"5938098739",2149490,"Nephila pilipes (Fabricius, 1793)","SPECIES",10.357678,76.887505
"5938098750",1429243,"Brachydiplax chalybea Brauer, 1868","SPECIES",1.339467,103.821441
"5938098760",2484916,"Sitta europaea Linnaeus, 1758","SPECIES",51.926936,85.34424
"5938098786",3084027,"Rivina humilis L.","SPECIES",-6.880293,108.734852
"5938098787",2494543,"Pyrrhula pyrrhula (Linnaeus, 1758)","SPECIES",57.892036,60.007354
"5938098836",2931088,"Solanum diphyllum L.","SPECIES",22.691598,120.303147
"5938098850",9178169,"Yungipicus kizuki seebohmi Hargitt, 1884","SUBSPECIES",43.589976,144.725011
"5938098859",2158988,"Anepsion maritatum (O.Pickard-Cambridge, 1877)","SPECIES",7.233874,79.961766
"5938098861",1423254,"Ceriagrion coromandelianum (Fabricius, 1798)","SPECIES",21.154268,71.745139
"5938098873",5229045,"Psittacula alexandri (Linnaeus, 1758)","SPECIES",1.322632,103.975188
"5938098881",9515886,"Hirundo rustica Linnaeus, 1758","SPECIES",19.141906,72.964628
"5938098974",4036385,"Persicaria chinensis (L.) H.Gross","SPECIES",23.628233,120.712098
"5938098986",2494329,"Coccothraustes coccothraustes (Linnaeus, 1758)","SPECIES",40.135936,116.301968
"5938099009",2480778,"Pseudibis papillosa (Temminck, 1824)","SPECIES",13.7895,76.840725
"5938099025",5096009,"Conocephalus melaenus (Haan, 1843)","SPECIES",1.334624,103.817803
"5938099026",5219173,"Canis familiaris Linnaeus, 1758","SPECIES",55.346192,86.176711
"5938099027",9104123,"Yungipicus moluccensis (J.F.Gmelin, 1788)","SPECIES",1.278189,103.864281
"5938099080",NA,"Ardea Linnaeus, 1758","GENUS",24.048482,89.078653
"5938099120",5227966,"Lophura nycthemera (Linnaeus, 1758)","SPECIES",29.936394,118.006176
"5938099137",2161710,"Heteropoda venatoria (Linnaeus, 1767)","SPECIES",8.123408,98.728134
"5938099140",1428590,"Orthetrum testaceum (Burmeister, 1839)","SPECIES",5.985893,116.143171
"5938099232",1732115,"Trabala vishnou (Lefèbvre, 1827)","SPECIES",23.557589,120.597423
"5938099237",2492822,"Cisticola juncidis (Rafinesque, 1810)","SPECIES",-6.102232,106.681218
"5938099250",2493598,"Lonchura punctulata (Linnaeus, 1758)","SPECIES",22.508968,114.113887
"5938099293",5845375,"Acridotheres javanicus Cabanis, 1851","SPECIES",1.2006,103.850243
"5938099297",2486121,"Pycnonotus aurigaster (Vieillot, 1818)","SPECIES",0.020406,101.647696
"5938099497",9573088,"Sibynophis melanocephalus (Gray, 1834)","SPECIES",-3.858829,115.381958
"5938099554",2481728,"Tringa ochropus Linnaeus, 1758","SPECIES",30.6673,103.833878
"5938099566",2481800,"Actitis hypoleucos (Linnaeus, 1758)","SPECIES",22.387806,114.320403
"5938099599",2492850,"Lanius bucephalus Temminck & Schlegel, 1845","SPECIES",22.44835,114.319274
"5938099603",1886251,"Spoladea recurvalis (Fabricius, 1775)","SPECIES",18.478767,73.830987
"5938099608",2480311,"Anarhynchus alexandrinus","SPECIES",24.797927,120.913076
"5938099616",NA,"Colubridae","FAMILY",12.554858,75.799142
"5938099631",5819180,"Palythoa mutuki (Haddon & Shackleton, 1891)","SPECIES",18.956918,72.795007
"5938099655",2489005,"Acridotheres tristis (Linnaeus, 1766)","SPECIES",25.132228,121.488785
"5938099985",2484605,"Bombycilla garrulus (Linnaeus, 1758)","SPECIES",53.801604,86.982199
"5938099990",5228199,"Gallinula chloropus (Linnaeus, 1758)","SPECIES",32.053273,118.833804
"5938100089",10612578,"Diplopterygium chinense (Rosenst.) De Vol","SPECIES",22.872687,120.650073
"5938100116",2480863,"Nycticorax nycticorax (Linnaeus, 1758)","SPECIES",32.099152,34.807709
"5938100122",2493028,"Orthotomus sutorius fernandonis Whistler, 1939","SUBSPECIES",6.981458,80.754097
"5938100125",2482487,"Corvus macrorhynchos Wagler, 1827","SPECIES",13.741144,100.527863
"5938100141",6100954,"Coloeus monedula (Linnaeus, 1758)","SPECIES",56.722562,60.774368
"5938100177",2150555,"Physocyclus globosus (Taczanowski, 1874)","SPECIES",8.159946,98.635563
"5938100185",5219173,"Canis familiaris Linnaeus, 1758","SPECIES",40.873112,29.129453
"5938100230",3169836,"Allamanda cathartica L.","SPECIES",26.454198,127.942145
"5938100231",1945878,"Pelopidas mathias (Fabricius, 1798)","SPECIES",22.232548,113.861083
"5938100240",2498326,"Bucephala clangula (Linnaeus, 1758)","SPECIES",55.974477,92.754444
"5938100250",NA,"Astur Lacepède, 1799","GENUS",55.971611,92.744443
"5938100292",5035373,"Odontomachus simillimus Smith, 1858","SPECIES",14.157885,121.244151
"5938100298",1927043,"Arhopala paramuta (de Nicéville, 1884)","SPECIES",22.559231,114.027904
"5938100299",5231190,"Passer domesticus (Linnaeus, 1758)","SPECIES",34.75736,32.405484
"5938100312",5231438,"Troglodytes troglodytes (Linnaeus, 1758)","SPECIES",40.012746,116.29943
"5938100316",2958715,"Caesalpinia pulcherrima (L.) Sw.","SPECIES",-7.636782,110.43347
"5938100330",5229490,"Pica pica (Linnaeus, 1758)","SPECIES",51.910104,85.372975
"5938100352",2493969,"Dicrurus paradiseus (Linnaeus, 1766)","SPECIES",15.726366,73.986857
"5938100357",2431847,"Paramesotriton hongkongensis (Myers & Leviton, 1962)","SPECIES",22.425767,114.181213
"5938100394",2493618,"Lonchura striata (Linnaeus, 1766)","SPECIES",10.538997,76.1863
"5938100401",9260388,"Malayopython reticulatus (Schneider, 1801)","SPECIES",7.03935,100.505387
"5938100643",1342148,"Xylocopa aestuans (Linnaeus, 1758)","SPECIES",1.333478,103.728797
"5938100646",1904996,"Doleschallia bisaltide Cramer, 1777","SPECIES",1.424297,103.838591
"5938100669",1707497,"Valanga nigricornis (Burmeister, 1838)","SPECIES",1.283984,103.849822
"5938100670",1938088,"Papilio polytes Linnaeus, 1758","SPECIES",11.098628,77.214543
"5938100782",3074251,"Macaranga tanarius (L.) Müll.Arg.","SPECIES",22.639204,120.297448
"5938100789",2495486,"Geopelia striata (Linnaeus, 1766)","SPECIES",1.341035,103.723617
"5938100795",5231190,"Passer domesticus (Linnaeus, 1758)","SPECIES",56.476196,84.986748
"5938100819",2480259,"Recurvirostra avosetta Linnaeus, 1758","SPECIES",22.507399,114.11215
"5938100822",2158872,"Neoscona theisi (Walckenaer, 1841)","SPECIES",19.990262,72.739658
"5938100833",2486132,"Pycnonotus leucotis (Gould, 1836)","SPECIES",18.795067,72.925728
"5938101091",2482048,"Tachybaptus ruficollis (Pallas, 1764)","SPECIES",22.691447,120.307175
"5938101107",2494543,"Pyrrhula pyrrhula (Linnaeus, 1758)","SPECIES",54.904454,83.115122
"5938101128",5220154,"Gazella gazella (Pallas, 1766)","SPECIES",31.776442,35.179998
"5938101168",9235549,"Sibirionetta formosa (Georgi, 1775)","SPECIES",30.207246,120.887671
"5938101178",2481890,"Phalacrocorax carbo (Linnaeus, 1758)","SPECIES",36.396415,127.410982
"5938101195",1927034,"Arhopala bazalus (Hewitson, 1862)","SPECIES",22.528195,114.00448
"5938101202",1927034,"Arhopala bazalus (Hewitson, 1862)","SPECIES",22.42751,114.054921
"5938101205",1946917,"Iambrix salsala (Moore, 1865)","SPECIES",5.413346,100.782676
"5938101211",2487866,"Poecile montanus (Conrad von Baldenstein, 1827)","SPECIES",56.770346,60.700783
"5938101214",NA,"Microtarsus Eyton, 1839","GENUS",19.403564,98.921192
"5938101219",2490737,"Turdus pilaris Linnaeus, 1758","SPECIES",55.16612,61.318503
"5938101220",2486150,"Pycnonotus sinensis hainanus (Swinhoe, 1870)","SUBSPECIES",19.125565,108.65541
"5938101223",5137849,"Eurema hecabe (Linnaeus, 1758)","SPECIES",13.5462,100.602213
"5938101226",2430499,"Limnonectes fragilis (Liu & Hu, 1973)","SPECIES",18.300346,109.515917
"5938101251",1824117,"Thaumetopoea wilkinsoni Tams, 1925","SPECIES",34.998608,32.341597
"5938101303",8087525,"Centaurea scabiosa L.","SPECIES",55.064883,61.259515
"5938101314",5229410,"Anastomus oscitans (Boddaert, 1783)","SPECIES",1.289093,103.87633
"5938101334",2497492,"Strix seloputo Horsfield, 1821","SPECIES",12.592082,101.885623
"5938101337",5149174,"Dysphania militaris (Linnaeus, 1758)","SPECIES",22.426734,114.182752
"5938101401",2495681,"Streptopelia orientalis orientalis (Latham, 1790)","SUBSPECIES",35.039902,135.728139
"5938101423",1043478,"Coelophora inaequalis (Fabricius, 1775)","SPECIES",-7.509509,110.740556
"5938101428",2494543,"Pyrrhula pyrrhula (Linnaeus, 1758)","SPECIES",51.928662,85.34407
"5938101526",1936993,"Troides helena (Linnaeus, 1758)","SPECIES",1.366332,103.773393
"5938101529",2486122,"Pycnonotus plumosus Blyth, 1845","SPECIES",3.050243,101.676129
"5938101563",2480649,"Gypaetus barbatus barbatus (Linnaeus, 1758)","SUBSPECIES",43.132175,76.868171
"5938101576",2474377,"Fulica atra Linnaeus, 1758","SPECIES",30.20768,120.14013
"5938101586",2480564,"Buteo rufinus (Cretzschmar, 1829)","SPECIES",39.772377,32.556485
"5938101618",9326020,"Gallus gallus (Linnaeus, 1758)","SPECIES",1.29068,103.8537
"5938101648",5231223,"Phoenicurus auroreus (Pallas, 1776)","SPECIES",30.31277,113.882405
"5938101668",2481047,"Falco peregrinus ernesti Sharpe, 1894","SUBSPECIES",20.036402,99.168014
"5938101732",5231198,"Passer montanus (Linnaeus, 1758)","SPECIES",37.508996,127.10061
"5938101755",6065824,"Chroicocephalus ridibundus (Linnaeus, 1766)","SPECIES",35.925203,120.186683
"5938101772",2480755,"Glareola lactea Temminck, 1820","SPECIES",18.124145,74.044401
"5938101774",2470685,"Varanus salvator macromaculatus Deraniyagala, 1944","SUBSPECIES",5.516795,100.430051
"5938101839",NA,"Dinomyrmex Ashmead, 1905","GENUS",1.382457,103.821769
"5938101846",2495414,"Columba livia var. domestica J.F.Gmelin, 1789","VARIETY",55.14372,61.375127
"5938101893",5131565,"Neptis jumbah Moore, 1857","SPECIES",12.891503,77.592306
"5938102303",1926448,"Prosotas nora (Felder, 1860)","SPECIES",5.39456,100.260241
"5938102306",2486130,"Pycnonotus xanthorrhous Anderson, 1869","SPECIES",25.085,102.772
"5938102311",3074251,"Macaranga tanarius (L.) Müll.Arg.","SPECIES",22.619907,120.560553
"5938102316",5136713,"Euploea core (Cramer, 1780)","SPECIES",10.85382,77.67492
"5938102324",7422937,"Bubalus bubalis (Linnaeus, 1758)","SPECIES",8.091864,80.772933
"5938102325",2495414,"Columba livia var. domestica J.F.Gmelin, 1789","VARIETY",56.900419,60.647913
"5938102341",5231223,"Phoenicurus auroreus (Pallas, 1776)","SPECIES",24.448695,112.478297
"5938102358",1313177,"Camponotus compressus (Fabricius, 1787)","SPECIES",17.396766,78.334772
"5938102394",9705453,"Parus major Linnaeus, 1758","SPECIES",56.901732,60.56738
"5938102397",9797180,"Ardea cinerea Linnaeus, 1758","SPECIES",13.789542,76.840669
"5938102403",2889355,"Antigonon leptopus Hook. & Arn.","SPECIES",23.918122,120.508362
"5938102412",1997215,"Blattella germanica (Linnaeus, 1767)","SPECIES",12.132942,108.53056
"5938102493",2149490,"Nephila pilipes (Fabricius, 1793)","SPECIES",13.117117,102.198062
"5938102527",5231630,"Acanthis flammea (Linnaeus, 1758)","SPECIES",54.965332,73.353757
"5938102532",9705453,"Parus major Linnaeus, 1758","SPECIES",56.900483,60.64809
"5938102535",3074251,"Macaranga tanarius (L.) Müll.Arg.","SPECIES",24.184558,120.653637
"5938102548",2495414,"Columba livia var. domestica J.F.Gmelin, 1789","VARIETY",57.913972,59.947625
"5938102639",3149462,"Tridax procumbens L.","SPECIES",-8.432488,113.598782
"5938102659",NA,"Botaurus Stephens, 1819","GENUS",1.278312,103.864427
"5938102740",1910629,"Hypolimnas bolina (Linnaeus, 1758)","SPECIES",14.381153,103.043875
"5938102742",2498347,"Cygnus cygnus (Linnaeus, 1758)","SPECIES",52.294677,85.634815
"5938102743",2494543,"Pyrrhula pyrrhula (Linnaeus, 1758)","SPECIES",56.900668,60.648444
"5938102745",9809229,"Sturnus vulgaris Linnaeus, 1758","SPECIES",41.026443,29.013683
"5938102757",5348711,"Abrus precatorius L.","SPECIES",12.566506,101.450597
"5938102769",6066379,"Ardea alba modesta J.E.Gray, 1831","SUBSPECIES",22.607147,113.889173
"5938102815",3074251,"Macaranga tanarius (L.) Müll.Arg.","SPECIES",25.097444,121.543704
"5938102821",5229167,"Milvus migrans lineatus (J.E.Gray, 1831)","SUBSPECIES",35.658615,139.765511
"5938102828",2481819,"Gallinago gallinago gallinago (Linnaeus, 1758)","SUBSPECIES",35.655915,139.444548
"5938102829",NA,"Anthus Bechstein, 1805","GENUS",35.655778,139.443525
"5938102841",5130813,"Euthalia monina Fabricius, 1787","SPECIES",7.041111,100.505967
"5938102845",2484605,"Bombycilla garrulus (Linnaeus, 1758)","SPECIES",54.771451,83.077166
"5938102849",2495414,"Columba livia var. domestica J.F.Gmelin, 1789","VARIETY",37.512114,127.097104
"5938102851",9750846,"Oriolus chinensis Linnaeus, 1766","SPECIES",1.286083,103.846755
"5938102852",1926448,"Prosotas nora (Felder, 1860)","SPECIES",17.491341,78.302739
"5938102856",2494329,"Coccothraustes coccothraustes (Linnaeus, 1758)","SPECIES",55.069431,82.943836
"5938102857",2481713,"Tringa glareola Linnaeus, 1758","SPECIES",22.507894,114.111453
"5938102877",2442153,"Lepidochelys olivacea (Eschscholtz, 1829)","SPECIES",17.880188,83.505967
"5938102897",1994044,"Panesthia angustipennis (Illiger, 1801)","SPECIES",1.406263,103.778594
"5938102910",5231198,"Passer montanus (Linnaeus, 1758)","SPECIES",35.014101,135.749181
"5938102929",1311258,"Ropalidia sumatrae (Weber, 1801)","SPECIES",1.334624,103.817803
"5938102936",5130444,"Junonia iphita (Cramer, 1782)","SPECIES",13.065081,77.648006
"5938102942",8214667,"Anas crecca Linnaeus, 1758","SPECIES",22.507894,114.111453
"5938102943",12150406,"Aleurodiscus mirabilis (Berk. & M.A.Curtis) Höhn.","SPECIES",34.976645,135.944747
"5938102944",2653458,"Ephedra foeminea Forssk.","SPECIES",33.069456,35.114289
"5938102953",8658195,"Hoya carnosa (L.fil.) R.Br.","SPECIES",25.224658,121.648296
"5938102960",1918584,"Lebadea martha Fabricius, 1787","SPECIES",1.334624,103.817803
"5938102965",5219436,"Panthera pardus fusca (Meyer, 1794)","SUBSPECIES",19.127343,72.98195
"5938102967",5130476,"Junonia hedonia (Linnaeus, 1764)","SPECIES",5.985855,116.143151
"5938102972",2498261,"Aythya fuligula (Linnaeus, 1758)","SPECIES",22.883138,120.200627
"5938102976",2470685,"Varanus salvator macromaculatus Deraniyagala, 1944","SUBSPECIES",1.446667,103.727913
"5938102980",2494543,"Pyrrhula pyrrhula (Linnaeus, 1758)","SPECIES",57.185447,85.821694
"5938102993",5738654,"Trachys kurosawai Bellamy, 2004","SPECIES",32.127402,119.084501
"5938103093",2928598,"Ipomoea indica (Burm.) Merr.","SPECIES",25.097411,121.544043
"5938103119",2494543,"Pyrrhula pyrrhula (Linnaeus, 1758)","SPECIES",56.952485,72.64049
"5938103132",2350050,"Poecilia reticulata Peters, 1859","SPECIES",10.327818,106.351154
"5938103138",1896142,"Terinos terpander Hewitson, 1862","SPECIES",1.334624,103.817803
"5938103139",9615912,"Turdus eunomus Temminck, 1831","SPECIES",35.748836,139.894716
"5938103148",4342297,"Colochirus quadrangularis Troschel, 1846","SPECIES",1.341362,103.595943
"5938103159",2474377,"Fulica atra Linnaeus, 1758","SPECIES",31.436866,120.211343
"5938103161",9705453,"Parus major Linnaeus, 1758","SPECIES",56.915907,60.647968
"5938103165",2447367,"Gekko gecko (Linnaeus, 1758)","SPECIES",13.364615,103.850499
"5938103166",2486687,"Terpsiphone affinis (Blyth, 1846)","SPECIES",12.802875,99.444034
"5938103171",1896142,"Terinos terpander Hewitson, 1862","SPECIES",1.334624,103.817803
"5938103182",2490755,"Turdus cardis Temminck, 1831","SPECIES",22.432449,114.203419
"5938103192",2492758,"Prinia inornata Sykes, 1832","SPECIES",23.294566,113.720945
"5938103263",9752617,"Ardea alba Linnaeus, 1758","SPECIES",25.081845,121.583811
"5938103298",8978362,"Tirumala septentrionis (Butler, 1874)","SPECIES",10.389883,76.100994
"5938103330",2484916,"Sitta europaea Linnaeus, 1758","SPECIES",55.199585,61.309873
"5938103358",NA,"Butorides Blyth, 1852","GENUS",1.446334,103.724067
"5938103367",1921150,"Pseudozizeeria maha (Kollar, 1848)","SPECIES",1.424297,103.838591
"5938104005",2480863,"Nycticorax nycticorax (Linnaeus, 1758)","SPECIES",24.827671,121.770682
"5938104018",11047823,"Heptapleurum heptaphyllum (L.) Y.F.Deng","SPECIES",23.064357,120.744581
"5938104030",5359843,"Flemingia strobilifera (L.) W.T.Aiton","SPECIES",22.694208,120.303933
"5938104063",2484605,"Bombycilla garrulus (Linnaeus, 1758)","SPECIES",56.901333,60.56849
"5938104070",7346444,"Zizina otis (Fabricius, 1787)","SPECIES",26.680315,93.975318
"5938104700",7705930,"Sus scrofa Linnaeus, 1758","SPECIES",22.449391,114.319553
"5938104706",6101068,"Sittiparus varius varius","SUBSPECIES",42.76474,141.782617
"5938105002",5210427,"Pholis nebulosa (Temminck & Schlegel, 1845)","SPECIES",35.023997,128.608833
"5938105023",9797180,"Ardea cinerea Linnaeus, 1758","SPECIES",25.090829,121.224394
"5938105035",2495000,"Aegithalos caudatus caudatus (Linnaeus, 1758)","SUBSPECIES",42.650825,141.513764
"5938105048",2495455,"Columba palumbus Linnaeus, 1758","SPECIES",52.025435,85.869541
"5938105176",2688176,"Psilotum nudum (L.) P.Beauv.","SPECIES",24.807287,120.970305
"5938105197",2858963,"Narcissus tazetta L.","SPECIES",31.7489,35.038503
"5938105205",2435035,"Felis catus Linnaeus, 1758","SPECIES",34.893617,32.343513
"5938105909",2433686,"Lutra perspicillata I.Geoffroy Saint-Hilaire, 1826","SPECIES",1.320065,103.618539
"5938105920",2480876,"Egretta garzetta (Linnaeus, 1766)","SPECIES",22.639667,113.862778
"5938105922",2481890,"Phalacrocorax carbo (Linnaeus, 1758)","SPECIES",32.099152,34.807709
"5938105930",1427734,"Crocothemis servilia (Drury, 1773)","SPECIES",1.3955,103.924187
"5938105931",2497509,"Strix uralensis Pallas, 1771","SPECIES",54.866171,73.374387
"5938105935",5219858,"Ondatra zibethicus (Linnaeus, 1766)","SPECIES",56.133342,83.717368
"5938106011",5275396,"Pteris biaurita L.","SPECIES",23.559827,120.652797
"5938106013",2149490,"Nephila pilipes (Fabricius, 1793)","SPECIES",10.357662,76.887505
"5938106017",10777640,"Emberiza personata Temminck, 1836","SPECIES",35.934993,139.438423
"5938106044",2491475,"Emberiza elegans Temminck, 1836","SPECIES",36.886493,126.271072
"5938106047",2497509,"Strix uralensis Pallas, 1771","SPECIES",53.360912,84.586665
"5938106051",7346444,"Zizina otis (Fabricius, 1787)","SPECIES",17.36775,78.356663
"5938106052",2494543,"Pyrrhula pyrrhula (Linnaeus, 1758)","SPECIES",56.952361,72.640639
"5938106303",5231198,"Passer montanus (Linnaeus, 1758)","SPECIES",31.075984,121.172957
"5938106336",5130444,"Junonia iphita (Cramer, 1782)","SPECIES",7.892028,80.726385
"5938106337",2435035,"Felis catus Linnaeus, 1758","SPECIES",35.741996,139.90131
"5938106350",5228328,"Halcyon smyrnensis (Linnaeus, 1758)","SPECIES",22.507824,114.111878
"5938106351",7852114,"Turdus mandarinus Bonaparte, 1850","SPECIES",35.968189,119.422951
"5938106356",NA,"Ardeola F.Boie, 1822","GENUS",1.363522,103.83919
"5938106357",7705930,"Sus scrofa leucomystax Temminck, 1842","SUBSPECIES",35.651577,139.48384
"5938106363",9480191,"Mareca falcata (Georgi, 1775)","SPECIES",28.381477,119.841693
"5938106365",9273219,"Lanius schach Linnaeus, 1758","SPECIES",12.311931,77.276921
"5938106376",1702765,"Xenocatantops humilis (Serville, 1838)","SPECIES",1.317075,103.817583
"5938106390",7812410,"Stichodactyla haddoni (Saville-Kent, 1893)","SPECIES",1.388826,103.941365
"5938106400",6101015,"Chloris sinica (Linnaeus, 1766)","SPECIES",23.289812,113.71946
"5938106477",1017477,"Anoplodesmus saussurii (Humbert, 1865)","SPECIES",9.576192,123.826295
"5938106479",2496347,"Eudynamys scolopaceus (Linnaeus, 1758)","SPECIES",1.305853,103.867486
"5938106754",1803035,"Earias flavida Felder, 1861","SPECIES",10.173672,76.439129
"5938106763",5232446,"Branta bernicla (Linnaeus, 1758)","SPECIES",38.521819,141.20336
"5938106769",2475991,"Anthracoceros albirostris (Shaw, 1808)","SPECIES",14.423587,101.387025
"5938106771",2487879,"Cyanistes caeruleus (Linnaeus, 1758)","SPECIES",56.713744,61.132415
"5938106772",3076230,"Bridelia balansae Tutcher","SPECIES",25.160167,121.707018
"5938106774",7300505,"Elatostema lineolatum Wight","SPECIES",25.16006,121.705497
"5938106779",2474732,"Amaurornis phoenicurus (Pennant, 1769)","SPECIES",22.443956,88.301721
"5938106783",5130471,"Junonia almana (Linnaeus, 1758)","SPECIES",1.319423,103.750388
"5938106788",NA,"Theridion Walckenaer, 1805","GENUS",1.343526,103.782123
"5938106792",6101223,"Spilopelia senegalensis (Linnaeus, 1766)","SPECIES",40.92798,29.132068
"5938106793",2494686,"Carduelis carduelis (Linnaeus, 1758)","SPECIES",57.185165,85.822342
"5938106795",5844992,"Aegithalos glaucogularis (Moore, 1855)","SPECIES",30.268056,120.06629
"5938106800",8214667,"Anas crecca Linnaeus, 1758","SPECIES",23.546547,119.745116
"5938106806",2495000,"Aegithalos caudatus (Linnaeus, 1758)","SPECIES",56.90445,60.56097
"5938106817",5229490,"Pica pica (Linnaeus, 1758)","SPECIES",54.658376,83.426694
"5938106938",2034822,"Bothrogonia addita (Walker, 1851)","SPECIES",1.424297,103.838591
"5938107251",2480887,"Egretta eulophotes (Swinhoe, 1860)","SPECIES",3.291869,113.031219
"5938107270",3152795,"Thespesia populnea (L.) Sol. ex Corrêa","SPECIES",12.523749,101.444009
"5938107276",2486118,"Pycnonotus zeylanicus (Gmelin, 1789)","SPECIES",1.589613,103.724626
"5938107404",2495414,"Columba livia var. domestica J.F.Gmelin, 1789","VARIETY",55.036756,82.923308
"5938107405",2477968,"Dendrocopos major (Linnaeus, 1758)","SPECIES",56.495435,85.054882
"5938107420",9752617,"Ardea alba Linnaeus, 1758","SPECIES",36.874085,126.24142
"5938107421",3607289,"Vandenboschia auriculata (Blume) Copel.","SPECIES",23.538504,120.688357
"5938107432",5222509,"Oligodon fasciolatus (Günther, 1864)","SPECIES",14.893143,100.405288
"5938107434",2480767,"Threskiornis melanocephalus (Latham, 1790)","SPECIES",12.717904,80.212587
"5938107442",1897685,"Parantica aglea (Stoll, 1782)","SPECIES",22.412055,114.164731
"5938107509",2738422,"Nypa fruticans Wurmb","SPECIES",13.548524,100.59953
"5938107510",7911152,"Davallia griffithiana Hook.","SPECIES",23.980528,121.612717
"5938107522",7310512,"Engelhardia spicata Lesch. ex Blume","SPECIES",27.198373,90.696666
"5938107527",5372639,"Salix babylonica L.","SPECIES",42.897408,71.392975
"5938107545",2477968,"Dendrocopos major (Linnaeus, 1758)","SPECIES",53.798321,86.985488
"5938107575",5210935,"Pagrus major (Temminck & Schlegel, 1843)","SPECIES",36.057963,120.297718
"5938107665",2489005,"Acridotheres tristis (Linnaeus, 1766)","SPECIES",25.023093,121.304871
"5938107680",6385660,"Palhinhaea cernua (L.) Vasc. & Franco","SPECIES",25.166382,121.578194
"5938107690",2889304,"Persicaria capitata (Buch.-Ham. ex D.Don) H.Gross","SPECIES",35.320217,139.485763
"5938107793",NA,"Anthus Bechstein, 1805","GENUS",35.655701,139.443623
"5938107798",2470685,"Varanus salvator macromaculatus Deraniyagala, 1944","SUBSPECIES",13.736442,100.464938
"5938107814",2480685,"Hieraaetus pennatus (Gmelin, 1788)","SPECIES",25.360026,60.62279
"5938107835",1341974,"Apis florea Fabricius, 1787","SPECIES",1.320859,103.769375
"5938107837",2494543,"Pyrrhula pyrrhula cineracea Cabanis, 1872","SUBSPECIES",53.520297,83.922487
"5938107838",9047331,"Zosterops simplex Swinhoe, 1861","SPECIES",22.465261,113.995762
"5938107840",5231928,"Rhinortha chlorophaea (Raffles, 1822)","SPECIES",5.410593,100.777204
"5938107847",11806639,"Chalcovietnamicus vietnamensis (Żabka, 1985)","SPECIES",1.347366,103.761291
"5938107849",2486130,"Pycnonotus xanthorrhous Anderson, 1869","SPECIES",25.14337,102.741083
"5938107859",8332393,"Spatula clypeata (Linnaeus, 1758)","SPECIES",23.551548,119.606232
"5938107865",2493309,"Argya squamiceps (Cretzschmar, 1827)","SPECIES",23.121159,57.616536
"5938108839",6100944,"Spodiopsar cineraceus (Temminck, 1835)","SPECIES",35.669415,139.650027
"5938108845",2176780,"Pancorius thorelli (Simon, 1899)","SPECIES",1.343233,103.777867
"5938108878",2480773,"Plegadis falcinellus (Linnaeus, 1766)","SPECIES",26.961605,94.628057
"5938108890",2482515,"Corvus cornix Linnaeus, 1758","SPECIES",55.410189,61.030848
"5938108963",2475991,"Anthracoceros albirostris (Shaw, 1808)","SPECIES",8.175135,98.63404
"5938109005",6100944,"Spodiopsar cineraceus (Temminck, 1835)","SPECIES",35.930967,139.818132
"5938109015",10670284,"Trichonephila clavata (L.Koch, 1878)","SPECIES",23.576273,120.619212
"5938109055",5845390,"Gracupica nigricollis (Paykull, 1807)","SPECIES",13.794428,101.674858
"5938109184",2493090,"Phylloscopus proregulus (Pallas, 1811)","SPECIES",26.061842,119.263973
"5938109191",2484916,"Sitta europaea Linnaeus, 1758","SPECIES",55.034533,82.925745
"5938109198",8000602,"Mareca penelope (Linnaeus, 1758)","SPECIES",35.013466,135.746985
"5938109218",2928598,"Ipomoea indica (Burm.) Merr.","SPECIES",24.951113,121.348534
"5938109222",5228199,"Gallinula chloropus (Linnaeus, 1758)","SPECIES",27.503776,119.478672
"5938109223",3188511,"Melastoma malabathricum L.","SPECIES",1.355538,103.782683
"5938109234",1946145,"Eetion elia (Hewitson, 1866)","SPECIES",1.35854,103.777595
"5938109241",1428645,"Orthetrum sabina (Drury, 1773)","SPECIES",8.395228,80.625274
"5938109245",2684517,"Juniperus rigida Siebold & Zucc.","SPECIES",37.455501,128.142324
"5938109254",2491534,"Emberiza citrinella Linnaeus, 1758","SPECIES",57.37817,65.00735
"5938109256",2486121,"Pycnonotus aurigaster (Vieillot, 1818)","SPECIES",1.409809,103.919743
"5938109302",1702765,"Xenocatantops humilis (Serville, 1838)","SPECIES",1.334624,103.817803
"5938109320",3190583,"Pistacia lentiscus L.","SPECIES",35.056672,32.34433
"5938109374",2478548,"Picus canus J.F.Gmelin, 1788","SPECIES",57.185464,85.821731
"5938109376",1904996,"Doleschallia bisaltide Cramer, 1777","SPECIES",1.319423,103.750388
"5938109380",1341974,"Apis florea Fabricius, 1787","SPECIES",1.337207,103.732475
"5938109385",5816059,"Hemidactylus platyurus (Schneider, 1797)","SPECIES",13.769642,100.198258
"5938109410",7852448,"Ficus septica Burm.fil.","SPECIES",-6.829221,107.882999
"5938109420",11372595,"Pulchriphyllium giganteum (Hausleithner, 1984)","SPECIES",4.507511,101.40761
"5938109421",4689929,"Suastus gremius (Fabricius, 1798)","SPECIES",12.891503,77.592306
"5938109478",1904996,"Doleschallia bisaltide Cramer, 1777","SPECIES",1.424297,103.838591
"5938109503",5293119,"Phoenix loureiroi var. loureiroi","VARIETY",22.002306,120.875572
"5938109509",8151548,"Ichthyaetus melanocephalus (Temminck, 1820)","SPECIES",44.502275,38.144449
"5938109527",2486132,"Pycnonotus leucotis (Gould, 1836)","SPECIES",25.355462,51.523838
"5938109538",6066512,"Microcarbo niger (Vieillot, 1817)","SPECIES",19.015496,73.006286
"5938109550",2480455,"Icthyophaga leucogaster (J.F.Gmelin, 1788)","SPECIES",13.45087,74.69737
"5938109555",2497522,"Strix nebulosa J.R.Forster, 1772","SPECIES",55.854213,82.703478
"5938109570",9273219,"Lanius schach Linnaeus, 1758","SPECIES",36.127454,115.757719
"5938109668",6055063,"Tectaria polymorpha (Wall. ex Hook.) Copel.","SPECIES",23.558497,120.654443
"5938109728",1897685,"Parantica aglea (Stoll, 1782)","SPECIES",22.373422,114.265325
"5938109737",2494543,"Pyrrhula pyrrhula (Linnaeus, 1758)","SPECIES",54.84004,83.09385
"5938109739",1691338,"Phaulula malayica (Karny, 1926)","SPECIES",1.448905,103.728987
"5938109753",2931088,"Solanum diphyllum L.","SPECIES",25.132289,121.513231
"5938109756",11158988,"Nisitrus malaya Robillard & Tan, 2021","SPECIES",1.441957,103.735902
"5938109764",2066753,"Lawana conspersa (Walker, 1851)","SPECIES",19.354206,83.787658
"5938109766",1931109,"Cheritra freja (Fabricius, 1793)","SPECIES",4.243087,101.322586
"5938109824",3592331,"Illicium angustisepalum A.C.Sm.","SPECIES",22.251039,113.916406
"5938109826",10704098,"Pica serica Gould, 1845","SPECIES",39.566075,113.187142
"5938109834",1043321,"Cheilomenes sexmaculata (Fabricius, 1781)","SPECIES",17.420742,78.547602
"5938109835",6101015,"Chloris sinica (Linnaeus, 1766)","SPECIES",24.579818,117.915752
"5938109843",2491591,"Emberiza pallasi (Cabanis, 1851)","SPECIES",36.895107,126.271932
"5938109855",2882803,"Arbutus unedo L.","SPECIES",40.177445,28.998828
"5938109864",11535847,"Acraea terpsicore (Linnaeus, 1758)","SPECIES",18.554031,73.790458
"5938109865",6130512,"Chrysocoris stollii (Wolff, 1801)","SPECIES",10.786992,106.706667
"5938109868",2495000,"Aegithalos caudatus (Linnaeus, 1758)","SPECIES",56.921347,60.688371
"5938109870",2481889,"Phalacrocorax fuscicollis Stephens, 1826","SPECIES",12.717904,80.212587
"5938109882",5137808,"Eurema blanda (Boisduval, 1836)","SPECIES",22.496295,114.145088
"5938109904",5425623,"Lamproderma scintillans (Berk. & Broome) Morgan, 1894","SPECIES",32.17036,34.904101
"5938109906",2495486,"Geopelia striata (Linnaeus, 1766)","SPECIES",3.550614,98.126432
"5938110039",2475742,"Todiramphus chloris (Boddaert, 1783)","SPECIES",1.423322,103.8423
"5938110074",2513916,"Coleosporium clematidis Barclay","SPECIES",35.105633,139.07795
"5938110081",8334203,"Tectaria harlandii (Hook.) C.M.Kuo","SPECIES",24.951055,121.535395
"5938110086",5232143,"Glaucidium cuculoides (Vigors, 1831)","SPECIES",30.268056,120.06629
"5938110100",2489362,"Zosterops palpebrosus (Temminck, 1824)","SPECIES",30.395097,78.09436
"5938110177",2480899,"Egretta sacra (Gmelin, 1789)","SPECIES",6.494597,99.303483
"5938110178",2481886,"Phalacrocorax capillatus (Temminck & Schlegel, 1849)","SPECIES",37.218295,138.349799
"5938110184",7342055,"Hypsipetes amaurotis (Temminck, 1830)","SPECIES",37.567789,126.987266
"5938110213",5131339,"Neptis hylas Linnaeus, 1758","SPECIES",12.931101,80.168266
"5938110239",2437935,"Rhombomys opimus (Lichtenstein, 1823)","SPECIES",43.350473,79.080847
"5938110249",7157705,"Symplocos paniculata (Thunb.) Miq.","SPECIES",22.556969,114.16478
"5938110253",4393233,"Proreus simulans (Stal, 1860)","SPECIES",30.321598,120.086914
"5938110254",5378650,"Mallotus paniculatus (Lam.) Müll.Arg.","SPECIES",25.133817,121.510553
"5938110258",2480767,"Threskiornis melanocephalus (Latham, 1790)","SPECIES",21.336842,76.506083
"5938110263",2407403,"Arothron diadematus (Rüppell, 1829)","SPECIES",27.850307,34.317716
"5938110330",9705453,"Parus major Linnaeus, 1758","SPECIES",57.124456,65.626175
"5938110332",2492509,"Tarsiger cyanurus (Pallas, 1773)","SPECIES",31.143286,121.439697
"5938110333",5284667,"Pinus sibirica Du Tour","SPECIES",51.038431,85.590325
"5938110334",2227757,"Atergatis floridus (Linnaeus, 1767)","SPECIES",1.257826,103.807564
"5938110335",2486151,"Pycnonotus jocosus (Linnaeus, 1758)","SPECIES",1.312838,103.815676
"5938110346",4995642,"Oryctes rhinoceros (Linnaeus, 1758)","SPECIES",10.325304,103.858402
"5938110349",2498112,"Anas acuta Linnaeus, 1758","SPECIES",21.336842,76.506083
"5938110359",2289535,"Octopus cyanea Gray, 1849","SPECIES",22.339781,120.370743
"5938110370",2442153,"Lepidochelys olivacea (Eschscholtz, 1829)","SPECIES",12.139369,79.992004
"5938110421",2480433,"Spilornis cheela (Latham, 1790)","SPECIES",8.484364,77.336707
"5938110425",2874581,"Momordica charantia L.","SPECIES",16.302415,100.705388
"5938110430",5231190,"Passer domesticus (Linnaeus, 1758)","SPECIES",51.937045,85.322673
"5938110447",4221673,"Praxelis clematidea (Griseb.) R.M.King & H.Rob.","SPECIES",25.131736,121.518739
"5938110589",2474377,"Fulica atra Linnaeus, 1758","SPECIES",12.855572,79.359378
"5938110592",2492680,"Copsychus saularis (Linnaeus, 1758)","SPECIES",1.266509,103.802065
"5938110625",2481726,"Tringa nebularia (Gunnerus, 1767)","SPECIES",18.68831,110.392047
"5938110626",5231198,"Passer montanus (Linnaeus, 1758)","SPECIES",-7.310926,112.823249
"5938110638",7992365,"Pyrops maculatus (Olivier, 1791)","SPECIES",6.991572,80.40455
"5938110643",5421144,"Dodonaea viscosa (L.) Jacq.","SPECIES",25.132025,121.508264
"5938110646",3179997,"Rhodomyrtus tomentosa (Aiton) Hassk.","SPECIES",25.133461,121.509928
"5938110648",4286934,"Rhodeus ocellatus (Kner, 1866)","SPECIES",35.385945,136.670258
"5938110652",2484608,"Bombycilla japonica (Siebold, 1824)","SPECIES",31.044568,121.491768
"5938110654",2871003,"Philodendron hederaceum var. oxycardium (Schott) Croat","VARIETY",25.129211,121.519378
"5938110667",2426861,"Hylarana spinulosa (Smith, 1923)","SPECIES",18.63268,108.936235
"5938110672",2436756,"Lepus timidus Linnaeus, 1758","SPECIES",53.176887,83.301552
"5938110676",2486121,"Pycnonotus aurigaster (Vieillot, 1818)","SPECIES",-6.12165,106.868375
"5938110678",2334438,"Pterois volitans (Linnaeus, 1758)","SPECIES",22.339781,120.370743
"5938110736",6101223,"Spilopelia senegalensis (Linnaeus, 1766)","SPECIES",38.420171,27.13909
"5938110796",3062975,"Mercurialis annua L.","SPECIES",34.77747,32.405078
"5938110830",7691806,"Psilopogon haemacephalus (P.L.S.Müller, 1776)","SPECIES",13.746678,100.260742
"5938110844",5339879,"Morinda citrifolia L.","SPECIES",-0.894159,119.881509
"5938110874",2496161,"Macropygia ruficeps (Temminck, 1835)","SPECIES",-7.734316,112.529545
"5938110888",2494329,"Coccothraustes coccothraustes (Linnaeus, 1758)","SPECIES",51.937213,85.322555
"5938110889",1867993,"Rhodinia fugax Butler, 1877","SPECIES",37.457049,128.140729
"5938110902",6385660,"Palhinhaea cernua (L.) Vasc. & Franco","SPECIES",25.131722,121.518778
"5938110905",2498261,"Aythya fuligula (Linnaeus, 1758)","SPECIES",44.675248,37.797652
"5938110982",2495414,"Columba livia var. domestica J.F.Gmelin, 1789","VARIETY",16.35252,100.674553
"5938111003",4361017,"Erronea errones (Linnaeus, 1758)","SPECIES",1.259895,103.806885
"5938111046",5130476,"Junonia hedonia (Linnaeus, 1764)","SPECIES",13.340906,121.846986
"5938111062",2487871,"Periparus ater (Linnaeus, 1758)","SPECIES",56.800312,60.678855
"5938111067",2484916,"Sitta europaea asiatica Gould, 1835","SUBSPECIES",55.369708,86.176403
"5938111071",2495342,"Oena capensis (Linnaeus, 1766)","SPECIES",22.850543,72.091815
"5938111189",7313778,"Polyspora axillaris (Roxb. ex Ker Gawl.) Sweet","SPECIES",25.131742,121.518158
"5938111219",5246344,"Microporus xanthopus (Fr.) Kuntze","SPECIES",1.3542,103.796086
"5938111222",5231198,"Passer montanus (Linnaeus, 1758)","SPECIES",55.366681,86.183567
"5938111223",2494771,"Pinicola enucleator (Linnaeus, 1758)","SPECIES",52.01632,87.16614
"5938111235",4069816,"Diospyros eriantha Champ. ex Benth.","SPECIES",24.042488,120.781235
"5938111266",2482451,"Dendrocitta vagabunda (Latham, 1790)","SPECIES",8.509595,76.95485
"5938111331",3190583,"Pistacia lentiscus L.","SPECIES",34.892942,32.341867
"5938111366",3579089,"Calotropis gigantea (L.) W.T.Aiton","SPECIES",-8.164393,114.435859
"5938111376",2480311,"Anarhynchus alexandrinus","SPECIES",1.282445,103.878227
"5938111385",2495757,"Treron phoenicopterus (Latham, 1790)","SPECIES",24.163742,89.012177
"5938111406",9705453,"Parus major Linnaeus, 1758","SPECIES",56.952399,72.640552
"5938111417",2475988,"Anthracoceros coronatus (Boddaert, 1783)","SPECIES",8.24806,80.710968
"5938111431",9511669,"Gelasimus borealis (Crane, 1975)","SPECIES",19.724255,109.242307
"5938111472",2480904,"Ardeola speciosa (Horsfield, 1821)","SPECIES",-8.596173,115.251958
"5938111543",5378650,"Mallotus paniculatus var. paniculatus","VARIETY",25.132114,121.508203
"5938111551",8108495,"Rubus corchorifolius L.fil.","SPECIES",25.131236,121.516944
"5938111553",5378650,"Mallotus paniculatus (Lam.) Müll.Arg.","SPECIES",25.128033,121.518989
"5938112135",2482048,"Tachybaptus ruficollis poggei (Reichenow, 1902)","SUBSPECIES",35.69128,139.956826
"5938112136",2493969,"Dicrurus paradiseus (Linnaeus, 1766)","SPECIES",3.695417,101.748938
"5938112146",5337190,"Lasianthus formosensis Matsum.","SPECIES",24.951978,121.534722
"5938112153",5137861,"Leptosia nina (Fabricius, 1793)","SPECIES",17.684817,83.199002
"5938112158",9797180,"Ardea cinerea Linnaeus, 1758","SPECIES",1.358197,103.849248
"5938112170",9616058,"Falco tinnunculus Linnaeus, 1758","SPECIES",24.51115,118.42615
"5938112178",2497894,"Surnia ulula (Linnaeus, 1758)","SPECIES",55.793004,82.395761
"5938112201",2497509,"Strix uralensis Pallas, 1771","SPECIES",55.267534,83.445538
"5938112236",2498112,"Anas acuta Linnaeus, 1758","SPECIES",37.218295,138.349799
"5938113325",5555210,"Brucea javanica (L.) Merr.","SPECIES",22.420609,114.061431
"5938113345",5387974,"Youngia japonica (L.) DC.","SPECIES",25.082535,121.603164
"5938113350",2876873,"Quercus glauca Thunb.","SPECIES",25.125683,121.519378
"5938113353",2650436,"Lygodium japonicum (Thunb.) Sw.","SPECIES",29.945166,118.013122
"5938113363",1928908,"Jamides bochus Stoll, 1782","SPECIES",22.428875,114.180886
"5938113374",1936969,"Archon apollinus (Herbst, 1798)","SPECIES",32.735666,35.089225
"5938113461",5806166,"Phalanta phalantha (Drury, 1773)","SPECIES",23.144908,80.044753
"5938113469",1321484,"Euprenolepis procera (Emery, 1900)","SPECIES",1.410587,103.778357
"5938113473",2484678,"Aethopyga christinae Swinhoe, 1869","SPECIES",22.464461,113.995353
"5938113475",5229493,"Garrulus glandarius (Linnaeus, 1758)","SPECIES",56.484722,60.808863
"5938114231",2970418,"Leucaena leucocephala (Lam.) de Wit","SPECIES",22.613982,120.263509
"5938114250",2498034,"Anser cygnoides (Linnaeus, 1758)","SPECIES",40.018014,116.390256
"5938114262",5229131,"Vanellus indicus (Boddaert, 1783)","SPECIES",17.457778,78.357975
"5938114400",2487603,"Certhia familiaris Linnaeus, 1758","SPECIES",43.552372,144.823878
"5938114419",2481819,"Gallinago gallinago gallinago (Linnaeus, 1758)","SUBSPECIES",35.133502,135.991125
"5938114421",1932607,"Castalius rosimon (Fabricius, 1775)","SPECIES",-6.034399,106.985829
"5938114422",6129736,"Taeniogonalos fasciata (Strand, 1913)","SPECIES",24.989373,121.648975
"5938114447",2482515,"Corvus cornix Linnaeus, 1758","SPECIES",52.276157,85.439498
"5938115520",2158544,"Gasteracantha geminata (Fabricius, 1798)","SPECIES",11.683845,78.165564
"5938115525",5224312,"Coelognathus helena helena (Daudin, 1803)","SUBSPECIES",14.62373,79.047142
"5938115644",1921150,"Pseudozizeeria maha okinawana (Matsumura, 1929)","SUBSPECIES",22.666414,120.545358
"5938115664",5133687,"Ariadne merione (Cramer, 1779)","SPECIES",13.044519,80.279035
"5938115668",7690055,"Carpodacus sibiricus (Pallas, 1773)","SPECIES",51.910718,85.372289
"5938115683",2482065,"Podiceps nigricollis C.L.Brehm, 1831","SPECIES",43.397368,39.981435
"5938115698",2497509,"Strix uralensis Pallas, 1771","SPECIES",52.295504,85.667365
"5938115936",2498255,"Aythya ferina (Linnaeus, 1758)","SPECIES",35.896952,140.506733
"5938115954",2473421,"Lagopus lagopus (Linnaeus, 1758)","SPECIES",55.82474,82.438163
"5938115956",5229126,"Himantopus himantopus (Linnaeus, 1758)","SPECIES",24.811523,120.916485
"5938115995",9797180,"Ardea cinerea Linnaeus, 1758","SPECIES",35.627985,35.920135
"5938116071",4038333,"Reynoutria multiflora (Thunb.) Moldenke","SPECIES",24.962156,121.626589
"5938116077",NA,"Astur Lacepède, 1799","GENUS",36.887615,126.24277
"5938116089",1428409,"Acisoma panorpoides Rambur, 1842","SPECIES",7.892173,80.726342
"5938116092",2495414,"Columba livia var. domestica J.F.Gmelin, 1789","VARIETY",36.322787,139.011597
"5938116096",2482421,"Urocissa caerulea Gould, 1863","SPECIES",24.993091,121.664151
"5938116097",5228328,"Halcyon smyrnensis (Linnaeus, 1758)","SPECIES",12.717904,80.212587
"5938116102",2486150,"Pycnonotus sinensis (Gmelin, 1789)","SPECIES",31.445061,120.210025
"5938116106",1928849,"Jamides alecto (Felder, 1860)","SPECIES",22.428875,114.180886
"5938116521",5793254,"Atractomorpha sinensis sinensis Bolívar, 1905","SUBSPECIES",24.528182,123.890964
"5938116631",1325561,"Paratrechina longicornis (Latreille, 1802)","SPECIES",10.041259,76.322982
"5938116632",5142730,"Notocrypta paralysos (Wood-Mason & de Nicéville, 1881)","SPECIES",22.458147,114.182098
"5938116640",8047443,"Begonia palmata D.Don","SPECIES",23.559419,120.605523
"5938116642",5959892,"Hemidactylus bowringii (Gray, 1845)","SPECIES",22.31036,114.00704
"5938116649",2477968,"Dendrocopos major (Linnaeus, 1758)","SPECIES",56.812685,60.64017
"5938116693",2498026,"Anser erythropus (Linnaeus, 1758)","SPECIES",35.842105,139.60463
"5938116720",10897717,"Pseudodictamnus undulatus (Benth.) Salmaki & Siadati","SPECIES",32.653688,35.55781
"5938116722",2480567,"Buteo hemilasius Temminck & Schlegel, 1844","SPECIES",52.023517,84.100782
"5938116727",9761484,"Anas platyrhynchos Linnaeus, 1758","SPECIES",52.29462,85.634763
"5938116728",7885381,"Psilopogon duvaucelii (R.Lesson, 1830)","SPECIES",3.209053,101.843517
"5938116731",NA,"Thinornis G.R.Gray, 1844","GENUS",12.874312,79.372389
"5938116740",5219173,"Canis familiaris Linnaeus, 1758","SPECIES",9.660887,122.985092
"5938116749",1935849,"Zemeros flegyas Cramer, 1780","SPECIES",22.373717,114.264075
"5938116817",1908660,"Ideopsis vulgaris (Butler, 1874)","SPECIES",10.32777,106.351405
"5938116820",3087725,"Chromolaena odorata (L.) R.M.King & H.Rob.","SPECIES",22.638472,120.275605
"5938116824",2480482,"Circus aeruginosus (Linnaeus, 1758)","SPECIES",19.1406,72.959944
"5938116826",1918584,"Lebadea martha Fabricius, 1787","SPECIES",1.334624,103.817803
"5938116831",2498112,"Anas acuta Linnaeus, 1758","SPECIES",12.717904,80.212587
"5938116839",2417522,"Rhincodon typus Smith, 1828","SPECIES",3.717267,72.758961
"5938116854",2475679,"Ceryle rudis (Linnaeus, 1758)","SPECIES",12.80469,80.241398
"5938116855",2494543,"Pyrrhula pyrrhula (Linnaeus, 1758)","SPECIES",55.170697,61.337976
"5938116860",1601050,"Rabdophaga rosaria (Loew, 1850)","SPECIES",51.867358,85.26153
"5938116959",2494543,"Pyrrhula pyrrhula (Linnaeus, 1758)","SPECIES",56.952373,72.640631
"5938116964",5130814,"Euthalia aconthea Cramer, 1779","SPECIES",9.950119,76.74619
"5938116970",1816362,"Nyctemera lacticinia (Cramer, 1775)","SPECIES",25.155349,121.710912
"5938116976",2491534,"Emberiza citrinella Linnaeus, 1758","SPECIES",52.819542,79.78528
"5938116979",1939180,"Pachliopta pandiyana (Moore, 1881)","SPECIES",8.645269,77.200924
"5938117001",4060073,"Hormuzakia aggregata (Lehm.) Gusul.","SPECIES",31.932543,34.78318
"5938117104",2489005,"Acridotheres tristis (Linnaeus, 1766)","SPECIES",24.670652,121.634995
"5938117106",5231223,"Phoenicurus auroreus (Pallas, 1776)","SPECIES",30.315357,113.886415
"5938117113",2490755,"Turdus cardis Temminck, 1831","SPECIES",22.335012,114.137371
"5938117116",7952806,"Sabia swinhoei Hemsl. ex Forbes & Hemsl.","SPECIES",24.997103,121.344994
"5938117175",2494146,"Eophona migratoria Hartert, 1903","SPECIES",35.980278,119.404144
"5938117189",5384950,"Eclipta prostrata (L.) L.","SPECIES",25.427628,81.843486
"5938117194",2481938,"Mycteria leucocephala (Pennant, 1769)","SPECIES",12.975506,77.689801
"5938117197",7342055,"Hypsipetes amaurotis (Temminck, 1830)","SPECIES",35.676503,139.815003
"5938117205",1341979,"Apis cerana Fabricius, 1793","SPECIES",25.606113,85.017334
"5938117275",2474416,"Porphyrio poliocephalus (Latham, 1801)","SPECIES",2.960873,101.69664
"5938117310",5341748,"Mandragora autumnalis Bertol.","SPECIES",34.776628,32.404383
"5938117320",2481746,"Calidris ruficollis (Pallas, 1776)","SPECIES",-7.310774,112.82328
"5938117334",6370562,"Cleome viscosa L.","SPECIES",22.057706,120.825158
"5938117395",2475532,"Alcedo atthis bengalensis J.F.Gmelin, 1788","SUBSPECIES",35.904407,139.696999
"5938117419",6066512,"Microcarbo niger (Vieillot, 1817)","SPECIES",-7.310821,112.8233
"5938117421",2651586,"Ceratopteris thalictroides (L.) Brongn.","SPECIES",23.471269,120.488314
"5938117424",1932273,"Hypolycaena erylus (Godart, 1823)","SPECIES",1.427928,103.839939
"5938117433",6445734,"Cyanthillium cinereum (L.) H.Rob.","SPECIES",25.131256,121.507461
"5938117437",2493967,"Dicrurus hottentottus (Linnaeus, 1766)","SPECIES",22.423536,114.112435
"5938117440",5231198,"Passer montanus (Linnaeus, 1758)","SPECIES",57.124417,65.626153
"5938117457",2486150,"Pycnonotus sinensis (Gmelin, 1789)","SPECIES",22.625738,113.808395
"5938117545",9713326,"Longpotamon chekiangense (Tai & Sung, 1975)","SPECIES",30.102472,119.002214
"5938117563",10823562,"Carduelis caniceps Vigors, 1831","SPECIES",51.936562,85.325002
"5938117567",5130471,"Junonia almana (Linnaeus, 1758)","SPECIES",1.427928,103.839939
"5938117570",9687165,"Motacilla alba Linnaeus, 1758","SPECIES",31.195695,35.334928
"5938117576",2473654,"Arborophila crudigularis (Swinhoe, 1864)","SPECIES",24.377788,120.93598
"5938117580",4286960,"Sarcocheilichthys variegatus variegatus (Temminck & Schlegel, 1846)","SUBSPECIES",35.211307,136.75225
"5938117581",2432627,"Rhinolophus cornutus Temminck, 1834","SPECIES",35.371778,136.426325
"5938117587",2498415,"Upupa epops Linnaeus, 1758","SPECIES",36.393919,127.409644
"5938117654",2379874,"Zebrasoma desjardinii (Bennett, 1836)","SPECIES",27.913385,34.349067
"5938117700",5742390,"Scolopendra cingulata Latreille, 1829","SPECIES",32.303847,34.876221
"5938117720",2481800,"Actitis hypoleucos (Linnaeus, 1758)","SPECIES",8.629536,98.243633
"5938117742",9515886,"Hirundo rustica Linnaeus, 1758","SPECIES",24.555828,117.981989
"5938117748",5182430,"Haliclona cymaeformis (Esper, 1806)","SPECIES",1.214126,103.836136
"5938117751",1896304,"Orsotriaena medus Fabricius, 1775","SPECIES",8.395218,80.625289
"5938117755",8187082,"Cobitis minamorii tokaiensis Nakajima, 2012","SUBSPECIES",35.287395,136.669756
"5938117761",2498180,"Netta rufina (Pallas, 1773)","SPECIES",21.370947,76.64796
"5938117772",9797180,"Ardea cinerea Linnaeus, 1758","SPECIES",1.377882,103.952491
"5938117780",2480509,"Clanga clanga (Pallas, 1811)","SPECIES",12.285612,80.056355
"5938117784",1317388,"Oecophylla smaragdina (Fabricius, 1775)","SPECIES",10.22006,76.201332
"5938117792",2492680,"Copsychus saularis (Linnaeus, 1758)","SPECIES",29.565684,106.551184
"5938117906",2920037,"Psychotria asiatica L.","SPECIES",22.227913,114.116403
"5938117929",5232234,"Ketupa ketupu (Horsfield, 1821)","SPECIES",1.446978,103.72426
"5938117931",2489514,"Hydrornis guajanus (Müller & Pls, 1776)","SPECIES",-8.051554,114.156573
"5938117943",2498112,"Anas acuta Linnaeus, 1758","SPECIES",35.655001,139.446229
"5938117955",6101230,"Treron chloropterus Blyth, 1845","SPECIES",12.092662,93.133938
"5938117962",1043321,"Cheilomenes sexmaculata (Fabricius, 1781)","SPECIES",20.070658,110.330482
"5938117984",2495455,"Columba palumbus Linnaeus, 1758","SPECIES",32.677645,35.078241
"5938118007",2738434,"Adonidia merrillii (Becc.) Becc.","SPECIES",12.569265,101.449487
"5938118018",5716735,"Coenobita scaevola (Forskål, 1775)","SPECIES",23.39497,58.803872
"5938118019",9451184,"Pavo cristatus Linnaeus, 1758","SPECIES",11.430077,77.745648
"5938118092",1994894,"Opisthoplatia orientalis (Burmeister, 1838)","SPECIES",25.014625,121.541944
"5938118131",2752924,"Cardiocrinum cordatum (Thunb.) Makino","SPECIES",42.952347,140.504761
"5938118133",2498061,"Anas zonorhyncha Swinhoe, 1866","SPECIES",35.648517,139.438876
"5938118137",5331916,"Betula pendula Roth","SPECIES",55.251822,85.832588
"5938118159",2486150,"Pycnonotus sinensis (Gmelin, 1789)","SPECIES",39.883158,116.412343
"5938118167",9752617,"Ardea alba Linnaeus, 1758","SPECIES",53.32907,83.798864
"5938118168",2492960,"Curruca curruca (Linnaeus, 1758)","SPECIES",25.116988,73.143812
"5938118171",5130476,"Junonia hedonia (Linnaeus, 1764)","SPECIES",1.334624,103.817803
"5938118187",6100921,"Suthora webbiana Gould, 1852","SPECIES",31.443321,120.204523
"5938118194",1931934,"Nacaduba angusta (Druce, 1873)","SPECIES",5.413659,100.782342
"5938118200",2481890,"Phalacrocorax carbo (Linnaeus, 1758)","SPECIES",12.804274,80.245152
"5938118204",2478211,"Sasia ochracea Hodgson, 1837","SPECIES",19.403564,98.921192
"5938118209",2480685,"Hieraaetus pennatus (Gmelin, 1788)","SPECIES",8.520667,76.906958
"5938118212",1932607,"Castalius rosimon (Fabricius, 1775)","SPECIES",13.548894,100.599433
"5938118218",9687165,"Motacilla alba personata Gould, 1861","SUBSPECIES",42.289755,69.589432
"5938118223",5972195,"Benthopanope eucratoides (Stimpson, 1858)","SPECIES",1.388826,103.941365
"5938118266",2743883,"Romulea tempskyana Freyn","SPECIES",34.986195,32.34953
"5938118301",2487866,"Poecile montanus (Conrad von Baldenstein, 1827)","SPECIES",55.023472,73.310873
"5938118340",11743480,"Grypothrix simplex (Hook.) S.E.Fawc. & A.R.Sm.","SPECIES",22.066432,120.801255
"5938118343",1318539,"Polyrhachis dives Smith, 1857","SPECIES",22.617189,113.880272
"5938118410",2490773,"Turdus pallidus Gmelin, 1789","SPECIES",30.254034,120.123515
"5938118437",9797180,"Ardea cinerea Linnaeus, 1758","SPECIES",35.039907,135.728631
"5938118451",5414375,"Ardisia elliptica Thunb.","SPECIES",1.267825,103.804761
"5938118464",9326020,"Gallus gallus (Linnaeus, 1758)","SPECIES",1.294392,103.847105
"5938118468",2498285,"Mergellus albellus (Linnaeus, 1758)","SPECIES",37.744755,119.142608
"5938118483",10704098,"Pica serica Gould, 1845","SPECIES",39.164775,117.218262
"5938118486",9409796,"Corvus corone Linnaeus, 1758","SPECIES",51.928113,85.344851
"5938118493",1423263,"Ceriagrion cerinorubellum (Brauer, 1865)","SPECIES",10.289583,76.205722
"5938118506",2474377,"Fulica atra Linnaeus, 1758","SPECIES",31.443125,120.207575
"5938118517",2498344,"Cygnus atratus (Latham, 1790)","SPECIES",1.321078,103.816433
"5938118532",5229126,"Himantopus himantopus (Linnaeus, 1758)","SPECIES",25.082847,121.201075
"5938118666",5793241,"Pernis ptilorhynchus (Temminck, 1821)","SPECIES",1.42317,103.842378
"5938118672",2178890,"Oxyopes shweta Tikader, 1970","SPECIES",12.377589,76.66204
"5938118691",2379874,"Zebrasoma desjardinii (Bennett, 1836)","SPECIES",27.84742,34.314356
"5938118692",5229493,"Garrulus glandarius (Linnaeus, 1758)","SPECIES",51.888335,85.320548
"5938118695",1707497,"Valanga nigricornis (Burmeister, 1838)","SPECIES",1.320859,103.769375
"5938118696",5229493,"Garrulus glandarius japonicus Temminck & Schlegel, 1847","SUBSPECIES",36.481912,138.540297
"5938118698",2478507,"Picus awokera Temminck, 1836","SPECIES",35.244275,139.052445
"5938118700",2158977,"Thelacantha brevispina (Doleschall, 1857)","SPECIES",26.484378,127.84138
"5938118702",6198302,"Amata huebneri (Boisduval)","SPECIES",1.319423,103.750388
"5938118716",2480934,"Ardea purpurea Linnaeus, 1766","SPECIES",1.358345,103.84948
"5938118720",2497522,"Strix nebulosa J.R.Forster, 1772","SPECIES",55.93483,82.343844
"5938118727",5866213,"Glaucias subpunctatus (Walker, 1867)","SPECIES",33.732298,134.527661
"5938118735",4097810,"Dipteris conjugata Reinw.","SPECIES",24.855097,121.73043
"5938118779",2890541,"Geranium purpureum Vill.","SPECIES",32.303885,34.879364
"5938118839",5817907,"Pseudoceros paralaticlavus Newman & Cannon, 1994","SPECIES",25.018302,121.99919
"5938118859",9750846,"Oriolus chinensis Linnaeus, 1766","SPECIES",1.325023,103.772035
"5938118861",7691806,"Psilopogon haemacephalus (P.L.S.Müller, 1776)","SPECIES",13.518589,100.3097
"5938118871",5384467,"Gypsophila oldhamiana Miq.","SPECIES",35.936291,119.602745
"5938118875",2497492,"Strix seloputo Horsfield, 1821","SPECIES",1.38162,103.948437
"5938118879",5185632,"Porpita porpita (Linnaeus, 1758)","SPECIES",11.62768,92.752016
"5938118882",2443002,"Trachemys scripta (Thunberg In Schoepff, 1792)","SPECIES",25.070959,121.496027
"5938118900",2486822,"Pericrocotus cinnamomeus (Linnaeus, 1766)","SPECIES",-6.175392,106.827153
"5938118901",2375162,"Cirrhitichthys falco Randall, 1963","SPECIES",22.339781,120.370743
"5938118910",10670284,"Trichonephila clavata (L.Koch, 1878)","SPECIES",22.766469,120.699962
"5938120302",2174173,"Phintella vittata (C.L.Koch, 1846)","SPECIES",1.319423,103.750388
"5938120357",5341792,"Physalis angulata L.","SPECIES",-7.366259,112.755207
"5938120364",1088045,"Oniticellus cinctus (Fabricius, 1775)","SPECIES",22.505824,114.368637
"5938120367",5229490,"Pica pica (Linnaeus, 1758)","SPECIES",57.092961,65.539147
"5938120440",2437397,"Callosciurus prevostii pluto (Gray, 1867)","SUBSPECIES",5.87647,117.944313
"5938120453",2484916,"Sitta europaea Linnaeus, 1758","SPECIES",55.955887,92.747836
"5938120474",2443729,"Tropidolaemus subannulatus (Gray, 1842)","SPECIES",6.089662,116.567838
"5938120579",2996831,"Rubus formosensis Kuntze","SPECIES",23.589495,120.623252
"5938120581",7346301,"Tirumala limniace (Cramer, 1775)","SPECIES",19.867162,72.897877
"5938120588",1920496,"Pieris rapae (Linnaeus, 1758)","SPECIES",32.945545,35.07407
"5938120592",5229045,"Psittacula alexandri (Linnaeus, 1758)","SPECIES",-6.087622,106.999758
"5938120593",11107022,"Porpax pusilla (Griff.) Schuit., Y.P.Ng & H.A.Pedersen","SPECIES",22.386232,114.369901
"5938120596",5229126,"Himantopus himantopus (Linnaeus, 1758)","SPECIES",23.361936,120.407625
"5938120602",5231190,"Passer domesticus (Linnaeus, 1758)","SPECIES",26.894274,75.815543
"5938120608",2481800,"Actitis hypoleucos (Linnaeus, 1758)","SPECIES",1.282445,103.878225
"5938120610",2486132,"Pycnonotus leucotis (Gould, 1836)","SPECIES",19.015496,73.006286
"5938120616",7366997,"Celtis tetrandra Roxb.","SPECIES",25.048681,121.422442
"5938120669",4006670,"Lysimachia pentapetala Bunge","SPECIES",36.209331,120.446909
"5938120670",9761484,"Anas platyrhynchos Linnaeus, 1758","SPECIES",52.306762,85.607696
"5938120686",2480905,"Ardeola grayii (Sykes, 1832)","SPECIES",11.40873,77.618065
"5938120755",11535847,"Acraea terpsicore (Linnaeus, 1758)","SPECIES",1.260318,103.691035
"5938120769",8391312,"Coniogramme japonica (Thunb.) Diels","SPECIES",23.53783,120.69104
"5938120794",5229490,"Pica pica (Linnaeus, 1758)","SPECIES",56.034968,92.946957
"5938120967",6133271,"Lemyra imparilis (Butler, 1877)","SPECIES",24.991942,121.546037
"5938120970",7141664,"Celtis bungeana Blume","SPECIES",40.079831,116.04369
"5938121013",5137832,"Eurema laeta (Boisduval, 1836)","SPECIES",18.554031,73.790458
"5938121024",1924298,"Acytolepis puspa (Horsfield, 1828)","SPECIES",22.450338,114.125114
"5938121027",2486150,"Pycnonotus sinensis (Gmelin, 1789)","SPECIES",31.445061,120.210025
"5938121029",8108495,"Rubus corchorifolius L.fil.","SPECIES",25.169281,121.58131
"5938121035",2481800,"Actitis hypoleucos (Linnaeus, 1758)","SPECIES",12.804274,80.245152
"5938121041",2475679,"Ceryle rudis (Linnaeus, 1758)","SPECIES",25.013718,51.161681
"5938121132",5131490,"Neptis vikasi Horsfield, 1829","SPECIES",-7.679175,110.354562
"5938121148",2714679,"Cyperus luzulae (L.) Retz.","SPECIES",23.467838,120.485525
"5938121150",NA,"Butorides Blyth, 1852","GENUS",1.324188,103.754984
"5938121151",2482513,"Corvus frugilegus Linnaeus, 1758","SPECIES",38.192951,37.211073
"5938121156",2490755,"Turdus cardis Temminck, 1831","SPECIES",20.056494,99.075111
"5938121164",1926436,"Prosotas dubiosa (Semper)","SPECIES",22.380295,113.958781
"5938121178",2477968,"Dendrocopos major (Linnaeus, 1758)","SPECIES",56.916885,60.648032
"5938121201",2441133,"Boselaphus tragocamelus (Pallas, 1766)","SPECIES",22.866364,72.055273
"5938121218",5845582,"Chloris chloris (Linnaeus, 1758)","SPECIES",39.196487,32.199539
"5938121254",10704098,"Pica serica Gould, 1845","SPECIES",34.001919,109.096467
"5938121277",9761484,"Anas platyrhynchos Linnaeus, 1758","SPECIES",33.605801,130.419874
"5938121281",2925303,"Lantana camara L.","SPECIES",22.338601,114.264071
"5938121285",4097810,"Dipteris conjugata Reinw.","SPECIES",3.711868,101.736556
"5938122643",5350336,"Derris trifoliata Lour.","SPECIES",1.448911,103.72893
"5938122665",2493618,"Lonchura striata (Linnaeus, 1766)","SPECIES",13.744156,100.811251
"5938122695",2480876,"Egretta garzetta garzetta (Linnaeus, 1766)","SUBSPECIES",35.673985,139.426756
"5938122708",2493075,"Phylloscopus fuscatus (Blyth, 1842)","SPECIES",22.244395,114.153845
"5938122710",2225629,"Charybdis japonica (A.Milne-Edwards, 1861)","SPECIES",29.929647,122.033209
"5938122715",1429152,"Rhodothemis rufa (Rambur, 1842)","SPECIES",1.334624,103.817803
"5938122811",1924298,"Acytolepis puspa (Horsfield, 1828)","SPECIES",5.393861,100.259067
"5938122818",9480191,"Mareca falcata (Georgi, 1775)","SPECIES",24.662654,121.84451
"5938123402",3086240,"Mirabilis jalapa L.","SPECIES",25.407016,81.847208
"5938123426",4359297,"Dolabella auricularia (Lightfoot) , 1786","SPECIES",25.01817,121.999242
"5938123428",1076354,"Xylotrupes socrates Schaufuss, 1864","SPECIES",18.355792,100.321183
"5938123434",2482451,"Dendrocitta vagabunda (Latham, 1790)","SPECIES",12.918313,77.680097
"5938123439",2925665,"Holmskioldia sanguinea Retz.","SPECIES",22.68827,114.203112
"5938123446",2969284,"Mimosa pudica L.","SPECIES",14.809554,121.02824
"5938123476",7299714,"Lycianthes biflora (Lour.) Bitter","SPECIES",24.840405,121.736435
"5938123486",1928419,"Pratapa deva (Moore, 1857)","SPECIES",22.222756,113.916225
"5938123561",2484659,"Arachnothera magna (Hodgson, 1836)","SPECIES",18.542684,98.517257
"5938123592",3120972,"Artemisia indica Willd.","SPECIES",37.298102,127.068762
"5938123596",3086240,"Mirabilis jalapa L.","SPECIES",29.563675,106.549225
"5938123630",2495000,"Aegithalos caudatus (Linnaeus, 1758)","SPECIES",57.127993,65.631578
"5938123632",3101212,"Farfugium japonicum var. formosanum (Hayata) Kitam.","VARIETY",25.163071,121.707269
"5938123643",2482515,"Corvus cornix Linnaeus, 1758","SPECIES",54.770051,83.075974
"5938123648",1924458,"Remelana jangala (Horsfield, 1829)","SPECIES",22.519828,114.215449
"5938124309",3026541,"Spiraea ouensanensis H.Lév.","SPECIES",40.079168,116.043131
"5938124313",2437396,"Callosciurus notatus (Boddaert, 1785)","SPECIES",1.441178,103.736704
"5938124319",1928849,"Jamides alecto (Felder, 1860)","SPECIES",22.535616,114.186732
"5938124326",6100944,"Spodiopsar cineraceus (Temminck, 1835)","SPECIES",35.974766,119.398796
"5938124327",NA,"Oxyopes Latreille, 1806","GENUS",1.319423,103.750388
"5938124328",6101015,"Chloris sinica (Linnaeus, 1766)","SPECIES",36.370324,127.391957
"5938124340",2474732,"Amaurornis phoenicurus (Pennant, 1769)","SPECIES",3.498318,73.529948
"5938124343",2478548,"Picus canus J.F.Gmelin, 1788","SPECIES",40.0125,116.391869
"5938124368",9372809,"Hebius petersii (Boulenger, 1893)","SPECIES",0.464059,101.465689
"5938124459",3087725,"Chromolaena odorata (L.) R.M.King & H.Rob.","SPECIES",11.255133,77.649257
"5938124493",10508423,"Moduza procris","SPECIES",5.395168,100.26007
"5938124511",9615912,"Turdus eunomus Temminck, 1831","SPECIES",35.893292,140.505688
"5938125035",5877908,"Aiolocaria hexaspilota (Hope, 1831)","SPECIES",32.052117,118.553612
"5938125057",9273219,"Lanius schach Linnaeus, 1758","SPECIES",23.29285,113.71657
"5938125108",6100851,"Saxicola stejnegeri (Parrot, 1908)","SPECIES",19.128822,108.662336
"5938125128",5738747,"Oenopia formosana (Miyatake, 1965)","SPECIES",24.893322,121.205488
"5938125140",2493467,"Pterorhinus davidi Swinhoe, 1868","SPECIES",35.614316,110.666307
"5938125142",6101224,"Spilopelia chinensis (Scopoli, 1786)","SPECIES",8.629567,98.243517
"5938125147",2480934,"Ardea purpurea Linnaeus, 1766","SPECIES",1.320859,103.769375
"5938125167",2490244,"Anthus hodgsoni Richmond, 1907","SPECIES",30.20768,120.14013
"5938125170",2457103,"Chrysopelea pelias (Linnaeus, 1758)","SPECIES",1.368619,103.827526
"5938125175",6101031,"Pericrocotus speciosus (Latham, 1790)","SPECIES",22.409324,114.104524
"5938125191",5229490,"Pica pica (Linnaeus, 1758)","SPECIES",56.092288,69.528689
"5938125208",4448423,"Ablattaria arenaria (Kraatz, 1876)","SPECIES",32.305672,34.878733
"5938125253",2475923,"Ocyceros birostris (Scopoli, 1786)","SPECIES",17.418228,78.547257
"5938125516",2480311,"Anarhynchus alexandrinus","SPECIES",15.481292,73.806811
"5938125529",3074251,"Macaranga tanarius (L.) Müll.Arg.","SPECIES",22.950249,120.641591
"5938125532",2437566,"Ratufa bicolor (Sparrman, 1778)","SPECIES",27.333107,90.745646
"5938125537",2497509,"Strix uralensis Pallas, 1771","SPECIES",53.565941,85.179009
"5938125548",9797180,"Ardea cinerea jouyi A.H.Clark, 1907","SUBSPECIES",35.67687,139.820205
"5938125549",2474377,"Fulica atra atra Linnaeus, 1758","SUBSPECIES",35.676228,139.820205
"5938125561",1702765,"Xenocatantops humilis (Serville, 1838)","SPECIES",1.334624,103.817803
"5938125562",2498415,"Upupa epops Linnaeus, 1758","SPECIES",13.712335,75.252464
"5938125583",5421427,"Malpighia emarginata DC.","SPECIES",17.821228,102.830716
"5938125585",3172077,"Veronica persica Poir.","SPECIES",24.379869,120.912217
"5938125590",2493455,"Pterorhinus perspicillatus (J.F.Gmelin, 1789)","SPECIES",22.375045,114.263947
"5938125608",3114151,"Sinosenecio oldhamianus (Maxim.) B.Nord.","SPECIES",29.93886,118.008625
"5938125618",2486150,"Pycnonotus sinensis (Gmelin, 1789)","SPECIES",19.125567,108.655406
"5938125638",1904996,"Doleschallia bisaltide Cramer, 1777","SPECIES",1.319423,103.750388
"5938126366",6101070,"Parus cinereus Vieillot, 1818","SPECIES",31.25322,121.648947
"5938126386",2498347,"Cygnus cygnus (Linnaeus, 1758)","SPECIES",36.900427,126.26902
"5938126401",5414258,"Ilex cornuta Lindl. & Paxton","SPECIES",29.937991,118.007525
"5938126408",2480876,"Egretta garzetta (Linnaeus, 1766)","SPECIES",30.658288,104.126442
"5938126412",1405061,"Indomenella indica (Ghate & Mukherjee, 2004)","SPECIES",11.616153,75.809631
"5938126426",1908953,"Tanaecia pelea Fabricius, 1787","SPECIES",1.334624,103.817803
"5938126433",10732242,"Cratena pawarshindeorum Bharate, Padula, Apte & Shimpi, 2020","SPECIES",18.982475,72.805672
"5938126563",2493091,"Phylloscopus collybita (Vieillot, 1817)","SPECIES",30.469556,73.481667
"5938126568",4798726,"Ischnura rubilio Selys, 1876","SPECIES",9.888717,78.049529
"5938126569",1428673,"Orthetrum chrysostigma (Burmeister, 1839)","SPECIES",23.543432,58.348419
"5938126572",6198302,"Amata huebneri (Boisduval)","SPECIES",1.319423,103.750388
"5938126840",2498343,"Cygnus olor (J.F.Gmelin, 1789)","SPECIES",35.428833,138.852953
"5938126843",8262148,"Ostracion meleagris Shaw, 1796","SPECIES",3.497411,73.526299
"5938126845",2479226,"Psittacula krameri (Scopoli, 1769)","SPECIES",1.324188,103.754984
"5938126846",2482492,"Corvus corax Linnaeus, 1758","SPECIES",51.897852,85.313787
"5938126850",7304374,"Litsea akoensis Hayata","SPECIES",22.872397,120.654074
"5938126866",1922244,"Zizula hylax (Fabricius, 1775)","SPECIES",19.141906,72.964628
"5938126998",5228199,"Gallinula chloropus (Linnaeus, 1758)","SPECIES",35.981251,119.397865
"5938127003",5128034,"Dryas iulia (Fabricius, 1775)","SPECIES",1.379417,103.757953
"5938127012",2493324,"Argya affinis (Jerdon, 1845)","SPECIES",6.425438,79.996628
"5938127017",2816456,"Spathoglottis plicata Blume","SPECIES",3.711868,101.736556
"5938127035",5128644,"Charaxes bernardus (Fabricius, 1793)","SPECIES",25.71646,119.34412
"5938127039",2484916,"Sitta europaea Linnaeus, 1758","SPECIES",56.598538,84.809204
"5938127040",2495817,"Treron vernans (Linnaeus, 1771)","SPECIES",13.60412,100.477096
"5938127049",2489006,"Acridotheres fuscus (Wagler, 1827)","SPECIES",13.508962,77.659814
"5938127053",2926958,"Clinopodium gracile (Benth.) Kuntze","SPECIES",25.163152,121.707096
"5938127063",5335125,"Gardenia jasminoides J.Ellis","SPECIES",25.133764,121.510689
"5938127352",2435035,"Felis catus Linnaeus, 1758","SPECIES",31.220955,121.456136
"5938127370",2494998,"Aegithalos concinnus (Gould, 1855)","SPECIES",30.644603,104.184005
"5938127386",9797180,"Ardea cinerea jouyi A.H.Clark, 1907","SUBSPECIES",35.944392,139.826095
"5938127406",2498343,"Cygnus olor (J.F.Gmelin, 1789)","SPECIES",35.893763,140.50633
"5938127411",2171214,"Plexippus paykulli (Audouin, 1826)","SPECIES",18.997106,73.350883
"5938127412",2477968,"Dendrocopos major (Linnaeus, 1758)","SPECIES",56.901718,60.654078
"5938127426",5231198,"Passer montanus (Linnaeus, 1758)","SPECIES",25.132608,121.490842
"5938127427",2481728,"Tringa ochropus Linnaeus, 1758","SPECIES",36.127636,115.756788
"5938127501",3084027,"Rivina humilis L.","SPECIES",-5.976349,106.705199
"5938127504",2481916,"Ciconia boyciana Swinhoe, 1873","SPECIES",37.73118,119.004704
"5938127514",2498112,"Anas acuta Linnaeus, 1758","SPECIES",12.717904,80.212587
"5938127520",2480876,"Egretta garzetta (Linnaeus, 1766)","SPECIES",31.443691,120.210017
"5938127594",8382161,"Asplenium falcatum Lam.","SPECIES",23.243998,120.621997
"5938127615",5231198,"Passer montanus (Linnaeus, 1758)","SPECIES",39.118586,32.018109
"5938127654",10758525,"Hylarana glandulosa (Boulenger, 1882)","SPECIES",5.87547,117.943397
"5938127655",2490283,"Anthus cervinus (Pallas, 1811)","SPECIES",24.670659,121.634489
"5938127659",7341881,"Cyanopica cyanus (Pallas, 1776)","SPECIES",35.657051,139.446358
"5938127660",7365664,"Nymphaea rubra Roxb. ex Andr.","SPECIES",12.456289,102.139061
"5938127685",1926436,"Prosotas dubiosa (Semper)","SPECIES",22.558957,114.372259
"5938127698",7265907,"Microlepia marginata (Houtt.) C.Chr.","SPECIES",25.132392,121.512986
"5938127718",9701857,"Motacilla flava Linnaeus, 1758","SPECIES",21.336842,76.506083
"5938127719",5131565,"Neptis jumbah Moore, 1857","SPECIES",12.894924,77.591727
"5938127720",5130813,"Euthalia monina Fabricius, 1787","SPECIES",4.243275,101.32336
"5938127723",6066512,"Microcarbo niger (Vieillot, 1817)","SPECIES",12.264575,99.933142
"5938127724",2494329,"Coccothraustes coccothraustes (Linnaeus, 1758)","SPECIES",56.863971,60.688653
"5938127742",2487879,"Cyanistes caeruleus (Linnaeus, 1758)","SPECIES",56.851957,60.682786
"5938128852",2535598,"Leucocoprinus birnbaumii (Corda) Singer","SPECIES",-1.642197,103.581777
"5938128857",5231190,"Passer domesticus (Linnaeus, 1758)","SPECIES",56.830418,86.648419
"5938128860",9752617,"Ardea alba Linnaeus, 1758","SPECIES",35.551205,139.53688
"5938128867",3172574,"Spathodea campanulata Beauverd","SPECIES",19.098969,108.625461
"5938128874",9761484,"Anas platyrhynchos Linnaeus, 1758","SPECIES",35.687992,139.81897
"5938128882",2454880,"Fowlea piscator (Schneider, 1799)","SPECIES",17.430041,78.389459
"5938128895",2484916,"Sitta europaea Linnaeus, 1758","SPECIES",40.038462,115.502529
"5938128945",10159697,"Caleta roxus","SPECIES",5.414023,100.782687
"5938128949",2470685,"Varanus salvator macromaculatus Deraniyagala, 1944","SUBSPECIES",13.667962,101.222195
"5938128950",5232234,"Ketupa ketupu (Horsfield, 1821)","SPECIES",1.380756,103.952135
"5938128965",NA,"Jamides Hübner, 1819","GENUS",3.878005,102.408347
"5938128971",9717283,"Cecropis daurica (Laxmann, 1769)","SPECIES",17.520336,103.807531
"5938128975",9761484,"Anas platyrhynchos f. domesticus","FORM",13.9158,100.478813
"5938129000",2494543,"Pyrrhula pyrrhula (Linnaeus, 1758)","SPECIES",54.84177,83.09893
"5938129007",2891641,"Averrhoa carambola L.","SPECIES",25.1326,121.508681
"5938129009",9450106,"Anas poecilorhyncha J.R.Forster, 1781","SPECIES",21.531662,76.735081
"5938129460",2050778,"Euroxenus vayssieresi (Bonfils, Attié & Reynaud, 2001)","SPECIES",1.319423,103.750388
"5938129503",2482499,"Corvus splendens Vieillot, 1817","SPECIES",24.835188,67.038628
"5938129507",2480297,"Anarhynchus leschenaultii","SPECIES",21.350934,110.208904
"5938129508",2421636,"Kaloula pulchra Gray, 1831","SPECIES",17.536207,121.771496
"5938129515",2484701,"Dicaeum ignipectus (Blyth, 1843)","SPECIES",22.649309,114.294375
"5938129522",3074251,"Macaranga tanarius (L.) Müll.Arg.","SPECIES",25.070676,121.579248
"5938129532",2492509,"Tarsiger cyanurus (Pallas, 1773)","SPECIES",35.980488,119.403915
"5938129595",6133858,"Vindula deione (Erichson, 1833)","SPECIES",1.334624,103.817803
"5938129598",2492680,"Copsychus saularis (Linnaeus, 1758)","SPECIES",24.242609,120.687555
"5938129600",2493467,"Pterorhinus davidi Swinhoe, 1868","SPECIES",40.080789,116.0445
"5938129611",2496467,"Clamator coromandus (Linnaeus, 1766)","SPECIES",-6.182012,106.888328
"5938129614",2475452,"Merops philippinus Linnaeus, 1767","SPECIES",11.156081,119.398667
"5938129618",6133858,"Vindula deione (Erichson, 1833)","SPECIES",1.334624,103.817803
"5938129620",1423162,"Agriocnemis pygmaea (Rambur, 1842)","SPECIES",11.401412,77.76969
"5938129692",5229410,"Anastomus oscitans (Boddaert, 1783)","SPECIES",26.961695,94.628059
"5938129702",2480841,"Gorsachius melanolophus (Raffles, 1822)","SPECIES",22.90675,120.5551
"5938129713",6955369,"Hycleus biundulatus","SPECIES",8.395218,80.625289
"5938129714",4264680,"Myocastor coypus (Molina, 1782)","SPECIES",44.677773,37.799167
"5938129715",5229133,"Vanellus malabaricus (Boddaert, 1783)","SPECIES",32.779864,74.35211
"5938129718",5228328,"Halcyon smyrnensis (Linnaeus, 1758)","SPECIES",8.395218,80.625289
"5938129733",2491521,"Emberiza bruniceps J.F.Brandt, 1841","SPECIES",22.826225,72.107686
"5938129734",2492605,"Ficedula parva (Bechstein, 1792)","SPECIES",22.828261,72.056125
"5938129739",7346444,"Zizina otis (Fabricius, 1787)","SPECIES",19.141906,72.964628
"5938129743",9497687,"Iris palaestina (Baker) Barbey","SPECIES",31.929837,34.958082
"5938129753",7634625,"Emberiza calandra Linnaeus, 1758","SPECIES",39.056694,32.160117
"5938129783",3101212,"Farfugium japonicum (L.) Kitam.","SPECIES",35.643691,139.438395
"5938129800",5231223,"Phoenicurus auroreus (Pallas, 1776)","SPECIES",24.69667,121.039192
"5938129801",7690055,"Carpodacus sibiricus (Pallas, 1773)","SPECIES",55.976529,92.794555
"5938129835",6101223,"Spilopelia senegalensis (Linnaeus, 1766)","SPECIES",21.531662,76.735081
"5938129839",8040540,"Gymnema sylvestre (Retz.) R.Br. ex Sm.","SPECIES",25.125422,121.5195
"5938129849",1427855,"Pantala flavescens (Fabricius, 1798)","SPECIES",19.354225,83.787683
"5938129884",5336254,"Diplospora dubia (Lindl.) Masam.","SPECIES",23.558572,120.605784
"5938129885",2168426,"Cosmophasis thalassina (C.L.Koch, 1846)","SPECIES",1.334624,103.817803
"5938129890",5415463,"Thunbergia alata Bojer ex Sims","SPECIES",12.975506,77.689801
"5938129894",2486625,"Hypothymis azurea (Boddaert, 1783)","SPECIES",22.698611,120.309785
"5938129900",2403892,"Gymnothorax fimbriatus (Bennett, 1832)","SPECIES",4.246707,118.63112
"5938129903",2436940,"Oryctolagus cuniculus (Linnaeus, 1758)","SPECIES",39.983494,32.661553
"5938129908",2486118,"Pycnonotus zeylanicus (Gmelin, 1789)","SPECIES",1.360113,103.72579
"5938129955",5231198,"Passer montanus (Linnaeus, 1758)","SPECIES",55.973548,92.798302
"5938129991",2477927,"Dendrocopos leucotos (Bechstein, 1802)","SPECIES",57.915084,59.966759
"5938129994",2482515,"Corvus cornix Linnaeus, 1758","SPECIES",51.918204,85.34991
"5938130004",5391861,"Bidens alba (L.) DC.","SPECIES",24.685743,121.126472
"5938130011",2495414,"Columba livia var. domestica J.F.Gmelin, 1789","VARIETY",28.592737,77.246178
"5938130015",3188706,"Pemphis acidula J.R.Forst. & G.Forst.","SPECIES",21.938844,120.798792
"5938130032",9246409,"Tubuca paradussumieri (Bott, 1973)","SPECIES",-7.310769,112.823271
"5938130497",2493623,"Lonchura atricapilla (Vieillot, 1807)","SPECIES",13.744068,100.811096
"5938130509",10704098,"Pica serica Gould, 1845","SPECIES",40.030287,116.400662
"5938130514",5228199,"Gallinula chloropus (Linnaeus, 1758)","SPECIES",31.952539,117.383442
"5938130527",2495000,"Aegithalos caudatus (Linnaeus, 1758)","SPECIES",53.369759,83.717263
"5938130599",5844847,"Parus cinereus commixtus (Swinhoe, 1868)","SUBSPECIES",22.244475,114.147993
"5938130612",4358543,"Turbo intercostalis Menke, 1846","SPECIES",12.53917,101.448369
"5938130619",4156587,"Begonia lukuana Y.C.Liu & C.H.Ou","SPECIES",23.524112,120.602946
"5938130635",5231223,"Phoenicurus auroreus (Pallas, 1776)","SPECIES",33.943432,118.284756
"5938130638",3086448,"Peperomia tetraphylla (G.Forst.) Hook. & Arn.","SPECIES",24.238029,120.972489
"5938130641",2480372,"Elanus caeruleus vociferus (Latham, 1790)","SUBSPECIES",22.693957,121.072328
"5938130649",2436603,"Macaca fascicularis (Raffles, 1821)","SPECIES",2.805779,101.697908
"5938130650",10508423,"Moduza procris","SPECIES",1.334624,103.817803
"5938130655",2486144,"Pycnonotus goiavier (Scopoli, 1786)","SPECIES",5.98409,116.143864
"5938130671",5738654,"Trachys kurosawai Bellamy, 2004","SPECIES",32.127142,119.081894
"5938130731",1341979,"Apis cerana Fabricius, 1793","SPECIES",22.690536,120.30522
"5938130749",9326020,"Gallus gallus (Linnaeus, 1758)","SPECIES",1.30131,103.908886
"5938130754",9687165,"Motacilla alba lugens Gloger, 1829","SUBSPECIES",35.639081,139.857197
"5938130766",2495414,"Columba livia var. domestica J.F.Gmelin, 1789","VARIETY",3.052526,101.67517
"5938130791",2487866,"Poecile montanus (Conrad von Baldenstein, 1827)","SPECIES",51.660302,84.279044
"5938130797",11047823,"Heptapleurum heptaphyllum (L.) Y.F.Deng","SPECIES",25.160357,121.706961
"5938130798",5738747,"Oenopia formosana (Miyatake, 1965)","SPECIES",24.826219,121.013178
"5938130799",6374830,"Clematis cirrhosa L.","SPECIES",32.702505,35.12062
"5938130804",2475449,"Merops viridis Linnaeus, 1758","SPECIES",1.324188,103.754984
"5938130810",2941456,"Archidendron lucidum (Benth.) I.C.Nielsen","SPECIES",22.863145,120.660425
"5938130828",5137166,"Euploea midamus (Linnaeus, 1758)","SPECIES",22.380295,113.958781
"5938130966",4995642,"Oryctes rhinoceros (Linnaeus, 1758)","SPECIES",5.972029,102.304955
"5938130968",1904701,"Cethosia cyane (Drury, 1770)","SPECIES",10.776947,106.695764
"5938130986",5130369,"Junonia atlites (Linnaeus, 1763)","SPECIES",5.575645,115.979844
"5938130989",2495696,"Streptopelia decaocto (Frivaldszky, 1838)","SPECIES",40.090514,113.288567
"5938131012",2858963,"Narcissus tazetta L.","SPECIES",31.750539,35.039678
"5938131088",2435035,"Felis catus Linnaeus, 1758","SPECIES",37.522374,126.955033
"5938131114",2480880,"Ardea intermedia Wagler, 1829","SPECIES",1.335462,103.73138
"5938131123",2494543,"Pyrrhula pyrrhula (Linnaeus, 1758)","SPECIES",38.278061,141.464156
"5938131133",9537238,"Hemidactylus frenatus Duméril & Bibron, 1836","SPECIES",17.519701,103.806072
"5938131146",4179081,"Litsea acutivena Hayata","SPECIES",22.866151,120.659653
"5938131147",8908559,"Leiopicus mahrattensis (Latham, 1801)","SPECIES",12.819702,77.548591
"5938131155",3606090,"Lindsaea bonii Christ","SPECIES",24.951067,121.535338
"5938131157",9451184,"Pavo cristatus Linnaeus, 1758","SPECIES",31.420429,76.733478
"5938131168",5131407,"Neptis harita Moore, 1874","SPECIES",1.360057,103.777784
"5938131171",5130851,"Euthalia phemius Doubleday, 1848","SPECIES",22.380295,113.958781
"5938131174",5184547,"Turbinaria mesenterina (Lamarck, 1816)","SPECIES",15.376355,73.918613
"5938131558",1427783,"Neurothemis fluctuans (Fabricius, 1793)","SPECIES",1.339467,103.821441
"5938131567",2931088,"Solanum diphyllum L.","SPECIES",-7.152477,111.886929
"5938131569",7330924,"Ardisia lindleyana D.Dietr.","SPECIES",22.250908,113.916765
"5938131586",9797180,"Ardea cinerea Linnaeus, 1758","SPECIES",36.789704,127.141443
"5938131592",3169317,"Cyclamen persicum Mill.","SPECIES",33.069277,35.11434
"5938131600",7341971,"Carpodacus davidianus Milne-Edwards, 1865","SPECIES",40.078738,116.047457
"5938131606",5229490,"Pica pica (Linnaeus, 1758)","SPECIES",56.914172,60.649212
"5938131612",1928915,"Jamides celeno (Cramer, 1775)","SPECIES",1.334624,103.817803
"5938131621",6993614,"Illeis cincta (Fabricius, 1798)","SPECIES",12.845083,77.58718
"5938131623",7342005,"Ixos mcclellandii (Horsfield, 1840)","SPECIES",22.490764,114.222288
"5938131629",2495414,"Columba livia var. domestica J.F.Gmelin, 1789","VARIETY",51.933712,85.325583
"5938131645",6100851,"Saxicola stejnegeri (Parrot, 1908)","SPECIES",23.294613,113.720807
"5938131765",1707497,"Valanga nigricornis (Burmeister, 1838)","SPECIES",1.319423,103.750388
"5938131789",9797180,"Ardea cinerea jouyi A.H.Clark, 1907","SUBSPECIES",35.65583,139.444642
"5938131802",NA,"Ardea Linnaeus, 1758","GENUS",25.406873,81.847398
"5938131805",2480863,"Nycticorax nycticorax (Linnaeus, 1758)","SPECIES",31.609784,120.742585
"5938131808",3819030,"Aeschynanthus acuminatus Wall. ex A.DC.","SPECIES",23.538519,120.688355
"5938131813",3169713,"Trachelospermum jasminoides (Lindl.) Lem.","SPECIES",29.944407,118.012758
"5938131816",2490277,"Anthus rufulus Vieillot, 1818","SPECIES",1.277922,103.866571
"5938131819",5171038,"Argiope aemula (Walckenaer, 1841)","SPECIES",20.164903,85.612809
"5938131824",2891707,"Oxalis debilis Kunth","SPECIES",25.073133,121.589988
"5938131843",5231190,"Passer domesticus (Linnaeus, 1758)","SPECIES",35.784405,51.417691
"5938131846",2495455,"Columba palumbus Linnaeus, 1758","SPECIES",56.913187,60.650173
"5938131884",9273219,"Lanius schach Linnaeus, 1758","SPECIES",23.295918,113.719234
"5938131915",2385518,"Chaetodon argentatus Smith & Radcliffe, 1911","SPECIES",28.332524,129.582967
"5938131973",2486822,"Pericrocotus cinnamomeus (Linnaeus, 1766)","SPECIES",13.743067,100.380975
"5938131979",4287413,"Anolis sagrei Duméril & Bibron, 1837","SPECIES",1.283675,103.866822
"5938132009",7346344,"Kaniska canace","SPECIES",22.376213,114.048881
"5938132010",5131339,"Neptis hylas Linnaeus, 1758","SPECIES",10.182887,76.284363
"5938132019",8211070,"Sciurus vulgaris Linnaeus, 1758","SPECIES",63.200619,75.410105
"5938132052",8661547,"Duhaldea cappa (Buch.-Ham. ex D.Don) Pruski & Anderb.","SPECIES",22.105333,96.582142
"5938132055",5231198,"Passer montanus (Linnaeus, 1758)","SPECIES",56.014946,69.478845
"5938132068",5231630,"Acanthis flammea (Linnaeus, 1758)","SPECIES",53.358935,83.710464
"5938132175",2953113,"Phanera championii Benth.","SPECIES",23.330537,121.224762
"5938132191",8214667,"Anas crecca Linnaeus, 1758","SPECIES",24.970523,55.245338
"5938132200",2498347,"Cygnus cygnus (Linnaeus, 1758)","SPECIES",36.893033,126.261247
"5938132205",7317060,"Trachelospermum asiaticum (Siebold & Zucc.) Nakai","SPECIES",30.410031,114.524927
"5938132212",NA,"Butorides Blyth, 1852","GENUS",-6.16581,106.909751
"5938132226",2480876,"Egretta garzetta (Linnaeus, 1766)","SPECIES",22.505215,114.110388
"5938132234",2474377,"Fulica atra Linnaeus, 1758","SPECIES",31.440437,120.210959
"5938132235",1925543,"Zeltus amasa","SPECIES",22.451408,114.128284
"5938132323",3836457,"Acronychia pedunculata (L.) Miq.","SPECIES",25.164829,121.706557
"5938132325",2477968,"Dendrocopos major (Linnaeus, 1758)","SPECIES",57.184749,85.825225
"5938132331",3169317,"Cyclamen persicum Mill.","SPECIES",33.276263,35.584033
"5938132332",5846407,"Petrochelidon fluvicola (Blyth, 1855)","SPECIES",12.819064,77.549331
"5938132337",2981001,"Acacia auriculiformis A.Cunn. ex Benth.","SPECIES",22.070264,120.76928
"5938132377",2475452,"Merops philippinus Linnaeus, 1767","SPECIES",-7.311003,112.823188
"5938132384",2480524,"Buteo lagopus (Pontoppidan, 1763)","SPECIES",55.04939,85.822078
"5938132392",2650435,"Lygodium microphyllum (Cav.) R.Br.","SPECIES",25.043035,121.553741
"5938132401",3184369,"Syzygium elliptifolium (Merr.) Merr.","SPECIES",25.127856,121.518914
"5938132408",1043321,"Cheilomenes sexmaculata (Fabricius, 1781)","SPECIES",20.598032,79.868962
"5938132421",2493599,"Lonchura maja (Linnaeus, 1766)","SPECIES",-6.175392,106.827153
"5938132422",2497522,"Strix nebulosa J.R.Forster, 1772","SPECIES",55.392044,73.440237
"5938132497",5806167,"Danaus genutia (Cramer, 1779)","SPECIES",19.081286,102.421158
"5938132499",2490737,"Turdus pilaris Linnaeus, 1758","SPECIES",53.33225,83.674539
"5938132510",2494146,"Eophona migratoria Hartert, 1903","SPECIES",36.063182,120.350861
"5938132526",1862401,"Daphnis nerii Linnaeus, 1758","SPECIES",18.664385,73.776138
"5938132529",7300724,"Boehmeria zollingeriana var. blinii (H.Lév.) C.J.Chen","VARIETY",24.853606,121.551583
"5938132535",1311258,"Ropalidia sumatrae (Weber, 1801)","SPECIES",1.346756,103.759762
"5938132538",5229126,"Himantopus himantopus (Linnaeus, 1758)","SPECIES",6.897413,79.926492
"5938132543",5228328,"Halcyon smyrnensis perpulchra Madarász, 1904","SUBSPECIES",14.38076,99.144553
"5938132552",3116842,"Sphagneticola trilobata (L.) Pruski","SPECIES",25.132203,121.513864
"5938132554",5857680,"Semisulcospira libertina (A.Gould, 1859)","SPECIES",35.385945,136.670258
"5938132556",7341536,"Eumyias thalassinus (Swainson, 1838)","SPECIES",31.143363,121.440139
"5938132565",2497522,"Strix nebulosa J.R.Forster, 1772","SPECIES",55.243592,73.575507
"5938132577",3776760,"Lepidagathis formosensis C.B.Clarke ex Hayata","SPECIES",22.765519,120.6986
"5938132622",5285637,"Pinus sylvestris L.","SPECIES",43.159491,76.982897
"5938132631",7340196,"Otus lettia (Hodgson, 1836)","SPECIES",1.31384,103.815914
"5938132634",2480331,"Pluvialis fulva (J.F.Gmelin, 1789)","SPECIES",16.351469,120.340529
"5938132663",2480899,"Egretta sacra (Gmelin, 1789)","SPECIES",7.739908,98.768592
"5938132710",2424669,"Pelobatrachus nasutus (Schlegel, 1858)","SPECIES",5.909957,116.357491
"5938132714",2143015,"Desis martensi L.Koch, 1872","SPECIES",1.228413,103.747468
"5938132715",2072196,"Aphis nerii Boyer de Fonscolombe, 1841","SPECIES",19.0815,73.745536
"5938132754",2430499,"Limnonectes fragilis (Liu & Hu, 1973)","SPECIES",18.729194,108.985696
"5938132766",2480876,"Egretta garzetta (Linnaeus, 1766)","SPECIES",12.242808,99.984506
"5938132767",2478548,"Picus canus J.F.Gmelin, 1788","SPECIES",56.91372,60.648992
"5938132840",2475532,"Alcedo atthis bengalensis J.F.Gmelin, 1788","SUBSPECIES",35.031167,135.772933
"5938132862",2498255,"Aythya ferina (Linnaeus, 1758)","SPECIES",35.676342,139.811037
"5938132882",5863635,"Scylla paramamosain Estampador, 1950","SPECIES",21.379733,110.424232
"5938132886",1639760,"Psychoda alternata Say, 1824","SPECIES",31.792102,35.15826
"5938132919",1895499,"Elymnias hypermnestra Linnaeus, 1763","SPECIES",1.424297,103.838591
"5938132940",2475410,"Merops orientalis Latham, 1801","SPECIES",22.444103,88.301862
"5938132975",9705453,"Parus major Linnaeus, 1758","SPECIES",56.82473,60.553616
"5938132995",1426766,"Heliocypha fenestrata (Burmeister, 1839)","SPECIES",-7.680081,110.354571
"5938132999",2158544,"Gasteracantha geminata (Fabricius, 1798)","SPECIES",12.881874,77.688727
"5938133044",7898948,"Ahaetulla mycterizans (Linnaeus, 1758)","SPECIES",1.398154,103.809372
"5938133053",5228199,"Gallinula chloropus (Linnaeus, 1758)","SPECIES",36.064232,120.345262
"5938133068",2484916,"Sitta europaea asiatica Gould, 1835","SUBSPECIES",61.024146,69.04607
"5938133075",2493598,"Lonchura punctulata (Linnaeus, 1758)","SPECIES",-7.31076,112.823236
"5938133081",2493598,"Lonchura punctulata (Linnaeus, 1758)","SPECIES",13.526978,100.312014
"5938133090",3173321,"Aeginetia indica L.","SPECIES",22.079489,120.802445
"5938133097",5569978,"Morus indica L.","SPECIES",25.132139,121.514169
"5938133098",2365787,"Zacco platypus (Temminck & Schlegel, 1846)","SPECIES",35.385945,136.670258
"5938133109",2482065,"Podiceps nigricollis C.L.Brehm, 1831","SPECIES",44.67814,37.799745
"5938133187",2495486,"Geopelia striata (Linnaeus, 1766)","SPECIES",1.263481,103.81285
"5938133204",5228199,"Gallinula chloropus (Linnaeus, 1758)","SPECIES",25.031078,121.5348
"5938133207",7342005,"Ixos mcclellandii (Horsfield, 1840)","SPECIES",22.449401,114.315637
"5938133210",2422538,"Duttaphrynus melanostictus (Schneider, 1799)","SPECIES",11.656912,102.546433
"5938133290",2436613,"Macaca sinica opisthomelas Hill, 1942","SUBSPECIES",6.823803,81.014779
"5938133297",1938069,"Papilio demoleus Linnaeus, 1758","SPECIES",4.695135,96.749399
"5938133300",2477326,"Collocalia linchi Horsfield & F.Moore, 1854","SPECIES",-6.186585,107.170052
"5938133365",NA,"Nyctixalus Boulenger, 1882","GENUS",1.406263,103.778594
"5938133402",1427783,"Neurothemis fluctuans (Fabricius, 1793)","SPECIES",1.339467,103.821441
"5938133406",2480905,"Ardeola grayii (Sykes, 1832)","SPECIES",25.406995,81.847189
"5938133414",1311477,"Vespa velutina Lepeletier, 1836","SPECIES",23.129942,113.286313
"5938133432",1043321,"Cheilomenes sexmaculata (Fabricius, 1781)","SPECIES",22.462464,114.072039
"5938133439",5566022,"Anogramma leptophylla (L.) Link","SPECIES",33.070098,35.114034
"5938133452",2480876,"Egretta garzetta (Linnaeus, 1766)","SPECIES",31.43921,120.209283
"5938133453",2440934,"Axis axis (Erxleben, 1777)","SPECIES",12.311931,77.276921
"5938133454",7806873,"Goodyera velutina Maxim.","SPECIES",24.23867,120.973155
"5938133465",10687228,"Ficedula erithacus (Blyth, 1861)","SPECIES",19.912148,99.149996
"5938133476",2480876,"Egretta garzetta (Linnaeus, 1766)","SPECIES",19.151039,72.9563
"5938133484",2475679,"Ceryle rudis (Linnaeus, 1758)","SPECIES",22.15915,73.476745
"5938133494",5231223,"Phoenicurus auroreus (Pallas, 1776)","SPECIES",23.292797,113.720625
"5938133568",2443722,"Tropidolaemus wagleri (Boie, 1827)","SPECIES",1.406263,103.778594
"5938133591",2490955,"Monticola solitarius philippensis (Statius Muller, 1776)","SUBSPECIES",35.749749,139.923854
"5938133606",5220158,"Gazella arabica (Lichtenstein, 1827)","SPECIES",24.882818,55.37653
"5938133609",8406468,"Lepisorus fortuni (T.Moore) C.M.Kuo","SPECIES",23.54364,120.683483
"5938133617",1427783,"Neurothemis fluctuans (Fabricius, 1793)","SPECIES",1.339467,103.821441
"5938133620",2491582,"Emberiza rustica Pallas, 1776","SPECIES",36.863859,126.363839
"5938133621",2490244,"Anthus hodgsoni Richmond, 1907","SPECIES",23.183794,113.525976
"5938133624",5844385,"Buteo japonicus Temminck & Schlegel, 1844","SPECIES",40.085417,116.047781
"5938133636",2477927,"Dendrocopos leucotos (Bechstein, 1802)","SPECIES",36.483555,138.540008
"5938133667",1898970,"Symbrenthia hippoclus Cramer, 1782","SPECIES",1.334624,103.817803
"5938133671",5231270,"Ficedula tricolor (Hodgson, 1845)","SPECIES",19.831586,99.122971
"5938133678",2487866,"Poecile montanus (Conrad von Baldenstein, 1827)","SPECIES",51.873543,85.260099
"5938133784",7342055,"Hypsipetes amaurotis amaurotis (Temminck, 1830)","SUBSPECIES",35.640436,139.866231
"5938133869",7341597,"Gracupica contra (Linnaeus, 1758)","SPECIES",30.469556,73.481667
"5938133872",2470685,"Varanus salvator macromaculatus Deraniyagala, 1944","SUBSPECIES",3.052239,101.675805
"5938133888",4709111,"Arhopala centaurus (Fabricius, 1775)","SPECIES",1.294743,103.895685
"5938133898",8032257,"Trametes hirsuta (Wulfen) Lloyd","SPECIES",35.630269,139.433788
"5938133902",2470732,"Varanus nebulosus (Gray, 1831)","SPECIES",1.345888,103.837258
"5938133905",2481197,"Larus crassirostris Vieillot, 1818","SPECIES",24.291346,120.514344
"5938133915",8978362,"Tirumala septentrionis (Butler, 1874)","SPECIES",22.229469,114.114541
"5938133921",2494686,"Carduelis carduelis (Linnaeus, 1758)","SPECIES",53.399621,81.858179
"5938133926",1919340,"Catopsilia pomona (Fabricius, 1775)","SPECIES",22.36077,113.988884
"5938133928",3172300,"Ligustrum vulgare L.","SPECIES",44.469944,38.229858
"5938133929",2493969,"Dicrurus paradiseus (Linnaeus, 1766)","SPECIES",1.383287,103.82172
"5938133931",2460886,"Eutropis multifasciata (Kuhl, 1820)","SPECIES",1.368769,103.827508
"5938133932",7319359,"Ctenitis eatonii (Baker) Ching","SPECIES",24.951737,121.532972
"5938133943",3819030,"Aeschynanthus acuminatus Wall. ex A.DC.","SPECIES",24.851991,121.739199
"5938134286",7358042,"Blumea megacephala (Randeria) Ching & Tseng","SPECIES",24.601485,121.843573
"5938134288",1919534,"Delias pasithoe (Linnaeus, 1758)","SPECIES",22.36059,114.149782
"5938134294",2436603,"Macaca fascicularis (Raffles, 1821)","SPECIES",3.147541,101.79778
"5938134756",2760669,"Heliconia psittacorum L.f.","SPECIES",5.463408,100.228984
"5938134759",2480876,"Egretta garzetta (Linnaeus, 1766)","SPECIES",30.883152,121.663868
"5938134783",9797180,"Ardea cinerea Linnaeus, 1758","SPECIES",22.2838,114.185172
"5938134939",2473958,"Perdix perdix (Linnaeus, 1758)","SPECIES",51.994762,84.489951
"5938135061",10332233,"Hirundo javanica Sparrman, 1789","SPECIES",-0.919188,119.906272
"5938135064",7115794,"Hibiscus tiliaceus L.","SPECIES",22.728267,120.26738
"5938135091",5137858,"Eurema simulatrix (Staudinger, 1891)","SPECIES",1.339467,103.821441
"5938135099",2482499,"Corvus splendens Vieillot, 1817","SPECIES",1.288903,103.855758
"5938135101",3152036,"Muntingia calabura L.","SPECIES",17.367697,78.35948
"5938135113",2443244,"Mauremys sinensis (Gray, 1834)","SPECIES",24.986131,121.666412
"5938135119",2475379,"Coracias benghalensis (Linnaeus, 1758)","SPECIES",25.480078,56.135829
"5938135120",2486151,"Pycnonotus jocosus (Linnaeus, 1758)","SPECIES",22.276051,114.295424
"5938135131",1915080,"Pantoporia hordonia (Stoll, 1790)","SPECIES",22.59808,114.100357
"5938135272",5845038,"Tephrodornis virgatus (Temminck, 1824)","SPECIES",16.737402,101.569537
"5938135288",NA,"Ahaetulla Link, 1807","GENUS",13.751913,100.457159
"5938135927",2889355,"Antigonon leptopus Hook. & Arn.","SPECIES",22.615663,120.265993
"5938135935",3173178,"Andrographis paniculata (Burm.fil.) Nees","SPECIES",5.521805,100.4334
"5938135936",3189394,"Terminalia catappa L.","SPECIES",3.14165,101.63166
"5938135937",8000602,"Mareca penelope (Linnaeus, 1758)","SPECIES",35.031656,135.773238
"5938135971",3139807,"Gynura japonica (Thunb.) Juel","SPECIES",22.61679,120.724067
"5938135983",2481703,"Xenus cinereus (Güldenstädt, 1775)","SPECIES",13.632324,74.670222
"5938136027",1919589,"Delias hyparete (Linnaeus, 1758)","SPECIES",1.326556,103.948546
"5938136055",2494194,"Serinus pusillus (Pallas, 1811)","SPECIES",43.114067,76.931073
"5938136731",3037063,"Aralia bipinnata Blanco","SPECIES",23.054511,120.720369
"5938136739",9761484,"Anas platyrhynchos Linnaeus, 1758","SPECIES",51.955399,85.950427
"5938136752",NA,"Pliocathaica Andreae, 1900","GENUS",36.536218,116.83176
"5938136754",3589079,"Aristolochia contorta Bunge","SPECIES",36.53829,116.830933
"5938136772",5138200,"Loxura atymnus (Cramer, 1782)","SPECIES",1.334624,103.817803
"5938136817",1427783,"Neurothemis fluctuans (Fabricius, 1793)","SPECIES",1.339467,103.821441
"5938136860",2978466,"Acacia confusa Merr.","SPECIES",24.997642,121.409478
"5938136865",1937514,"Trogonoptera brookiana (Wallace, 1855)","SPECIES",3.240847,113.011187
"5938136868",6198302,"Amata huebneri (Boisduval)","SPECIES",1.319423,103.750388
"5938136871",2490740,"Turdus ruficollis Pallas, 1776","SPECIES",39.926586,116.398626
"5938136874",2496347,"Eudynamys scolopaceus (Linnaeus, 1758)","SPECIES",22.39345,113.97367
"5938136876",3087725,"Chromolaena odorata (L.) R.M.King & H.Rob.","SPECIES",22.888422,120.664106
"5938136880",5130369,"Junonia atlites (Linnaeus, 1763)","SPECIES",1.401135,103.818546
"5938136881",2437245,"Funambulus tristriatus (Waterhouse, 1837)","SPECIES",9.790394,76.304693
"5938136900",2498415,"Upupa epops Linnaeus, 1758","SPECIES",22.822077,72.107402
"5938136912",5218878,"Martes martes (Linnaeus, 1758)","SPECIES",57.920274,60.165321
"5938136933",9797180,"Ardea cinerea Linnaeus, 1758","SPECIES",24.670731,121.632587
"5938136946",6198302,"Amata huebneri (Boisduval)","SPECIES",1.424297,103.838591
"5938136948",2493598,"Lonchura punctulata (Linnaeus, 1758)","SPECIES",13.531903,100.313264
"5938136955",5139201,"Myrina silenus (Fabricius, 1775)","SPECIES",22.992348,57.667842
"5938136959",NA,"Acanthaceae","FAMILY",25.163292,121.707038
"5938138112",2978466,"Acacia confusa Merr.","SPECIES",24.181121,120.594193
"5938138121",1918584,"Lebadea martha Fabricius, 1787","SPECIES",1.334624,103.817803
"5938138139",5229493,"Garrulus glandarius (Linnaeus, 1758)","SPECIES",51.996902,85.853025
"5938138203",2498061,"Anas zonorhyncha Swinhoe, 1866","SPECIES",30.646395,104.181495
"5938138208",7792756,"Psilopogon nuchalis (Gould, 1863)","SPECIES",22.652938,120.350075
"5938138229",5858758,"Cornu aspersum (O.F.Müller, 1774)","SPECIES",40.867833,29.128858
"5938138281",3876382,"Sageretia randaiensis Hayata","SPECIES",23.555692,120.657465
"5938138289",2495000,"Aegithalos caudatus (Linnaeus, 1758)","SPECIES",36.482445,138.53958
"5938138294",2481713,"Tringa glareola Linnaeus, 1758","SPECIES",9.108494,76.483687
"5938138329",2481714,"Tringa totanus (Linnaeus, 1758)","SPECIES",22.510303,114.039208
"5938138356",7642610,"Danaus chrysippus (Linnaeus, 1758)","SPECIES",13.727514,100.55452
"5938138379",5382478,"Phyllanthus reticulatus Poir.","SPECIES",17.418775,78.549419
"5938138411",2769204,"Muscari comosum (L.) Mill.","SPECIES",34.776,32.404438
"5938138413",2484677,"Aethopyga siparaja (Raffles, 1822)","SPECIES",1.30809,103.815859
"5938138421",5788886,"Ficedula albicilla (Pallas, 1811)","SPECIES",13.527186,100.311419
"5938138425",2484916,"Sitta europaea Linnaeus, 1758","SPECIES",51.747212,84.053431
"5938138436",4377599,"Atergatis integerrimus (Lamarck, 1818)","SPECIES",1.259733,103.806458
"5938139403",6358362,"Scaevola taccada (Gaertn.) Roxb.","SPECIES",1.155695,104.577172
"5938140301",2494441,"Fringilla montifringilla Linnaeus, 1758","SPECIES",35.961906,119.420967
"5938140302",2480863,"Nycticorax nycticorax (Linnaeus, 1758)","SPECIES",22.340357,114.197742
"5938140304",2487947,"Machlolophus holsti (Seebohm, 1894)","SPECIES",22.836342,120.232995
"5938140307",2475452,"Merops philippinus Linnaeus, 1767","SPECIES",1.324188,103.754984
"5938140309",3774207,"Codonacanthus pauciflorus (Wall. ex Nees) Nees","SPECIES",22.870578,120.656134
"5938140310",2486132,"Pycnonotus leucotis (Gould, 1836)","SPECIES",35.716201,51.389554
"5938140313",7346444,"Zizina otis (Fabricius, 1787)","SPECIES",1.335579,103.731711
"5938140324",2486151,"Pycnonotus jocosus (Linnaeus, 1758)","SPECIES",22.275362,114.295667
"5938140328",2436603,"Macaca fascicularis (Raffles, 1821)","SPECIES",1.34254,103.850422
"5938140343",2494543,"Pyrrhula pyrrhula (Linnaeus, 1758)","SPECIES",56.919403,60.664598
"5938140361",2477927,"Dendrocopos leucotos (Bechstein, 1802)","SPECIES",56.104748,69.452555
"5938140367",3770188,"Justicia carnea Lindl.","SPECIES",27.315315,88.214805
"5938140391",9705453,"Parus major Linnaeus, 1758","SPECIES",57.914652,60.131867
"5938140431",2486131,"Pycnonotus cafer (Linnaeus, 1766)","SPECIES",28.592972,77.24553
"5938140447",3087725,"Chromolaena odorata (L.) R.M.King & H.Rob.","SPECIES",28.074429,95.336739
"5938140452",2475532,"Alcedo atthis (Linnaeus, 1758)","SPECIES",40.0163,116.378195
"5938140454",1911736,"Phaedyma columella (Cramer, 1782)","SPECIES",22.430277,114.245124
"5938140541",NA,"Botaurus Stephens, 1819","GENUS",1.278212,103.864652
"5938140546",2484916,"Sitta europaea asiatica Gould, 1835","SUBSPECIES",61.024334,69.045403
"5938140560",2332603,"Aulostomus chinensis (Linnaeus, 1766)","SPECIES",4.246638,118.631173
"5938140642",2986294,"Pittosporum pentandrum (Blanco) Merr.","SPECIES",22.728463,120.26777
"5938140677",6101070,"Parus cinereus Vieillot, 1818","SPECIES",40.027036,116.381406
"5938140678",5809749,"Coccinella transversalis Fabricus, 1781","SPECIES",7.893016,80.726106
"5938140679",6519953,"Dendrodoris krusensternii (Gray, 1850)","SPECIES",1.225557,103.74669
"5938140682",2490283,"Anthus cervinus (Pallas, 1811)","SPECIES",22.507824,114.111878
"5938140683",2484916,"Sitta europaea Linnaeus, 1758","SPECIES",56.922996,60.689304
"5938140687",7341597,"Gracupica contra (Linnaeus, 1758)","SPECIES",25.358017,55.345384
"5938140689",8790531,"Lissachatina fulica (Bowdich, 1822)","SPECIES",12.875367,80.234149
"5938140701",2486687,"Terpsiphone paradisi (Linnaeus, 1758)","SPECIES",11.822939,75.429297
"5938140702",1945274,"Oriens gola (Moore, 1877)","SPECIES",1.334624,103.817803
"5938140772",5384950,"Eclipta prostrata (L.) L.","SPECIES",-7.152477,111.886929
"5938140818",7342055,"Hypsipetes amaurotis amaurotis (Temminck, 1830)","SUBSPECIES",35.436143,139.393169
"5938140824",9797180,"Ardea cinerea Linnaeus, 1758","SPECIES",1.320859,103.769375
"5938140827",5228280,"Eurystomus orientalis (Linnaeus, 1766)","SPECIES",1.324188,103.754984
"5938140831",5332911,"Castanopsis indica (Roxb. ex Lindl.) A.DC.","SPECIES",22.828659,120.66542
"5938140834",1931148,"Mahathala ameria (Hewitson, 1862)","SPECIES",22.37458,113.883724
"5938140848",1924458,"Remelana jangala (Horsfield, 1829)","SPECIES",22.380295,113.958781
"5938140863",2495000,"Aegithalos caudatus caudatus (Linnaeus, 1758)","SUBSPECIES",56.917963,60.664983
"5938140870",2484916,"Sitta europaea Linnaeus, 1758","SPECIES",56.104856,69.452805
"5938141368",1919534,"Delias pasithoe (Linnaeus, 1758)","SPECIES",22.451258,114.023761
"5938141369",2480841,"Gorsachius melanolophus (Raffles, 1822)","SPECIES",1.309336,103.814497
"5938141370",7304354,"Machilus japonicus Siebold & Zucc. ex Blume","SPECIES",23.557518,120.655802
"5938141378",1422818,"Pseudagrion siamensis Fraser, 1922","SPECIES",1.294462,103.845467
"5938141380",2498347,"Cygnus cygnus (Linnaeus, 1758)","SPECIES",36.808532,126.31904
"5938141390",2495000,"Aegithalos caudatus (Linnaeus, 1758)","SPECIES",36.485347,138.540712
"5938141391",9204928,"Hemiplecta humphreysiana (I.Lea, 1840)","SPECIES",1.399853,103.806938
"5938141401",6100818,"Hypsipetes thompsoni (Bingham, 1900)","SPECIES",19.965629,99.039824
"5938141409",2278157,"Amphipholis squamata (Delle Chiaje, 1828)","SPECIES",19.128592,108.650889
"5938141416",2443002,"Trachemys scripta elegans (Wied, 1838)","SUBSPECIES",22.972897,120.221925
"5938141483",5131339,"Neptis hylas Linnaeus, 1758","SPECIES",18.886728,81.906975
"5938141509",1938114,"Papilio helenus Linnaeus, 1758","SPECIES",22.229469,114.114541
"5938142187",2889355,"Antigonon leptopus Hook. & Arn.","SPECIES",22.615,120.263997
"5938142189",2970418,"Leucaena leucocephala (Lam.) de Wit","SPECIES",22.61466,120.265166
"5938142228",8973109,"Lygaeus hanseni Jakovlev, 1883","SPECIES",40.20457,117.761733
"5938142296",2388891,"Cephalopholis argus Schneider, 1801","SPECIES",3.497959,73.526604
"5938142512",2474732,"Amaurornis phoenicurus phoenicurus (Pennant, 1769)","SUBSPECIES",13.850997,100.482245
"5938142651",2434249,"Urva fusca Waterhouse, 1838","SPECIES",5.963428,80.397187
"5938142689",1316805,"Tapinoma melanocephalum (Fabricius, 1793)","SPECIES",10.04125,76.323375
"5938142690",9506131,"Myrmaplata plataleoides (O.Pickard-Cambridge, 1869)","SPECIES",10.774322,106.694361
"5938142766",6101070,"Parus cinereus Vieillot, 1818","SPECIES",43.552707,144.824943
"5938142773",9797180,"Ardea cinerea Linnaeus, 1758","SPECIES",35.015554,135.751455
"5938142788",2490297,"Motacilla grandis Sharpe, 1885","SPECIES",35.955279,139.672691
"5938142792",2989706,"Rubus reflexus Ker","SPECIES",22.250516,113.91886
"5938142801",7690055,"Carpodacus sibiricus (Pallas, 1773)","SPECIES",54.923479,82.930858
"5938142803",2481713,"Tringa glareola Linnaeus, 1758","SPECIES",22.507824,114.111878
"5938142805",7642610,"Danaus chrysippus (Linnaeus, 1758)","SPECIES",13.044423,80.278402
"5938142817",2475452,"Merops philippinus Linnaeus, 1767","SPECIES",11.155886,119.39843
"5938142820",1936969,"Archon apollinus (Herbst, 1798)","SPECIES",32.677411,34.839735
"5938142823",5241128,"Schizophyllum commune Fr.","SPECIES",5.353742,100.299308
"5938142838",3076120,"Bridelia tomentosa Blume","SPECIES",23.754701,120.628985
"5938142852",2778478,"Asphodelus ramosus L.","SPECIES",35.059453,32.325958
"5938142905",1689442,"Euconocephalus varius (Walker, 1869)","SPECIES",35.646881,139.442459
"5938142936",2928768,"Nicotiana plumbaginifolia Viv.","SPECIES",25.098103,121.456336
"5938142946",5229493,"Garrulus glandarius (Linnaeus, 1758)","SPECIES",56.713744,61.132415
"5938142947",5295472,"Smilax china L.","SPECIES",25.159408,121.707472
"5938142952",5211134,"Chlorurus sordidus (Forsskål, 1775)","SPECIES",27.848105,34.314441
"5938142954",2495000,"Aegithalos caudatus (Linnaeus, 1758)","SPECIES",56.581743,84.955525
"5938142958",4179081,"Litsea acutivena Hayata","SPECIES",22.862037,120.660082
"5938142960",3082283,"Plumbago auriculata Lam.","SPECIES",35.315871,33.378685
"5938142968",2487879,"Cyanistes caeruleus (Linnaeus, 1758)","SPECIES",56.912325,60.557838
"5938142971",1919340,"Catopsilia pomona (Fabricius, 1775)","SPECIES",22.380295,113.958781
"5938143008",2489160,"Riparia riparia (Linnaeus, 1758)","SPECIES",22.877573,72.059614
"5938143135",6065824,"Chroicocephalus ridibundus (Linnaeus, 1766)","SPECIES",44.473182,38.007583
"5938143138",2493598,"Lonchura punctulata (Linnaeus, 1758)","SPECIES",1.278165,103.864637
"5938143145",7999386,"Ipomoea pes-caprae (L.) R.Br.","SPECIES",-8.559158,115.318297
"5938143156",2484912,"Sitta nagaensis Godwin-Austen, 1874","SPECIES",25.085,102.772
"5938143162",5163151,"Ericerus pela (Chavannes, 1848)","SPECIES",39.918403,116.010728
"5938143191",2497894,"Surnia ulula (Linnaeus, 1758)","SPECIES",55.358584,82.222144
"5938143290",NA,"Larus Linnaeus, 1758","GENUS",37.586703,126.819466
"5938145219",4191172,"Piper sarmentosum Roxb.","SPECIES",5.463462,100.228769
"5938145230",7346444,"Zizina otis (Fabricius, 1787)","SPECIES",1.319423,103.750388
"5938145236",2490719,"Turdus merula Linnaeus, 1758","SPECIES",43.238969,76.900642
"5938145246",5231198,"Passer montanus (Linnaeus, 1758)","SPECIES",40.019587,116.381222
"5938145249",4100206,"Nanocnide japonica Blume","SPECIES",24.474064,120.989594
"5938145312",9761484,"Anas platyrhynchos Linnaeus, 1758","SPECIES",56.812212,60.636778
"5938145314",2437396,"Callosciurus notatus (Boddaert, 1785)","SPECIES",1.3091,103.814642
"5938145408",5096009,"Conocephalus melaenus (Haan, 1843)","SPECIES",22.873374,120.648078
"5938145418",1821934,"Euproctis taiwana Shiraki, 1913","SPECIES",23.592805,120.379671
"5938145442",8329645,"Volvopluteus gloiocephalus (DC.) Vizzini, Contu & Justo","SPECIES",32.178528,34.856632
"5938145478",2475379,"Coracias benghalensis (Linnaeus, 1758)","SPECIES",23.399155,58.786013
"5938145564",2480242,"Vanellus vanellus (Linnaeus, 1758)","SPECIES",24.318003,120.551413
"5938145575",7936733,"Cookeina insititia (Berk. & M.A.Curtis) Kuntze","SPECIES",23.331753,121.224337
"5938145637",1427783,"Neurothemis fluctuans (Fabricius, 1793)","SPECIES",1.339467,103.821441
"5938145638",2498347,"Cygnus cygnus (Linnaeus, 1758)","SPECIES",37.758563,119.164272
"5938145654",5229490,"Pica pica (Linnaeus, 1758)","SPECIES",54.766899,83.079131
"5938145655",1754263,"Pompelon marginata (Guérin-Méneville, 1843)","SPECIES",1.334624,103.817803
"5938145662",5378605,"Mallotus philippensis (Lam.) Müll.Arg.","SPECIES",22.638658,120.270797
"5938145670",2484605,"Bombycilla garrulus (Linnaeus, 1758)","SPECIES",57.093048,65.537792
"5938145673",8655717,"Platycerium grande (A.Cunn. ex Hook.) J.Sm.","SPECIES",9.807412,118.735087
"5938145681",2490310,"Motacilla cinerea Tunstall, 1771","SPECIES",29.947566,118.01076
"5938145690",5137847,"Eurema sari (Horsfield, 1829)","SPECIES",5.412811,100.783332
"5938145816",2480863,"Nycticorax nycticorax (Linnaeus, 1758)","SPECIES",3.052978,101.674794
"5938145833",1927034,"Arhopala bazalus (Hewitson, 1862)","SPECIES",22.376467,114.048958
"5938145836",7365664,"Nymphaea rubra Roxb. ex Andr.","SPECIES",20.267328,105.91382
"5938145847",2928666,"Dichondra micrantha Urb.","SPECIES",25.159142,121.707777
"5938145852",5372513,"Salix alba L.","SPECIES",56.922925,60.634873
"5938145853",2432087,"Galeopterus variegatus (Audebert, 1799)","SPECIES",1.34528,103.778728
"5938145865",2480934,"Ardea purpurea Linnaeus, 1766","SPECIES",1.357899,103.849469
"5938145871",2497509,"Strix uralensis Pallas, 1771","SPECIES",55.308788,82.476457
"5938145927",3190580,"Pistacia terebinthus L.","SPECIES",35.301374,33.157829
"5938146010",2498061,"Anas zonorhyncha Swinhoe, 1866","SPECIES",25.097622,121.45401
"5938146020",5788854,"Saxicola ferreus J.E.Gray & G.R.Gray, 1847","SPECIES",18.629047,98.506467
"5938146028",2480904,"Ardeola speciosa (Horsfield, 1821)","SPECIES",-7.311008,112.823282
"5938146037",5361841,"Pilea microphylla (L.) Liebm.","SPECIES",25.027578,121.639175
"5938146052",2486625,"Hypothymis azurea (Boddaert, 1783)","SPECIES",22.696388,120.308101
"5938146054",2484916,"Sitta europaea Linnaeus, 1758","SPECIES",57.124489,65.6258
"5938146060",5229131,"Vanellus indicus (Boddaert, 1783)","SPECIES",21.531662,76.735081
"5938146061",5231198,"Passer montanus (Linnaeus, 1758)","SPECIES",54.769793,83.076101
"5938146062",2919748,"Aidia cochinchinensis Lour.","SPECIES",25.131136,121.519072
"5938146065",2495471,"Columba oenas Linnaeus, 1758","SPECIES",52.291323,79.14477
"5938146067",2482492,"Corvus corax Linnaeus, 1758","SPECIES",52.468835,79.825653
"5938146068",2480906,"Ardeola ralloides (Scopoli, 1769)","SPECIES",32.132741,34.805052
"5938146069",7468624,"Pyrops coelestinus (Stål, 1863)","SPECIES",11.440117,107.429632
"5938146073",9701857,"Motacilla flava Linnaeus, 1758","SPECIES",21.336842,76.506083
"5938146075",1958158,"Plutodes costatus (Butler, 1886)","SPECIES",22.420458,114.239225
"5938146112",2474732,"Amaurornis phoenicurus (Pennant, 1769)","SPECIES",1.266509,103.802065
"5938146119",4369989,"Cellana toreuma (Reeve, 1854)","SPECIES",25.018578,121.999207
"5938146131",2891707,"Oxalis debilis Kunth","SPECIES",24.159217,121.621372
"5938146143",7999386,"Ipomoea pes-caprae (L.) R.Br.","SPECIES",25.187081,121.408497
"5938146149",1406548,"Odontomantis planiceps Haan, 1842","SPECIES",1.427928,103.839939
"5938146171",5730531,"Menippe rumphii (Fabricius, 1798)","SPECIES",18.982256,72.806408
"5938146172",6101224,"Spilopelia chinensis (Scopoli, 1786)","SPECIES",-6.175392,106.827153
"5938146222",6101070,"Parus cinereus Vieillot, 1818","SPECIES",36.624183,138.59697
"5938146226",2480506,"Aquila chrysaetos (Linnaeus, 1758)","SPECIES",43.10851,76.93866
"5938146235",2480934,"Ardea purpurea Linnaeus, 1766","SPECIES",1.357967,103.849568
"5938146367",2882631,"Pieris japonica var. taiwanensis (Hayata) Kitam.","VARIETY",23.267168,120.986892
"5938146380",NA,"Cuora Gray, 1856","GENUS",5.462542,100.229258
"5938146394",2978466,"Acacia confusa Merr.","SPECIES",24.179796,120.599399
"5938146425",6100882,"Geokichla citrina (Latham, 1790)","SPECIES",1.364018,103.776397
"5938146434",2868827,"Zantedeschia aethiopica (L.) Spreng.","SPECIES",11.420097,76.714128
"5938146436",2474950,"Grus grus (Linnaeus, 1758)","SPECIES",22.861598,72.059828
"5938146963",2650730,"Microlepia speluncae (L.) T.Moore","SPECIES",22.89091,120.645695
"5938146978",2489036,"Aplonis panayensis (Scopoli, 1786)","SPECIES",1.339718,103.73191
"5938146982",1924298,"Acytolepis puspa (Horsfield, 1828)","SPECIES",5.393475,100.261039
"5938146988",2498112,"Anas acuta Linnaeus, 1758","SPECIES",24.650245,121.819845
"5938146989",2495414,"Columba livia var. domestica J.F.Gmelin, 1789","VARIETY",54.96567,73.352775
"5938146993",2493091,"Phylloscopus collybita (Vieillot, 1817)","SPECIES",32.629158,35.55286
"5938147019",6910190,"Gagrella sherriffsi Roewer, 1954","SPECIES",22.426919,114.181434
"5938147084",2494543,"Pyrrhula pyrrhula (Linnaeus, 1758)","SPECIES",56.952487,72.640522
"5938147085",10508423,"Moduza procris","SPECIES",1.334624,103.817803
"5938147095",2435035,"Felis catus Linnaeus, 1758","SPECIES",31.242415,121.459516
"5938147097",1925543,"Zeltus amasa","SPECIES",1.334624,103.817803
"5938147106",2475392,"Merops leschenaulti Vieillot, 1817","SPECIES",12.311931,77.276921
"5938147108",1934211,"Dodona egeon Westwood","SPECIES",22.428528,114.18036
"5938147120",1347420,"Sphex sericeus (Fabricius, 1804)","SPECIES",1.334624,103.817803
"5938147132",2475532,"Alcedo atthis (Linnaeus, 1758)","SPECIES",22.883382,120.198328
"5938147333",9450106,"Anas poecilorhyncha J.R.Forster, 1781","SPECIES",17.457886,78.357617
"5938147336",2481938,"Mycteria leucocephala (Pennant, 1769)","SPECIES",22.886435,72.073367
"5938147450",5178716,"Stenopus hispidus (Olivier, 1811)","SPECIES",4.246589,118.631277
"5938147463",2495455,"Columba palumbus Linnaeus, 1758","SPECIES",44.57826,38.175788
"5938147551",3981426,"Berberis oiwakensis (Hayata) Laferr.","SPECIES",23.559923,120.63853
"5938147559",9616058,"Falco tinnunculus Linnaeus, 1758","SPECIES",44.501784,38.146135
"5938147566",2490955,"Monticola solitarius (Linnaeus, 1758)","SPECIES",36.902657,126.263358
"5938147583",5305698,"Cymbidium finlaysonianum Lindl.","SPECIES",1.446655,103.727895
"5938147585",2892634,"Mussaenda erythrophylla Schumach. & Thonn.","SPECIES",18.554031,73.790458
"5938147617",1919348,"Catopsilia pyranthe (Linnaeus, 1758)","SPECIES",1.334624,103.817803
"5938147708",2289324,"Hapalochlaena lunulata (Quoy & Gaimard, 1832)","SPECIES",28.227833,129.534321
"5938147760",2480311,"Anarhynchus alexandrinus","SPECIES",35.671151,139.960763
"5938147768",1706492,"Chondracris rosea (De Geer, 1773)","SPECIES",22.297963,113.965655
"5938147770",7911152,"Davallia griffithiana Hook.","SPECIES",24.960053,121.537997
"5938147773",2480934,"Ardea purpurea Linnaeus, 1766","SPECIES",1.324188,103.754984
"5938147774",2478548,"Picus canus J.F.Gmelin, 1788","SPECIES",51.899275,85.314771
"5938147776",2490737,"Turdus pilaris Linnaeus, 1758","SPECIES",53.233942,80.641907
"5938147784",1428645,"Orthetrum sabina (Drury, 1773)","SPECIES",1.365538,103.835912
"5938147804",2000152,"Periplaneta americana (Linnaeus, 1758)","SPECIES",35.6093,51.446681
"5938147810",2480637,"Accipiter nisus (Linnaeus, 1758)","SPECIES",56.921055,60.652066
"5938147923",3033261,"Anemone coronaria L.","SPECIES",34.775362,32.40592
"5938147933",5131339,"Neptis hylas Linnaeus, 1758","SPECIES",12.910865,77.612799
"5938147948",2495486,"Geopelia striata (Linnaeus, 1766)","SPECIES",15.849437,103.890012
"5938147956",2495093,"Cinclus cinclus (Linnaeus, 1758)","SPECIES",60.169424,59.953505
"5938147976",2484605,"Bombycilla garrulus (Linnaeus, 1758)","SPECIES",54.770087,83.075293
"5938147978",8365251,"Dianella ensifolia (L.) Redouté","SPECIES",25.126417,121.519203
"5938147981",2490669,"Galerida cristata (Linnaeus, 1758)","SPECIES",44.677722,37.801293
"5938148783",2490297,"Motacilla grandis Sharpe, 1885","SPECIES",35.000934,135.769054
"5938148799",5228199,"Gallinula chloropus (Linnaeus, 1758)","SPECIES",17.435375,78.391886
"5938148804",2493031,"Orthotomus ruficeps (Lesson, 1830)","SPECIES",1.44573,103.732958
"5938148903",5171038,"Argiope aemula (Walckenaer, 1841)","SPECIES",22.073442,111.422539
"5938148905",1317388,"Oecophylla smaragdina (Fabricius, 1775)","SPECIES",10.043261,76.326864
"5938148939",NA,"Botaurus Stephens, 1819","GENUS",1.27799,103.864525
"5938148961",9705453,"Parus major Linnaeus, 1758","SPECIES",56.015841,69.487759
"5938149409",3829491,"Cocculus hirsutus (L.) W.Theob.","SPECIES",17.418462,78.549167
"5938149420",2436756,"Lepus timidus Linnaeus, 1758","SPECIES",55.921588,92.798095
"5938149425",2474377,"Fulica atra Linnaeus, 1758","SPECIES",36.79061,127.142515
"5938149443",2495486,"Geopelia striata (Linnaeus, 1766)","SPECIES",-7.310767,112.823288
"5938149448",2495000,"Aegithalos caudatus (Linnaeus, 1758)","SPECIES",56.596364,84.805876
"5938149457",2481938,"Mycteria leucocephala (Pennant, 1769)","SPECIES",11.891788,77.771567
"5938149506",2486770,"Coracina macei (Lesson, 1831)","SPECIES",8.491335,77.348111
"5938149566",2480880,"Ardea intermedia Wagler, 1829","SPECIES",1.301624,103.867489
"5938149572",3660419,"Schinus terebinthifolia Raddi","SPECIES",23.064426,120.199151
"5938149580",2765359,"Tradescantia zebrina Bosse","SPECIES",24.603532,121.843808
"5938149603",2486121,"Pycnonotus aurigaster (Vieillot, 1818)","SPECIES",26.044394,119.1984
"5938149609",2480863,"Nycticorax nycticorax (Linnaeus, 1758)","SPECIES",22.998128,120.176628
"5938149623",4280088,"Polytrichum formosum Hedw.","SPECIES",41.696335,46.550339
"5938149628",6100962,"Urocissa erythroryncha (Boddaert, 1783)","SPECIES",30.268056,120.06629
"5938149647",5211134,"Chlorurus sordidus (Forsskål, 1775)","SPECIES",27.847138,34.31439
"5938149745",2891772,"Impatiens walleriana Hook.fil.","SPECIES",-6.829224,107.883005
"5938149771",10691530,"Hylarana baramica (Boettger, 1900)","SPECIES",1.397196,103.8077
"5938149776",2335642,"Cymbacephalus beauforti (Knapp, 1973)","SPECIES",12.045425,92.962173
"5938149777",1428813,"Trithemis festiva (Rambur, 1842)","SPECIES",8.685862,77.131492
"5938150022",5229165,"Aegypius monachus (Linnaeus, 1766)","SPECIES",35.988248,126.678468
"5938150100",2482048,"Tachybaptus ruficollis (Pallas, 1764)","SPECIES",22.236475,113.870735
"5938150135",5229131,"Vanellus indicus (Boddaert, 1783)","SPECIES",24.173516,92.01986
"5938150140",NA,"Anarhynchus Quoy & Gaimard, 1832","GENUS",1.295734,103.822452
"5938150141",8211070,"Sciurus vulgaris Linnaeus, 1758","SPECIES",56.861348,60.68836
"5938150144",2479226,"Psittacula krameri manillensis (Bechstein, 1800)","SUBSPECIES",28.59325,77.2473
"5938150190",6101070,"Parus cinereus Vieillot, 1818","SPECIES",36.060934,120.335455
"5938150245",2424089,"Eleutherodactylus planirostris (Cope, 1862)","SPECIES",1.410587,103.778357
"5938150765",2482451,"Dendrocitta vagabunda (Latham, 1790)","SPECIES",28.735939,77.137908
"5938150767",9326020,"Gallus gallus (Linnaeus, 1758)","SPECIES",1.38111,103.89679
"5938150778",5231630,"Acanthis flammea (Linnaeus, 1758)","SPECIES",57.914116,59.955116
"5938150782",9745211,"Nisia nervosa (Motschulsky, 1863)","SPECIES",5.947812,80.456915
"5938150785",2867495,"Arisarum vulgare O.Targ.Tozz.","SPECIES",31.932377,34.783227
"5938150814",6100818,"Hypsipetes thompsoni (Bingham, 1900)","SPECIES",18.584761,98.512891
"5938150963",2492822,"Cisticola juncidis (Rafinesque, 1810)","SPECIES",13.744182,100.811305
"5938150968",5285637,"Pinus sylvestris L.","SPECIES",53.325037,83.79359
"5938151108",11195179,"Pteris minor (Hieron.) Y.S.Chao","SPECIES",21.999217,120.873047
"5938151121",2498326,"Bucephala clangula (Linnaeus, 1758)","SPECIES",52.28868,104.266845
"5938151122",2486822,"Pericrocotus cinnamomeus (Linnaeus, 1766)","SPECIES",12.000611,93.007095
"5938151127",7690055,"Carpodacus sibiricus (Pallas, 1773)","SPECIES",56.589002,84.93361
"5938151174",9752617,"Ardea alba Linnaeus, 1758","SPECIES",25.132548,121.490727
"5938151181",5341492,"Coleus scutellarioides (L.) Benth.","SPECIES",21.222142,110.407936
"5938151299",2495414,"Columba livia var. domestica J.F.Gmelin, 1789","VARIETY",35.659344,139.761272
"5938151320",2480899,"Egretta sacra (Gmelin, 1789)","SPECIES",12.56482,101.459013
"5938151420",2484916,"Sitta europaea hondoensis Buturlin, 1916","SUBSPECIES",36.483553,138.540055
"5938151421",2487866,"Poecile montanus (Conrad von Baldenstein, 1827)","SPECIES",36.484733,138.540437
"5938151436",1928908,"Jamides bochus Stoll, 1782","SPECIES",22.586642,114.123101
"5938151438",2481890,"Phalacrocorax carbo (Linnaeus, 1758)","SPECIES",28.3712,119.81772
"5938151439",8234570,"Butea monosperma (Lam.) Kuntze","SPECIES",12.311931,77.276921
"5938151456",1317433,"Anoplolepis gracilipes (Smith, 1857)","SPECIES",5.983477,116.144005
"5938151466",7341196,"Myophonus caeruleus (Scopoli, 1786)","SPECIES",14.338968,101.305702
"5938151515",1428418,"Diplacodes lefebvrii (Rambur, 1842)","SPECIES",23.540846,58.348484
"5938151542",1429465,"Camacinia gigantea (Brauer, 1867)","SPECIES",1.325725,103.830375
"5938151589",2487871,"Periparus ater (Linnaeus, 1758)","SPECIES",56.713744,61.132415
"5938151594",2484916,"Sitta europaea Linnaeus, 1758","SPECIES",56.582263,84.946976
"5938151596",1920374,"Colotis amata (Fabricius, 1775)","SPECIES",19.006238,73.020283
"5938151607",1341979,"Apis cerana Fabricius, 1793","SPECIES",1.347366,103.761291
"5938151613",2493528,"Paradoxornis guttaticollis David, 1871","SPECIES",20.047762,99.095405
"5938151615",2650930,"Nephrolepis cordifolia (L.) C.Presl","SPECIES",25.01751,121.300336
"5938151616",3033977,"Litsea cubeba (Lour.) Pers.","SPECIES",24.793603,121.253272
"5938151618",2958970,"Sophora tomentosa L.","SPECIES",21.938176,120.799195
"5938151624",1910629,"Hypolimnas bolina (Linnaeus, 1758)","SPECIES",22.380295,113.958781
"5938151654",9537238,"Hemidactylus frenatus Duméril & Bibron, 1836","SPECIES",22.97453,120.216745
"5938151655",10967955,"Merops cyanophrys (Cabanis & Heine, 1860)","SPECIES",29.608667,34.986334
"5938151774",1895499,"Elymnias hypermnestra Linnaeus, 1763","SPECIES",1.424297,103.838591
"5938151800",2496161,"Macropygia ruficeps (Temminck, 1835)","SPECIES",-7.734305,112.529595
"5938151806",2481800,"Actitis hypoleucos (Linnaeus, 1758)","SPECIES",-7.310691,112.823307
"5938151809",2294275,"Eobania vermiculata (O.F.Müller, 1774)","SPECIES",34.776603,32.404433
"5938152910",2925649,"Tectona grandis L.f.","SPECIES",25.607576,85.014168
"5938152943",2473958,"Perdix perdix (Linnaeus, 1758)","SPECIES",53.817695,84.305904
"5938152947",5231198,"Passer montanus (Linnaeus, 1758)","SPECIES",56.016277,69.485982
"5938152953",2487879,"Cyanistes caeruleus (Linnaeus, 1758)","SPECIES",55.49319,60.20903
"5938152989",3190583,"Pistacia lentiscus L.","SPECIES",34.894092,32.347562
"5938153048",2868323,"Epipremnum aureum (Linden & André) G.S.Bunting","SPECIES",23.706722,120.437528
"5938153068",2486151,"Pycnonotus jocosus (Linnaeus, 1758)","SPECIES",26.152222,119.29065
"5938153071",7900084,"Callianthe picta (Gillies ex Hook. & Arn.) Donnell","SPECIES",23.506614,120.696405
"5938153073",2498261,"Aythya fuligula (Linnaeus, 1758)","SPECIES",44.511782,38.178674
"5938153083",1931956,"Nacaduba kurava (Moore)","SPECIES",5.395134,100.259922
"5938153093",2486130,"Pycnonotus xanthorrhous Anderson, 1869","SPECIES",25.085,102.772
"5938153482",5131443,"Neptis nata Moore, 1857","SPECIES",22.428875,114.180886
"5938153484",1935849,"Zemeros flegyas Cramer, 1780","SPECIES",22.455513,114.014884
"5938153542",2480841,"Gorsachius melanolophus (Raffles, 1822)","SPECIES",1.311108,103.814361
"5938153544",9326020,"Gallus gallus (Linnaeus, 1758)","SPECIES",1.288513,103.853303
"5938153596",2498338,"Cygnus columbianus bewickii Yarrell, 1830","SUBSPECIES",36.363893,138.301278
"5938153601",1422818,"Pseudagrion siamensis Fraser, 1922","SPECIES",1.366535,103.832802
"5938153605",1043321,"Cheilomenes sexmaculata (Fabricius, 1781)","SPECIES",25.478844,84.910764
"5938153630",1427808,"Neurothemis tullia (Drury, 1773)","SPECIES",10.375207,103.940674
"5938153660",3190580,"Pistacia terebinthus L.","SPECIES",35.310856,33.283113
"5938153935",3086240,"Mirabilis jalapa L.","SPECIES",25.427628,81.843486
"5938154407",9602021,"Chrysilla volupe (Karsch, 1879)","SPECIES",10.041481,76.323149
"5938154412",5130444,"Junonia iphita (Cramer, 1782)","SPECIES",13.064994,77.648047
"5938154417",9797180,"Ardea cinerea jouyi A.H.Clark, 1907","SUBSPECIES",35.758664,139.84477
"5938154420",2928531,"Ipomoea cairica (L.) Sweet","SPECIES",24.601131,121.852097
"5938154444",1311258,"Ropalidia sumatrae (Weber, 1801)","SPECIES",1.341861,103.834638
"5938154447",2492428,"Cyornis tickelliae Blyth, 1843","SPECIES",7.108675,80.052803
"5938154492",1862394,"Daphnis hypothous Cramer, 1780","SPECIES",6.809733,80.500678
"5938154497",5652784,"Polygonum equisetiforme Sm.","SPECIES",32.342523,34.874955
"5938154543",2491678,"Calcarius lapponicus (Linnaeus, 1758)","SPECIES",30.21157,120.789093
"5938154616",2733994,"Arenga engleri Becc.","SPECIES",24.996983,121.396914
"5938154617",2481713,"Tringa glareola Linnaeus, 1758","SPECIES",25.082174,121.201439
"5938154623",2436603,"Macaca fascicularis (Raffles, 1821)","SPECIES",3.062464,101.66527
"5938154628",2470732,"Varanus nebulosus (Gray, 1831)","SPECIES",5.436597,100.290498
"5938154636",1043321,"Cheilomenes sexmaculata (Fabricius, 1781)","SPECIES",19.946304,110.187439
"5938154671",2474936,"Grus virgo (Linnaeus, 1758)","SPECIES",22.912648,71.953344
"5938154721",5844992,"Aegithalos glaucogularis (Moore, 1855)","SPECIES",35.979424,119.404495
"5938154725",2494146,"Eophona migratoria Hartert, 1903","SPECIES",30.304312,113.874053
"5938154728",2480372,"Elanus caeruleus (Desfontaines, 1789)","SPECIES",25.092464,121.452015
"5938154733",2406374,"Chanos chanos (Forsskål, 1775)","SPECIES",12.609761,102.111081
"5938154745",5303420,"Callisia repens (Jacq.) L.","SPECIES",25.027525,121.639183
"5938154760",5378650,"Mallotus paniculatus var. paniculatus","VARIETY",25.131592,121.507911
"5938154766",6092830,"Spinus spinus (Linnaeus, 1758)","SPECIES",51.369311,80.198393
"5938154767",4079429,"Blechnum orientale L.","SPECIES",25.131039,121.516228
"5938154769",2227757,"Atergatis floridus (Linnaeus, 1767)","SPECIES",1.258147,103.807243
"5938154775",7340196,"Otus lettia (Hodgson, 1836)","SPECIES",1.376457,103.951808
"5938154779",2494329,"Coccothraustes coccothraustes (Linnaeus, 1758)","SPECIES",56.418358,61.720347
"5938154781",6133292,"Syntomoides imaon (Cramer, 1780)","SPECIES",12.894924,77.591727
"5938154782",1893978,"Faunis kirata de Nicéville, 1891","SPECIES",4.242972,101.322984
"5938154819",NA,"Ardea Linnaeus, 1758","GENUS",22.826038,72.107668
"5938154864",6101126,"Trochalopteron elliotii J.Verreaux, 1870","SPECIES",33.999282,109.096067
"5938154889",2452310,"Rhabdophis adleri Zhao, 1997","SPECIES",19.004781,109.814178
"5938154900",NA,"Solanum L.","GENUS",25.194551,121.686864
"5938154921",8084948,"Chrysilla acerosa Wang & Zhang, 2012","SPECIES",19.886178,102.141728
"5938154927",1918321,"Lethe confusa Aurivillius, 1897","SPECIES",22.445445,114.335828
"5938154942",2495414,"Columba livia var. domestica J.F.Gmelin, 1789","VARIETY",32.294483,34.844472
"5938154944",2494459,"Carpodacus erythrinus (Pallas, 1770)","SPECIES",18.585112,98.513204
"5938154946",2475449,"Merops viridis Linnaeus, 1758","SPECIES",1.295223,103.846533
"5938154947",NA,"Mataeopsephus Waterhouse, 1876","GENUS",35.428525,135.256578
"5938154949",2437396,"Callosciurus notatus (Boddaert, 1785)","SPECIES",1.294493,103.845407
"5938154953",3022136,"Prunus spinulosa Siebold & Zucc.","SPECIES",25.125906,121.519364
"5938154970",6101224,"Spilopelia chinensis (Scopoli, 1786)","SPECIES",-6.175392,106.827153
"5938155021",9705453,"Parus major Linnaeus, 1758","SPECIES",56.598625,84.809104
"5938155022",3169830,"Catharanthus roseus (L.) G.Don","SPECIES",12.921964,74.906731
"5938155023",8677924,"Pittosporum tobira (Murray) Aiton fil.","SPECIES",24.464884,118.29754
"5938155025",9178169,"Yungipicus kizuki (Temminck, 1836)","SPECIES",35.434321,139.222602
"5938155035",5790281,"Geothelphusa dehaani (White, 1847)","SPECIES",33.965373,131.287821
"5938155041",7467639,"Ficus microcarpa L.fil.","SPECIES",25.133656,121.510881
"5938155079",5338645,"Wendlandia uvariifolia Hance","SPECIES",22.767236,120.698686
"5938155159",2396749,"Parupeneus forsskali (Fourmanoir & Guézé, 1976)","SPECIES",27.913644,34.349558
"5938155163",5845375,"Acridotheres javanicus Cabanis, 1851","SPECIES",1.424297,103.838591
"5938155164",2487866,"Poecile montanus (Conrad von Baldenstein, 1827)","SPECIES",55.584669,60.423832
"5938155184",9752617,"Ardea alba Linnaeus, 1758","SPECIES",25.129858,121.488298
"5938155192",2474377,"Fulica atra Linnaeus, 1758","SPECIES",31.60982,120.742528
"5938155195",2482048,"Tachybaptus ruficollis (Pallas, 1764)","SPECIES",31.258503,121.645952
"5938155198",2487877,"Cyanistes cyanus (Pallas, 1770)","SPECIES",55.381898,85.966143
"5938155199",9750846,"Oriolus chinensis Linnaeus, 1766","SPECIES",12.254217,107.032179
"5938155211",5219436,"Panthera pardus fusca (Meyer, 1794)","SUBSPECIES",19.014949,72.824004
"5938155219",2867495,"Arisarum vulgare O.Targ.Tozz.","SPECIES",35.056314,32.344262
"5938155240",5391861,"Bidens alba (L.) DC.","SPECIES",24.685869,121.126404
"5938155244",2484699,"Dicaeum trochileum (Sparrman, 1789)","SPECIES",-6.194385,107.176605
"5938155248",2481713,"Tringa glareola Linnaeus, 1758","SPECIES",25.083227,121.198965
"5938155301",2443002,"Trachemys scripta elegans (Wied, 1838)","SUBSPECIES",1.350235,103.831178
"5938155334",2495342,"Oena capensis (Linnaeus, 1766)","SPECIES",22.864537,72.058465
"5938155357",8077224,"Alauda arvensis Linnaeus, 1758","SPECIES",39.114828,32.072487
"5938155408",6100944,"Spodiopsar cineraceus (Temminck, 1835)","SPECIES",35.654977,139.444939
"5938155411",2495691,"Streptopelia tranquebarica (Hermann, 1804)","SPECIES",13.745517,100.100361
"5938155446",1922288,"Chilades parrhasius (Fabricius, 1793)","SPECIES",22.997184,57.664247
"5938155451",1948941,"Pseudoborbo bevani (Moore, 1878)","SPECIES",22.485156,114.086229
"5938155461",2238378,"Lamellodysidea herbacea (Keller, 1889)","SPECIES",1.259471,103.812134
"5938155471",2426861,"Hylarana spinulosa (Smith, 1923)","SPECIES",18.622937,108.991097
"5938155472",2490669,"Galerida cristata (Linnaeus, 1758)","SPECIES",25.119012,55.913461
"5938155477",6101224,"Spilopelia chinensis (Scopoli, 1786)","SPECIES",-6.175392,106.827153
"5938155480",7819600,"Pethia ticto (Hamilton, 1822)","SPECIES",22.296203,90.025097
"5938155592",2495414,"Columba livia var. domestica J.F.Gmelin, 1789","VARIETY",37.469322,127.039467
"5938155622",7147896,"Balanophora fungosa J.R.Forst. & G.Forst.","SPECIES",12.047088,108.440371
"5938155690",2482065,"Podiceps nigricollis C.L.Brehm, 1831","SPECIES",37.218295,138.349799
"5938155703",5816059,"Hemidactylus platyurus (Schneider, 1797)","SPECIES",16.323013,100.732688
"5938155706",1422818,"Pseudagrion siamensis Fraser, 1922","SPECIES",1.424297,103.838591
"5938155711",1901435,"Athyma nefte Cramer, 1782","SPECIES",22.576724,114.396983
"5938155716",1945227,"Hasora badra (Moore, 1857)","SPECIES",22.221733,113.916097
"5938155742",9104123,"Yungipicus moluccensis (J.F.Gmelin, 1788)","SPECIES",-6.175392,106.827153
"5938155745",2474416,"Porphyrio poliocephalus (Latham, 1801)","SPECIES",22.831356,72.046019
"5938155802",2427256,"Odorrana swinhoana (Boulenger, 1903)","SPECIES",25.03042,121.575662
"5938155819",8364646,"Cucumis maderaspatanus L.","SPECIES",23.782832,120.261983
"5938155861",1676779,"Mimegralla albimanus (Doleschall, 1856)","SPECIES",1.446113,103.729472
"5938155876",8108495,"Rubus corchorifolius L.fil.","SPECIES",24.854408,121.739436
"5938155889",2920037,"Psychotria asiatica L.","SPECIES",22.766074,120.69613
"5938156311",2436536,"Trachypithecus geei Khajuria, 1956","SPECIES",27.405082,90.44848
"5938156320",5231198,"Passer montanus (Linnaeus, 1758)","SPECIES",55.199564,61.309915
"5938156383",5137849,"Eurema hecabe (Linnaeus, 1758)","SPECIES",17.491347,78.302756
"5938156402",2495681,"Streptopelia orientalis (Latham, 1790)","SPECIES",36.138648,115.784858
"5938156406",2480564,"Buteo rufinus (Cretzschmar, 1829)","SPECIES",35.169319,33.820399
"5938156409",2486625,"Hypothymis azurea (Boddaert, 1783)","SPECIES",15.722319,73.978621
"5938156484",7934047,"Psilopogon lineatus (Vieillot, 1816)","SPECIES",1.277922,103.866571
"5938156485",5229180,"Circus spilonotus Kaup, 1847","SPECIES",30.206364,120.883617
"5938156488",2480905,"Ardeola grayii (Sykes, 1832)","SPECIES",19.140211,72.962725
"5938156492",7691806,"Psilopogon haemacephalus (P.L.S.Müller, 1776)","SPECIES",12.218199,107.18535
"5938156498",9045043,"Yungipicus canicapillus (Blyth, 1845)","SPECIES",40.013544,116.37955
"5938156504",6100921,"Suthora webbiana Gould, 1852","SPECIES",31.444871,120.210498
"5938156516",2493598,"Lonchura punctulata (Linnaeus, 1758)","SPECIES",5.987073,116.142497
"5938156521",5231190,"Passer domesticus (Linnaeus, 1758)","SPECIES",57.908825,59.947691
"5938156558",1428867,"Trithemis aurora (Burmeister, 1839)","SPECIES",1.380497,103.819058
"5938156581",2477927,"Dendrocopos leucotos (Bechstein, 1802)","SPECIES",56.83004,86.646565
"5938156604",5228199,"Gallinula chloropus (Linnaeus, 1758)","SPECIES",22.508215,114.113412
"5938156609",9797180,"Ardea cinerea jouyi A.H.Clark, 1907","SUBSPECIES",35.67687,139.820205
"5938156629",2776652,"Drimia aphylla (Forssk.) J.C.Manning & Goldblatt","SPECIES",34.893295,32.341972
"5938156656",2492680,"Copsychus saularis (Linnaeus, 1758)","SPECIES",22.375355,114.263695
"5938156686",2493075,"Phylloscopus fuscatus (Blyth, 1842)","SPECIES",30.993291,117.866586
"5938156689",1896142,"Terinos terpander Hewitson, 1862","SPECIES",5.413598,100.781766
"5938156691",6092830,"Spinus spinus (Linnaeus, 1758)","SPECIES",56.008771,60.68394
"5938156700",NA,"Ardea Linnaeus, 1758","GENUS",22.153766,73.489612
"5938156702",7451120,"Actinostemma tenerum Griff.","SPECIES",29.916476,121.554074
"5938156731",9705453,"Parus major Linnaeus, 1758","SPECIES",53.690435,88.080004
"5938156738",5231190,"Passer domesticus (Linnaeus, 1758)","SPECIES",10.347264,107.073251
"5938156742",9326020,"Gallus gallus (Linnaeus, 1758)","SPECIES",1.35824,103.849665
"5938156759",4170901,"Arbutus andrachne L.","SPECIES",35.306225,33.258932
"5938156793",6100921,"Suthora webbiana Gould, 1852","SPECIES",36.138648,115.784858
"5938156808",5229131,"Vanellus indicus (Boddaert, 1783)","SPECIES",24.007036,89.147453
"5938156837",5228199,"Gallinula chloropus (Linnaeus, 1758)","SPECIES",31.074933,121.176793
"5938156850",9537647,"Mergus merganser merganser Linnaeus, 1758","SUBSPECIES",35.115354,135.984139
"5938156851",2492850,"Lanius bucephalus bucephalus Temminck & Schlegel, 1845","SUBSPECIES",35.438967,139.389886
"5938156856",2495414,"Columba livia var. domestica J.F.Gmelin, 1789","VARIETY",24.24883,120.701608
"5938156864",2478548,"Picus canus J.F.Gmelin, 1788","SPECIES",40.013544,116.37955
"5938156868",6101224,"Spilopelia chinensis (Scopoli, 1786)","SPECIES",31.444922,120.210216
"5938156871",2440954,"Cervus nippon yesoensis (Heude, 1884)","SUBSPECIES",43.636406,144.484164
"5938156884",7264361,"Strobilanthes flexicaulis Hayata","SPECIES",23.580495,120.61136
"5938156886",2430499,"Limnonectes fragilis (Liu & Hu, 1973)","SPECIES",18.352297,109.431634
"5938156931",2733994,"Arenga engleri Becc.","SPECIES",24.993458,121.393008
"5938156934",2495414,"Columba livia var. domestica J.F.Gmelin, 1789","VARIETY",34.722555,112.603827
"5938156957",2494543,"Pyrrhula pyrrhula (Linnaeus, 1758)","SPECIES",56.952372,72.640623
"5938156966",5229126,"Himantopus himantopus (Linnaeus, 1758)","SPECIES",24.06018,120.406009
"5938156975",9752617,"Ardea alba Linnaeus, 1758","SPECIES",19.016591,73.00594
"5938156976",5231747,"Rhipidura javanica (Sparrman, 1788)","SPECIES",1.3674,103.829307
"5938156985",5600005,"Blastus cochinchinensis Lour.","SPECIES",24.851872,121.736822
"5938157042",7262595,"Ficus sarmentosa Buch.-Ham. ex Sm.","SPECIES",25.158415,121.709608
"5938157053",6358362,"Scaevola taccada (Gaertn.) Roxb.","SPECIES",6.848325,73.052403
"5938157058",9480191,"Mareca falcata (Georgi, 1775)","SPECIES",35.655547,139.444582
"5938157062",1341979,"Apis cerana Fabricius, 1793","SPECIES",1.319423,103.750388
"5938157074",8790531,"Lissachatina fulica (Bowdich, 1822)","SPECIES",14.461372,121.024115
"5938157091",2435520,"Suncus murinus (Linnaeus, 1766)","SPECIES",1.324945,103.914908
"5938157100",2494329,"Coccothraustes coccothraustes japonicus Temminck & Schlegel, 1848","SUBSPECIES",36.363843,138.300944
"5938157102",9566476,"Emberiza buchanani Blyth, 1845","SPECIES",19.016591,73.00594
"5938157103",5231747,"Rhipidura javanica (Sparrman, 1788)","SPECIES",1.367417,103.829285
"5938157109",9047331,"Zosterops simplex Swinhoe, 1861","SPECIES",22.409324,114.104524
"5938157121",2431847,"Paramesotriton hongkongensis (Myers & Leviton, 1962)","SPECIES",22.65753,114.289008
"5938157155",5357217,"Parkinsonia aculeata L.","SPECIES",31.923993,34.972467
"5938157163",9687165,"Motacilla alba Linnaeus, 1758","SPECIES",43.421562,39.926603
"5938157202",2496347,"Eudynamys scolopaceus (Linnaeus, 1758)","SPECIES",13.777722,100.266356
"5938157213",2437243,"Funambulus pennantii Wroughton, 1905","SPECIES",28.59305,77.245453
"5938157221",2475532,"Alcedo atthis (Linnaeus, 1758)","SPECIES",10.886472,79.096417
"5938157230",1319092,"Diacamma rugosum (Le Guillou, 1842)","SPECIES",22.573275,114.076147
"5938157253",1427734,"Crocothemis servilia (Drury, 1773)","SPECIES",1.424297,103.838591
"5938157401",5681347,"Tetracera indica (Houtt. ex Christm. & Panz.) Merr.","SPECIES",3.141171,101.633401
"5938157415",3101212,"Farfugium japonicum (L.) Kitam.","SPECIES",25.09732,121.511345
"5938157444",2149111,"Corinnomma severum (Thorell, 1877)","SPECIES",1.348669,103.789931
"5938157445",4205817,"Tetrameles nudiflora R.Br.","SPECIES",13.434978,103.889912
"5938157458",3076120,"Bridelia tomentosa Blume","SPECIES",22.639148,120.27983
"5938157469",1895992,"Melanitis phedima Cramer, 1782","SPECIES",22.501385,114.220422
"5938157582",7342005,"Ixos mcclellandii (Horsfield, 1840)","SPECIES",26.151531,119.288942
"5938157605",9761484,"Anas platyrhynchos Linnaeus, 1758","SPECIES",24.81236,120.911306
"5938157611",9761484,"Anas platyrhynchos Linnaeus, 1758","SPECIES",57.913967,59.947613
"5938157619",8415232,"Hymenasplenium excisum (C.Presl) S.Linds.","SPECIES",22.072238,120.8393
"5938159465",2482492,"Corvus corax Linnaeus, 1758","SPECIES",56.856387,60.681093
"5938159474",2757184,"Zingiber kawagoii Hayata","SPECIES",22.766537,120.699836
"5938159507",2384552,"Thalassoma rueppellii (Klunzinger, 1871)","SPECIES",27.914183,34.348708
"5938159945",7999386,"Ipomoea pes-caprae (L.) R.Br.","SPECIES",22.097699,113.546001
"5938159953",5845390,"Gracupica nigricollis (Paykull, 1807)","SPECIES",22.65604,114.39928
"5938159955",2705426,"Eragrostis tenella (L.) P.Beauv. ex Roem. & Schult.","SPECIES",22.625692,120.298986
"5938159973",2491510,"Emberiza godlewskii Taczanowski, 1874","SPECIES",40.050667,116.094155
"5938159977",NA,"Astur Lacepède, 1799","GENUS",36.53639,116.831538
"5938159978",1918584,"Lebadea martha Fabricius, 1787","SPECIES",1.334624,103.817803
"5938159979",2487879,"Cyanistes caeruleus (Linnaeus, 1758)","SPECIES",56.807086,60.6439
"5938160117",2930006,"Solanum lyratum Thunb.","SPECIES",23.594763,120.62642
"5938160154",5398421,"Mikania micrantha Kunth","SPECIES",24.182192,120.611352
"5938160160",1897685,"Parantica aglea (Stoll, 1782)","SPECIES",22.45845,114.182263
"5938160176",6718880,"Argiope dang Jäger & Praxaysombath, 2009","SPECIES",7.486999,100.156846
"5938160177",2684855,"Platycladus orientalis (L.) Franco","SPECIES",36.541394,116.834206
"5938160180",5231198,"Passer montanus (Linnaeus, 1758)","SPECIES",56.810544,60.644069
"5938160186",6101224,"Spilopelia chinensis (Scopoli, 1786)","SPECIES",1.308323,103.816686
"5938160197",2498404,"Dendrocygna javanica (Horsfield, 1821)","SPECIES",1.278347,103.864334
"5938160228",1427783,"Neurothemis fluctuans (Fabricius, 1793)","SPECIES",5.576691,115.981314
"5938160270",1820478,"Lymantria brotea Stoll, 1780","SPECIES",27.158139,90.667303
"5938160464",3074251,"Macaranga tanarius (L.) Müll.Arg.","SPECIES",22.657162,120.263572
"5938160478",2460886,"Eutropis multifasciata (Kuhl, 1820)","SPECIES",1.355153,103.797202
"5938160484",5229165,"Aegypius monachus (Linnaeus, 1766)","SPECIES",35.913921,126.756455
"5938161176",7642610,"Danaus chrysippus (Linnaeus, 1758)","SPECIES",1.319423,103.750388
"5938161180",2480801,"Platalea leucorodia Linnaeus, 1758","SPECIES",25.090119,121.224162
"5938161209",9797180,"Ardea cinerea Linnaeus, 1758","SPECIES",35.687963,139.818938
"5938161216",2443244,"Mauremys sinensis (Gray, 1834)","SPECIES",22.69157,120.306605
"5938161219",2733934,"Borassus flabellifer L.","SPECIES",25.606394,85.01635
"5938161287",2480259,"Recurvirostra avosetta Linnaeus, 1758","SPECIES",24.470865,118.309615
"5938161292",2494194,"Serinus pusillus (Pallas, 1811)","SPECIES",43.338893,76.994234
"5938161297",2487877,"Cyanistes cyanus (Pallas, 1770)","SPECIES",52.136117,85.383326
"5938162430",9752617,"Ardea alba alba Linnaeus, 1758","SUBSPECIES",36.615587,139.882325
"5938162440",2484916,"Sitta europaea Linnaeus, 1758","SPECIES",51.947372,85.943814
"5938162441",7115794,"Hibiscus tiliaceus L.","SPECIES",22.652461,120.267217
"5938162456",2497509,"Strix uralensis Pallas, 1771","SPECIES",53.465867,85.305873
"5938162505",2475991,"Anthracoceros albirostris convexus (Temminck, 1832)","SUBSPECIES",1.338072,103.727893
"5938162564",2956176,"Delonix regia (Bojer ex Hook.) Raf.","SPECIES",12.927512,77.588172
"5938162566",1422818,"Pseudagrion siamensis Fraser, 1922","SPECIES",1.334624,103.817803
"5938162580",5212055,"Amphiprion nigripes Regan, 1908","SPECIES",3.632647,72.960444
"5938162588",2475923,"Ocyceros birostris (Scopoli, 1786)","SPECIES",12.310958,76.630429
"5938162597",2475452,"Merops philippinus Linnaeus, 1767","SPECIES",1.377882,103.952491
"5938162639",5231190,"Passer domesticus (Linnaeus, 1758)","SPECIES",30.469556,73.481667
"5938162642",7642610,"Danaus chrysippus (Linnaeus, 1758)","SPECIES",23.541527,58.34827
"5938162647",5420987,"Ludwigia octovalvis (Jacq.) P.H.Raven","SPECIES",21.86168,100.952867
"5938162660",5859545,"Nembrotha milleri Gosliner & Behrens, 1997","SPECIES",4.253415,118.62993
"5938162668",3191227,"Drosera spatulata Labill.","SPECIES",25.165797,121.562653
"5938162678",2484605,"Bombycilla garrulus (Linnaeus, 1758)","SPECIES",56.854704,60.636497
"5938162772",2776652,"Drimia aphylla (Forssk.) J.C.Manning & Goldblatt","SPECIES",34.775505,32.405687
"5938162794",1325561,"Paratrechina longicornis (Latreille, 1802)","SPECIES",1.445112,103.73332
"5938162795",5421144,"Dodonaea viscosa (L.) Jacq.","SPECIES",25.133608,121.510847
"5938162808",3080109,"Glochidion acuminatum Müll.Arg.","SPECIES",24.854464,121.73935
"5938162898",3861692,"Bredia hirsuta Blume","SPECIES",23.538522,120.688536
"5938162900",5213106,"Echidna nebulosa (Ahl, 1789)","SPECIES",8.722209,123.413418
"5938162905",2888485,"Argemone mexicana L.","SPECIES",25.406914,81.847375
"5938162913",3068607,"Euphorbia larica Boiss.","SPECIES",25.108338,56.050375
"5938162979",2421636,"Kaloula pulchra Gray, 1831","SPECIES",1.410587,103.778357
"5938162981",1946917,"Iambrix salsala (Moore, 1865)","SPECIES",1.320859,103.769375
"5938162985",2480830,"Ardea ibis Linnaeus, 1758","SPECIES",32.733363,35.275625
"5938163059",1080502,"Protaetia aurichalcea (Fabricius, 1775)","SPECIES",7.276059,80.638435
"5938163113",2492851,"Lanius vittatus Valenciennes, 1826","SPECIES",22.826526,72.106732
"5938163114",1919380,"Delias henningia Eschscholtz, 1821","SPECIES",14.179949,120.88987
"5938163129",1808381,"Amata cyssea Stoll, 1782","SPECIES",9.030256,76.896108
"5938163139",6130812,"Coelophora saucia","SPECIES",36.548863,116.824343
"5938163153",5420901,"Punica granatum L.","SPECIES",35.011792,135.765065
"5938163169",8135150,"Trichosanthes cucumeroides (Ser.) Maxim. ex Franch. & Sav.","SPECIES",22.655532,120.259513
"5938163172",4648609,"Cherax quadricarinatus (von Martens, 1868)","SPECIES",1.424297,103.838591
"5938163184",2486116,"Pycnonotus xanthopygos (Hemprich & Ehrenberg, 1833)","SPECIES",32.05975,34.811263
"5938163207",2486222,"Spizixos semitorques Swinhoe, 1861","SPECIES",33.240769,107.534765
"5938163230",2149490,"Nephila pilipes (Fabricius, 1793)","SPECIES",-7.680479,110.354198
"5938163235",5170750,"Argyrodes fissifrons O.Pickard-Cambridge, 1869","SPECIES",1.446408,103.72545
"5938163268",5275415,"Pteris multifida Poir.","SPECIES",25.131031,121.505072
"5938163272",7291057,"Elaeocarpus decipiens F.B.Forbes & Hemsl.","SPECIES",25.132289,121.513739
"5938163276",5231198,"Passer montanus (Linnaeus, 1758)","SPECIES",56.710094,60.834363
"5938163278",1945715,"Tagiades japetus (Stoll, 1781)","SPECIES",4.242971,101.322601
"5938163298",9797180,"Ardea cinerea Linnaeus, 1758","SPECIES",22.637928,113.864603
"5938163881",9705453,"Parus major Linnaeus, 1758","SPECIES",53.798293,86.985495
"5938163891",2491534,"Emberiza citrinella Linnaeus, 1758","SPECIES",53.559156,83.911571
"5938163966",6101127,"Trochalopteron morrisonianum Ogilvie-Grant, 1906","SPECIES",24.49287,121.536195
"5938163980",2440931,"Hydropotes inermis Swinhoe, 1870","SPECIES",36.796331,127.584926
"5938164025",2879798,"Quercus longinux Hayata","SPECIES",24.371139,120.913619
"5938164038",2494543,"Pyrrhula pyrrhula (Linnaeus, 1758)","SPECIES",56.47325,84.953453
"5938164083",2484916,"Sitta europaea Linnaeus, 1758","SPECIES",56.015179,69.48117
"5938164093",2474416,"Porphyrio poliocephalus (Latham, 1801)","SPECIES",24.555404,117.989835
"5938164096",1910629,"Hypolimnas bolina (Linnaeus, 1758)","SPECIES",11.594493,77.672977
"5938164490",2495486,"Geopelia striata (Linnaeus, 1766)","SPECIES",13.696908,100.6053
"5938164498",7340196,"Otus lettia (Hodgson, 1836)","SPECIES",1.31384,103.815914
"5938164503",4687389,"Eudocima materna (Linnaeus, 1767)","SPECIES",11.004464,76.993422
"5938164529",4097810,"Dipteris conjugata Reinw.","SPECIES",16.394202,120.612571
"5938164532",2497509,"Strix uralensis Pallas, 1771","SPECIES",53.180235,80.580898
"5938164534",5380873,"Melanolepis multiglandulosa (Reinw. ex Blume) Rchb. & Zoll.","SPECIES",22.640417,120.27388
"5938164538",2480934,"Ardea purpurea Linnaeus, 1766","SPECIES",1.365157,103.835224
"5938164629",3033261,"Anemone coronaria L.","SPECIES",32.304386,34.878708
"5938164677",5341747,"Operculina turpethum (L.) Silva Manso","SPECIES",23.113112,120.324952
"5938164694",1341979,"Apis cerana Fabricius, 1793","SPECIES",25.016167,121.539131
"5938164749",1754497,"Prosopandrophila distincta (Guérin-Méneville, 1843)","SPECIES",12.538951,124.270786
"5938164751",2436603,"Macaca fascicularis (Raffles, 1821)","SPECIES",1.29024,103.843467
"5938164760",5359866,"Flemingia macrophylla (Willd.) Kuntze ex Merr.","SPECIES",24.961883,121.626494
"5938164762",8212150,"Hedyotis prostrata Blume","SPECIES",1.342978,103.824013
"5938164767",2486789,"Lalage melaschistos (Hodgson, 1836)","SPECIES",24.57987,117.903275
"5938164776",7468660,"Asystasia intrusa (Forssk.) Blume","SPECIES",6.869619,81.041481
"5938164789",1427783,"Neurothemis fluctuans (Fabricius, 1793)","SPECIES",1.334624,103.817803
"5938164807",5136713,"Euploea core (Cramer, 1780)","SPECIES",22.458992,114.19883
"5938164808",8000602,"Mareca penelope (Linnaeus, 1758)","SPECIES",28.3712,119.81772
"5938164813",2480905,"Ardeola grayii (Sykes, 1832)","SPECIES",12.804274,80.245152
"5938164814",9916153,"Caleta elna","SPECIES",1.334624,103.817803
"5938164825",7529528,"Bambusicola sonorivox Gould, 1863","SPECIES",23.754038,120.624303
"5938164853",5231223,"Phoenicurus auroreus (Pallas, 1776)","SPECIES",23.289702,113.719609
"5938164941",5219173,"Canis familiaris Linnaeus, 1758","SPECIES",52.548275,85.229088
"5938164943",2444513,"Trimeresurus stejnegeri Schmidt, 1925","SPECIES",22.976422,120.518892
"5938164947",5275373,"Dicranopteris linearis (Burm.fil.) Underw.","SPECIES",24.998919,121.40135
"5938164955",6529074,"Bathytormus radiatus (G.B.Sowerby I, 1825)","SPECIES",1.388333,104.001389
"5938164975",2294275,"Eobania vermiculata (O.F.Müller, 1774)","SPECIES",34.872513,32.34182
"5938164976",2497266,"Athene noctua (Scopoli, 1769)","SPECIES",24.759274,55.25188
"5938165000",2619225,"Ampelomyces quisqualis Ces.","SPECIES",36.216467,120.467325
"5938165017",2480934,"Ardea purpurea Linnaeus, 1766","SPECIES",1.365566,103.835082
"5938165033",1919340,"Catopsilia pomona (Fabricius, 1775)","SPECIES",22.380295,113.958781
"5938165040",2488953,"Oriolus traillii (Vigors, 1832)","SPECIES",30.441508,77.677328
"5938165049",4060073,"Hormuzakia aggregata (Lehm.) Gusul.","SPECIES",31.932973,34.783253
"5938165055",2149679,"Holocnemus pluchei (Scopoli, 1763)","SPECIES",31.792102,35.15826
"5938165060",9260388,"Malayopython reticulatus (Schneider, 1801)","SPECIES",13.740544,100.445978
"5938165070",4096596,"Dipterocarpus alatus Roxb.","SPECIES",13.513638,103.881174
"5938165155",2396399,"Pomacanthus semicirculatus (Cuvier, 1831)","SPECIES",25.018334,121.999245
"5938165175",5219558,"Presbytis thomasi (Collett, 1893)","SPECIES",3.478045,98.031404
"5938165181",9717283,"Cecropis daurica (Laxmann, 1769)","SPECIES",-7.310924,112.823211
"5938165199",2482059,"Podiceps auritus (Linnaeus, 1758)","SPECIES",38.280273,141.456854
"5938165205",5332388,"Lithocarpus glaber (Thunb.) Nakai","SPECIES",24.95083,121.535513
"5938165211",9705453,"Parus major Linnaeus, 1758","SPECIES",56.713714,61.132265
"5938165214",4036385,"Persicaria chinensis (L.) H.Gross","SPECIES",25.159399,121.707483
"5938165225",2480876,"Egretta garzetta (Linnaeus, 1766)","SPECIES",6.929572,79.850358
"5938165231",10719202,"Oldenlandia hedyotidea (DC.) Hand.-Mazz.","SPECIES",22.862671,120.660253
"5938165236",2494543,"Pyrrhula pyrrhula cineracea Cabanis, 1872","SUBSPECIES",55.96368,92.740537
"5938165241",2889828,"Viscum album L.","SPECIES",44.473067,38.224419
"5938165243",2480876,"Egretta garzetta (Linnaeus, 1766)","SPECIES",30.268056,120.06629
"5938165250",2486222,"Spizixos semitorques Swinhoe, 1861","SPECIES",30.268056,120.06629
"5938165251",8332393,"Spatula clypeata (Linnaeus, 1758)","SPECIES",23.552097,119.606385
"5938165494",2477968,"Dendrocopos major (Linnaeus, 1758)","SPECIES",56.770334,60.700824
"5938165496",NA,"Lophospiza Kaup, 1844","GENUS",19.403564,98.921192
"5938165500",2484710,"Dicaeum cruentatum (Linnaeus, 1758)","SPECIES",19.124958,108.656787
"5938165505",8298495,"Galinsoga quadriradiata Ruiz & Pav.","SPECIES",24.238747,120.909538
"5938165569",2549834,"Ganoderma applanatum (Pers.) Pat.","SPECIES",35.69817,139.482157
"5938165570",5231223,"Phoenicurus auroreus (Pallas, 1776)","SPECIES",32.119761,118.578863
"5938165580",3084036,"Rhipsalis baccifera (J.S.Muell.) Stearn","SPECIES",24.958963,121.53743
"5938165636",5380041,"Ricinus communis L.","SPECIES",34.757512,32.421872
"5938165652",5415352,"Hygrophila auriculata (Schumach.) Heine","SPECIES",12.867451,79.278236
"5938165665",2492846,"Lanius cristatus Linnaeus, 1758","SPECIES",25.099993,121.457878
"5938165681",2489005,"Acridotheres tristis (Linnaeus, 1766)","SPECIES",18.790198,110.516905
"5938165688",3780263,"Rostellularia hayatae (Yamam.) S.S.Ying","SPECIES",25.162496,121.707538
"5938165690",10514274,"Wisteriopsis reticulata (Benth.) J.Compton & Schrire","SPECIES",25.130939,121.505181
"5938165700",5219173,"Canis familiaris Linnaeus, 1758","SPECIES",51.034411,85.600967
"5938165701",2755618,"Dioscorea cirrhosa Lour.","SPECIES",25.130747,121.516342
"5938165702",3188511,"Melastoma candidum D.Don","SPECIES",25.130075,121.519319
"5938165710",2426861,"Hylarana spinulosa (Smith, 1923)","SPECIES",18.667619,108.806684
"5938165711",1904272,"Thaumantis diores Doubleday, 1845","SPECIES",18.740239,108.858467
"5938165715",2490737,"Turdus pilaris Linnaeus, 1758","SPECIES",53.345641,83.666884
"5938165721",2650999,"Matteuccia struthiopteris (L.) Tod.","SPECIES",53.180341,83.310929
"5938165723",2481104,"Phoeniconaias minor (É.Geoffroy Saint-Hilaire, 1798)","SPECIES",24.559563,71.313599
"5938166308",2482515,"Corvus cornix Linnaeus, 1758","SPECIES",51.836886,79.833497
"5938166310",5845386,"Pastor roseus (Linnaeus, 1758)","SPECIES",21.370947,76.64796
"5938166392",3149462,"Tridax procumbens L.","SPECIES",17.420413,78.547705
"5938166404",5648124,"Pyrrosia lanceolata (L.) Farw.","SPECIES",22.02105,120.838996
"5938166408",2169064,"Menemerus bivittatus (Dufour, 1831)","SPECIES",1.424297,103.838591
"5938166415",2498343,"Cygnus olor (J.F.Gmelin, 1789)","SPECIES",52.302297,85.644682
"5938166455",2874570,"Cucumis melo L.","SPECIES",-6.155994,106.630152
"5938166472",2482515,"Corvus cornix Linnaeus, 1758","SPECIES",51.932047,85.328764
"5938166496",1428645,"Orthetrum sabina (Drury, 1773)","SPECIES",24.729753,121.688308
"5938166574",2484678,"Aethopyga christinae Swinhoe, 1869","SPECIES",26.160175,119.286649
"5938166633",9362027,"Mareca strepera (Linnaeus, 1758)","SPECIES",23.327011,120.170479
"5938166666",1774598,"Asota heliconia (Linnaeus, 1758)","SPECIES",26.523833,128.044586
"5938166668",6055063,"Tectaria polymorpha (Wall. ex Hook.) Copel.","SPECIES",23.558508,120.654423
"5938166674",3595552,"Helianthemum stipulatum (Forssk.) C.Chr.","SPECIES",33.077878,35.108672
"5938166681",1884051,"Bocchoris inspersalis Zeller, 1852","SPECIES",10.41876,79.386148
"5938166698",5241128,"Schizophyllum commune Fr.","SPECIES",29.750238,121.681397
"5938166718",5301979,"Alpinia zerumbet (Pers.) B.L.Burtt & R.M.Sm.","SPECIES",25.132267,121.513747
"5938166721",7843710,"Reishia bitubercularis (Lamarck, 1822)","SPECIES",1.259895,103.806885
"5938167039",2497509,"Strix uralensis Pallas, 1771","SPECIES",55.558198,84.494722
"5938167044",9705453,"Parus major Linnaeus, 1758","SPECIES",55.332004,61.569939
"5938167087",6101070,"Parus cinereus Vieillot, 1818","SPECIES",12.881619,77.688651
"5938167109",2495414,"Columba livia var. domestica J.F.Gmelin, 1789","VARIETY",12.957147,77.719728
"5938167154",6101224,"Spilopelia chinensis (Scopoli, 1786)","SPECIES",1.405538,103.789545
"5938167157",5193729,"Acanthopleura gemmata (Blainville, 1825)","SPECIES",1.259895,103.806885
"5938168019",10967955,"Merops cyanophrys (Cabanis & Heine, 1860)","SPECIES",23.563916,58.334094
"5938168040",5141187,"Graphium agamemnon (Linnaeus, 1758)","SPECIES",12.960813,77.526152
"5938168045",7299714,"Lycianthes biflora (Lour.) Bitter","SPECIES",25.155406,121.709842
"5938168053",1341976,"Apis mellifera Linnaeus, 1758","SPECIES",32.778018,35.119913
"5938168071",6198302,"Amata huebneri (Boisduval)","SPECIES",1.319423,103.750388
"5938168102",2494543,"Pyrrhula pyrrhula (Linnaeus, 1758)","SPECIES",56.105731,69.448064
"5938168120",2492537,"Calliope calliope (Pallas, 1776)","SPECIES",25.018204,121.503642
"5938168162",2481713,"Tringa glareola Linnaeus, 1758","SPECIES",24.321003,120.551681
"5938168172",2490303,"Motacilla tschutschensis Gmelin, 1789","SPECIES",21.336842,76.506083
"5938168187",2484605,"Bombycilla garrulus (Linnaeus, 1758)","SPECIES",56.861399,60.689769
"5938168193",2493970,"Dicrurus macrocercus Vieillot, 1817","SPECIES",15.293766,73.909387
"5938168194",2426947,"Hylarana latouchii (Boulenger, 1899)","SPECIES",25.915644,119.146828
"5938168197",9687165,"Motacilla alba Linnaeus, 1758","SPECIES",35.765182,139.448618
"5938168202",2482513,"Corvus frugilegus Linnaeus, 1758","SPECIES",52.444712,85.461983
"5938168203",7848380,"Cyrtodactylus australotitiwangsaensis Grismer, Wood Jr, Quah, Anuar, Muin, Sumontha, Ahmad, Bauer, Wangkulangkul, Grismer & Pauwels, 2012","SPECIES",3.716658,101.752694
"5938168212",5130476,"Junonia hedonia (Linnaeus, 1764)","SPECIES",1.320859,103.769375
"5938168249",2484605,"Bombycilla garrulus (Linnaeus, 1758)","SPECIES",56.106885,69.449979
"5938168262",8351644,"Horornis canturians (Swinhoe, 1860)","SPECIES",25.018189,121.503647
"5938168299",1935849,"Zemeros flegyas Cramer, 1780","SPECIES",22.265406,114.242432
"5938168300",5806412,"Leptotes plinius (Fabricius, 1793)","SPECIES",12.891503,77.592306
"5938168623",8000602,"Mareca penelope (Linnaeus, 1758)","SPECIES",23.494019,120.152664
"5938168656",2482492,"Corvus corax Linnaeus, 1758","SPECIES",55.40912,61.030856
"5938168676",5361909,"Ficus carica L.","SPECIES",34.892055,32.34183
"5938168742",5361904,"Ficus racemosa L.","SPECIES",11.684133,78.177911
"5938168747",3170241,"Asclepias curassavica L.","SPECIES",23.592721,120.379399
"5938168775",1429465,"Camacinia gigantea (Brauer, 1867)","SPECIES",1.412078,103.97442
"5938168778",8303724,"Rubus croceacanthus H.Lév.","SPECIES",24.379439,120.912353
"5938168795",2492675,"Copsychus malabaricus (Scopoli, 1786)","SPECIES",24.742225,120.978088
"5938168837",2480876,"Egretta garzetta (Linnaeus, 1766)","SPECIES",24.786125,120.913818
"5938168949",9273219,"Lanius schach Linnaeus, 1758","SPECIES",26.066383,119.260108
"5938168963",8053189,"Ficus ampelos Burm.fil.","SPECIES",23.557512,120.655822
"5938168965",2482487,"Corvus macrorhynchos japonensis Bonaparte, 1850","SUBSPECIES",35.660034,139.762768
"5938168979",2486150,"Pycnonotus sinensis (Gmelin, 1789)","SPECIES",36.062194,120.331386
"5938168987",2436535,"Trachypithecus obscurus (Reid, 1837)","SPECIES",11.632177,99.848268
"5938168997",7741076,"Euchelus asper (Gmelin, 1791)","SPECIES",19.086611,72.825074
"5938169016",5229126,"Himantopus himantopus (Linnaeus, 1758)","SPECIES",12.717904,80.212587
"5938169026",5231759,"Prunella montanella (Pallas, 1776)","SPECIES",40.080109,116.048818
"5938169082",2494422,"Fringilla coelebs Linnaeus, 1758","SPECIES",44.436169,38.193186
"5938169083",1866568,"Antheraea yamamai Guérin-Méneville, 1861","SPECIES",36.691997,127.038292
"5938169142",1918584,"Lebadea martha Fabricius, 1787","SPECIES",17.16366,102.699305
"5938169149",1910629,"Hypolimnas bolina (Linnaeus, 1758)","SPECIES",22.274083,113.995652
"5938169167",1919741,"Cepora nerissa (Fabricius, 1775)","SPECIES",19.141906,72.964628
"5938169172",2436615,"Macaca cyclopis (Swinhoe, 1863)","SPECIES",25.143233,121.542013
"5938169173",2151599,"Metellina merianae (Scopoli, 1763)","SPECIES",37.676882,30.519312
"5938169177",5359843,"Flemingia strobilifera (L.) W.T.Aiton","SPECIES",22.654063,120.268112
"5938169178",9752617,"Ardea alba Linnaeus, 1758","SPECIES",12.918313,77.680097
"5938169179",4011580,"Bolbitis rhizophylla (Kaulf.) Hennipman","SPECIES",23.373739,120.79351
"5938169182",5231223,"Phoenicurus auroreus (Pallas, 1776)","SPECIES",22.45548,114.048744
"5938169186",2493090,"Phylloscopus proregulus (Pallas, 1811)","SPECIES",22.409324,114.104524
"5938169188",2789676,"Cremastra appendiculata (D.Don) Makino","SPECIES",24.446708,121.285519
"5938169189",2432087,"Galeopterus variegatus (Audebert, 1799)","SPECIES",1.350129,103.778415
"5938169195",9752617,"Ardea alba Linnaeus, 1758","SPECIES",18.759129,98.936609
"5938169200",2157245,"Steatoda grossa (C.L.Koch, 1838)","SPECIES",38.403978,27.118342
"5938169202",8294007,"Turdus naumanni Temminck, 1820","SPECIES",30.254034,120.123515
"5938169210",2443552,"Melanochelys trijuga (Schweigger, 1812)","SPECIES",9.788763,76.303552
"5938169382",1901428,"Athyma ranga Moore, 1857","SPECIES",12.838702,75.382206
"5938169389",1405951,"Hierodula patellifera Serville, 1839","SPECIES",36.638543,117.118949
"5938169391",2169064,"Menemerus bivittatus (Dufour, 1831)","SPECIES",16.808145,100.303178
"5938169423",2481047,"Falco peregrinus Tunstall, 1771","SPECIES",22.609095,88.463621
"5938170035",9687165,"Motacilla alba lugens Gloger, 1829","SUBSPECIES",35.639086,139.456915
"5938170036",7331731,"Torenia concolor Lindl.","SPECIES",23.060061,120.73033
"5938170043",2400831,"Ellochelon vaigiensis (Quoy & Gaimard, 1825)","SPECIES",22.276133,114.295578
"5938170061",2481870,"Urile pelagicus pelagicus","SUBSPECIES",43.662643,145.134219
"5938170077",5130476,"Junonia hedonia (Linnaeus, 1764)","SPECIES",1.341861,103.834638
"5938170137",2435035,"Felis catus Linnaeus, 1758","SPECIES",35.714989,51.414186
"5938170302",6370562,"Cleome viscosa L.","SPECIES",20.241614,109.9214
"5938170341",NA,"Anarhynchus Quoy & Gaimard, 1832","GENUS",1.283547,103.879617
"5938170404",2477968,"Dendrocopos major (Linnaeus, 1758)","SPECIES",56.859764,60.682195
"5938170777",1949336,"Udaspes folus (Cramer, 1775)","SPECIES",1.334624,103.817803
"5938170789",2494329,"Coccothraustes coccothraustes (Linnaeus, 1758)","SPECIES",52.025303,85.868753
"5938170804",5356354,"Ceratonia siliqua L.","SPECIES",34.893692,32.342055
"5938170895",8641010,"Lycodon aulicus (Linnaeus, 1758)","SPECIES",7.216151,80.593199
"5938171084",2481800,"Actitis hypoleucos (Linnaeus, 1758)","SPECIES",3.245871,113.01656
"5938171119",5133689,"Ariadne ariadne (Linnaeus, 1763)","SPECIES",22.587304,114.377305
"5938171142",6101015,"Chloris sinica (Linnaeus, 1766)","SPECIES",35.945466,139.811326
"5938171143",4038945,"Polystichum formosanum Rosenst.","SPECIES",24.379239,120.909403
"5938171148",2174173,"Phintella vittata (C.L.Koch, 1846)","SPECIES",1.424297,103.838591
"5938171185",9705453,"Parus major Linnaeus, 1758","SPECIES",56.493991,84.983108
"5938171198",5137926,"Appias libythea (Fabricius, 1775)","SPECIES",-0.975274,119.956775
"5938171266",7339073,"Sarcandra glabra (Thunb.) Nakai","SPECIES",22.419998,114.061096
"5938171280",1919534,"Delias pasithoe (Linnaeus, 1758)","SPECIES",23.416133,101.679638
"5938171292",2490669,"Galerida cristata (Linnaeus, 1758)","SPECIES",44.45991,38.081607
"5938171297",9362027,"Mareca strepera (Linnaeus, 1758)","SPECIES",36.814358,126.282587
"5938171493",5845386,"Pastor roseus (Linnaeus, 1758)","SPECIES",11.709213,78.191376
"5938171575",7346430,"Spalgis epius","SPECIES",1.325708,103.830362
"5938172311",2480564,"Buteo rufinus (Cretzschmar, 1829)","SPECIES",42.370153,69.620445
"5938172332",5229493,"Garrulus glandarius (Linnaeus, 1758)","SPECIES",53.802662,86.790257
"5938172358",2494402,"Mycerobas carnipes (Hodgson, 1836)","SPECIES",43.044833,76.944559
"5938172368",2495486,"Geopelia striata (Linnaeus, 1766)","SPECIES",-7.656737,110.379845
"5938172414",2477968,"Dendrocopos major (Linnaeus, 1758)","SPECIES",56.829713,86.623884
"5938172432",2481800,"Actitis hypoleucos (Linnaeus, 1758)","SPECIES",11.818072,75.432014
"5938172451",6101224,"Spilopelia chinensis (Scopoli, 1786)","SPECIES",13.803195,100.372842
"5938172458",3590783,"Camellia crapnelliana Tutcher","SPECIES",22.523196,114.062796
"5938172499",6100944,"Spodiopsar cineraceus (Temminck, 1835)","SPECIES",35.993019,119.404488
"5938172502",10099400,"Tectaria membranacea (Hook.) Fraser-Jenk. & Kholia","SPECIES",23.557414,120.656117
"5938172518",7422937,"Bubalus bubalis (Linnaeus, 1758)","SPECIES",18.699608,108.811075
"5938172549",2493598,"Lonchura punctulata (Linnaeus, 1758)","SPECIES",22.507645,114.110906
"5938172568",8862332,"Scyris indica Cuvier & Valenciennes, 1833","SPECIES",1.29385,103.896725
"5938172685",5229131,"Vanellus indicus (Boddaert, 1783)","SPECIES",27.031872,75.8877
"5938172700",7690055,"Carpodacus sibiricus (Pallas, 1773)","SPECIES",54.724445,83.065689
"5938172703",5421133,"Sapindus mukorossi Gaertn.","SPECIES",24.885351,121.285093
"5938172705",1928908,"Jamides bochus Stoll, 1782","SPECIES",22.376513,114.048911
"5938172708",2470685,"Varanus salvator macromaculatus Deraniyagala, 1944","SUBSPECIES",1.320859,103.769375
"5938172713",2486187,"Hemixos castanonotus Swinhoe, 1870","SPECIES",22.409324,114.104524
"5938172725",5382985,"Breynia vitis-idaea (Burm.f.) C.E.C.Fisch.","SPECIES",24.800814,120.916568
"5938172731",9506131,"Myrmaplata plataleoides (O.Pickard-Cambridge, 1869)","SPECIES",18.743161,99.723267
"5938172737",7346444,"Zizina otis (Fabricius, 1787)","SPECIES",-0.975274,119.956775
"5938172759",5670646,"Urtica pilulifera L.","SPECIES",38.605228,27.419022
"5938172839",10777640,"Emberiza personata Temminck, 1836","SPECIES",35.638171,139.464238
"5938172867",5275398,"Pteris vittata L.","SPECIES",24.986992,121.320992
"5938172874",6085719,"Rallus indicus Blyth, 1849","SPECIES",35.656092,139.444233
"5938172884",7340537,"Argya striata (Dumont, 1823)","SPECIES",25.406964,81.847154
"5938172896",1895499,"Elymnias hypermnestra Linnaeus, 1763","SPECIES",1.424297,103.838591
"5938172898",1341979,"Apis cerana Fabricius, 1793","SPECIES",1.334624,103.817803
"5938172918",2482048,"Tachybaptus ruficollis (Pallas, 1764)","SPECIES",31.442899,120.207856
"5938172920",3606090,"Lindsaea bonii Christ","SPECIES",25.180031,121.557159
"5938172924",5137858,"Eurema simulatrix (Staudinger, 1891)","SPECIES",5.41273,100.781947
"5938172932",2495093,"Cinclus cinclus (Linnaeus, 1758)","SPECIES",51.917137,85.349969
"5938172940",8214667,"Anas crecca Linnaeus, 1758","SPECIES",25.155166,121.270366
"5938173010",5229131,"Vanellus indicus (Boddaert, 1783)","SPECIES",23.543708,58.347402
"5938173022",5231223,"Phoenicurus auroreus (Pallas, 1776)","SPECIES",25.062128,121.930537
"5938173043",5137849,"Eurema hecabe (Linnaeus, 1758)","SPECIES",1.319423,103.750388
"5938173045",6065824,"Chroicocephalus ridibundus (Linnaeus, 1766)","SPECIES",35.635236,139.857433
"5938173050",5130814,"Euthalia aconthea Cramer, 1779","SPECIES",12.982958,79.272521
"5938173062",4113099,"Arundinella hirta (Thunb.) Tanaka","SPECIES",24.828664,121.042281
"5938173069",2436615,"Macaca cyclopis (Swinhoe, 1863)","SPECIES",25.143236,121.54203
"5938173103",2480934,"Ardea purpurea Linnaeus, 1766","SPECIES",1.357849,103.849633
"5938173105",2484605,"Bombycilla garrulus (Linnaeus, 1758)","SPECIES",55.385247,86.092055
"5938173131",1921009,"Rapala manea (Hewitson, 1863)","SPECIES",22.228966,114.117285
"5938173156",2890541,"Geranium purpureum Vill.","SPECIES",32.303847,34.879371
"5938173307",2482048,"Tachybaptus ruficollis (Pallas, 1764)","SPECIES",34.549044,112.476496
"5938173317",5231774,"Cinclus pallasii pallasii Temminck, 1820","SUBSPECIES",43.588809,144.724454
"5938173321",5845386,"Pastor roseus (Linnaeus, 1758)","SPECIES",23.030242,72.57593
"5938173325",2474950,"Grus grus (Linnaeus, 1758)","SPECIES",40.411057,115.85835
"5938173336",4359320,"Stylocheilus striatus (Quoy & Gaimard, 1832)","SPECIES",25.018073,121.999128
"5938173340",2484608,"Bombycilla japonica (Siebold, 1824)","SPECIES",32.148957,119.484191
"5938173359",2473958,"Perdix perdix (Linnaeus, 1758)","SPECIES",53.248385,80.802235
"5938173380",5130521,"Junonia lemonias (Linnaeus, 1758)","SPECIES",8.395218,80.625289
"5938173404",11273070,"Ortygornis pondicerianus (J.F.Gmelin, 1789)","SPECIES",22.822983,72.107057
"5938173446",1939215,"Pachliopta hector (Linnaeus, 1758)","SPECIES",6.438556,80.857102
"5938173450",1920496,"Pieris rapae (Linnaeus, 1758)","SPECIES",32.098854,34.947345
"5938173475",5231198,"Passer montanus (Linnaeus, 1758)","SPECIES",56.099723,69.433343
"5938173588",1919340,"Catopsilia pomona (Fabricius, 1775)","SPECIES",1.427928,103.839939
"5938173591",1919340,"Catopsilia pomona (Fabricius, 1775)","SPECIES",1.427928,103.839939
"5938173595",7690055,"Carpodacus sibiricus (Pallas, 1773)","SPECIES",51.747359,84.053717
"5938173600",5212106,"Amphiprion ocellaris Cuvier, 1830","SPECIES",1.21287,103.835907
"5938173610",3591233,"Eurya crenatifolia (Yamam.) Kobuski","SPECIES",24.854426,121.739413
"5938173716",2684517,"Juniperus rigida Siebold & Zucc.","SPECIES",37.661485,127.018701
"5938173717",2489010,"Acridotheres cristatellus (Linnaeus, 1758)","SPECIES",30.310051,113.873853
"5938173726",2435520,"Suncus murinus (Linnaeus, 1766)","SPECIES",22.853898,121.18624
"5938173729",2486118,"Pycnonotus zeylanicus (Gmelin, 1789)","SPECIES",1.235916,103.790145
"5938173754",2651816,"Adiantum capillus-veneris L.","SPECIES",25.131033,121.505072
"5938173766",9249842,"Diospyros morrisiana Hance ex Walp.","SPECIES",25.130633,121.51905
"5938173772",6133158,"Isocentris filalis Guenée, 1854","SPECIES",10.82837,76.211388
"5938173779",5216933,"Rhinella marina (Linnaeus, 1758)","SPECIES",10.096717,124.899703
"5938173784",6101224,"Spilopelia chinensis (Scopoli, 1786)","SPECIES",-6.175392,106.827153
"5938173787",5035187,"Solenopsis geminata (Fabricius, 1804)","SPECIES",10.220246,76.201084
"5938173830",5219624,"Erinaceus concolor Martin, 1838","SPECIES",31.898936,34.806915
"5938174394",2491522,"Emberiza spodocephala Pallas, 1776","SPECIES",26.066392,119.260117
"5938174418",5615707,"Angiopteris lygodiifolia Rosenst.","SPECIES",23.538492,120.688159
"5938174424",5231190,"Passer domesticus (Linnaeus, 1758)","SPECIES",54.733845,83.043308
"5938174433",2161302,"Stasina planithorax Simon, 1897","SPECIES",1.399853,103.806938
"5938174436",8047443,"Begonia palmata D.Don","SPECIES",23.54279,120.684923
"5938174446",NA,"Ardea Linnaeus, 1758","GENUS",10.797467,77.108606
"5938174459",3086412,"Peperomia pellucida (L.) Kunth","SPECIES",-6.286783,106.697113
"5938174460",11047823,"Heptapleurum heptaphyllum (L.) Y.F.Deng","SPECIES",25.091312,121.582437
"5938174461",5891984,"Pseudobiceros hymanae Newman & Cannon, 1997","SPECIES",1.226074,103.746677
"5938174465",2492650,"Niltava grandis (Blyth, 1842)","SPECIES",19.958043,99.001671
"5938174486",5285710,"Pinus brutia Ten.","SPECIES",35.059528,32.326092
"5938175133",9750846,"Oriolus chinensis Linnaeus, 1766","SPECIES",1.340338,103.730032
"5938175169",NA,"Phlogiellus Pocock, 1897","GENUS",22.389752,114.320072
"5938175179",9809229,"Sturnus vulgaris Linnaeus, 1758","SPECIES",35.713998,51.412055
"5938175183",11215948,"Lygosoma siamense Siler, Heitz, Davis, Freitas, Aowphol, Termprayoon & Grismer, 2018","SPECIES",13.451087,99.944472
"5938175198",4596824,"Nembrotha cristata Bergh, 1877","SPECIES",4.246685,118.63113
"5938175204",2431139,"Hynobius yiwuensis Cai, 1985","SPECIES",30.038081,122.339148
"5938175210",2480805,"Platalea minor Temminck & Schlegel, 1849","SPECIES",24.901171,120.947892
"5938175212",2382436,"Toxotes jaculatrix (Pallas, 1767)","SPECIES",6.405001,99.858713
"5938175223",2493598,"Lonchura punctulata (Linnaeus, 1758)","SPECIES",25.130905,121.49047
"5938175343",1897685,"Parantica aglea (Stoll, 1782)","SPECIES",22.534618,114.077776
"5938175430",2489005,"Acridotheres tristis (Linnaeus, 1766)","SPECIES",9.559781,100.033368
"5938175450",2227619,"Pilumnus vespertilio (Fabricius, 1793)","SPECIES",1.259895,103.806885
"5938175497",9362027,"Mareca strepera (Linnaeus, 1758)","SPECIES",44.67429,37.798832
"5938175567",4353411,"Gomphosus klunzingeri Klausewitz","SPECIES",27.913431,34.349267
"5938175577",9752617,"Ardea alba Linnaeus, 1758","SPECIES",12.246164,99.929977
"5938175599",6718880,"Argiope dang Jäger & Praxaysombath, 2009","SPECIES",10.263446,106.35914
"5938175601",2394736,"Scatophagus argus (Linnaeus, 1766)","SPECIES",1.447482,103.729168
"5938175610",2874173,"Passiflora suberosa subsp. litoralis (Kunth) Port.-Utl. ex M.A.M.Azevedo, Baumgratz & Gonç.-Estev.","SUBSPECIES",25.130786,121.505319
"5938175613",8225728,"Daphne papyracea Wall. ex G.Don","SPECIES",22.434861,114.171475
"5938175619",2447367,"Gekko gecko (Linnaeus, 1758)","SPECIES",11.435907,107.428416
"5938175620",2498404,"Dendrocygna javanica (Horsfield, 1821)","SPECIES",8.395218,80.625289
"5938175623",2482515,"Corvus cornix Linnaeus, 1758","SPECIES",54.772034,83.069309
"5938175628",5335125,"Gardenia jasminoides J.Ellis","SPECIES",25.125756,121.519403
"5938175928",1921009,"Rapala manea (Hewitson, 1863)","SPECIES",22.374835,113.937141
"5938175933",10924135,"Lycodon subannulatus (Duméril, Bibron & Duméril, 1854)","SPECIES",6.423547,99.683013
"5938175946",11352149,"Macracantha hasselti (C.L.Koch, 1837)","SPECIES",1.348297,103.776564
"5938176213",2490955,"Monticola solitarius philippensis (Statius Muller, 1776)","SUBSPECIES",36.560903,136.680113
"5938176253",2475410,"Merops orientalis Latham, 1801","SPECIES",23.487694,72.657022
"5938176771",3086412,"Peperomia pellucida (L.) Kunth","SPECIES",-7.365393,112.754353
"5938176790",6066512,"Microcarbo niger (Vieillot, 1817)","SPECIES",17.435375,78.391886
"5938176878",5228199,"Gallinula chloropus (Linnaeus, 1758)","SPECIES",35.979126,119.403984
"5938176881",9506227,"Alocasia odora (G.Lodd.) Spach","SPECIES",23.828,120.80098
"5938176893",1428577,"Brachythemis contaminata (Fabricius, 1793)","SPECIES",17.434567,78.392058
"5938176901",8303724,"Rubus croceacanthus H.Lév.","SPECIES",24.379653,120.909133
"5938176904",2491538,"Emberiza cioides ciopsis Bonaparte, 1850","SUBSPECIES",35.46105,139.380471
"5938176926",2484605,"Bombycilla garrulus (Linnaeus, 1758)","SPECIES",53.361156,83.64122
"5938177173",8332393,"Spatula clypeata (Linnaeus, 1758)","SPECIES",24.810726,120.909988
"5938177176",2494441,"Fringilla montifringilla Linnaeus, 1758","SPECIES",36.551161,116.824648
"5938177240",5231759,"Prunella montanella (Pallas, 1776)","SPECIES",40.080906,116.043889
"5938177257",5231223,"Phoenicurus auroreus (Pallas, 1776)","SPECIES",26.53798,106.764397
"5938177263",1924298,"Acytolepis puspa (Horsfield, 1828)","SPECIES",22.428875,114.180886
"5938177287",5844385,"Buteo japonicus Temminck & Schlegel, 1844","SPECIES",42.366428,69.618885
"5938177297",5414335,"Primula vulgaris Huds.","SPECIES",41.676743,46.68503
"5938177303",2475742,"Todiramphus chloris (Boddaert, 1783)","SPECIES",1.338715,103.731162
"5938177305",2928531,"Ipomoea cairica (L.) Sweet","SPECIES",23.82778,120.800622
"5938177308",3819030,"Aeschynanthus acuminatus Wall. ex A.DC.","SPECIES",23.573429,120.615964
"5938177310",5141187,"Graphium agamemnon (Linnaeus, 1758)","SPECIES",2.254346,111.84122
"5938177316",2486132,"Pycnonotus leucotis (Gould, 1836)","SPECIES",23.589515,58.165615
"5938177321",2494998,"Aegithalos concinnus (Gould, 1855)","SPECIES",30.6446,104.184005
"5938177324",3056375,"Acalypha hispida Burm.f.","SPECIES",-7.621718,110.426767
"5938177346",2486625,"Hypothymis azurea (Boddaert, 1783)","SPECIES",12.000611,93.007095
"5938177350",4141484,"Achnatherum pekinense (Hance) Ohwi","SPECIES",36.534077,116.834978
"5938177352",2481713,"Tringa glareola Linnaeus, 1758","SPECIES",11.891788,77.771567
"5938177355",4757211,"Protaetia acuminata (Fabricius, 1775)","SPECIES",1.346144,103.760531
"5938177475",5335125,"Gardenia jasminoides J.Ellis","SPECIES",25.091203,121.581058
"5938177484",2481938,"Mycteria leucocephala (Pennant, 1769)","SPECIES",12.717904,80.212587
"5938177499",6101223,"Spilopelia senegalensis (Linnaeus, 1766)","SPECIES",25.376138,51.544247
"5938177527",2359706,"Rutilus lacustris (Pallas, 1814)","SPECIES",58.408568,68.456275
"5938178581",5408507,"Lobelia seguinii H.Lév. & Vaniot","SPECIES",22.622384,120.705152
"5938178616",2494036,"Ploceus manyar (Horsfield, 1821)","SPECIES",13.744109,100.811273
"5938178619",1341979,"Apis cerana Fabricius, 1793","SPECIES",24.6812,120.990087
"5938179150",1897692,"Parantica agleoides (C.Felder & R.Felder, 1860)","SPECIES",1.334624,103.817803
"5938179334",7642610,"Danaus chrysippus (Linnaeus, 1758)","SPECIES",1.319423,103.750388
"5938179338",2498061,"Anas zonorhyncha Swinhoe, 1866","SPECIES",25.090228,121.224049
"5938180003",2493054,"Phylloscopus borealoides Portenko, 1950","SPECIES",1.354781,103.77634
"5938180006",1868470,"Ernolatia moorei Hutton, 1865","SPECIES",25.048281,121.417067
"5938180035",2480905,"Ardeola grayii (Sykes, 1832)","SPECIES",13.753139,76.855628
"5938180042",9252702,"Habroloma lepidopterum (Deyrolle, 1864)","SPECIES",1.355152,103.797202
"5938180177",7631479,"Potentilla hebiichigo Yonek. & H.Ohashi","SPECIES",24.941697,121.367867
"5938180186",2487883,"Lophophanes cristatus (Linnaeus, 1758)","SPECIES",55.584617,60.423846
"5938180203",2477911,"Dendrocopos macei (Vieillot, 1818)","SPECIES",24.173542,89.06247
"5938180244",2925403,"Avicennia marina (Forssk.) Vierh.","SPECIES",23.178278,120.090524
"5938180247",2481236,"Hydroprogne caspia (Pallas, 1770)","SPECIES",24.554324,117.995952
"5938180257",2474377,"Fulica atra atra Linnaeus, 1758","SUBSPECIES",35.658849,139.764844
"5938180278",5040552,"Thyreus himalayensis (Radoszkowski, 1894)","SPECIES",1.334624,103.817803
"5938180280",2474936,"Grus virgo (Linnaeus, 1758)","SPECIES",35.031911,127.980933
"5938180283",2480899,"Egretta sacra (Gmelin, 1789)","SPECIES",22.277068,114.297045
"5938180289",3588353,"Passiflora vesicaria L.","SPECIES",22.449105,120.480197
"5938180293",2367196,"Cyprinus rubrofuscus Lacepède, 1803","SPECIES",25.000842,121.456256
"5938180300",2494543,"Pyrrhula pyrrhula (Linnaeus, 1758)","SPECIES",55.024692,73.58726
"5938180332",10704098,"Pica serica Gould, 1845","SPECIES",25.126601,121.487251
"5938180346",5535797,"Urceola rosea (Hook. & Arn.) D.J.Middleton","SPECIES",24.37193,120.808412
"5938180372",2495486,"Geopelia striata (Linnaeus, 1766)","SPECIES",12.702711,101.189361
"5938180376",2487871,"Periparus ater (Linnaeus, 1758)","SPECIES",37.464473,126.951682
"5938180379",2482492,"Corvus corax Linnaeus, 1758","SPECIES",53.771207,84.881276
"5938180381",9687165,"Motacilla alba Linnaeus, 1758","SPECIES",31.079615,121.181512
"5938180385",2482048,"Tachybaptus ruficollis (Pallas, 1764)","SPECIES",1.277922,103.866571
"5938180393",1897685,"Parantica aglea (Stoll, 1782)","SPECIES",19.260592,72.850511
"5938180396",8220278,"Psilopogon annamensis (Robinson & Kloss, 1919)","SPECIES",12.351196,107.004708
"5938180443",5231223,"Phoenicurus auroreus (Pallas, 1776)","SPECIES",23.292764,113.717135
"5938180521",2435035,"Felis catus Linnaeus, 1758","SPECIES",34.722555,112.603827
"5938180548",2491475,"Emberiza elegans Temminck, 1836","SPECIES",36.317405,127.353716
"5938180554",7308852,"Callicarpa kochiana Makino","SPECIES",24.809193,121.071754
"5938180561",3188511,"Melastoma candidum D.Don","SPECIES",25.162007,121.706842
"5938180565",2475452,"Merops philippinus Linnaeus, 1767","SPECIES",12.953475,80.244637
"5938180579",9104123,"Yungipicus moluccensis (J.F.Gmelin, 1788)","SPECIES",1.367431,103.829342
"5938180585",5788868,"Oenanthe chrysopygia (Filippi, 1863)","SPECIES",23.121831,57.615768
"5938180605",4193746,"Impatiens platypetala Lindl.","SPECIES",-6.633118,106.997377
"5938180634",2474950,"Grus grus (Linnaeus, 1758)","SPECIES",22.900637,72.092681
"5938180660",8351737,"Hedera helix L.","SPECIES",41.713621,44.796058
"5938180726",2496347,"Eudynamys scolopaceus (Linnaeus, 1758)","SPECIES",7.784127,100.109518
"5938180739",2481713,"Tringa glareola Linnaeus, 1758","SPECIES",-7.31084,112.823311
"5938180755",5034845,"Dolichoderus thoracicus (Smith, 1860)","SPECIES",1.445573,103.730423
"5938180759",5220127,"Capreolus pygargus (Pallas, 1771)","SPECIES",51.742191,84.138638
"5938180761",7673670,"Ficus aurantiaca var. parvifolia (Corner) Corner","VARIETY",22.076161,120.80127
"5938180765",2492680,"Copsychus saularis (Linnaeus, 1758)","SPECIES",25.413314,81.846528
"5938180769",7315881,"Ilex asprella (Hook. & Arn.) Champ. ex Benth.","SPECIES",25.133744,121.510086
"5938180770",3190008,"Dimocarpus longan Lour.","SPECIES",25.131958,121.514542
"5938180771",2436529,"Pygathrix nemaeus (Linnaeus, 1771)","SPECIES",16.073982,108.322671
"5938180780",7468624,"Pyrops coelestinus (Stål, 1863)","SPECIES",11.440014,107.429641
"5938180787",2492754,"Prinia sylvatica Jerdon, 1840","SPECIES",12.331988,80.015875
"5938181428",2374521,"Terapon jarbua (Forsskål, 1775)","SPECIES",22.102336,114.026367
"5938181433",2480841,"Gorsachius melanolophus (Raffles, 1822)","SPECIES",24.19486,120.780783
"5938181456",2447367,"Gekko gecko (Linnaeus, 1758)","SPECIES",13.365202,103.850439
"5938181460",2490244,"Anthus hodgsoni Richmond, 1907","SPECIES",36.369106,127.386476
"5938181477",2169625,"Pystira ephippigera (Simon, 1885)","SPECIES",1.348658,103.792103
"5938181484",2435035,"Felis catus Linnaeus, 1758","SPECIES",24.563033,120.708847
"5938181515",2362486,"Hypophthalmichthys nobilis (Richardson, 1845)","SPECIES",22.932976,112.86441
"5938181584",2481850,"Metopidius indicus (Latham, 1790)","SPECIES",22.443417,88.301768
"5938181659",2149490,"Nephila pilipes (Fabricius, 1793)","SPECIES",10.357703,76.887528
"5938181666",2970418,"Leucaena leucocephala (Lam.) de Wit","SPECIES",22.694303,121.065947
"5938181691",5040552,"Thyreus himalayensis (Radoszkowski, 1894)","SPECIES",1.334624,103.817803
"5938181712",1893998,"Faunis gracilis Butler, 1867","SPECIES",5.413961,100.781743
"5938181714",1911736,"Phaedyma columella (Cramer, 1782)","SPECIES",1.334624,103.817803
"5938181716",2498285,"Mergellus albellus (Linnaeus, 1758)","SPECIES",39.843183,116.21656
"5938181732",2475379,"Coracias benghalensis (Linnaeus, 1758)","SPECIES",22.148737,73.484473
"5938181763",3190583,"Pistacia lentiscus L.","SPECIES",34.921313,32.338355
"5938181827",1341979,"Apis cerana Fabricius, 1793","SPECIES",18.355662,100.320878
"5938181834",2492680,"Copsychus saularis (Linnaeus, 1758)","SPECIES",26.026517,119.20175
"5938181847",2474732,"Amaurornis phoenicurus phoenicurus (Pennant, 1769)","SUBSPECIES",19.965911,99.154263
"5938182323",2486144,"Pycnonotus goiavier (Scopoli, 1786)","SPECIES",13.816042,100.075583
"5938182364",2366298,"Gnathopogon elongatus elongatus (Temminck & Schlegel, 1846)","SUBSPECIES",35.386238,136.670158
"5938182372",2482054,"Podiceps cristatus (Linnaeus, 1758)","SPECIES",44.678897,37.801419
"5938182379",5231198,"Passer montanus (Linnaeus, 1758)","SPECIES",-6.244323,106.799967
"5938182398",3140510,"Lactuca indica L.","SPECIES",22.767731,120.698478
"5938182882",5035373,"Odontomachus simillimus Smith, 1858","SPECIES",10.041338,76.323008
"5938182901",2481800,"Actitis hypoleucos (Linnaeus, 1758)","SPECIES",36.364543,138.301377
"5938182906",2480726,"Pandion haliaetus (Linnaeus, 1758)","SPECIES",29.608667,34.986334
"5938182951",2441052,"Capra sibirica (Pallas, 1776)","SPECIES",43.045288,76.938497
"5938182954",2475679,"Ceryle rudis (Linnaeus, 1758)","SPECIES",21.370947,76.64796
"5938183337",8214667,"Anas crecca Linnaeus, 1758","SPECIES",25.094201,121.20602
"5938183346",2436603,"Macaca fascicularis (Raffles, 1821)","SPECIES",3.04157,101.718852
"5938183406",1918584,"Lebadea martha Fabricius, 1787","SPECIES",1.334624,103.817803
"5938183413",10508423,"Moduza procris","SPECIES",1.355153,103.797202
"5938183433",2484096,"Aegithina tiphia (Linnaeus, 1758)","SPECIES",1.446979,103.731866
"5938183455",5231190,"Passer domesticus (Linnaeus, 1758)","SPECIES",55.494988,60.206248
"5938183534",2484916,"Sitta europaea Linnaeus, 1758","SPECIES",55.58464,60.423843
"5938183536",9687165,"Motacilla alba Linnaeus, 1758","SPECIES",36.44337,28.230258
"5938183543",2494686,"Carduelis carduelis (Linnaeus, 1758)","SPECIES",56.132966,83.715305
"5938183606",1908953,"Tanaecia pelea Fabricius, 1787","SPECIES",1.3585,103.777303
"5938183621",2482499,"Corvus splendens Vieillot, 1817","SPECIES",5.419463,100.320763
"5938183626",2495817,"Treron vernans (Linnaeus, 1771)","SPECIES",1.357859,103.849589
"5938183629",1428792,"Trithemis pallidinervis (Kirby, 1889)","SPECIES",1.401135,103.818546
"5938183648",5336857,"Lasianthus fordii Hance","SPECIES",25.161111,121.549933
"5938183679",2446410,"Goniurosaurus bawanglingensis Grismer, Haitao, Orlov & Anajeva, 2002","SPECIES",19.109736,109.196721
"5938183686",2474621,"Porzana porzana (Linnaeus, 1766)","SPECIES",22.895941,72.090636
"5938183782",5845375,"Acridotheres javanicus Cabanis, 1851","SPECIES",1.430301,103.776967
"5938183785",3033261,"Anemone coronaria L.","SPECIES",34.77535,32.405895
"5938183786",2490303,"Motacilla tschutschensis Gmelin, 1789","SPECIES",25.101004,121.45768
"5938183797",2422538,"Duttaphrynus melanostictus (Schneider, 1799)","SPECIES",-7.319811,108.704583
"5938183826",1919589,"Delias hyparete (Linnaeus, 1758)","SPECIES",22.423363,114.11235
"5938183827",2925303,"Lantana camara L.","SPECIES",25.131614,121.507928
"5938184077",9616058,"Falco tinnunculus interstinctus McClelland, 1840","SUBSPECIES",35.652874,139.455224
"5938184078",1933679,"Talicada nyseus (Guérin-Méneville, 1843)","SPECIES",12.847007,77.646632
"5938184082",5231190,"Passer domesticus (Linnaeus, 1758)","SPECIES",44.460886,38.156484
"5938184090",1924713,"Lampides boeticus (Linnaeus, 1767)","SPECIES",23.001247,120.220305
"5938184091",7690055,"Carpodacus sibiricus (Pallas, 1773)","SPECIES",51.909946,85.37239
"5938184105",2481800,"Actitis hypoleucos (Linnaeus, 1758)","SPECIES",22.455346,114.152605
"5938184148",5229167,"Milvus migrans lineatus (J.E.Gray, 1831)","SUBSPECIES",22.601453,113.892056
"5938184204",NA,"Tachyspiza Kaup, 1844","GENUS",25.407143,81.847234
"5938184248",6101224,"Spilopelia chinensis (Scopoli, 1786)","SPECIES",1.441143,103.735604
"5938184763",1928915,"Jamides celeno (Cramer, 1775)","SPECIES",1.334624,103.817803
"5938184768",5863380,"Episesarma versicolor (Tweedie, 1940)","SPECIES",1.377882,103.952491
"5938184785",2481800,"Actitis hypoleucos (Linnaeus, 1758)","SPECIES",35.640664,139.864658
"5938184831",2475452,"Merops philippinus Linnaeus, 1767","SPECIES",13.518031,100.309678
"5938184843",2492675,"Copsychus malabaricus (Scopoli, 1786)","SPECIES",22.803757,120.60436
"5938184864",5231190,"Passer domesticus (Linnaeus, 1758)","SPECIES",52.30562,85.610344
"5938184865",2482515,"Corvus cornix Linnaeus, 1758","SPECIES",56.700604,60.831516
"5938184888",2497894,"Surnia ulula (Linnaeus, 1758)","SPECIES",55.990833,82.627009
"5938184892",2490283,"Anthus cervinus (Pallas, 1811)","SPECIES",22.505857,114.1099
"5938184901",2494146,"Eophona migratoria Hartert, 1903","SPECIES",36.139748,115.784605
"5938184922",2765559,"Floscopa scandens Lour.","SPECIES",8.766409,77.099347
"5938185008",2482487,"Corvus macrorhynchos Wagler, 1827","SPECIES",35.815423,139.533376
"5938185022",2870238,"Amydrium medium (Zoll. & Moritzi) Nicolson","SPECIES",1.34255,103.82808
"5938185027",2752924,"Cardiocrinum cordatum (Thunb.) Makino","SPECIES",42.952328,140.504822
"5938185042",1895499,"Elymnias hypermnestra Linnaeus, 1763","SPECIES",1.339467,103.821441
"5938185047",5844385,"Buteo japonicus Temminck & Schlegel, 1844","SPECIES",36.893015,126.262042
"5938185058",5229490,"Pica pica (Linnaeus, 1758)","SPECIES",54.734891,83.047475
"5938185068",5133687,"Ariadne merione (Cramer, 1779)","SPECIES",18.554031,73.790458
"5938185071",2481938,"Mycteria leucocephala (Pennant, 1769)","SPECIES",12.717904,80.212587
"5938185085",5806167,"Danaus genutia (Cramer, 1779)","SPECIES",22.428875,114.180886
"5938185089",2492680,"Copsychus saularis (Linnaeus, 1758)","SPECIES",1.318586,103.816097
"5938185093",2480449,"Haliaeetus albicilla (Linnaeus, 1758)","SPECIES",55.595923,84.547218
"5938185099",2493075,"Phylloscopus fuscatus (Blyth, 1842)","SPECIES",14.096588,101.27319
"5938185104",5845375,"Acridotheres javanicus Cabanis, 1851","SPECIES",3.550614,98.126432
"5938185116",2772666,"Hyacinthus orientalis subsp. orientalis","SUBSPECIES",32.789953,35.345829
"5938185237",5130476,"Junonia hedonia (Linnaeus, 1764)","SPECIES",2.926361,101.696445
"5938185250",1904996,"Doleschallia bisaltide Cramer, 1777","SPECIES",1.319423,103.750388
"5938185255",6101224,"Spilopelia chinensis (Scopoli, 1786)","SPECIES",25.14337,102.741083
"5938185262",9752617,"Ardea alba Linnaeus, 1758","SPECIES",19.016591,73.00594
"5938185270",5228328,"Halcyon smyrnensis (Linnaeus, 1758)","SPECIES",15.859912,74.499901
"5938185446",7346444,"Zizina otis (Fabricius, 1787)","SPECIES",-7.509509,110.740556
"5938185480",9705453,"Parus major Linnaeus, 1758","SPECIES",51.936845,85.323427
"5938185517",3087725,"Chromolaena odorata (L.) R.M.King & H.Rob.","SPECIES",11.683845,78.165564
"5938185629",5295689,"Smilax riparia A.DC.","SPECIES",23.559436,120.605517
"5938185634",1337401,"Eoanthidium salemense (Cockerell, 1919)","SPECIES",11.098388,77.215897
"5938185636",1429576,"Tyriobapta torrida Kirby, 1889","SPECIES",1.355956,103.800585
"5938185637",5959092,"Bubo bubo (Linnaeus, 1758)","SPECIES",36.569827,116.911258
"5938185644",2487871,"Periparus ater (Linnaeus, 1758)","SPECIES",56.810544,60.644069
"5938185651",7934047,"Psilopogon lineatus (Vieillot, 1816)","SPECIES",1.307403,103.815735
"5938185695",4339101,"Anthopleura fuscoviridis Carlgren, 1949","SPECIES",35.89278,120.177458
"5938185698",5035373,"Odontomachus simillimus Smith, 1858","SPECIES",1.424297,103.838591
"5938185746",2435035,"Felis catus Linnaeus, 1758","SPECIES",31.080558,121.182363
"5938185753",5219436,"Panthera pardus fusca (Meyer, 1794)","SUBSPECIES",19.002179,72.957496
"5938185754",2486121,"Pycnonotus aurigaster (Vieillot, 1818)","SPECIES",12.213872,107.129938
"5938185776",2435035,"Felis catus Linnaeus, 1758","SPECIES",31.245666,121.552421
"5938185778",2436603,"Macaca fascicularis (Raffles, 1821)","SPECIES",11.277454,119.402088
"5938185785",2492779,"Rhopophilus pekinensis (Swinhoe, 1868)","SPECIES",40.078859,116.047822
"5938185787",2495414,"Columba livia var. domestica J.F.Gmelin, 1789","VARIETY",24.616278,54.731601
"5938185800",5138200,"Loxura atymnus (Cramer, 1782)","SPECIES",1.334624,103.817803
"5938185810",2474732,"Amaurornis phoenicurus (Pennant, 1769)","SPECIES",12.310395,76.630441
"5938185821",7812410,"Stichodactyla haddoni (Saville-Kent, 1893)","SPECIES",1.388826,103.941365
"5938185829",2747865,"Crocus hyemalis Boiss. & C.I.Blanche","SPECIES",32.796046,35.371435
"5938185834",NA,"Mesalina Gray, 1838","GENUS",33.993799,58.080123
"5938185900",7341536,"Eumyias thalassinus (Swainson, 1838)","SPECIES",22.209837,114.142418
"5938185913",5231198,"Passer montanus malaccensis Dubois, 1887","SUBSPECIES",12.66106,101.256509
"5938185915",2492758,"Prinia inornata Sykes, 1832","SPECIES",30.469556,73.481667
"5938185935",5151691,"Therea petiveriana (Linnaeus, 1758)","SPECIES",12.928985,80.172161
"5938185943",2928751,"Datura stramonium L.","SPECIES",32.774567,35.114472
"5938185946",2481047,"Falco peregrinus Tunstall, 1771","SPECIES",30.738638,114.157794
"5938185947",1429407,"Cratilla metallica (Brauer, 1878)","SPECIES",1.38581,103.820294
"5938185948",5361930,"Ficus pumila L.","SPECIES",25.159959,121.707513
"5938185949",3180167,"Decaspermum gracilentum (Hance) Merr. & L.M.Perry","SPECIES",25.159874,121.703677
"5938185966",6100882,"Geokichla citrina (Latham, 1790)","SPECIES",1.31384,103.815914
"5938185968",2487871,"Periparus ater (Linnaeus, 1758)","SPECIES",61.024223,69.045876
"5938185970",5229167,"Milvus migrans (Boddaert, 1783)","SPECIES",19.141906,72.964628
"5938186066",5383897,"Dillenia suffruticosa (Griff.) Martelli","SPECIES",3.145007,101.633564
"5938186111",1422818,"Pseudagrion siamensis Fraser, 1922","SPECIES",1.424297,103.838591
"5938186135",2698108,"Aechmea gamosepala Wittm.","SPECIES",11.507841,76.497672
"5938186138",9537238,"Hemidactylus frenatus Duméril & Bibron, 1836","SPECIES",10.133264,103.977609
"5938186140",2171214,"Plexippus paykulli (Audouin, 1826)","SPECIES",8.036489,98.752734
"5938186148",2495000,"Aegithalos caudatus (Linnaeus, 1758)","SPECIES",56.903463,60.659952
"5938186155",5231198,"Passer montanus (Linnaeus, 1758)","SPECIES",56.491755,84.991186
"5938186164",2492849,"Lanius tephronotus tephronotus (Vigors, 1831)","SUBSPECIES",22.167966,96.605188
"5938186168",5739315,"Phoenicurus ochruros (S.G.Gmelin, 1774)","SPECIES",44.46187,38.021783
"5938186174",2498415,"Upupa epops Linnaeus, 1758","SPECIES",36.127052,115.752251
"5938186179",3152816,"Platanus orientalis L.","SPECIES",34.9026,32.837795
"5938186217",9705453,"Parus major Linnaeus, 1758","SPECIES",56.01628,69.485875
"5938186287",5361944,"Broussonetia papyrifera (L.) L'Hér. ex Vent.","SPECIES",22.727612,120.267013
"5938186368",4596823,"Nembrotha lineolata Bergh, 1905","SPECIES",13.705004,120.877661
"5938186388",2495681,"Streptopelia orientalis (Latham, 1790)","SPECIES",35.934368,139.457337
"5938186393",7366997,"Celtis tetrandra Roxb.","SPECIES",23.555824,120.657576
"5938186409",2435035,"Felis catus Linnaeus, 1758","SPECIES",24.114687,120.498988
"5938186418",5130444,"Junonia iphita (Cramer, 1782)","SPECIES",13.044716,80.278823
"5938186419",5231223,"Phoenicurus auroreus (Pallas, 1776)","SPECIES",31.609262,120.730978
"5938186421",5229165,"Aegypius monachus (Linnaeus, 1766)","SPECIES",36.991349,126.344464
"5938186435",NA,"Margarya G.Nevill, 1877","GENUS",40.01767,116.380188
"5938186437",1938088,"Papilio polytes Linnaeus, 1758","SPECIES",1.334624,103.817803
"5938186444",2480907,"Ardeola bacchus (Bonaparte, 1855)","SPECIES",22.507824,114.111878
"5938186445",2475452,"Merops philippinus Linnaeus, 1767","SPECIES",13.123341,80.198693
"5938186447",2928624,"Ipomoea hederifolia L.","SPECIES",12.875367,80.234149
"5938186457",3088300,"Petasites formosanus Kitam.","SPECIES",24.255662,121.008317
"5938186466",11628147,"Hemiphyllodactylus dalatensis Do, Nguyen, Le, Pham, Ziegler & Nguyen, 2021","SPECIES",11.949712,108.454465
"5938186467",11675108,"Laudakia vulgaris (Sonnini & Latreille, 1802) Karameta, Lymberakis, Grillitsch, Ilgaz, Avci, Kumlutaş, Candan, Wagner, Sfenthourakis, Pafilis & Poulakakis, 2022","SPECIES",32.197651,34.892708
"5938186468",5228280,"Eurystomus orientalis (Linnaeus, 1766)","SPECIES",1.28799,103.788834
"5938186482",2496253,"Cacomantis merulinus (Scopoli, 1786)","SPECIES",13.795222,101.6764
"5938186485",3213503,"Dictydiaethalium plumbeum (Schumach.) Rostaf., 1894","SPECIES",32.17036,34.904101
"5938186487",2486144,"Pycnonotus goiavier (Scopoli, 1786)","SPECIES",3.550614,98.126432
"5938186833",1901399,"Athyma selenophora Kollar, 1848","SPECIES",22.231318,114.116222
"5938186837",2437243,"Funambulus pennantii Wroughton, 1905","SPECIES",25.360801,60.62281
"5938186841",10043827,"Lexias pardalis","SPECIES",18.360077,100.315729
"5938186860",2481800,"Actitis hypoleucos (Linnaeus, 1758)","SPECIES",22.463015,113.994881
"5938186861",2477927,"Dendrocopos leucotos (Bechstein, 1802)","SPECIES",56.579933,84.946907
"5938186869",2475410,"Merops orientalis Latham, 1801","SPECIES",18.759937,98.936606
"5938186879",2480506,"Aquila chrysaetos (Linnaeus, 1758)","SPECIES",51.65262,83.947443
"5938186881",2481713,"Tringa glareola Linnaeus, 1758","SPECIES",19.016591,73.00594
"5938186884",2482048,"Tachybaptus ruficollis (Pallas, 1764)","SPECIES",23.55143,119.605682
"5938186902",2393738,"Scarus ferrugineus Forsskål, 1775","SPECIES",27.850421,34.317544
"5938186910",2422538,"Duttaphrynus melanostictus (Schneider, 1799)","SPECIES",15.794284,73.848661
"5938186912",1922244,"Zizula hylax (Fabricius, 1775)","SPECIES",19.141906,72.964628
"5938186999",7353254,"Dendrelaphis marenae Vogel & Van Rooijen, 2008","SPECIES",10.572054,122.067946
"5938187268",5129293,"Vanessa indica (Herbst, 1794)","SPECIES",23.590086,120.623075
"5938187302",5285637,"Pinus sylvestris L.","SPECIES",56.917553,60.623153
"5938187310",7300505,"Elatostema lineolatum Wight","SPECIES",22.872082,120.65476
"5938187313",6100954,"Coloeus monedula (Linnaeus, 1758)","SPECIES",52.804174,80.133489
"5938187315",1921150,"Pseudozizeeria maha (Kollar, 1848)","SPECIES",22.370273,113.87033
"5938187328",2498415,"Upupa epops Linnaeus, 1758","SPECIES",8.840996,98.266414
"5938187333",2475532,"Alcedo atthis (Linnaeus, 1758)","SPECIES",40.013544,116.37955
"5938187339",2481121,"Chlidonias hybrida (Pallas, 1811)","SPECIES",-6.102828,106.761674
"5938187348",1938088,"Papilio polytes Linnaeus, 1758","SPECIES",1.334624,103.817803
"5938187354",2443722,"Tropidolaemus wagleri (Boie, 1827)","SPECIES",3.540952,98.122938
"5938187358",2490755,"Turdus cardis Temminck, 1831","SPECIES",22.449269,114.256734
"5938187430",7642610,"Danaus chrysippus (Linnaeus, 1758)","SPECIES",1.319423,103.750388
"5938187434",1904996,"Doleschallia bisaltide Cramer, 1777","SPECIES",1.319423,103.750388
"5938187435",5275373,"Dicranopteris linearis (Burm.fil.) Underw.","SPECIES",24.994864,121.412861
"5938187441",5171038,"Argiope aemula (Walckenaer, 1841)","SPECIES",7.975014,98.325569
"5938187456",5229410,"Anastomus oscitans (Boddaert, 1783)","SPECIES",12.81755,77.824913
"5938187469",5229493,"Garrulus glandarius (Linnaeus, 1758)","SPECIES",51.897425,85.313096
"5938187470",7304374,"Litsea akoensis Hayata","SPECIES",22.870342,120.656048
"5938187473",2487866,"Poecile montanus (Conrad von Baldenstein, 1827)","SPECIES",57.077541,65.065941
"5938187475",5228803,"Dinopium javanense (Ljungh, 1797)","SPECIES",1.367411,103.829249
"5938187485",1921009,"Rapala manea (Hewitson, 1863)","SPECIES",22.380295,113.958781
"5938187502",9182765,"Calendula arvensis L.","SPECIES",31.933292,34.786488
"5938187505",2651706,"Acrostichum aureum L.","SPECIES",21.878058,120.927376
"5938187549",2650594,"Asplenium adiantum-nigrum L.","SPECIES",41.715238,44.796582
"5938187551",2494543,"Pyrrhula pyrrhula (Linnaeus, 1758)","SPECIES",57.911703,60.163718
"5938187595",6101224,"Spilopelia chinensis (Scopoli, 1786)","SPECIES",1.367426,103.828771
"5938187614",2475923,"Ocyceros birostris (Scopoli, 1786)","SPECIES",30.441719,77.676804
"5938187627",2481890,"Phalacrocorax carbo (Linnaeus, 1758)","SPECIES",29.608667,34.986334
"5938187727",9797180,"Ardea cinerea Linnaeus, 1758","SPECIES",30.310045,113.873818
"5938187745",1910629,"Hypolimnas bolina (Linnaeus, 1758)","SPECIES",3.555396,98.103909
"5938187747",8110522,"Psilopogon australis (Horsfield, 1821)","SPECIES",-7.70126,112.530055
"5938187764",5051775,"Anax imperator Leach, 1815","SPECIES",22.996714,57.664751
"5938187770",5295472,"Smilax china L.","SPECIES",25.131133,121.507553
"5938187778",2484710,"Dicaeum cruentatum (Linnaeus, 1758)","SPECIES",22.423787,114.112514
"5938187779",4177874,"Machilus thunbergii Siebold & Zucc.","SPECIES",25.131719,121.507797
"5938187780",7690055,"Carpodacus sibiricus (Pallas, 1773)","SPECIES",55.185957,85.641051
"5938187786",9346360,"Pronodularia japanensis (I.Lea, 1859)","SPECIES",35.386238,136.670158
"5938187787",2490737,"Turdus pilaris Linnaeus, 1758","SPECIES",51.365048,80.193303
"5938188029",2482515,"Corvus cornix Linnaeus, 1758","SPECIES",51.422939,85.979219
"5938188031",1934211,"Dodona egeon Westwood","SPECIES",22.380295,113.958781
"5938188099",2493091,"Phylloscopus collybita (Vieillot, 1817)","SPECIES",43.422965,39.927375
"5938188104",5384604,"Stellaria media (L.) Vill.","SPECIES",41.715275,44.796581
"5938188141",7617494,"Chikunia nigra (O.Pickard-Cambridge, 1880)","SPECIES",13.122776,74.993319
"5938188174",5229126,"Himantopus himantopus (Linnaeus, 1758)","SPECIES",24.328692,120.551516
"5938188185",2437394,"Callosciurus erythraeus (Pallas, 1779)","SPECIES",23.001922,120.211409
"5938188189",7262595,"Ficus sarmentosa var. nipponica (Franch. & Sav.) Corner","VARIETY",25.016906,121.552147
"5938188196",1949008,"Polytremis lubricans (Herrich-Schäffer, 1869)","SPECIES",22.518403,114.365529
"5938188197",5231438,"Troglodytes troglodytes (Linnaeus, 1758)","SPECIES",35.426603,139.228207
"5938188198",1911736,"Phaedyma columella (Cramer, 1782)","SPECIES",22.562538,114.315097
"5938188202",9705453,"Parus major Linnaeus, 1758","SPECIES",60.161306,59.954322
"5938188211",5228328,"Halcyon smyrnensis (Linnaeus, 1758)","SPECIES",26.027345,76.446747
"5938188217",3001879,"Sarcopoterium spinosum (L.) Spach","SPECIES",34.778887,32.406472
"5938188220",9705453,"Parus major Linnaeus, 1758","SPECIES",54.772921,83.062709
"5938188223",2493028,"Orthotomus sutorius (Pennant, 1769)","SPECIES",1.321924,103.816533
"5938188233",2426861,"Hylarana spinulosa (Smith, 1923)","SPECIES",18.71724,108.957505
"5938188235",2489005,"Acridotheres tristis (Linnaeus, 1766)","SPECIES",21.336842,76.506083
"5938188241",7690055,"Carpodacus sibiricus (Pallas, 1773)","SPECIES",55.599046,73.901184
"5938188245",5295073,"Smilax excelsa L.","SPECIES",41.697027,46.578606
"5938188250",2480706,"Aviceda leuphotes syama (Hodgson, 1837)","SUBSPECIES",8.333369,98.638249
"5938189301",2492765,"Prinia flaviventris (Delessert, 1840)","SPECIES",-6.052598,106.966517
"5938189310",5229167,"Milvus migrans (Boddaert, 1783)","SPECIES",19.140264,72.958997
"5938189313",7341397,"Erpornis zantholeuca Blyth, 1844","SPECIES",24.991798,121.653001
"5938189324",4605680,"Thecacera pacifica (Bergh, 1884)","SPECIES",17.885988,83.449516
"5938189328",11038189,"Causonis corniculata (Benth.) J.Wen & L.M.Lu","SPECIES",25.169432,121.581318
"5938189345",2447349,"Gekko similignum Smith, 1923","SPECIES",18.301964,109.575772
"5938189357",2436603,"Macaca fascicularis (Raffles, 1821)","SPECIES",3.478481,98.089451
"5938189444",9300456,"Zosterops japonicus japonicus Temminck & Schlegel, 1845","SUBSPECIES",34.986553,135.661306
"5938189450",3152634,"Abutilon indicum (L.) Sweet","SPECIES",11.709213,78.191376
"5938189536",5401760,"Ageratum houstonianum Mill.","SPECIES",23.82782,120.800667
"5938189552",7852114,"Turdus mandarinus Bonaparte, 1850","SPECIES",36.065908,120.33844
"5938189607",9600020,"Dicrurus leucophaeus Vieillot, 1817","SPECIES",13.794963,101.675492
"5938189719",4486826,"Pyrrhocoris apterus (Linnaeus, 1758)","SPECIES",32.777706,35.119492
"5938189735",7497537,"Psilopogon chrysopogon (Temminck, 1824)","SPECIES",5.41027,100.776948
"5938189745",2494543,"Pyrrhula pyrrhula (Linnaeus, 1758)","SPECIES",57.185446,85.821695
"5938189751",8189568,"Mugil cephalus Linnaeus, 1758","SPECIES",35.35613,136.612637
"5938189754",2493455,"Pterorhinus perspicillatus (J.F.Gmelin, 1789)","SPECIES",30.268056,120.06629
"5938189761",2491534,"Emberiza citrinella Linnaeus, 1758","SPECIES",51.409939,85.998129
"5938189762",9579626,"Bornella stellifera (A.Adams & Reeve, 1848)","SPECIES",18.959008,72.795471
"5938189764",1727100,"Lezina omanica Popov, 1984","SPECIES",23.125208,57.62222
"5938189766",5230801,"Hirundo smithii Leach & K.D.Koenig, 1818","SPECIES",19.141906,72.964628
"5938189880",2680281,"Myuroclada maximowiczii (G.G.Borshch.) Steere & W.B.Schofield","SPECIES",32.12215,118.586418
"5938189946",1311454,"Vespa basalis Smith, 1852","SPECIES",24.926071,121.256874
"5938189951",9273219,"Lanius schach Linnaeus, 1758","SPECIES",31.538679,120.482695
"5938189976",2498112,"Anas acuta Linnaeus, 1758","SPECIES",36.261767,139.487973
"5938189979",5575022,"Dicliptera tinctoria (Nees) Kostel.","SPECIES",21.957344,120.820228
"5938189996",2481714,"Tringa totanus (Linnaeus, 1758)","SPECIES",12.80469,80.241398
"5938190058",2778478,"Asphodelus ramosus L.","SPECIES",34.997862,32.341597
"5938190076",5356354,"Ceratonia siliqua L.","SPECIES",34.923442,32.341403
"5938190115",2492634,"Culicicapa ceylonensis (Swainson, 1820)","SPECIES",14.329576,101.305478
"5938190126",10896049,"Rubigula erythropthalmos","SPECIES",3.257392,113.160801
"5938190128",9761484,"Anas platyrhynchos Linnaeus, 1758","SPECIES",44.680883,37.799732
"5938190363",1935410,"Abisara echerius Moore, 1901","SPECIES",22.236638,113.859495
"5938190388",2498285,"Mergellus albellus (Linnaeus, 1758)","SPECIES",34.821592,135.691834
"5938190418",6065809,"Chroicocephalus brunnicephalus (Jerdon, 1840)","SPECIES",11.891788,77.771567
"5938190424",5231198,"Passer montanus (Linnaeus, 1758)","SPECIES",53.348521,83.535995
"5938190441",7690055,"Carpodacus sibiricus (Pallas, 1773)","SPECIES",56.016096,69.485597
"5938190444",2650536,"Microsorum punctatum (L.) Copel.","SPECIES",22.070006,120.837167
"5938190546",2498347,"Cygnus cygnus (Linnaeus, 1758)","SPECIES",36.809115,126.341795
"5938190555",7282135,"Austrocylindropuntia subulata (Muehlenpf.) Backeb.","SPECIES",35.042607,33.123194
"5938190562",2435035,"Felis catus Linnaeus, 1758","SPECIES",4.372213,73.65438
"5938190563",6100818,"Hypsipetes thompsoni (Bingham, 1900)","SPECIES",19.880855,99.116907
"5938190566",5231198,"Passer montanus (Linnaeus, 1758)","SPECIES",56.879303,60.519874
"5938190587",NA,"Nonarthra Baly, 1862","GENUS",32.17507,119.44124
"5938190641",3940982,"Hibiscus taiwanensis S.Y.Hu","SPECIES",24.8973,121.298553
"5938190642",3084027,"Rivina humilis L.","SPECIES",25.124506,121.75059
"5938190654",11047823,"Heptapleurum heptaphyllum (L.) Y.F.Deng","SPECIES",23.407855,120.580422
"5938191283",2161506,"Thelcticopis orichalcea (Simon, 1880)","SPECIES",9.77864,100.010187
"5938191700",2480899,"Egretta sacra (Gmelin, 1789)","SPECIES",7.086083,99.600425
"5938191729",6198302,"Amata huebneri (Boisduval)","SPECIES",1.263802,103.817278
"5938191742",5844992,"Aegithalos glaucogularis (Moore, 1855)","SPECIES",39.768369,116.323549
"5938191822",5231190,"Passer domesticus (Linnaeus, 1758)","SPECIES",56.952594,72.640664
"5938191840",2480259,"Recurvirostra avosetta Linnaeus, 1758","SPECIES",22.505215,114.110388
"5938191841",11038189,"Causonis corniculata (Benth.) J.Wen & L.M.Lu","SPECIES",23.541885,120.685543
"5938191845",5239490,"Colus hirudinosus Cavalier & Séchier","SPECIES",33.069313,35.114991
"5938191852",1818991,"Perina nuda Fabricius, 1787","SPECIES",25.225601,121.647253
"5938191856",8008808,"Carlito syrichta (Linnaeus, 1758)","SPECIES",9.672759,123.905318
"5938191863",2481938,"Mycteria leucocephala (Pennant, 1769)","SPECIES",12.782749,80.236628
"5938191884",2158184,"Cyclosa bifida (Doleschall, 1859)","SPECIES",6.878565,81.060161
"5938191964",5231198,"Passer montanus saturatus Stejneger, 1885","SUBSPECIES",34.394156,132.454053
"5938191972",11047823,"Heptapleurum heptaphyllum (L.) Y.F.Deng","SPECIES",25.161706,121.705289
"5938192169",2498347,"Cygnus cygnus (Linnaeus, 1758)","SPECIES",41.26426,141.151788
"5938192194",5673987,"Cenchrus setosus Sw.","SPECIES",13.617917,74.670517
"5938192197",1730180,"Protohermes grandis (Thunberg, 1781)","SPECIES",36.611183,139.887542
"5938192206",6130512,"Chrysocoris stollii (Wolff, 1801)","SPECIES",12.7986,78.305546
"5938192265",2168426,"Cosmophasis thalassina (C.L.Koch, 1846)","SPECIES",1.334624,103.817803
"5938192274",1924713,"Lampides boeticus (Linnaeus, 1767)","SPECIES",22.785235,113.958103
"5938192281",2490737,"Turdus pilaris Linnaeus, 1758","SPECIES",52.023713,85.869036
"5938192339",5219173,"Canis familiaris Linnaeus, 1758","SPECIES",31.963364,118.775513
"5938192356",2491518,"Emberiza aureola Pallas, 1773","SPECIES",13.744109,100.811165
"5938192378",9451184,"Pavo cristatus Linnaeus, 1758","SPECIES",17.454561,78.360281
"5938192382",2482515,"Corvus cornix Linnaeus, 1758","SPECIES",57.093016,65.540352
"5938192383",1932607,"Castalius rosimon (Fabricius, 1775)","SPECIES",-9.001044,116.752622
"5938192390",3191227,"Drosera spatulata Labill.","SPECIES",25.167942,121.556325
"5938192896",2493086,"Phylloscopus armandii (Milne-Edwards, 1865)","SPECIES",19.830027,99.083333
"5938192927",5231198,"Passer montanus (Linnaeus, 1758)","SPECIES",23.291728,113.717669
"5938192936",5877908,"Aiolocaria hexaspilota (Hope, 1831)","SPECIES",29.45336,119.89259
"5938193024",2436603,"Macaca fascicularis (Raffles, 1821)","SPECIES",3.123346,101.633487
"5938193030",2130398,"Stigmaeopsis celarius Banks, 1917","SPECIES",35.14217,137.001219
"5938193040",9273219,"Lanius schach Linnaeus, 1758","SPECIES",11.071058,77.053314
"5938193041",5232446,"Branta bernicla (Linnaeus, 1758)","SPECIES",38.39112,141.401785
"5938193061",7732678,"Glycosmis parviflora (Sims) Kurz","SPECIES",25.161885,121.705016
"5938193063",2495817,"Treron vernans (Linnaeus, 1771)","SPECIES",1.320859,103.769375
"5938193081",2484596,"Regulus regulus (Linnaeus, 1758)","SPECIES",57.187315,85.826953
"5938193393",2486150,"Pycnonotus sinensis (Gmelin, 1789)","SPECIES",40.0125,116.391869
"5938193421",9537238,"Hemidactylus frenatus Duméril & Bibron, 1836","SPECIES",19.123558,108.654067
"5938193433",2497509,"Strix uralensis Pallas, 1771","SPECIES",53.563123,83.916709
"5938193509",2490310,"Motacilla cinerea Tunstall, 1771","SPECIES",22.506803,114.11138
"5938193574",1427783,"Neurothemis fluctuans (Fabricius, 1793)","SPECIES",7.042247,100.505325
"5938193578",1919589,"Delias hyparete (Linnaeus, 1758)","SPECIES",1.346522,103.761414
"5938193581",5231198,"Passer montanus (Linnaeus, 1758)","SPECIES",54.737872,83.050757
"5938193599",5395843,"Blumea axillaris (Lam.) DC.","SPECIES",25.478844,84.910764
"5938193605",2956174,"Delonix elata (L.) Gamble","SPECIES",12.311931,77.276921
"5938193613",5128034,"Dryas iulia (Fabricius, 1775)","SPECIES",1.334624,103.817803
"5938193614",2492462,"Erithacus rubecula (Linnaeus, 1758)","SPECIES",39.883887,116.402197
"5938193698",2456135,"Gonyosoma oxycephalum (Boie, 1827)","SPECIES",14.707959,121.081437
"5938193723",2494543,"Pyrrhula pyrrhula (Linnaeus, 1758)","SPECIES",56.713714,61.132335
"5938193724",2437278,"Dremomys rufigenis (Blanford, 1878)","SPECIES",3.708732,101.7374
"5938193726",2385538,"Chaetodon fasciatus Forsskål, 1775","SPECIES",27.847196,34.314782
"5938193727",2422105,"Microhyla fissipes Boulenger, 1884","SPECIES",19.944427,110.18895
"5938193733",3592289,"Illicium arborescens Hayata","SPECIES",22.860931,120.662657
"5938193735",4062031,"Heliotropium sarmentosum (Lam.) Craven","SPECIES",22.638503,120.27555
"5938193737",5231396,"Cutia nipalensis Hodgson, 1837","SPECIES",20.018394,99.062772
"5938193987",2969284,"Mimosa pudica L.","SPECIES",22.656022,120.35008
"5938194005",3084700,"Portulaca grandiflora Hook.","SPECIES",12.3132,79.71798
"5938194031",4047496,"Polystichum hancockii (Hance) Diels","SPECIES",24.374772,120.912619
"5938194062",2498112,"Anas acuta Linnaeus, 1758","SPECIES",19.015496,73.006286
"5938194071",2484605,"Bombycilla garrulus (Linnaeus, 1758)","SPECIES",56.717282,60.776854
"5938194085",2482492,"Corvus corax Linnaeus, 1758","SPECIES",56.015335,69.480923
"5938194105",2407210,"Odonus niger (Rüppell, 1836)","SPECIES",3.497969,73.526539
"5938194549",2727853,"Carex baccans Nees","SPECIES",24.244456,120.974211
"5938194580",9616058,"Falco tinnunculus Linnaeus, 1758","SPECIES",23.291414,113.719524
"5938194669",2474377,"Fulica atra Linnaeus, 1758","SPECIES",30.268056,120.06629
"5938194673",2876873,"Quercus glauca Thunb.","SPECIES",23.060938,120.742864
"5938194682",2398682,"Abudefduf sordidus (Forsskål, 1775)","SPECIES",17.885988,83.449516
"5938194686",3898574,"Prasium majus L.","SPECIES",31.933933,34.78368
"5938194730",1423263,"Ceriagrion cerinorubellum (Brauer, 1865)","SPECIES",1.424297,103.838591
"5938194734",5211169,"Trichopodus trichopterus (Pallas, 1770)","SPECIES",16.323137,100.732645
"5938194739",10670284,"Trichonephila clavata (L.Koch, 1878)","SPECIES",26.809833,128.270876
"5938194746",9178169,"Yungipicus kizuki (Temminck, 1836)","SPECIES",35.671347,139.692189
"5938194755",1928915,"Jamides celeno (Cramer, 1775)","SPECIES",22.537439,114.25755
"5938194815",5401760,"Ageratum houstonianum Mill.","SPECIES",24.646818,120.987423
"5938194817",2436615,"Macaca cyclopis (Swinhoe, 1863)","SPECIES",22.657561,120.263778
"5938194863",2490737,"Turdus pilaris Linnaeus, 1758","SPECIES",55.18948,61.285561
"5938194894",5380041,"Ricinus communis L.","SPECIES",6.011722,80.780379
"5938194933",2494441,"Fringilla montifringilla Linnaeus, 1758","SPECIES",40.013544,116.37955
"5938194936",9761484,"Anas platyrhynchos Linnaeus, 1758","SPECIES",56.024119,92.953158
"5938194937",1341978,"Apis dorsata Fabricius, 1793","SPECIES",1.354917,103.686373
"5938194940",2480500,"Aquila heliaca Savigny, 1809","SPECIES",18.609231,99.1605
"5938194952",2487879,"Cyanistes caeruleus (Linnaeus, 1758)","SPECIES",57.450701,60.207412
"5938194981",6100851,"Saxicola stejnegeri (Parrot, 1908)","SPECIES",14.079657,101.257353
"5938194985",5231198,"Passer montanus (Linnaeus, 1758)","SPECIES",34.721324,112.603569
"5938195001",2173953,"Thorelliola ensifera (Thorell, 1877)","SPECIES",1.385712,103.820157
"5938195010",5739298,"Aegolius funereus (Linnaeus, 1758)","SPECIES",56.99659,86.14562
"5938195306",2492680,"Copsychus saularis ceylonensis P.L.Sclater, 1861","SUBSPECIES",10.04137,76.325748
"5938195311",2494543,"Pyrrhula pyrrhula (Linnaeus, 1758)","SPECIES",56.658669,90.574997
"5938195314",2377008,"Periophthalmus chrysospilos Bleeker, 1853","SPECIES",1.227949,103.748278
"5938195329",3044318,"Descurainia sophia (L.) Webb ex Prantl","SPECIES",35.929619,119.5961
"5938195331",2480437,"Haliastur indus (Boddaert, 1783)","SPECIES",8.748994,98.254983
"5938195335",2466557,"Otocryptis wiegmanni Wagler, 1830","SPECIES",6.990381,80.403453
"5938195340",9537647,"Mergus merganser Linnaeus, 1758","SPECIES",53.815626,87.422846
"5938195347",5211169,"Trichopodus trichopterus (Pallas, 1770)","SPECIES",14.654892,121.067309
"5938195406",4358103,"Clanculus pharaonius (Linnaeus, 1758)","SPECIES",29.547253,34.953087
"5938195461",2169064,"Menemerus bivittatus (Dufour, 1831)","SPECIES",1.297279,103.901747
"5938195493",9362027,"Mareca strepera (Linnaeus, 1758)","SPECIES",36.815855,126.284495
"5938195501",6097771,"Crepidodera plutus (Latreille, 1804)","SPECIES",32.052117,118.553612
"5938195505",2287705,"Chamelea gallina (Linnaeus, 1758)","SPECIES",35.074956,32.317505
"5938195525",5730578,"Actaeodes tomentosus (H.Milne Edwards, 1834)","SPECIES",25.018326,121.999305
"5938195546",9649901,"Uperodon taprobanicus (Parker, 1934)","SPECIES",7.866636,80.712757
"5938195566",3033261,"Anemone coronaria L.","SPECIES",31.933508,34.783837
"5938195673",5806412,"Leptotes plinius (Fabricius, 1793)","SPECIES",11.943974,108.407383
"5938195699",2441535,"Geochelone elegans (Schoepff, 1795)","SPECIES",7.904268,80.679819
"5938195784",2486151,"Pycnonotus jocosus (Linnaeus, 1758)","SPECIES",11.467395,77.794523
"5938195791",5391861,"Bidens alba (L.) DC.","SPECIES",24.188755,120.613522
"5938195800",2493598,"Lonchura punctulata (Linnaeus, 1758)","SPECIES",22.692364,120.309074
"5938195816",5228311,"Halcyon coromanda (Latham, 1790)","SPECIES",1.399255,103.807758
"5938195837",3074918,"Vernicia montana Lour.","SPECIES",23.827891,120.800745
"5938195886",2480863,"Nycticorax nycticorax (Linnaeus, 1758)","SPECIES",22.392448,113.9734
"5938195918",2173953,"Thorelliola ensifera (Thorell, 1877)","SPECIES",1.440398,103.735588
"5938195921",2487871,"Periparus ater (Linnaeus, 1758)","SPECIES",54.766678,83.051483
"5938195922",5739315,"Phoenicurus ochruros (S.G.Gmelin, 1774)","SPECIES",44.679543,37.797537
"5938195989",2034822,"Bothrogonia addita (Walker, 1851)","SPECIES",1.334624,103.817803
"5938195996",6101224,"Spilopelia chinensis (Scopoli, 1786)","SPECIES",1.332212,103.728068
"5938195999",5404991,"Synedrella nodiflora (L.) Gaertn.","SPECIES",23.592721,120.379399
"5938196010",5228816,"Dinopium benghalense (Linnaeus, 1758)","SPECIES",24.022593,89.098108
"5938196036",5229490,"Pica pica (Linnaeus, 1758)","SPECIES",56.031329,92.949575
"5938196037",2490307,"Motacilla citreola Pallas, 1776","SPECIES",18.653065,99.13903
"5938196042",6957732,"Aegus chelifer chelifer Macleay, 1819","SUBSPECIES",10.714992,99.319356
"5938196043",2437396,"Callosciurus notatus (Boddaert, 1785)","SPECIES",2.960756,101.69625
"5938196054",2482515,"Corvus cornix Linnaeus, 1758","SPECIES",56.814518,60.538935
"5938196070",1428645,"Orthetrum sabina (Drury, 1773)","SPECIES",1.3347,103.922722
"5938196080",2437394,"Callosciurus erythraeus (Pallas, 1779)","SPECIES",3.716315,101.740137
"5938196084",2495681,"Streptopelia orientalis (Latham, 1790)","SPECIES",30.284883,77.97573
"5938196087",7627205,"Glebionis coronaria (L.) Tzvelev","SPECIES",31.934835,34.783802
"5938196116",5742390,"Scolopendra cingulata Latreille, 1829","SPECIES",32.305595,34.875051
"5938196136",5137790,"Pontia glauconome Klug, 1829","SPECIES",22.960484,57.677508
"5938196138",2496468,"Clamator jacobinus (Boddaert, 1783)","SPECIES",11.891788,77.771567
"5938196142",1428645,"Orthetrum sabina (Drury, 1773)","SPECIES",8.395218,80.625289
"5938196145",8332393,"Spatula clypeata (Linnaeus, 1758)","SPECIES",21.370947,76.64796
"5938196146",7554384,"Elaeocarpus japonicus Siebold & Zucc.","SPECIES",25.049925,121.418467
"5938196149",7992764,"Naja sumatrana Müller, 1887","SPECIES",1.377882,103.952491
"5938196264",9750846,"Oriolus chinensis Linnaeus, 1766","SPECIES",23.831903,120.847946
"5938196268",9273219,"Lanius schach Linnaeus, 1758","SPECIES",30.267652,113.803451
"5938196276",1317388,"Oecophylla smaragdina (Fabricius, 1775)","SPECIES",18.369078,100.35337
"5938196278",2475532,"Alcedo atthis (Linnaeus, 1758)","SPECIES",31.073927,121.22843
"5938196282",NA,"Theridiidae","FAMILY",1.447272,103.72898
"5938196297",2057451,"Ricanula pulverosa (Stål, 1865)","SPECIES",1.442423,103.736058
"5938196597",2928531,"Ipomoea cairica (L.) Sweet","SPECIES",25.085192,121.574304
"5938196610",5844385,"Buteo japonicus Temminck & Schlegel, 1844","SPECIES",35.83795,126.679955
"5938196625",6088419,"Leptocoma calcostetha (Jardine, 1843)","SPECIES",1.446822,103.731998
"5938197006",9797180,"Ardea cinerea Linnaeus, 1758","SPECIES",24.452947,54.605555
"5938197012",2474377,"Fulica atra atra Linnaeus, 1758","SUBSPECIES",35.947119,139.82329
"5938197025",10332233,"Hirundo javanica Sparrman, 1789","SPECIES",1.281117,103.869912
"5938197041",2486132,"Pycnonotus leucotis (Gould, 1836)","SPECIES",35.715576,51.415793
"5938197044",2487866,"Poecile montanus (Conrad von Baldenstein, 1827)","SPECIES",56.902011,60.655271
"5938197105",NA,"Ardea Linnaeus, 1758","GENUS",25.126665,121.487176
"5938197131",2650655,"Asplenium normale D.Don","SPECIES",24.834262,121.525688
"5938197150",4257845,"Asplenium ritoense Hayata","SPECIES",23.55707,120.656133
"5938197202",9273219,"Lanius schach Linnaeus, 1758","SPECIES",23.135265,120.243012
"5938197230",2477927,"Dendrocopos leucotos (Bechstein, 1802)","SPECIES",53.35888,84.58463
"5938197236",1094209,"Liatongus vertagus (Fabricius, 1798)","SPECIES",22.572327,114.269924
"5938197240",8135150,"Trichosanthes cucumeroides (Ser.) Maxim. ex Franch. & Sav.","SPECIES",35.960942,140.112672
"5938198261",2487866,"Poecile montanus (Conrad von Baldenstein, 1827)","SPECIES",56.80191,60.780651
"5938198262",1938088,"Papilio polytes Linnaeus, 1758","SPECIES",1.334624,103.817803
"5938198267",1910629,"Hypolimnas bolina (Linnaeus, 1758)","SPECIES",5.577524,115.983524
"5938198319",2434708,"Paradoxurus musangus (Raffles, 1821)","SPECIES",-7.329222,112.790846
"5938198327",2880756,"Quercus alnifolia Poech","SPECIES",34.904983,32.840745
"5938198430",2739071,"Trachycarpus fortunei (Hook.) H.Wendl.","SPECIES",31.643322,120.726274
"5938198801",2494146,"Eophona migratoria Hartert, 1903","SPECIES",36.369165,127.386534
"5938198829",5231198,"Passer montanus (Linnaeus, 1758)","SPECIES",51.917939,85.831456
"5938198949",7753992,"Helix lucorum Linnaeus, 1758","SPECIES",40.864464,29.128377
"5938199004",2925788,"Heliotropium indicum L.","SPECIES",10.715941,99.319879
"5938199007",2495414,"Columba livia var. domestica J.F.Gmelin, 1789","VARIETY",17.420675,78.544583
"5938199049",5130813,"Euthalia monina Fabricius, 1787","SPECIES",5.395272,100.261064
"5938199057",2482492,"Corvus corax Linnaeus, 1758","SPECIES",56.553976,60.873966
"5938199060",10043827,"Lexias pardalis","SPECIES",1.352137,103.822902
"5938199062",3616228,"Rauvolfia verticillata (Lour.) Baill.","SPECIES",22.2002,120.89148
"5938199064",NA,"Anarhynchus Quoy & Gaimard, 1832","GENUS",1.283642,103.879735
"5938199071",2490733,"Turdus hortulorum P.L.Sclater, 1863","SPECIES",22.675511,113.848758
"5938199160",2470685,"Varanus salvator (Laurenti, 1768)","SPECIES",2.961687,101.695667
"5938199177",2470685,"Varanus salvator (Laurenti, 1768)","SPECIES",13.72904,100.537737
"5938199178",NA,"Mustelidae","FAMILY",8.957737,98.490649
"5938199187",2426759,"Rana zhenhaiensis Ye, Fei & Matsui, 1995","SPECIES",30.018807,122.303121
"5938199191",1913105,"Cupha erymanthis (Drury, 1773)","SPECIES",22.229469,114.114541
"5938199237",2482515,"Corvus cornix Linnaeus, 1758","SPECIES",56.106083,69.469738
"5938199266",2481890,"Phalacrocorax carbo (Linnaeus, 1758)","SPECIES",43.41753,39.924436
"5938199488",2477927,"Dendrocopos leucotos (Bechstein, 1802)","SPECIES",51.939567,85.321156
"5938199491",2498112,"Anas acuta Linnaeus, 1758","SPECIES",35.837734,126.689802
"5938199529",8332393,"Spatula clypeata (Linnaeus, 1758)","SPECIES",22.523556,113.988911
"5938199614",1904996,"Doleschallia bisaltide Cramer, 1777","SPECIES",1.424297,103.838591
"5938199646",2481890,"Phalacrocorax carbo (Linnaeus, 1758)","SPECIES",44.464317,38.067122
"5938199703",2350050,"Poecilia reticulata Peters, 1859","SPECIES",3.156959,101.644647
"5938199709",2473599,"Pavo muticus Linnaeus, 1766","SPECIES",11.46057,107.336194
"5938199795",2484916,"Sitta europaea clara Stejneger, 1887","SUBSPECIES",43.554234,144.823683
"5938199805",5231223,"Phoenicurus auroreus (Pallas, 1776)","SPECIES",35.867732,139.45545
"5938199824",10704098,"Pica serica Gould, 1845","SPECIES",31.549868,120.483067
"5938199827",2168408,"Cosmophasis lami Berry, Beatty & Prószyński, 1997","SPECIES",24.114713,120.498927
"5938199843",2489527,"Pitta sordida (Statius Muller, 1776)","SPECIES",21.792786,100.967189
"5938199867",1932814,"Iraota timoleon (Stoll, 1790)","SPECIES",22.560271,114.146569
"5938199869",5844992,"Aegithalos glaucogularis (Moore, 1855)","SPECIES",31.444336,120.213558
"5938199870",5140534,"Drupadia ravindra (Horsfield, 1829)","SPECIES",1.343475,103.779406
"5938199878",6100944,"Spodiopsar cineraceus (Temminck, 1835)","SPECIES",39.884658,116.413788
"5938199898",2490310,"Motacilla cinerea Tunstall, 1771","SPECIES",3.54526,98.112937
"5938199988",5187093,"Linckia laevigata (Linnaeus, 1758)","SPECIES",13.635895,121.047814
"5938199992",7290072,"Pyrrosia lingua (Thunb.) Farw.","SPECIES",29.936212,118.013024
"5938200014",5231198,"Passer montanus (Linnaeus, 1758)","SPECIES",39.932305,116.451378
"5938200027",5033758,"Camponotus misturus (Smith, 1857)","SPECIES",4.669038,101.195314
"5938200033",2436535,"Trachypithecus obscurus (Reid, 1837)","SPECIES",5.435158,100.254377
"5938200037",1932814,"Iraota timoleon (Stoll, 1790)","SPECIES",22.441563,114.288697
"5938200039",5230300,"Hypsipetes leucocephalus (Gmelin, 1789)","SPECIES",22.409324,114.104524
"5938200044",2486149,"Pycnonotus brunneus Blyth, 1845","SPECIES",5.410651,100.777304
"5938200053",5137861,"Leptosia nina (Fabricius, 1793)","SPECIES",8.902245,76.778555
"5938200058",2436615,"Macaca cyclopis (Swinhoe, 1863)","SPECIES",24.951222,121.53397
"5938200064",1920374,"Colotis amata (Fabricius, 1775)","SPECIES",19.141906,72.964628
"5938200099",5334186,"Chelidonium majus L.","SPECIES",41.723727,44.791777
"5938200148",5204019,"Oncorhynchus mykiss (Walbaum, 1792)","SPECIES",32.702211,131.301318
"5938200152",2492680,"Copsychus saularis saularis (Linnaeus, 1758)","SUBSPECIES",14.232605,100.57913
"5938200160",6101224,"Spilopelia chinensis (Scopoli, 1786)","SPECIES",30.318232,113.888169
"5938200305",5229133,"Vanellus malabaricus (Boddaert, 1783)","SPECIES",22.821777,72.092391
"5938200306",1341976,"Apis mellifera Linnaeus, 1758","SPECIES",23.101243,120.272503
"5938200309",2480331,"Pluvialis fulva (J.F.Gmelin, 1789)","SPECIES",3.141963,113.035789
"5938200578",1919589,"Delias hyparete (Linnaeus, 1758)","SPECIES",1.319423,103.750388
"5938200727",2493972,"Dicrurus andamanensis Beavan, 1867","SPECIES",12.000611,93.007095
"5938200738",5226075,"Hydrosaurus pustulatus (Eschscholtz, 1829)","SPECIES",13.807089,123.90764
"5938200766",2498285,"Mergellus albellus (Linnaeus, 1758)","SPECIES",31.193544,104.42231
"5938201146",2490310,"Motacilla cinerea Tunstall, 1771","SPECIES",36.397183,127.410395
"5938201157",1311160,"Ropalidia timida Vecht, 1962","SPECIES",1.334624,103.817803
"5938201170",2426893,"Hylarana erythraea (Schlegel, 1837)","SPECIES",8.384651,99.590589
"5938201175",10432842,"Pseudoceros duplicinctus Prudhoe, 1989","SPECIES",1.227184,103.750784
"5938201207",2437243,"Funambulus pennantii Wroughton, 1905","SPECIES",28.464539,80.776861
"5938201208",9616058,"Falco tinnunculus Linnaeus, 1758","SPECIES",23.29142,113.719502
"5938201212",5217144,"Bufo gargarizans Cantor, 1842","SPECIES",32.127426,119.084731
"5938201305",5391845,"Bidens pilosa L.","SPECIES",32.777785,35.119564
"5938201314",5535797,"Urceola rosea (Hook. & Arn.) D.J.Middleton","SPECIES",25.158114,121.709667
"5938201316",2493467,"Pterorhinus davidi Swinhoe, 1868","SPECIES",35.614339,110.66631
"5938201322",2493598,"Lonchura punctulata (Linnaeus, 1758)","SPECIES",1.320859,103.769375
"5938201325",2441333,"Crocodylus porosus Schneider, 1801","SPECIES",-0.904663,119.824799
"5938201337",2017298,"Taihorina batangana (Lallemand, 1951)","SPECIES",1.347366,103.761291
"5938201341",3172300,"Ligustrum vulgare L.","SPECIES",44.468703,38.230969
"5938201353",5960770,"Leiolepis belliana (Hardwicke & Gray, 1827)","SPECIES",7.82076,98.967946
"5938201427",5330311,"Pothos chinensis (Raf.) Merr.","SPECIES",25.161589,121.705444
"5938201455",2487843,"Poecile palustris (Linnaeus, 1758)","SPECIES",39.929474,116.392463
"5938201459",2482048,"Tachybaptus ruficollis poggei (Reichenow, 1902)","SUBSPECIES",35.650248,139.465363
"5938201467",2482613,"Nucifraga caryocatactes (Linnaeus, 1758)","SPECIES",61.024146,69.04607
"5938201470",5301991,"Alpinia uraiensis Hayata","SPECIES",24.854508,121.5513
"5938201473",1412590,"Tirachoidea biceps (Redtenbacher, 1908)","SPECIES",-6.287325,105.84048
"5938201474",2477968,"Dendrocopos major (Linnaeus, 1758)","SPECIES",56.80708,60.645722
"5938201482",4079429,"Blechnum orientale L.","SPECIES",25.131664,121.507544
"5938201526",1700699,"Traulia azureipennis (Serville, 1838)","SPECIES",1.368854,103.827235
"5938201527",2481800,"Actitis hypoleucos (Linnaeus, 1758)","SPECIES",22.275362,114.295667
"5938201584",6100870,"Motacilla maderaspatensis Gmelin, 1789","SPECIES",13.223034,77.755507
"5938201587",2482487,"Corvus macrorhynchos Wagler, 1827","SPECIES",35.669269,139.700104
"5938201593",2923582,"Psychotria serpens L.","SPECIES",25.131531,121.507325
"5938201613",NA,"Butorides Blyth, 1852","GENUS",-6.106339,106.736644
"5938201618",2491544,"Emberiza pusilla Pallas, 1776","SPECIES",30.325082,113.886025
"5938201625",2495681,"Streptopelia orientalis (Latham, 1790)","SPECIES",35.669266,139.700299
"5938201647",6101224,"Spilopelia chinensis (Scopoli, 1786)","SPECIES",37.87418,112.523705
"5938201655",2480876,"Egretta garzetta (Linnaeus, 1766)","SPECIES",35.671174,139.706288
"5938201661",2495486,"Geopelia striata (Linnaeus, 1766)","SPECIES",-7.310796,112.823271
"5938201663",2443002,"Trachemys scripta elegans (Wied, 1838)","SUBSPECIES",1.426634,103.838202
"5938201664",5137926,"Appias libythea (Fabricius, 1775)","SPECIES",1.427928,103.839939
"5938201674",2920037,"Psychotria asiatica L.","SPECIES",25.131572,121.507347
"5938201746",2495455,"Columba palumbus Linnaeus, 1758","SPECIES",44.473019,38.220061
"5938201792",1317388,"Oecophylla smaragdina (Fabricius, 1775)","SPECIES",1.29393,103.896702
"5938201795",2306577,"Ischnochiton comptus (A.Gould, 1859)","SPECIES",25.0183,121.999213
"5938201801",2747488,"Crocus alatavicus Regel & Semen.","SPECIES",43.255495,76.995582
"5938201803",8294007,"Turdus naumanni Temminck, 1820","SPECIES",35.961895,119.420372
"5938201819",4408790,"Turdus atrogularis Jarocki, 1819","SPECIES",43.186282,76.886562
"5938201830",2491530,"Emberiza chrysophrys Pallas, 1776","SPECIES",30.267692,120.056413
"5938201835",7261386,"Rusa unicolor (Kerr, 1792)","SPECIES",1.306913,103.820735
"5938201846",7299714,"Lycianthes biflora (Lour.) Bitter","SPECIES",24.835862,121.739642
"5938201895",2498034,"Anser cygnoides f. domesticus","FORM",19.245019,73.183336
"5938201900",3172077,"Veronica persica Poir.","SPECIES",35.023483,138.39296
"5938201904",2482487,"Corvus macrorhynchos Wagler, 1827","SPECIES",35.669369,139.700898
"5938201959",9511669,"Gelasimus borealis (Crane, 1975)","SPECIES",19.724255,109.242307
"5938201962",7358042,"Blumea megacephala (Randeria) Ching & Tseng","SPECIES",23.584182,120.609446
"5938201964",2492846,"Lanius cristatus Linnaeus, 1758","SPECIES",22.834383,120.209047
"5938201965",2494543,"Pyrrhula pyrrhula (Linnaeus, 1758)","SPECIES",57.450504,60.207412
"5938201981",7262595,"Ficus sarmentosa Buch.-Ham. ex Sm.","SPECIES",24.992036,121.384292
"5938201996",5382478,"Phyllanthus reticulatus Poir.","SPECIES",17.42179,78.546828
"5938202000",9752617,"Ardea alba Linnaeus, 1758","SPECIES",22.340357,114.197742
"5938202003",2470685,"Varanus salvator (Laurenti, 1768)","SPECIES",-7.984825,113.773033
"5938202005",2482451,"Dendrocitta vagabunda (Latham, 1790)","SPECIES",9.790369,76.304696
"5938202058",2966855,"Cynometra cauliflora L.","SPECIES",1.254286,103.849249
"5938202062",5380041,"Ricinus communis L.","SPECIES",27.677003,85.301988
"5938202066",7316804,"Anodendron affine (Hook. & Arn.) Druce","SPECIES",25.128039,121.518997
"5938202093",4562510,"Eopolita protensa (A.Férussac, 1832)","SPECIES",32.160688,35.136036
"5938202103",3169317,"Cyclamen persicum Mill.","SPECIES",31.679497,35.102783
"5938202118",9182765,"Calendula arvensis L.","SPECIES",32.304066,34.879775
"5938202172",10720467,"Hylarana labialis (Boulenger, 1887)","SPECIES",1.398178,103.806335
"5938202173",2480876,"Egretta garzetta (Linnaeus, 1766)","SPECIES",11.817847,75.432531
"5938202196",2486144,"Pycnonotus goiavier (Scopoli, 1786)","SPECIES",-7.311006,112.823256
"5938202211",9687165,"Motacilla alba Linnaeus, 1758","SPECIES",36.394386,127.410489
"5938202216",2422538,"Duttaphrynus melanostictus (Schneider, 1799)","SPECIES",13.364189,103.864521
"5938202220",2296807,"Cochlicella barbara (Linnaeus, 1758)","SPECIES",31.909976,34.813493
"5938202274",2407362,"Arothron stellatus (Anonymous, 1798)","SPECIES",22.339781,120.370743
"5938203374",4687389,"Eudocima materna (Linnaeus, 1767)","SPECIES",10.813128,79.606647
"5938203389",10704098,"Pica serica Gould, 1845","SPECIES",37.459187,126.950168
"5938203393",2474628,"Zapornia pusilla (Pallas, 1776)","SPECIES",1.278152,103.864359
"5938203407",2480863,"Nycticorax nycticorax (Linnaeus, 1758)","SPECIES",31.253151,121.57298
"5938203408",5229493,"Garrulus glandarius (Linnaeus, 1758)","SPECIES",53.631039,88.138232
"5938203409",2868323,"Epipremnum aureum (Linden & André) G.S.Bunting","SPECIES",-7.140625,110.870078
"5938203418",5788854,"Saxicola ferreus J.E.Gray & G.R.Gray, 1847","SPECIES",22.511116,114.134799
"5938203430",11945016,"Tremella mesenterica (Schaeff.) Pers.","SPECIES",41.601165,46.66481
"5938203540",2490255,"Anthus spinoletta (Linnaeus, 1758)","SPECIES",40.015671,116.400208
"5938203543",4408732,"Luscinia svecica (Linnaeus, 1758)","SPECIES",24.556004,117.990051
"5938203549",7340196,"Otus lettia (Hodgson, 1836)","SPECIES",4.956417,100.479182
"5938203550",2477927,"Dendrocopos leucotos (Bechstein, 1802)","SPECIES",55.060337,82.872557
"5938203552",2496347,"Eudynamys scolopaceus (Linnaeus, 1758)","SPECIES",12.311931,77.276921
"5938203557",2495414,"Columba livia var. domestica J.F.Gmelin, 1789","VARIETY",56.814155,60.53946
"5938203570",2715729,"Cyperus iria L.","SPECIES",25.083866,121.196229
"5938203658",2272583,"Leiaster coriaceus Peters, 1852","SPECIES",18.50596,110.0372
"5938203690",2440656,"Neophocaena phocaenoides (G.Cuvier, 1829)","SPECIES",11.452135,99.633599
"5938203698",1924298,"Acytolepis puspa (Horsfield, 1828)","SPECIES",5.394571,100.260135
"5938203704",2486130,"Pycnonotus xanthorrhous Anderson, 1869","SPECIES",25.085,102.772
"5938203712",2480242,"Vanellus vanellus (Linnaeus, 1758)","SPECIES",24.636802,121.822895
"5938203727",5228199,"Gallinula chloropus (Linnaeus, 1758)","SPECIES",30.258114,120.116643
"5938203733",9705453,"Parus major Linnaeus, 1758","SPECIES",56.016171,69.486333
"5938203744",2475452,"Merops philippinus Linnaeus, 1767","SPECIES",15.725755,73.988481
"5938204254",1904996,"Doleschallia bisaltide Cramer, 1777","SPECIES",1.319423,103.750388
"5938204260",3033077,"Aucuba japonica Thunb.","SPECIES",35.678006,139.702655
"5938204291",2484605,"Bombycilla garrulus (Linnaeus, 1758)","SPECIES",55.367047,86.185627
"5938204301",5172806,"Telamonia dimidiata (Simon, 1899)","SPECIES",12.879448,80.082383
"5938204344",2470685,"Varanus salvator bivittatus (Kuhl, 1820)","SUBSPECIES",-6.16149,106.879844
"5938204350",6100851,"Saxicola stejnegeri (Parrot, 1908)","SPECIES",30.993806,117.86561
"5938204355",7346444,"Zizina otis (Fabricius, 1787)","SPECIES",5.413983,100.782075
"5938204356",2490303,"Motacilla tschutschensis Gmelin, 1789","SPECIES",22.505215,114.110388
"5938204362",4262612,"Capricornis swinhoei Gray, 1862","SPECIES",23.467822,120.917799
"5938204399",2482451,"Dendrocitta vagabunda (Latham, 1790)","SPECIES",30.469556,73.481667
"5938204402",2480905,"Ardeola grayii (Sykes, 1832)","SPECIES",25.407018,81.847236
"5938204428",1897685,"Parantica aglea (Stoll, 1782)","SPECIES",15.78199,73.984261
"5938204447",2481938,"Mycteria leucocephala (Pennant, 1769)","SPECIES",2.96154,101.695586
"5938204459",2909527,"Paederia foetida L.","SPECIES",1.38471,103.755201
"5938204461",2486151,"Pycnonotus jocosus (Linnaeus, 1758)","SPECIES",8.520705,76.907678
"5938204465",6718427,"Chilobrachys guangxiensis (Yin & Tan, 2000)","SPECIES",18.305253,109.571278
"5938204567",5378650,"Mallotus paniculatus (Lam.) Müll.Arg.","SPECIES",24.987584,121.558782
"5938204582",2441052,"Capra sibirica (Pallas, 1776)","SPECIES",43.042758,76.943972
"5938204607",3179997,"Rhodomyrtus tomentosa (Aiton) Hassk.","SPECIES",24.880737,121.150027
"5938204614",2495681,"Streptopelia orientalis stimpsoni (Stejneger, 1887)","SUBSPECIES",26.217017,127.694145
"5938204616",2867888,"Syngonium angustatum Schott","SPECIES",25.156402,121.707274
"5938204636",2484916,"Sitta europaea Linnaeus, 1758","SPECIES",57.184587,85.825356
"5938204641",9761484,"Anas platyrhynchos Linnaeus, 1758","SPECIES",53.761557,87.113239
"5938204660",2407167,"Balistapus undulatus (Park, 1797)","SPECIES",27.847252,34.31424
"5938204670",5858758,"Cornu aspersum (O.F.Müller, 1774)","SPECIES",31.792102,35.15826
"5938204671",1936969,"Archon apollinus (Herbst, 1798)","SPECIES",31.844979,34.989049
"5938204682",2486822,"Pericrocotus cinnamomeus (Linnaeus, 1766)","SPECIES",-6.175392,106.827153
"5938204692",2490292,"Anthus similis (Jerdon, 1840)","SPECIES",22.861722,72.061417
"5938204735",2495414,"Columba livia var. domestica J.F.Gmelin, 1789","VARIETY",1.311037,103.876503
"5938204802",2946519,"Clitoria ternatea L.","SPECIES",1.304209,103.860654
"5938204817",5724885,"Ficus ficus (Linnaeus, 1758)","SPECIES",13.005006,80.274418
"5938204837",2498112,"Anas acuta Linnaeus, 1758","SPECIES",21.336842,76.506083
"5938204846",4025407,"Drynaria coronans (Wall. ex Mett.) J.Sm.","SPECIES",24.322259,120.97026
"5938204851",5579379,"Dicranopteris tetraphylla (Rosenst.) C.M.Kuo","SPECIES",24.854426,121.739388
"5938204865",2494422,"Fringilla coelebs Linnaeus, 1758","SPECIES",41.701205,44.752547
"5938206343",2481713,"Tringa glareola Linnaeus, 1758","SPECIES",23.36194,120.407623
"5938206389",NA,"Hylarana Tschudi, 1838","GENUS",8.740879,98.278796
"5938206484",5816059,"Hemidactylus platyurus (Schneider, 1797)","SPECIES",8.384793,99.590677
"5938206501",6133271,"Lemyra imparilis (Butler, 1877)","SPECIES",24.685111,121.136172
"5938206513",NA,"Lophospiza Kaup, 1844","GENUS",24.2131,120.740916
"5938206514",9480191,"Mareca falcata (Georgi, 1775)","SPECIES",35.67749,139.749874
"5938206517",NA,"Cordylocera Guérin, 1830","GENUS",-7.509509,110.740556
"5938206549",2475531,"Alcedo coerulescens Vieillot, 1818","SPECIES",-6.103982,106.761976
"5938206551",6100921,"Suthora webbiana Gould, 1852","SPECIES",31.443104,120.211854
"5938206561",6100921,"Suthora webbiana Gould, 1852","SPECIES",39.841037,116.217532
"5938206562",5229163,"Pelecanus philippensis Gmelin, 1789","SPECIES",12.82371,80.231721
"5938206588",2482515,"Corvus cornix Linnaeus, 1758","SPECIES",52.304682,85.393429
"5938206670",4267065,"Trachypithecus germaini (A.Milne-Edwards, 1877)","SPECIES",10.126493,104.778878
"5938206686",2493031,"Orthotomus ruficeps (Lesson, 1830)","SPECIES",3.211966,113.124455
"5938206695",1911736,"Phaedyma columella (Cramer, 1782)","SPECIES",1.31384,103.815914
"5938206702",9752617,"Ardea alba Linnaeus, 1758","SPECIES",25.119166,121.476865
"5938206708",6718402,"Coremiocnemis hoggi West & Nunn, 2010","SPECIES",3.718719,101.685147
"5938206710",5229131,"Vanellus indicus (Boddaert, 1783)","SPECIES",12.918313,77.680097
"5938206713",1091685,"Onthophagus lucidus (Illiger, 1800)","SPECIES",31.677308,35.332489
"5938206716",2398510,"Amblyglyphidodon indicus Allen & Randall, 2002","SPECIES",27.847646,34.314157
"5938206723",6101070,"Parus cinereus Vieillot, 1818","SPECIES",36.624183,138.59697
"5938207966",2480934,"Ardea purpurea Linnaeus, 1766","SPECIES",1.344322,103.813447
"5938207979",2494543,"Pyrrhula pyrrhula (Linnaeus, 1758)","SPECIES",51.941134,85.312771
"5938208078",2482054,"Podiceps cristatus (Linnaeus, 1758)","SPECIES",35.239372,139.147582
"5938208124",2480876,"Egretta garzetta (Linnaeus, 1766)","SPECIES",1.446538,103.723614
"5938208143",3793742,"Celastrus hindsii Benth.","SPECIES",23.5898,120.62314
"5938208156",8214667,"Anas crecca crecca Linnaeus, 1758","SUBSPECIES",35.920097,139.829979
"5938208181",2757184,"Zingiber kawagoii Hayata","SPECIES",23.837572,120.77967
"5938208182",5231747,"Rhipidura javanica (Sparrman, 1788)","SPECIES",13.5277,100.422459
"5938208187",6101223,"Spilopelia senegalensis (Linnaeus, 1766)","SPECIES",25.103895,55.239372
"5938208201",NA,"Corvus Linnaeus, 1758","GENUS",56.758584,60.69843
"5938208304",3084698,"Portulaca umbraticola Kunth","SPECIES",-7.316561,112.756969
"5938208331",2177741,"Hasarius adansoni (Audouin, 1826)","SPECIES",18.658136,73.777069
"5938208352",2474377,"Fulica atra Linnaeus, 1758","SPECIES",25.09067,121.223915
"5938208369",4485843,"Halyomorpha halys (Stål, 1855)","SPECIES",37.717498,140.187916
"5938208371",2494146,"Eophona migratoria Hartert, 1903","SPECIES",35.980335,119.404114
"5938208372",6101070,"Parus cinereus Vieillot, 1818","SPECIES",18.641597,73.80965
"5938208378",5228199,"Gallinula chloropus (Linnaeus, 1758)","SPECIES",40.019902,116.383895
"5938208445",5332421,"Lithocarpus taitoensis (Hayata) Hayata","SPECIES",23.567648,120.609069
"5938208449",2688176,"Psilotum nudum (L.) P.Beauv.","SPECIES",24.807667,120.969464
"5938208526",2651706,"Acrostichum aureum L.","SPECIES",23.171347,121.256417
"5938208545",5332927,"Castanopsis fargesii Franch.","SPECIES",23.538669,120.688862
"5938208555",5231630,"Acanthis flammea (Linnaeus, 1758)","SPECIES",54.928819,82.934443
"5938208556",2481713,"Tringa glareola Linnaeus, 1758","SPECIES",22.507824,114.111878
"5938208558",1317388,"Oecophylla smaragdina (Fabricius, 1775)","SPECIES",12.875367,80.234149
"5938208573",2492680,"Copsychus saularis (Linnaeus, 1758)","SPECIES",19.124544,108.654842
"5938208574",6065824,"Chroicocephalus ridibundus (Linnaeus, 1766)","SPECIES",35.711752,139.770698
"5938208578",10352494,"Cheilomenes propinqua","SPECIES",32.046257,34.803533
"5938208579",5131339,"Neptis hylas Linnaeus, 1758","SPECIES",1.334624,103.817803
"5938208589",2882631,"Pieris japonica var. taiwanensis (Hayata) Kitam.","VARIETY",24.520349,121.293695
"5938208605",2858963,"Narcissus tazetta L.","SPECIES",35.159425,32.773431
"5938208644",2889304,"Persicaria capitata (Buch.-Ham. ex D.Don) H.Gross","SPECIES",23.505607,120.695249
"5938208674",2493970,"Dicrurus macrocercus Vieillot, 1817","SPECIES",30.469556,73.481667
"5938208692",3889017,"Mesosphaerum suaveolens (L.) Kuntze","SPECIES",17.421879,78.546591
"5938208698",2484916,"Sitta europaea Linnaeus, 1758","SPECIES",56.713744,61.132415
"5938208702",2494543,"Pyrrhula pyrrhula cineracea Cabanis, 1872","SUBSPECIES",56.581843,84.955574
"5938208711",2493108,"Actinodura ramsayi Walden, 1875","SPECIES",20.039006,99.167568
"5938208718",3074251,"Macaranga tanarius (L.) Müll.Arg.","SPECIES",21.940488,120.798578
"5938208721",2487877,"Cyanistes cyanus (Pallas, 1770)","SPECIES",56.907183,60.55635
"5938208736",4393034,"Forficula smyrnensis Audinet-Serville, 1838","SPECIES",31.792102,35.15826
"5938208823",2476004,"Buceros rhinoceros Linnaeus, 1758","SPECIES",3.463775,98.183063
"5938208831",2481713,"Tringa glareola Linnaeus, 1758","SPECIES",-7.310823,112.823343
"5938208837",2474732,"Amaurornis phoenicurus (Pennant, 1769)","SPECIES",22.446097,88.301392
"5938208840",2487871,"Periparus ater (Linnaeus, 1758)","SPECIES",35.426003,139.234586
"5938208853",1341978,"Apis dorsata Fabricius, 1793","SPECIES",10.782703,106.693278
"5938208856",5229490,"Pica pica (Linnaeus, 1758)","SPECIES",37.910405,40.165089
"5938208858",2257005,"Stichodactyla gigantea (Forsskål, 1775)","SPECIES",1.213842,103.836487
"5938208889",2480876,"Egretta garzetta (Linnaeus, 1766)","SPECIES",25.091113,121.581167
"5938208895",9705453,"Parus major Linnaeus, 1758","SPECIES",55.168256,61.256325
"5938208896",6101031,"Pericrocotus speciosus (Latham, 1790)","SPECIES",23.169988,113.200101
"5938208928",7346344,"Kaniska canace","SPECIES",25.156832,121.70725
"5938208972",5685614,"Lindera megaphylla Hemsl.","SPECIES",25.011178,121.532944
"5938208984",5219243,"Vulpes vulpes arabica Thomas, 1902","SUBSPECIES",30.580515,47.610051
"5938210330",3033558,"Clematis vitalba L.","SPECIES",41.71785,44.787752
"5938210340",5231223,"Phoenicurus auroreus (Pallas, 1776)","SPECIES",25.018248,121.503676
"5938210374",2480863,"Nycticorax nycticorax (Linnaeus, 1758)","SPECIES",29.769283,121.639175
"5938210399",2498061,"Anas zonorhyncha Swinhoe, 1866","SPECIES",37.29824,127.072012
"5938210404",2166475,"Phrynarachne ceylonica (O.Pickard-Cambridge, 1884)","SPECIES",1.347218,103.762428
"5938210411",2495696,"Streptopelia decaocto (Frivaldszky, 1838)","SPECIES",42.894978,71.40227
"5938210422",1932273,"Hypolycaena erylus (Godart, 1823)","SPECIES",1.427928,103.839939
"5938210423",2486121,"Pycnonotus aurigaster (Vieillot, 1818)","SPECIES",-6.084379,106.84372
"5938210431",8374394,"Laticauda colubrina (Schneider, 1799)","SPECIES",1.21287,103.835907
